PMID,DOI,First_Author,Year,Title,Journal,Publication_Type,Original_Operational_Analysis_Group,Eligibility_Outcome,Eligibility_Code,Final_Operational_Analysis_Group,Analytic_Set_Decision,Narrative_Context_Status,Trigger_Rule_IDs,Evidence_Level,Eligibility_Rationale
31976600,10.1002/jmri.27060,Krishna S,2020,Role of MRI in Staging of Penile Cancer.,Journal of magnetic resonance imaging : JMRI,Journal Article,Andrology,EXCLUDE,E05_NO_SUBSTANTIVE_AI,Andrology,EXCLUDE,NOT_CONTEXT_ONLY,AI04_AI_ONLY_PATHWAY_WITHOUT_TITLE_AI,ABSTRACT,"The available evidence for 'Role of MRI in Staging of Penile Cancer' reports conventional imaging, statistics, digital/AR/VR technology, biomarkers, or automation without a substantive AI/ML method or application."
32144650,10.1007/s11517-019-02101-y,Ilhan HO,2020,A fully automated hybrid human sperm detection and classification system based on mobile-net and the performance comparison with conventional methods.,Medical & biological engineering & computing,Journal Article,Andrology,INCLUDE,,Andrology,INCLUDE,NOT_CONTEXT_ONLY,AI04_AI_ONLY_PATHWAY_WITHOUT_TITLE_AI,ABSTRACT,The title and available abstract identify deep learning and machine learning applied to the in-scope task described in 'A fully automated hybrid human sperm detection and classification system based on mobile-net and the performance comparison with conventional methods.'.
32155013,10.5935/1518-0557.20190081,Pedrosa ML,2020,Sperm selection in IVF: the long and winding road from bench to bedside.,JBRA assisted reproduction,Journal Article; Review,Andrology,EXCLUDE,E05_NO_SUBSTANTIVE_AI,Andrology,EXCLUDE,NOT_CONTEXT_ONLY,AI04_AI_ONLY_PATHWAY_WITHOUT_TITLE_AI,ABSTRACT,"The available evidence for 'Sperm selection in IVF: the long and winding road from bench to bedside' reports conventional imaging, statistics, digital/AR/VR technology, biomarkers, or automation without a substantive AI/ML method or application."
32240301,10.1093/humrep/deaa013,VerMilyea M,2020,Development of an artificial intelligence-based assessment model for prediction of embryo viability using static images captured by optical light microscopy during IVF.,"Human reproduction (Oxford, England)","Journal Article; Research Support, Non-U.S. Gov't",Andrology,EXCLUDE,E02_EMBRYOLOGY_ONLY,Andrology,EXCLUDE,NOT_CONTEXT_ONLY,SCP02_EMBRYO_ART_WITHOUT_MALE_REPRO,ABSTRACT_OR_METADATA_PLUS_DUAL_HUMAN_REVIEW,AI predicts Day-5 embryo viability from blastocyst images; the task is embryo selection without substantive male-factor relevance.
32538428,10.1093/humrep/deaa109,Zeadna A,2020,Prediction of sperm extraction in non-obstructive azoospermia patients: a machine-learning perspective.,"Human reproduction (Oxford, England)","Journal Article; Research Support, Non-U.S. Gov't",Andrology,INCLUDE,,Andrology,INCLUDE,NOT_CONTEXT_ONLY,AI01_FUTURE_OR_INCIDENTAL_AI_RISK;AI03_GENERIC_PREDICTION_WITHOUT_EXPLICIT_AI;AI04_AI_ONLY_PATHWAY_WITHOUT_TITLE_AI,ABSTRACT,The title and available abstract identify machine learning applied to the in-scope task described in 'Prediction of sperm extraction in non-obstructive azoospermia patients: a machine-learning perspective.'.
32654105,10.1007/s10815-020-01881-9,Fernandez EI,2020,Artificial intelligence in the IVF laboratory: overview through the application of different types of algorithms for the classification of reproductive data.,Journal of assisted reproduction and genetics,Journal Article; Review,Andrology,INCLUDE,,Andrology,INCLUDE,NOT_CONTEXT_ONLY,SCP02_FEMALE_ART_WITHOUT_MALE_REPRO_EXPANDED,PUBMED_ABSTRACT,The review explicitly evaluates AI applied to semen samples and spermatozoa selection as well as embryo data; it therefore contains a substantive male-reproductive contribution.
32676406,10.21037/tau.2020.03.45,Zhu K,2020,"Acute kidney injury in solitary kidney patients after partial nephrectomy: incidence, risk factors and prediction.",Translational andrology and urology,Journal Article,Andrology,OPERATIONAL_ANALYSIS_GROUP_CORRECTION,C01_OPERATIONAL_ANALYSIS_GROUP_CORRECTION,Renal/Kidney,INCLUDE,NOT_CONTEXT_ONLY,AI03_GENERIC_PREDICTION_WITHOUT_EXPLICIT_AI;AI04_AI_ONLY_PATHWAY_WITHOUT_TITLE_AI,PUBMED_ABSTRACT,Solitary-kidney renal-mass cohort after partial nephrectomy; eligible. Its recorded primary search stream was Andrology; its author-verified operational analysis group is Renal/Kidney.
32690677,10.1073/pnas.2001754117,Kandel ME,2020,Reproductive outcomes predicted by phase imaging with computational specificity of spermatozoon ultrastructure.,Proceedings of the National Academy of Sciences of the United States of America,"Journal Article; Research Support, N.I.H., Extramural; Research Support, Non-U.S. Gov't; Research Support, U.S. Gov't, Non-P.H.S.",Andrology,INCLUDE,,Andrology,INCLUDE,NOT_CONTEXT_ONLY,AI04_AI_ONLY_PATHWAY_WITHOUT_TITLE_AI,ABSTRACT,The title and available abstract identify deep learning and computer vision applied to the in-scope task described in 'Reproductive outcomes predicted by phase imaging with computational specificity of spermatozoon ultrastructure.'.
32829415,10.1093/humrep/deaa181,Ferrick L,2020,"Metabolic activity of human blastocysts correlates with their morphokinetics, morphological grade, KIDScore and artificial intelligence ranking.","Human reproduction (Oxford, England)","Journal Article; Research Support, Non-U.S. Gov't",Andrology,EXCLUDE,E02_EMBRYOLOGY_ONLY,Andrology,EXCLUDE,NOT_CONTEXT_ONLY,SCP02_EMBRYO_ART_WITHOUT_MALE_REPRO,ABSTRACT_OR_METADATA_PLUS_DUAL_HUMAN_REVIEW,"Embryo-metabolism study; AI-derived embryo ranking is evaluated, but there is no substantive male-factor, sperm, or andrology task."
33167007,10.1093/humrep/deaa259,Zeadna A,2020,Reply: Predicting sperm extraction in non-obstructive azoospermia patients: a machine-learning perspective.,"Human reproduction (Oxford, England)",Comment; Letter,Andrology,INCLUDE,,Andrology,INCLUDE,NOT_CONTEXT_ONLY,DEEP_SCOPE_FULLTEXT_CONFIRMATION,FULL_TEXT,"The reply provides additional model evaluation for sperm-retrieval prediction, including tree depth, hyperparameters, leave-one-out validation, missing-data handling, and ridge-logistic sensitivity analyses with cross-validated AUCs."
33167009,10.1093/humrep/deaa258,Boitrelle F,2020,Predicting sperm extraction in non-obstructive azoospermia patients.,"Human reproduction (Oxford, England)",Comment; Letter,Andrology,INCLUDE,,Andrology,INCLUDE,NOT_CONTEXT_ONLY,DEEP_SCOPE_FULLTEXT_CONFIRMATION,FULL_TEXT,"This andrology-specific critique substantively evaluates a machine-learning model for sperm retrieval in non-obstructive azoospermia, including cohort bias, model structure, specificity, and false-positive counselling risk."
32153047,10.1002/pros.23968,Connell SP,2020,Development of a multivariable risk model integrating urinary cell DNA methylation and cell-free RNA data for the detection of significant prostate cancer.,The Prostate,"Journal Article; Research Support, Non-U.S. Gov't",Benign/Functional,OPERATIONAL_ANALYSIS_GROUP_CORRECTION,C01_OPERATIONAL_ANALYSIS_GROUP_CORRECTION,Prostate Pathology,INCLUDE,NOT_CONTEXT_ONLY,DEEP_SCOPE_DOMAIN_CORRECTION,PUBMED_ABSTRACT,"The random-forest urine-biomarker model detects clinically significant prostate cancer, so the record belongs in Prostate Pathology rather than Benign/Functional."
32727146,10.3390/s20154175,Akkus Z,2020,Fully Automated Segmentation of Bladder Sac and Measurement of Detrusor Wall Thickness from Transabdominal Ultrasound Images.,"Sensors (Basel, Switzerland)",Letter,Benign/Functional,INCLUDE,,Benign/Functional,INCLUDE,NOT_CONTEXT_ONLY,AI04_AI_ONLY_PATHWAY_WITHOUT_TITLE_AI;TEC01_TECHNICAL_ARTIFACT_WITHOUT_CLINICAL_CUE,ABSTRACT,The title and available abstract identify deep learning applied to the in-scope task described in 'Fully Automated Segmentation of Bladder Sac and Measurement of Detrusor Wall Thickness from Transabdominal Ultrasound Images.'.
33148625,10.1126/scitranslmed.aay5067,Kanjilal S,2020,A decision algorithm to promote outpatient antimicrobial stewardship for uncomplicated urinary tract infection.,Science translational medicine,"Journal Article; Research Support, Non-U.S. Gov't",Benign/Functional,INCLUDE,,Benign/Functional,INCLUDE,NOT_CONTEXT_ONLY,AI04_AI_ONLY_PATHWAY_WITHOUT_TITLE_AI,ABSTRACT,The title and available abstract identify machine learning applied to the in-scope task described in 'A decision algorithm to promote outpatient antimicrobial stewardship for uncomplicated urinary tract infection.'.
31396730,10.1007/s00330-019-06371-w,Lin P,2020,A radiogenomics signature for predicting the clinical outcome of bladder urothelial carcinoma.,European radiology,Journal Article,Bladder Cancer,INCLUDE,,Bladder Cancer,INCLUDE,NOT_CONTEXT_ONLY,AI03_GENERIC_PREDICTION_WITHOUT_EXPLICIT_AI,ABSTRACT,The title and available abstract identify radiomics or pathomics applied to the in-scope task described in 'A radiogenomics signature for predicting the clinical outcome of bladder urothelial carcinoma.'.
31570249,10.1016/j.urolonc.2019.08.019,Alanee S,2020,Using adaptive genetic algorithms combined with high sensitivity single cell-based technology to detect bladder cancer in urine and provide a potential noninvasive marker for response to anti-PD1 immunotherapy.,Urologic oncology,Journal Article,Bladder Cancer,INCLUDE,,Bladder Cancer,INCLUDE,NOT_CONTEXT_ONLY,AI04_AI_ONLY_PATHWAY_WITHOUT_TITLE_AI,ABSTRACT,The title and available abstract identify machine learning applied to the in-scope task described in 'Using adaptive genetic algorithms combined with high sensitivity single cell-based technology to detect bladder cancer in urine and provide a potential noninvasive marker for response to anti-PD1 immunotherapy.'.
31980088,10.1016/j.artmed.2019.101746,Lorencin I,2020,Using multi-layer perceptron with Laplacian edge detector for bladder cancer diagnosis.,Artificial intelligence in medicine,"Journal Article; Research Support, Non-U.S. Gov't",Bladder Cancer,INCLUDE,,Bladder Cancer,INCLUDE,NOT_CONTEXT_ONLY,AI04_AI_ONLY_PATHWAY_WITHOUT_TITLE_AI,ABSTRACT,The title and available abstract identify deep learning applied to the in-scope task described in 'Using multi-layer perceptron with Laplacian edge detector for bladder cancer diagnosis.'.
32677978,10.1186/s13000-020-01002-1,Niazi MKK,2020,Semantic segmentation to identify bladder layers from H&E Images.,Diagnostic pathology,Journal Article,Bladder Cancer,INCLUDE,,Bladder Cancer,INCLUDE,NOT_CONTEXT_ONLY,TEC01_TECHNICAL_ARTIFACT_WITHOUT_CLINICAL_CUE,ABSTRACT,The title and available abstract identify deep learning and computer vision applied to the in-scope task described in 'Semantic segmentation to identify bladder layers from H&E Images.'.
32738594,10.1016/j.intimp.2020.106818,Wang Y,2020,Tumor mutational burden related classifier is predictive of response to PD-L1 blockade in locally advanced and metastatic urothelial carcinoma.,International immunopharmacology,Journal Article,Bladder Cancer,INCLUDE,,Bladder Cancer,INCLUDE,NOT_CONTEXT_ONLY,AI03_GENERIC_PREDICTION_WITHOUT_EXPLICIT_AI;AI04_AI_ONLY_PATHWAY_WITHOUT_TITLE_AI,ABSTRACT,The title and available abstract identify machine learning applied to the in-scope task described in 'Tumor mutational burden related classifier is predictive of response to PD-L1 blockade in locally advanced and metastatic urothelial carcinoma.'.
33127883,10.1038/s41467-020-19313-8,Kong J,2020,Network-based machine learning in colorectal and bladder organoid models predicts anti-cancer drug efficacy in patients.,Nature communications,"Journal Article; Research Support, Non-U.S. Gov't",Bladder Cancer,INCLUDE,,Bladder Cancer,INCLUDE,NOT_CONTEXT_ONLY,SCP03_NONHUMAN_PRECLINICAL,ABSTRACT_OR_METADATA_PLUS_DUAL_HUMAN_REVIEW,"Substantive ML biomarkers derived from organoid pharmacogenomics predict cisplatin response in 77 patients with bladder cancer, providing a qualifying clinical urology task."
31256249,10.1007/s00345-019-02857-w,Goldenberg MG,2020,Evidence that surgical performance predicts clinical outcomes.,World journal of urology,Journal Article; Review,Broad Reviews,EXCLUDE,E05_NO_SUBSTANTIVE_AI,Broad Reviews,EXCLUDE,NOT_CONTEXT_ONLY,AI04_AI_ONLY_PATHWAY_WITHOUT_TITLE_AI;CTX01_BROAD_DOMAIN_WITHOUT_TITLE_UROLOGY,ABSTRACT,"The available evidence for 'Evidence that surgical performance predicts clinical outcomes' reports conventional imaging, statistics, digital/AR/VR technology, biomarkers, or automation without a substantive AI/ML method or application."
31724999,10.1097/MOU.0000000000000692,Bhandari M,2020,Artificial intelligence and robotic surgery: current perspective and future directions.,Current opinion in urology,Journal Article; Review,Broad Reviews,EXCLUDE,E01_NON_UROLOGICAL,Broad Reviews,EXCLUDE,NOT_CONTEXT_ONLY,SCP05_GENERAL_SURGERY_WITHOUT_UROLOGY;CTX01_BROAD_DOMAIN_WITHOUT_TITLE_UROLOGY,ABSTRACT,"The abstract's substantive task in 'Artificial intelligence and robotic surgery: current perspective and future directions' is general or multi-specialty and does not report a separable urological, andrological, or male-reproductive AI result."
31776737,10.1007/s00345-019-03037-6,Andras I,2020,Artificial intelligence and robotics: a combination that is changing the operating room.,World journal of urology,Journal Article; Review,Broad Reviews,CONTEXT_ONLY,E10_CONTEXT_ONLY,Broad Reviews,EXCLUDE,CONTEXT_ONLY,SCP05_GENERAL_SURGERY_WITHOUT_UROLOGY;CTX01_BROAD_DOMAIN_WITHOUT_TITLE_UROLOGY,ABSTRACT,Override to CONTEXT_ONLY (E10). World Journal of Urology review of AI in robotic surgery synthesizing RARP methods; narrative contextual framework without primary trial dataset.
32141938,10.1097/MOU.0000000000000741,Witjes JA,2020,Developments in the follow-up of nonmuscle invasive bladder cancer: what did we learn in the last 24 months: a critical review.,Current opinion in urology,Journal Article; Review,Broad Reviews,EXCLUDE,E05_NO_SUBSTANTIVE_AI,Broad Reviews,EXCLUDE,NOT_CONTEXT_ONLY,AI04_AI_ONLY_PATHWAY_WITHOUT_TITLE_AI,ABSTRACT,"The available evidence for 'Developments in the follow-up of nonmuscle invasive bladder cancer: what did we learn in the last 24 months: a critical review' reports conventional imaging, statistics, digital/AR/VR technology, biomarkers, or automation without a substantive AI/ML method or application."
32329274,10.7507/1001-5515.201910055,Qin F,2020,[Research status and trend of artificial intelligence in the diagnosis of urinary diseases].,Sheng wu yi xue gong cheng xue za zhi = Journal of biomedical engineering = Shengwu yixue gongchengxue zazhi,Journal Article; Review,Broad Reviews,EXCLUDE,E09_DATE_LANGUAGE_INDEXING,Broad Reviews,EXCLUDE,NOT_CONTEXT_ONLY,DEEP_SCOPE_LANGUAGE_BOUNDARY,PUBMED_METADATA,Official PubMed XML metadata lists the publication language as Chinese (chi) and does not include the English language code (eng). The record is therefore excluded under the prespecified English-language eligibility rule; an English-translated NLM title or abstract does not make the publication itself English-language eligible.
32611217,10.1089/end.2020.0137,Stai B,2020,Public Perceptions of Artificial Intelligence and Robotics in Medicine.,Journal of endourology,"Journal Article; Research Support, N.I.H., Extramural; Review",Broad Reviews,CONTEXT_ONLY,E10_CONTEXT_ONLY,Broad Reviews,EXCLUDE,CONTEXT_ONLY,CTX01_BROAD_DOMAIN_WITHOUT_TITLE_UROLOGY,ABSTRACT,"'Public Perceptions of Artificial Intelligence and Robotics in Medicine' provides AI reporting, governance, ethics, implementation, or research-agenda context without a primary corpus-eligible AI evaluation; it may be cited narratively but not counted."
32701718,10.1097/MOU.0000000000000797,Donswijk ML,2020,Where to next prostate-specific membrane antigen PET imaging frontiers?,Current opinion in urology,Journal Article; Review,Broad Reviews,EXCLUDE,E05_NO_SUBSTANTIVE_AI,Broad Reviews,EXCLUDE,NOT_CONTEXT_ONLY,AI04_AI_ONLY_PATHWAY_WITHOUT_TITLE_AI,ABSTRACT,"The available evidence for 'Where to next prostate-specific membrane antigen PET imaging frontiers?' reports conventional imaging, statistics, digital/AR/VR technology, biomarkers, or automation without a substantive AI/ML method or application."
32821957,10.1007/s00120-020-01294-7,Schreiber A,2020,[Artificial intelligence : What do urologists need to know?].,Der Urologe. Ausg. A,Journal Article; Review,Broad Reviews,EXCLUDE,E09_DATE_LANGUAGE_INDEXING,Broad Reviews,EXCLUDE,NOT_CONTEXT_ONLY,DEEP_SCOPE_LANGUAGE_BOUNDARY,PUBMED_METADATA,Official PubMed XML metadata lists the publication language as German (ger) and does not include the English language code (eng). The record is therefore excluded under the prespecified English-language eligibility rule; an English-translated NLM title or abstract does not make the publication itself English-language eligible.
32881725,10.1097/MOU.0000000000000813,Schuettfort VM,2020,Pathomics in urology.,Current opinion in urology,"Journal Article; Research Support, Non-U.S. Gov't; Review",Broad Reviews,INCLUDE,,Broad Reviews,INCLUDE,NOT_CONTEXT_ONLY,AI04_AI_ONLY_PATHWAY_WITHOUT_TITLE_AI,ABSTRACT,The title and available abstract identify a substantive synthesis of deep learning and radiomics or pathomics in the in-scope Broad Reviews area described in 'Pathomics in urology.'.
33009150,10.1097/MOU.0000000000000824,Veneziano D,2020,VR and machine learning: novel pathways in surgical hands-on training.,Current opinion in urology,Journal Article; Review,Broad Reviews,EXCLUDE,E01_NON_UROLOGICAL,Broad Reviews,EXCLUDE,NOT_CONTEXT_ONLY,CTX01_BROAD_DOMAIN_WITHOUT_TITLE_UROLOGY,ABSTRACT,"The substantive AI task in 'VR and machine learning: novel pathways in surgical hands-on training' is general, multi-specialty, or another organ system without a separable urological, andrological, or male-reproductive result."
33117695,10.3389/fonc.2020.565086,Girard A,2020,The Role of 18F-FDG PET/CT in Guiding Precision Medicine for Invasive Bladder Carcinoma.,Frontiers in oncology,Journal Article; Review,Broad Reviews,INCLUDE,,Broad Reviews,INCLUDE,NOT_CONTEXT_ONLY,AI04_AI_ONLY_PATHWAY_WITHOUT_TITLE_AI,ABSTRACT,The title and available abstract identify a substantive synthesis of deep learning and radiomics or pathomics in the in-scope Broad Reviews area described in 'The Role of 18F-FDG PET/CT in Guiding Precision Medicine for Invasive Bladder Carcinoma.'.
33235893,,Pai RK,2020,A review of current advancements and limitations of artificial intelligence in genitourinary cancers.,American journal of clinical and experimental urology,Journal Article; Review,Broad Reviews,INCLUDE,,Broad Reviews,INCLUDE,NOT_CONTEXT_ONLY,CTX01_BROAD_DOMAIN_WITHOUT_TITLE_UROLOGY,ABSTRACT,The title and available abstract identify a substantive synthesis of deep learning and machine learning in the in-scope Broad Reviews area described in 'A review of current advancements and limitations of artificial intelligence in genitourinary cancers.'.
33299275,10.1007/s13193-020-01166-8,Egert M,2020,Machine Learning and Artificial Intelligence in Surgical Fields.,Indian journal of surgical oncology,Journal Article; Review,Broad Reviews,EXCLUDE,E01_NON_UROLOGICAL,Broad Reviews,EXCLUDE,NOT_CONTEXT_ONLY,CTX01_BROAD_DOMAIN_WITHOUT_TITLE_UROLOGY,ABSTRACT,"The substantive AI task in 'Machine Learning and Artificial Intelligence in Surgical Fields' is general, multi-specialty, or another organ system without a separable urological, andrological, or male-reproductive result."
32315504,10.1111/bju.15087,Bhandari M,2020,Predicting intra-operative and postoperative consequential events using machine-learning techniques in patients undergoing robot-assisted partial nephrectomy: a Vattikuti Collective Quality Initiative database study.,BJU international,"Journal Article; Multicenter Study; Research Support, Non-U.S. Gov't",Implementation/ethics/reporting search stream,INCLUDE,,Implementation/ethics/reporting search stream,INCLUDE,NOT_CONTEXT_ONLY,AI03_GENERIC_PREDICTION_WITHOUT_EXPLICIT_AI;AI04_AI_ONLY_PATHWAY_WITHOUT_TITLE_AI,ABSTRACT,The title and available abstract identify machine learning applied to the in-scope task described in 'Predicting intra-operative and postoperative consequential events using machine-learning techniques in patients undergoing robot-assisted partial nephrectomy: a Vattikuti Collective Quality Initiative database study.'.
32331449,10.3390/cancers12041032,Klarenbeek SE,2020,The Effect of Higher Level Computerized Clinical Decision Support Systems on Oncology Care: A Systematic Review.,Cancers,Journal Article; Review,Implementation/ethics/reporting search stream,EXCLUDE,E01_NON_UROLOGICAL,Implementation/ethics/reporting search stream,EXCLUDE,NOT_CONTEXT_ONLY,AI04_AI_ONLY_PATHWAY_WITHOUT_TITLE_AI;CTX01_BROAD_DOMAIN_WITHOUT_TITLE_UROLOGY,ABSTRACT,"The substantive AI task in 'The Effect of Higher Level Computerized Clinical Decision Support Systems on Oncology Care: A Systematic Review' is general, multi-specialty, or another organ system without a separable urological, andrological, or male-reproductive result."
32514173,10.1038/s41591-020-0941-1,Sounderajah V,2020,Developing specific reporting guidelines for diagnostic accuracy studies assessing AI interventions: The STARD-AI Steering Group.,Nature medicine,Letter,Implementation/ethics/reporting search stream,CONTEXT_ONLY,E10_CONTEXT_ONLY,Implementation/ethics/reporting search stream,EXCLUDE,CONTEXT_ONLY,SCP06_GENERAL_GOVERNANCE_WITHOUT_UROLOGY;AI04_AI_ONLY_PATHWAY_WITHOUT_TITLE_AI;CTX01_BROAD_DOMAIN_WITHOUT_TITLE_UROLOGY,METADATA_ONLY,"'Developing specific reporting guidelines for diagnostic accuracy studies assessing AI interventions: The STARD-AI Steering Group' addresses general healthcare AI reporting, governance, ethics, or implementation without a urology-specific task; it may support methods context but should not contribute to corpus counts."
32825612,10.3390/cancers12092366,Ellmann S,2020,Computer-Aided Diagnosis in Multiparametric MRI of the Prostate: An Open-Access Online Tool for Lesion Classification with High Accuracy.,Cancers,Journal Article,Implementation/ethics/reporting search stream,INCLUDE,,Implementation/ethics/reporting search stream,INCLUDE,NOT_CONTEXT_ONLY,AI04_AI_ONLY_PATHWAY_WITHOUT_TITLE_AI,ABSTRACT,The title and available abstract identify a substantive AI or machine-learning application applied to the in-scope task described in 'Computer-Aided Diagnosis in Multiparametric MRI of the Prostate: An Open-Access Online Tool for Lesion Classification with High Accuracy.'.
32908283,10.1038/s41591-020-1034-x,Liu X,2020,Reporting guidelines for clinical trial reports for interventions involving artificial intelligence: the CONSORT-AI extension.,Nature medicine,"Guideline; Journal Article; Research Support, N.I.H., Extramural; Research Support, Non-U.S. Gov't; Research Support, U.S. Gov't, P.H.S.; Review",Implementation/ethics/reporting search stream,CONTEXT_ONLY,E10_CONTEXT_ONLY,Implementation/ethics/reporting search stream,EXCLUDE,CONTEXT_ONLY,SCP06_GENERAL_GOVERNANCE_WITHOUT_UROLOGY;CTX01_BROAD_DOMAIN_WITHOUT_TITLE_UROLOGY,ABSTRACT,"'Reporting guidelines for clinical trial reports for interventions involving artificial intelligence: the CONSORT-AI extension' addresses general healthcare AI reporting, governance, ethics, or implementation without a urology-specific task; it may support methods context but should not contribute to corpus counts."
32908284,10.1038/s41591-020-1037-7,Cruz Rivera S,2020,Guidelines for clinical trial protocols for interventions involving artificial intelligence: the SPIRIT-AI extension.,Nature medicine,"Guideline; Journal Article; Research Support, N.I.H., Extramural; Research Support, Non-U.S. Gov't; Research Support, U.S. Gov't, P.H.S.; Review",Implementation/ethics/reporting search stream,CONTEXT_ONLY,E10_CONTEXT_ONLY,Implementation/ethics/reporting search stream,EXCLUDE,CONTEXT_ONLY,SCP06_GENERAL_GOVERNANCE_WITHOUT_UROLOGY;CTX01_BROAD_DOMAIN_WITHOUT_TITLE_UROLOGY,ABSTRACT,"'Guidelines for clinical trial protocols for interventions involving artificial intelligence: the SPIRIT-AI extension' addresses general healthcare AI reporting, governance, ethics, or implementation without a urology-specific task; it may support methods context but should not contribute to corpus counts."
32983112,10.3389/fimmu.2020.01900,Chen S,2020,Biomarkers of the Response to Immune Checkpoint Inhibitors in Metastatic Urothelial Carcinoma.,Frontiers in immunology,"Journal Article; Research Support, Non-U.S. Gov't; Validation Study",Implementation/ethics/reporting search stream,INCLUDE,,Implementation/ethics/reporting search stream,INCLUDE,NOT_CONTEXT_ONLY,AI04_AI_ONLY_PATHWAY_WITHOUT_TITLE_AI,PRIOR_HUMAN_ABSTRACT_REVIEW,The title and available abstract identify machine learning applied to the in-scope task described in 'Biomarkers of the Response to Immune Checkpoint Inhibitors in Metastatic Urothelial Carcinoma.'.
33062803,10.1117/1.JMI.7.5.057501,Bukowy JD,2020,Accurate segmentation of prostate cancer histomorphometric features using a weakly supervised convolutional neural network.,"Journal of medical imaging (Bellingham, Wash.)",Journal Article,Implementation/ethics/reporting search stream,INCLUDE,,Implementation/ethics/reporting search stream,INCLUDE,NOT_CONTEXT_ONLY,TEC01_TECHNICAL_ARTIFACT_WITHOUT_CLINICAL_CUE,ABSTRACT,The title and available abstract identify deep learning applied to the in-scope task described in 'Accurate segmentation of prostate cancer histomorphometric features using a weakly supervised convolutional neural network.'.
33089126,10.1016/j.eclinm.2020.100536,Solebo AL,2020,Implications of the artificial intelligence extensions to the guidelines for consolidated standards of reporting trials and for standard protocol item recommendations for interventional trials (the CONSORT-AI and SPIRIT-AI extensions).,EClinicalMedicine,Journal Article,Implementation/ethics/reporting search stream,CONTEXT_ONLY,E10_CONTEXT_ONLY,Implementation/ethics/reporting search stream,EXCLUDE,CONTEXT_ONLY,CTX01_BROAD_DOMAIN_WITHOUT_TITLE_UROLOGY,METADATA_ONLY,"'Implications of the artificial intelligence extensions to the guidelines for consolidated standards of reporting trials and for standard protocol item recommendations for interventional trials (the CONSORT-AI and SPIRIT-AI extensions)' provides AI reporting, governance, ethics, implementation, or research-agenda context without a primary corpus-eligible AI evaluation; it may be cited narratively but not counted."
33135401,10.4111/icu.20200086,Shin TY,2020,Expert-level segmentation using deep learning for volumetry of polycystic kidney and liver.,Investigative and clinical urology,"Journal Article; Research Support, Non-U.S. Gov't",Implementation/ethics/reporting search stream,EXCLUDE,E01_NON_UROLOGICAL,Implementation/ethics/reporting search stream,EXCLUDE,NOT_CONTEXT_ONLY,TEC01_TECHNICAL_ARTIFACT_WITHOUT_CLINICAL_CUE,PUBMED_ABSTRACT,Polycystic-kidney and liver volumetry for disease progression and drug efficacy without a separable urological task.
33256740,10.1186/s12916-020-01834-0,Johnson H,2020,Development and validation of a 25-Gene Panel urine test for prostate cancer diagnosis and potential treatment follow-up.,BMC medicine,"Journal Article; Multicenter Study; Research Support, Non-U.S. Gov't",Implementation/ethics/reporting search stream,INCLUDE,,Implementation/ethics/reporting search stream,INCLUDE,NOT_CONTEXT_ONLY,AI04_AI_ONLY_PATHWAY_WITHOUT_TITLE_AI,ABSTRACT,The title and available abstract identify machine learning applied to the in-scope task described in 'Development and validation of a 25-Gene Panel urine test for prostate cancer diagnosis and potential treatment follow-up.'.
33937821,10.1148/ryai.2020200029,Mongan J,2020,Checklist for Artificial Intelligence in Medical Imaging (CLAIM): A Guide for Authors and Reviewers.,Radiology. Artificial intelligence,Editorial,Implementation/ethics/reporting search stream,CONTEXT_ONLY,E10_CONTEXT_ONLY,Implementation/ethics/reporting search stream,EXCLUDE,CONTEXT_ONLY,CTX01_BROAD_DOMAIN_WITHOUT_TITLE_UROLOGY,METADATA_ONLY,"'Checklist for Artificial Intelligence in Medical Imaging (CLAIM): A Guide for Authors and Reviewers' provides AI reporting, governance, ethics, implementation, or research-agenda context without a primary corpus-eligible AI evaluation; it may be cited narratively but not counted."
31802148,10.1007/s00117-019-00613-0,Hamm CA,2020,[Artificial intelligence and radiomics in MRI-based prostate diagnostics].,Der Radiologe,Journal Article; Review,Prostate Imaging,EXCLUDE,E09_DATE_LANGUAGE_INDEXING,Prostate Imaging,EXCLUDE,NOT_CONTEXT_ONLY,DEEP_SCOPE_LANGUAGE_BOUNDARY,PUBMED_METADATA,Official PubMed XML metadata lists the publication language as German (ger) and does not include the English language code (eng). The record is therefore excluded under the prespecified English-language eligibility rule; an English-translated NLM title or abstract does not make the publication itself English-language eligible.
32078543,10.1109/TMI.2020.2974574,Liu Q,2020,MS-Net: Multi-Site Network for Improving Prostate Segmentation With Heterogeneous MRI Data.,IEEE transactions on medical imaging,"Journal Article; Research Support, Non-U.S. Gov't",Prostate Imaging,INCLUDE,,Prostate Imaging,INCLUDE,NOT_CONTEXT_ONLY,AI04_AI_ONLY_PATHWAY_WITHOUT_TITLE_AI;TEC01_TECHNICAL_ARTIFACT_WITHOUT_CLINICAL_CUE,ABSTRACT,The title and available abstract identify deep learning applied to the in-scope task described in 'MS-Net: Multi-Site Network for Improving Prostate Segmentation With Heterogeneous MRI Data.'.
32208009,10.2214/AJR.19.22254,Lee DK,2020,Three-Dimensional Convolutional Neural Network for Prostate MRI Segmentation and Comparison of Prostate Volume Measurements by Use of Artificial Neural Network and Ellipsoid Formula.,AJR. American journal of roentgenology,"Journal Article; Research Support, Non-U.S. Gov't",Prostate Imaging,INCLUDE,,Prostate Imaging,INCLUDE,NOT_CONTEXT_ONLY,TEC01_TECHNICAL_ARTIFACT_WITHOUT_CLINICAL_CUE,ABSTRACT,The title and available abstract identify deep learning applied to the in-scope task described in 'Three-Dimensional Convolutional Neural Network for Prostate MRI Segmentation and Comparison of Prostate Volume Measurements by Use of Artificial Neural Network and Ellipsoid Formula.'.
32248259,10.1007/s00261-020-02504-8,Chatterjee A,2020,New prostate MRI techniques and sequences.,Abdominal radiology (New York),Journal Article; Review,Prostate Imaging,INCLUDE,,Prostate Imaging,INCLUDE,NOT_CONTEXT_ONLY,AI04_AI_ONLY_PATHWAY_WITHOUT_TITLE_AI,ABSTRACT,The title and available abstract identify a substantive synthesis of machine learning in the in-scope Prostate Imaging area described in 'New prostate MRI techniques and sequences.'.
32457827,10.3389/fonc.2020.00551,Lu H,2020,Repeatability of Quantitative Imaging Features in Prostate Magnetic Resonance Imaging.,Frontiers in oncology,Journal Article,Prostate Imaging,INCLUDE,,Prostate Imaging,INCLUDE,NOT_CONTEXT_ONLY,AI04_AI_ONLY_PATHWAY_WITHOUT_TITLE_AI,ABSTRACT,The title and available abstract identify a substantive AI or machine-learning application applied to the in-scope task described in 'Repeatability of Quantitative Imaging Features in Prostate Magnetic Resonance Imaging.'.
32989773,10.1002/mp.14498,Singhrao K,2020,A generative adversarial network-based (GAN-based) architecture for automatic fiducial marker detection in prostate MRI-only radiotherapy simulation images.,Medical physics,Journal Article,Prostate Imaging,INCLUDE,,Prostate Imaging,INCLUDE,NOT_CONTEXT_ONLY,AI04_AI_ONLY_PATHWAY_WITHOUT_TITLE_AI,ABSTRACT,The title and available abstract identify deep learning applied to the in-scope task described in 'A generative adversarial network-based (GAN-based) architecture for automatic fiducial marker detection in prostate MRI-only radiotherapy simulation images.'.
33012016,10.1002/mp.14517,Chen Y,2020,Automatic intraprostatic lesion segmentation in multiparametric magnetic resonance images with proposed multiple branch UNet.,Medical physics,Journal Article,Prostate Imaging,INCLUDE,,Prostate Imaging,INCLUDE,NOT_CONTEXT_ONLY,AI04_AI_ONLY_PATHWAY_WITHOUT_TITLE_AI;TEC01_TECHNICAL_ARTIFACT_WITHOUT_CLINICAL_CUE,ABSTRACT,The title and available abstract identify deep learning applied to the in-scope task described in 'Automatic intraprostatic lesion segmentation in multiparametric magnetic resonance images with proposed multiple branch UNet.'.
33052737,10.2214/AJR.19.22347,Sanford TH,2020,Data Augmentation and Transfer Learning to Improve Generalizability of an Automated Prostate Segmentation Model.,AJR. American journal of roentgenology,"Journal Article; Research Support, N.I.H., Extramural; Research Support, N.I.H., Intramural",Prostate Imaging,INCLUDE,,Prostate Imaging,INCLUDE,NOT_CONTEXT_ONLY,AI04_AI_ONLY_PATHWAY_WITHOUT_TITLE_AI;TEC01_TECHNICAL_ARTIFACT_WITHOUT_CLINICAL_CUE,ABSTRACT,The title and available abstract identify deep learning applied to the in-scope task described in 'Data Augmentation and Transfer Learning to Improve Generalizability of an Automated Prostate Segmentation Model.'.
31834623,10.1002/mp.13964,Chen CM,2020,A computer-aided diagnosis system for differentiation and delineation of malignant regions on whole-slide prostate histopathology image using spatial statistics and multidimensional DenseNet.,Medical physics,Journal Article,Prostate Pathology,INCLUDE,,Prostate Pathology,INCLUDE,NOT_CONTEXT_ONLY,AI04_AI_ONLY_PATHWAY_WITHOUT_TITLE_AI,ABSTRACT,The title and available abstract identify deep learning applied to the in-scope task described in 'A computer-aided diagnosis system for differentiation and delineation of malignant regions on whole-slide prostate histopathology image using spatial statistics and multidimensional DenseNet.'.
31926805,10.1016/S1470-2045(19)30739-9,Bulten W,2020,Automated deep-learning system for Gleason grading of prostate cancer using biopsies: a diagnostic study.,The Lancet. Oncology,"Journal Article; Research Support, Non-U.S. Gov't; Validation Study",Prostate Pathology,INCLUDE,,Prostate Pathology,INCLUDE,NOT_CONTEXT_ONLY,AI04_AI_ONLY_PATHWAY_WITHOUT_TITLE_AI,ABSTRACT,The title and available abstract identify deep learning applied to the in-scope task described in 'Automated deep-learning system for Gleason grading of prostate cancer using biopsies: a diagnostic study.'.
32221622,10.1007/s00066-020-01607-x,Zavala-Romero O,2020,Segmentation of prostate and prostate zones using deep learning : A multi-MRI vendor analysis.,Strahlentherapie und Onkologie : Organ der Deutschen Rontgengesellschaft ... [et al],Journal Article,Prostate Pathology,INCLUDE,,Prostate Pathology,INCLUDE,NOT_CONTEXT_ONLY,TEC01_TECHNICAL_ARTIFACT_WITHOUT_CLINICAL_CUE,PRIOR_HUMAN_ABSTRACT_REVIEW,The title and available abstract identify deep learning applied to the in-scope task described in 'Segmentation of prostate and prostate zones using deep learning : A multi-MRI vendor analysis.'.
32653747,10.1016/j.cmpb.2020.105637,Silva-Rodriguez J,2020,Going deeper through the Gleason scoring scale: An automatic end-to-end system for histology prostate grading and cribriform pattern detection.,Computer methods and programs in biomedicine,Journal Article,Prostate Pathology,INCLUDE,,Prostate Pathology,INCLUDE,NOT_CONTEXT_ONLY,AI04_AI_ONLY_PATHWAY_WITHOUT_TITLE_AI,ABSTRACT,The title and available abstract identify deep learning and computer vision applied to the in-scope task described in 'Going deeper through the Gleason scoring scale: An automatic end-to-end system for histology prostate grading and cribriform pattern detection.'.
32747906,10.47162/RJME.61.1.17,Serbanescu MS,2020,Automated Gleason grading of prostate cancer using transfer learning from general-purpose deep-learning networks.,Romanian journal of morphology and embryology = Revue roumaine de morphologie et embryologie,Journal Article,Prostate Pathology,INCLUDE,,Prostate Pathology,INCLUDE,NOT_CONTEXT_ONLY,AI04_AI_ONLY_PATHWAY_WITHOUT_TITLE_AI,ABSTRACT,The title and available abstract identify a substantive AI or machine-learning application applied to the in-scope task described in 'Automated Gleason grading of prostate cancer using transfer learning from general-purpose deep-learning networks.'.
32756597,10.1371/journal.pone.0236553,Rho MJ,2020,Dr. Answer AI for prostate cancer: Clinical outcome prediction model and service.,PloS one,"Journal Article; Research Support, Non-U.S. Gov't",Prostate Pathology,INCLUDE,,Prostate Pathology,INCLUDE,NOT_CONTEXT_ONLY,AI03_GENERIC_PREDICTION_WITHOUT_EXPLICIT_AI;AI04_AI_ONLY_PATHWAY_WITHOUT_TITLE_AI,ABSTRACT,The title and available abstract identify machine learning applied to the in-scope task described in 'Dr. Answer AI for prostate cancer: Clinical outcome prediction model and service.'.
32926991,10.1016/j.mri.2020.09.011,Akamine Y,2020,Application of hierarchical clustering to multi-parametric MR in prostate: Differentiation of tumor and normal tissue with high accuracy.,Magnetic resonance imaging,Journal Article,Prostate Pathology,INCLUDE,,Prostate Pathology,INCLUDE,NOT_CONTEXT_ONLY,AI04_AI_ONLY_PATHWAY_WITHOUT_TITLE_AI,PRIOR_HUMAN_ABSTRACT_REVIEW,The title and available abstract identify deep learning and machine learning applied to the in-scope task described in 'Application of hierarchical clustering to multi-parametric MR in prostate: Differentiation of tumor and normal tissue with high accuracy.'.
33066841,10.1016/j.acthis.2020.151619,Dzaparidze G,2020,Pathadin - The essential set of tools to start with whole slide analysis.,Acta histochemica,Journal Article,Prostate Pathology,INCLUDE,,Prostate Pathology,INCLUDE,NOT_CONTEXT_ONLY,AI04_AI_ONLY_PATHWAY_WITHOUT_TITLE_AI,ABSTRACT,The title and available abstract identify deep learning and machine learning applied to the in-scope task described in 'Pathadin - The essential set of tools to start with whole slide analysis.'.
32252440,10.3390/cancers12040866,Lee HW,2020,Integrative Radiogenomics Approach for Risk Assessment of Post-Operative Metastasis in Pathological T1 Renal Cell Carcinoma: A Pilot Retrospective Cohort Study.,Cancers,Journal Article,Renal/Kidney,INCLUDE,,Renal/Kidney,INCLUDE,NOT_CONTEXT_ONLY,AI04_AI_ONLY_PATHWAY_WITHOUT_TITLE_AI,ABSTRACT,The title and available abstract identify radiomics or pathomics applied to the in-scope task described in 'Integrative Radiogenomics Approach for Risk Assessment of Post-Operative Metastasis in Pathological T1 Renal Cell Carcinoma: A Pilot Retrospective Cohort Study.'.
32253464,10.1007/s00261-020-02495-6,Yasar S,2020,"Using texture analysis as a predictive factor of subtype, grade and stage of renal cell carcinoma.",Abdominal radiology (New York),Journal Article,Renal/Kidney,INCLUDE,,Renal/Kidney,INCLUDE,NOT_CONTEXT_ONLY,AI03_GENERIC_PREDICTION_WITHOUT_EXPLICIT_AI;AI04_AI_ONLY_PATHWAY_WITHOUT_TITLE_AI,ABSTRACT,"The title and available abstract identify radiomics or pathomics applied to the in-scope task described in 'Using texture analysis as a predictive factor of subtype, grade and stage of renal cell carcinoma.'."
33585225,10.3389/fonc.2020.605769,Zhao J,2020,Liq_ccRCC: Identification of Clear Cell Renal Cell Carcinoma Based on the Integration of Clinical Liquid Indices.,Frontiers in oncology,Journal Article,Renal/Kidney,INCLUDE,,Renal/Kidney,INCLUDE,NOT_CONTEXT_ONLY,AI04_AI_ONLY_PATHWAY_WITHOUT_TITLE_AI,PRIOR_HUMAN_ABSTRACT_REVIEW,The title and available abstract identify machine learning applied to the in-scope task described in 'Liq_ccRCC: Identification of Clear Cell Renal Cell Carcinoma Based on the Integration of Clinical Liquid Indices.'.
37637444,10.1097/AS9.0000000000000011,Pugh CM,2020,How Wearable Technology Can Facilitate AI Analysis of Surgical Videos.,"Annals of surgery open : perspectives of surgical history, education, and clinical approaches",Journal Article,Surgical AI,EXCLUDE,E01_NON_UROLOGICAL,Surgical AI,EXCLUDE,NOT_CONTEXT_ONLY,AI02_DIGITAL_SENSOR_WITHOUT_EXPLICIT_AI;AI04_AI_ONLY_PATHWAY_WITHOUT_TITLE_AI,ABSTRACT,"The abstract's substantive task in 'How Wearable Technology Can Facilitate AI Analysis of Surgical Videos' is general or multi-specialty and does not report a separable urological, andrological, or male-reproductive AI result."
33091959,10.1002/ijc.33355,Gu W,2021,Identification of a methylation panel aid in risk stratification in node-positive penile squamous cell carcinoma.,International journal of cancer,"Journal Article; Research Support, Non-U.S. Gov't",Andrology,EXCLUDE,E05_NO_SUBSTANTIVE_AI,Andrology,EXCLUDE,NOT_CONTEXT_ONLY,AI04_AI_ONLY_PATHWAY_WITHOUT_TITLE_AI,ABSTRACT,"The available evidence for 'Identification of a methylation panel aid in risk stratification in node-positive penile squamous cell carcinoma' reports conventional imaging, statistics, digital/AR/VR technology, biomarkers, or automation without a substantive AI/ML method or application."
33147345,10.1093/humrep/deaa251,Robertson I,2021,Streamlining follicular monitoring during controlled ovarian stimulation: a data-driven approach to efficient IVF care in the new era of social distancing.,"Human reproduction (Oxford, England)","Journal Article; Research Support, Non-U.S. Gov't",Andrology,EXCLUDE,E02_EMBRYOLOGY_ONLY,Andrology,EXCLUDE,NOT_CONTEXT_ONLY,SCP04_OTHER_ORGAN_WITHOUT_UROLOGY;AI04_AI_ONLY_PATHWAY_WITHOUT_TITLE_AI,ABSTRACT_OR_METADATA_PLUS_DUAL_HUMAN_REVIEW,ML models optimize follicular monitoring and ovarian-stimulation management in women; this is a female ART task without substantive male-factor relevance.
33246195,10.1016/j.compbiomed.2020.104121,Abbasi A,2021,Effect of deep transfer and multi-task learning on sperm abnormality detection.,Computers in biology and medicine,"Journal Article; Research Support, Non-U.S. Gov't",Andrology,INCLUDE,,Andrology,INCLUDE,NOT_CONTEXT_ONLY,AI04_AI_ONLY_PATHWAY_WITHOUT_TITLE_AI,PRIOR_HUMAN_ABSTRACT_REVIEW,The title and available abstract identify deep learning applied to the in-scope task described in 'Effect of deep transfer and multi-task learning on sperm abnormality detection.'.
33461755,10.1016/j.fertnstert.2020.10.038,Gunderson SJ,2021,Machine-learning algorithm incorporating capacitated sperm intracellular pH predicts conventional in vitro fertilization success in normospermic patients.,Fertility and sterility,Journal Article,Andrology,INCLUDE,,Andrology,INCLUDE,NOT_CONTEXT_ONLY,AI04_AI_ONLY_PATHWAY_WITHOUT_TITLE_AI,ABSTRACT,The title and available abstract identify a substantive AI or machine-learning application applied to the in-scope task described in 'Machine-learning algorithm incorporating capacitated sperm intracellular pH predicts conventional in vitro fertilization success in normospermic patients.'.
33719832,10.1080/19396368.2020.1822953,Giscard d'Estaing S,2021,A machine learning system with reinforcement capacity for predicting the fate of an ART embryo.,Systems biology in reproductive medicine,Journal Article; Validation Study,Andrology,EXCLUDE,E02_EMBRYOLOGY_ONLY,Andrology,EXCLUDE,NOT_CONTEXT_ONLY,SCP02_EMBRYO_ART_WITHOUT_MALE_REPRO,ABSTRACT_OR_METADATA_PLUS_DUAL_HUMAN_REVIEW,The ML score predicts blastocyst formation and delivery from embryo morphokinetics; no substantive male-factor or sperm-specific task is reported.
33998173,10.1111/andr.13041,Pecoraro M,2021,The future direction of imaging in prostate cancer: MRI with or without contrast injection.,Andrology,Journal Article; Review,Andrology,EXCLUDE,E05_NO_SUBSTANTIVE_AI,Andrology,EXCLUDE,NOT_CONTEXT_ONLY,AI01_FUTURE_OR_INCIDENTAL_AI_RISK;AI04_AI_ONLY_PATHWAY_WITHOUT_TITLE_AI,ABSTRACT,"The abstract's main focus in 'The future direction of imaging in prostate cancer: MRI with or without contrast injection' is not an AI/ML evaluation; AI is absent or limited to an incidental, emerging, or future possibility rather than a substantive method or application."
34316227,10.4103/jhrs.jhrs_26_21,Shemshaki G,2021,"Assessment and Establishment of Correlation between Reactive Oxidation Species, Citric Acid, and Fructose Level in Infertile Male Individuals: A Machine-Learning Approach.",Journal of human reproductive sciences,Journal Article,Andrology,INCLUDE,,Andrology,INCLUDE,NOT_CONTEXT_ONLY,AI04_AI_ONLY_PATHWAY_WITHOUT_TITLE_AI,PRIOR_HUMAN_ABSTRACT_REVIEW,"The title and available abstract identify a substantive AI or machine-learning application applied to the in-scope task described in 'Assessment and Establishment of Correlation between Reactive Oxidation Species, Citric Acid, and Fructose Level in Infertile Male Individuals: A Machine-Learning Approach.'."
34364259,10.1016/j.compbiomed.2021.104687,Marin R,2021,Impact of transfer learning for human sperm segmentation using deep learning.,Computers in biology and medicine,"Journal Article; Research Support, Non-U.S. Gov't",Andrology,INCLUDE,,Andrology,INCLUDE,NOT_CONTEXT_ONLY,TEC01_TECHNICAL_ARTIFACT_WITHOUT_CLINICAL_CUE,ABSTRACT,The title and available abstract identify deep learning and computer vision applied to the in-scope task described in 'Impact of transfer learning for human sperm segmentation using deep learning.'.
34430409,10.21037/tau-21-276,Finelli R,2021,The validity and reliability of computer-aided semen analyzers in performing semen analysis: a systematic review.,Translational andrology and urology,Journal Article; Review,Andrology,INCLUDE,,Andrology,INCLUDE,NOT_CONTEXT_ONLY,AI04_AI_ONLY_PATHWAY_WITHOUT_TITLE_AI,ABSTRACT,The title and available abstract identify a substantive synthesis of machine learning in the in-scope Andrology area described in 'The validity and reliability of computer-aided semen analyzers in performing semen analysis: a systematic review.'.
34492520,10.1016/j.compbiomed.2021.104790,Yuzkat M,2021,Multi-model CNN fusion for sperm morphology analysis.,Computers in biology and medicine,Journal Article,Andrology,INCLUDE,,Andrology,INCLUDE,NOT_CONTEXT_ONLY,AI04_AI_ONLY_PATHWAY_WITHOUT_TITLE_AI,ABSTRACT,The title and available abstract identify deep learning applied to the in-scope task described in 'Multi-model CNN fusion for sperm morphology analysis.'.
34588948,10.3389/fnins.2021.721236,Lu J,2021,Reconfiguration of Dynamic Functional Connectivity States in Patients With Lifelong Premature Ejaculation.,Frontiers in neuroscience,Journal Article,Andrology,INCLUDE,,Andrology,INCLUDE,NOT_CONTEXT_ONLY,AI04_AI_ONLY_PATHWAY_WITHOUT_TITLE_AI,ABSTRACT,The title and available abstract identify machine learning applied to the in-scope task described in 'Reconfiguration of Dynamic Functional Connectivity States in Patients With Lifelong Premature Ejaculation.'.
32856986,10.1097/JU.0000000000001344,Omae K,2021,Significance of Overactive Bladder as a Predictor of Falls in Community Dwelling Older Adults: 1-Year Followup of the Sukagawa Study.,The Journal of urology,Comparative Study; Journal Article,Benign/Functional,INCLUDE,,Benign/Functional,INCLUDE,NOT_CONTEXT_ONLY,AI03_GENERIC_PREDICTION_WITHOUT_EXPLICIT_AI;AI04_AI_ONLY_PATHWAY_WITHOUT_TITLE_AI,ABSTRACT,The title and available abstract identify machine learning applied to the in-scope task described in 'Significance of Overactive Bladder as a Predictor of Falls in Community Dwelling Older Adults: 1-Year Followup of the Sukagawa Study.'.
33205846,10.1002/nau.24578,Wang HS,2021,Pattern recognition algorithm to identify detrusor overactivity on urodynamics.,Neurourology and urodynamics,Journal Article,Benign/Functional,INCLUDE,,Benign/Functional,INCLUDE,NOT_CONTEXT_ONLY,AI04_AI_ONLY_PATHWAY_WITHOUT_TITLE_AI,ABSTRACT,The title and available abstract identify machine learning applied to the in-scope task described in 'Pattern recognition algorithm to identify detrusor overactivity on urodynamics.'.
33788888,10.1371/journal.pone.0248636,Moller JK,2021,Prediction of risk of acquiring urinary tract infection during hospital stay based on machine-learning: A retrospective cohort study.,PloS one,"Journal Article; Multicenter Study; Research Support, Non-U.S. Gov't",Benign/Functional,INCLUDE,,Benign/Functional,INCLUDE,NOT_CONTEXT_ONLY,AI03_GENERIC_PREDICTION_WITHOUT_EXPLICIT_AI;AI04_AI_ONLY_PATHWAY_WITHOUT_TITLE_AI,ABSTRACT,The title and available abstract identify natural-language processing applied to the in-scope task described in 'Prediction of risk of acquiring urinary tract infection during hospital stay based on machine-learning: A retrospective cohort study.'.
34222269,10.3389/fmed.2021.602691,Li X,2021,Diagnostic Value of the Fimbriae Distribution Pattern in Localization of Urinary Tract Infection.,Frontiers in medicine,Journal Article,Benign/Functional,INCLUDE,,Benign/Functional,INCLUDE,NOT_CONTEXT_ONLY,AI04_AI_ONLY_PATHWAY_WITHOUT_TITLE_AI,ABSTRACT,The title and available abstract identify machine learning applied to the in-scope task described in 'Diagnostic Value of the Fimbriae Distribution Pattern in Localization of Urinary Tract Infection.'.
34474195,10.1016/j.cmpb.2021.106369,Eroglu Y,2021,Diagnosis and grading of vesicoureteral reflux on voiding cystourethrography images in children using a deep hybrid model.,Computer methods and programs in biomedicine,Journal Article,Benign/Functional,INCLUDE,,Benign/Functional,INCLUDE,NOT_CONTEXT_ONLY,AI04_AI_ONLY_PATHWAY_WITHOUT_TITLE_AI,ABSTRACT,The title and available abstract identify deep learning and machine learning applied to the in-scope task described in 'Diagnosis and grading of vesicoureteral reflux on voiding cystourethrography images in children using a deep hybrid model.'.
33823566,10.4132/jptm.2021.02.22,Lee KS,2021,Programmed cell death-ligand 1 assessment in urothelial carcinoma: prospect and limitation.,Journal of pathology and translational medicine,Journal Article; Review,Bladder Cancer,EXCLUDE,E05_NO_SUBSTANTIVE_AI,Bladder Cancer,EXCLUDE,NOT_CONTEXT_ONLY,AI04_AI_ONLY_PATHWAY_WITHOUT_TITLE_AI,ABSTRACT,"The available evidence for 'Programmed cell death-ligand 1 assessment in urothelial carcinoma: prospect and limitation' reports conventional imaging, statistics, digital/AR/VR technology, biomarkers, or automation without a substantive AI/ML method or application."
34359804,10.3390/cancers13153903,Hepburn AC,2021,Identification of CNGB1 as a Predictor of Response to Neoadjuvant Chemotherapy in Muscle-Invasive Bladder Cancer.,Cancers,Journal Article,Bladder Cancer,INCLUDE,,Bladder Cancer,INCLUDE,NOT_CONTEXT_ONLY,AI03_GENERIC_PREDICTION_WITHOUT_EXPLICIT_AI,ABSTRACT,The title and available abstract identify machine learning applied to the in-scope task described in 'Identification of CNGB1 as a Predictor of Response to Neoadjuvant Chemotherapy in Muscle-Invasive Bladder Cancer.'.
34364492,10.1016/j.talanta.2021.122696,Belugina R,2021,Developing non-invasive bladder cancer screening methodology through potentiometric multisensor urine analysis.,Talanta,Journal Article,Bladder Cancer,INCLUDE,,Bladder Cancer,INCLUDE,NOT_CONTEXT_ONLY,AI04_AI_ONLY_PATHWAY_WITHOUT_TITLE_AI,ABSTRACT,The title and available abstract identify machine learning applied to the in-scope task described in 'Developing non-invasive bladder cancer screening methodology through potentiometric multisensor urine analysis.'.
34575374,10.3390/jcm10184263,Lee J,2021,Intravesical Prostatic Protrusion and Prognosis of Non-Muscle Invasive Bladder Cancer: Analysis of Long-Term Data over 5 Years with Machine-Learning Algorithms.,Journal of clinical medicine,Journal Article,Bladder Cancer,INCLUDE,,Bladder Cancer,INCLUDE,NOT_CONTEXT_ONLY,AI04_AI_ONLY_PATHWAY_WITHOUT_TITLE_AI,ABSTRACT,The title and available abstract identify machine learning applied to the in-scope task described in 'Intravesical Prostatic Protrusion and Prognosis of Non-Muscle Invasive Bladder Cancer: Analysis of Long-Term Data over 5 Years with Machine-Learning Algorithms.'.
34622225,10.1016/j.xcrm.2021.100382,Mi H,2021,Predictive models of response to neoadjuvant chemotherapy in muscle-invasive bladder cancer using nuclear morphology and tissue architecture.,Cell reports. Medicine,"Journal Article; Research Support, N.I.H., Extramural; Research Support, Non-U.S. Gov't",Bladder Cancer,INCLUDE,,Bladder Cancer,INCLUDE,NOT_CONTEXT_ONLY,AI03_GENERIC_PREDICTION_WITHOUT_EXPLICIT_AI;AI04_AI_ONLY_PATHWAY_WITHOUT_TITLE_AI,ABSTRACT,The title and available abstract identify a substantive AI or machine-learning application applied to the in-scope task described in 'Predictive models of response to neoadjuvant chemotherapy in muscle-invasive bladder cancer using nuclear morphology and tissue architecture.'.
34827126,10.3390/biology10111134,Baressi Segota S,2021,Semantic Segmentation of Urinary Bladder Cancer Masses from CT Images: A Transfer Learning Approach.,Biology,Journal Article,Bladder Cancer,INCLUDE,,Bladder Cancer,INCLUDE,NOT_CONTEXT_ONLY,AI04_AI_ONLY_PATHWAY_WITHOUT_TITLE_AI;TEC01_TECHNICAL_ARTIFACT_WITHOUT_CLINICAL_CUE,ABSTRACT,The title and available abstract identify deep learning and machine learning applied to the in-scope task described in 'Semantic Segmentation of Urinary Bladder Cancer Masses from CT Images: A Transfer Learning Approach.'.
33156361,10.1007/s00345-020-03467-7,Chen IA,2021,"Evolving robotic surgery training and improving patient safety, with the integration of novel technologies.",World journal of urology,Journal Article; Systematic Review,Broad Reviews,EXCLUDE,E01_NON_UROLOGICAL,Broad Reviews,EXCLUDE,NOT_CONTEXT_ONLY,SCP05_GENERAL_SURGERY_WITHOUT_UROLOGY;AI04_AI_ONLY_PATHWAY_WITHOUT_TITLE_AI;CTX01_BROAD_DOMAIN_WITHOUT_TITLE_UROLOGY,ABSTRACT,"The abstract's substantive task in 'Evolving robotic surgery training and improving patient safety, with the integration of novel technologies' is general or multi-specialty and does not report a separable urological, andrological, or male-reproductive AI result."
33201088,10.1097/SLA.0000000000004425,Garrow CR,2021,Machine Learning for Surgical Phase Recognition: A Systematic Review.,Annals of surgery,"Journal Article; Research Support, Non-U.S. Gov't; Systematic Review",Broad Reviews,EXCLUDE,E01_NON_UROLOGICAL,Broad Reviews,EXCLUDE,NOT_CONTEXT_ONLY,CTX01_BROAD_DOMAIN_WITHOUT_TITLE_UROLOGY,ABSTRACT,"The substantive AI task in 'Machine Learning for Surgical Phase Recognition: A Systematic Review' is general, multi-specialty, or another organ system without a separable urological, andrological, or male-reproductive result."
33218590,10.1016/j.ucl.2020.09.004,Chang TC,2021,Current Trends in Artificial Intelligence Application for Endourology and Robotic Surgery.,The Urologic clinics of North America,Historical Article; Journal Article; Review,Broad Reviews,INCLUDE,,Broad Reviews,INCLUDE,NOT_CONTEXT_ONLY,SCP05_GENERAL_SURGERY_WITHOUT_UROLOGY;CTX01_BROAD_DOMAIN_WITHOUT_TITLE_UROLOGY,ABSTRACT,The title and available abstract identify a substantive synthesis of deep learning and machine learning in the in-scope Broad Reviews area described in 'Current Trends in Artificial Intelligence Application for Endourology and Robotic Surgery.'.
33229864,10.1097/MOU.0000000000000833,Cisu T,2021,New robotic surgical systems in urology: an update.,Current opinion in urology,Journal Article; Review,Broad Reviews,EXCLUDE,E05_NO_SUBSTANTIVE_AI,Broad Reviews,EXCLUDE,NOT_CONTEXT_ONLY,AI04_AI_ONLY_PATHWAY_WITHOUT_TITLE_AI,ABSTRACT,"The available evidence for 'New robotic surgical systems in urology: an update' reports conventional imaging, statistics, digital/AR/VR technology, biomarkers, or automation without a substantive AI/ML method or application."
33301070,10.1007/s00120-020-01400-9,Kriegmair MC,2021,[Enhanced imaging in urological endoscopy].,Der Urologe. Ausg. A,Journal Article; Review,Broad Reviews,EXCLUDE,E05_NO_SUBSTANTIVE_AI,Broad Reviews,EXCLUDE,NOT_CONTEXT_ONLY,AI04_AI_ONLY_PATHWAY_WITHOUT_TITLE_AI,ABSTRACT,"The available evidence for '[Enhanced imaging in urological endoscopy]' reports conventional imaging, statistics, digital/AR/VR technology, biomarkers, or automation without a substantive AI/ML method or application."
33315136,10.1007/s00120-020-01406-3,Schonthaler M,2021,[Network medicine and health services research in urology].,Der Urologe. Ausg. A,Journal Article; Review,Broad Reviews,EXCLUDE,E05_NO_SUBSTANTIVE_AI,Broad Reviews,EXCLUDE,NOT_CONTEXT_ONLY,AI04_AI_ONLY_PATHWAY_WITHOUT_TITLE_AI,ABSTRACT,"The available evidence for '[Network medicine and health services research in urology]' reports conventional imaging, statistics, digital/AR/VR technology, biomarkers, or automation without a substantive AI/ML method or application."
33332877,10.1097/MOU.0000000000000842,Gomez Rivas J,2021,Autonomous robots: a new reality in healthcare? A project by European Association of Urology-Young Academic Urologist group.,Current opinion in urology,Journal Article; Review,Broad Reviews,CONTEXT_ONLY,E10_CONTEXT_ONLY,Broad Reviews,EXCLUDE,CONTEXT_ONLY,DEEP_SCOPE_SEPARABLE_UROLOGY,PUBMED_ABSTRACT,"The review substantively discusses autonomous AI-enabled robots and associated ethical issues, but it reports no separable urological task or result; it is retained only as general contextual material."
33408053,10.1016/j.euo.2020.12.011,Campi R,2021,Novel Liquid Biomarkers and Innovative Imaging for Kidney Cancer Diagnosis: What Can Be Implemented in Our Practice Today? A Systematic Review of the Literature.,European urology oncology,Journal Article; Systematic Review,Broad Reviews,EXCLUDE,E05_NO_SUBSTANTIVE_AI,Broad Reviews,EXCLUDE,NOT_CONTEXT_ONLY,AI04_AI_ONLY_PATHWAY_WITHOUT_TITLE_AI,ABSTRACT,"The available evidence for 'Novel Liquid Biomarkers and Innovative Imaging for Kidney Cancer Diagnosis: What Can Be Implemented in Our Practice Today? A Systematic Review of the Literature' reports conventional imaging, statistics, digital/AR/VR technology, biomarkers, or automation without a substantive AI/ML method or application."
33659925,10.12703/r/10-7,Tharakan T,2021,Non-obstructive azoospermia: current and future perspectives.,Faculty reviews,Journal Article; Review,Broad Reviews,INCLUDE,,Broad Reviews,INCLUDE,NOT_CONTEXT_ONLY,AI01_FUTURE_OR_INCIDENTAL_AI_RISK;AI04_AI_ONLY_PATHWAY_WITHOUT_TITLE_AI,ABSTRACT,The title and available abstract identify a substantive synthesis of machine learning in the in-scope Broad Reviews area described in 'Non-obstructive azoospermia: current and future perspectives.'.
33747134,10.1177/1756287221998134,Hameed BMZ,2021,Big Data Analytics in urology: the story so far and the road ahead.,Therapeutic advances in urology,Journal Article; Review,Broad Reviews,INCLUDE,,Broad Reviews,INCLUDE,NOT_CONTEXT_ONLY,AI04_AI_ONLY_PATHWAY_WITHOUT_TITLE_AI,PRIOR_HUMAN_ABSTRACT_REVIEW,The title and available abstract identify a substantive synthesis of machine learning in the in-scope Broad Reviews area described in 'Big Data Analytics in urology: the story so far and the road ahead.'.
33771476,10.1016/j.euf.2021.03.013,Higgins MI,2021,Machine Learning in Body Composition Analysis.,European urology focus,Journal Article; Review,Broad Reviews,INCLUDE,,Broad Reviews,INCLUDE,NOT_CONTEXT_ONLY,CTX01_BROAD_DOMAIN_WITHOUT_TITLE_UROLOGY,PRIOR_HUMAN_ABSTRACT_REVIEW,The title and available abstract identify a substantive synthesis of machine learning in the in-scope Broad Reviews area described in 'Machine Learning in Body Composition Analysis.'.
33917035,10.3390/s21082586,Ayyad SM,2021,Role of AI and Histopathological Images in Detecting Prostate Cancer: A Survey.,"Sensors (Basel, Switzerland)",Journal Article; Review,Broad Reviews,INCLUDE,,Broad Reviews,INCLUDE,NOT_CONTEXT_ONLY,AI04_AI_ONLY_PATHWAY_WITHOUT_TITLE_AI,PRIOR_HUMAN_ABSTRACT_REVIEW,The title and available abstract identify a substantive synthesis of deep learning and machine learning in the in-scope Broad Reviews area described in 'Role of AI and Histopathological Images in Detecting Prostate Cancer: A Survey.'.
33991886,10.1016/j.ijmedinf.2021.104484,Song X,2021,Comparison of machine learning and logistic regression models in predicting acute kidney injury: A systematic review and meta-analysis.,International journal of medical informatics,Journal Article; Meta-Analysis; Systematic Review,Broad Reviews,EXCLUDE,E01_NON_UROLOGICAL,Broad Reviews,EXCLUDE,NOT_CONTEXT_ONLY,RENAL_NEPHROLOGY_BOUNDARY_PASS,PUBMED_ABSTRACT,General acute-kidney-injury prediction meta-analysis without a urological population intervention or outcome.
34009176,10.1097/MOU.0000000000000902,Thenault R,2021,Radiogenomics in prostate cancer evaluation.,Current opinion in urology,Journal Article; Review,Broad Reviews,INCLUDE,,Broad Reviews,INCLUDE,NOT_CONTEXT_ONLY,AI04_AI_ONLY_PATHWAY_WITHOUT_TITLE_AI,PRIOR_HUMAN_ABSTRACT_REVIEW,The title and available abstract identify a substantive synthesis of deep learning and radiomics or pathomics in the in-scope Broad Reviews area described in 'Radiogenomics in prostate cancer evaluation.'.
34023696,10.1016/j.compbiomed.2021.104472,Bandyk MG,2021,MRI and CT bladder segmentation from classical to deep learning based approaches: Current limitations and lessons.,Computers in biology and medicine,Journal Article; Review,Broad Reviews,INCLUDE,,Broad Reviews,INCLUDE,NOT_CONTEXT_ONLY,TEC01_TECHNICAL_ARTIFACT_WITHOUT_CLINICAL_CUE,ABSTRACT,The title and available abstract identify a substantive synthesis of deep learning in the in-scope Broad Reviews area described in 'MRI and CT bladder segmentation from classical to deep learning based approaches: Current limitations and lessons.'.
34185136,10.1007/s00259-021-05445-6,Wendler T,2021,"How molecular imaging will enable robotic precision surgery : The role of artificial intelligence, augmented reality, and navigation.",European journal of nuclear medicine and molecular imaging,Journal Article; Review,Broad Reviews,EXCLUDE,E01_NON_UROLOGICAL,Broad Reviews,EXCLUDE,NOT_CONTEXT_ONLY,CTX01_BROAD_DOMAIN_WITHOUT_TITLE_UROLOGY,ABSTRACT,"The substantive AI task in 'How molecular imaging will enable robotic precision surgery : The role of artificial intelligence, augmented reality, and navigation' is general, multi-specialty, or another organ system without a separable urological, andrological, or male-reproductive result."
34246619,10.1016/j.euf.2021.06.009,Battaglia E,2021,Rethinking Autonomous Surgery: Focusing on Enhancement over Autonomy.,European urology focus,"Journal Article; Research Support, N.I.H., Extramural; Research Support, U.S. Gov't, Non-P.H.S.; Review",Broad Reviews,EXCLUDE,E01_NON_UROLOGICAL,Broad Reviews,EXCLUDE,NOT_CONTEXT_ONLY,AI04_AI_ONLY_PATHWAY_WITHOUT_TITLE_AI;CTX01_BROAD_DOMAIN_WITHOUT_TITLE_UROLOGY,ABSTRACT,"The substantive AI task in 'Rethinking Autonomous Surgery: Focusing on Enhancement over Autonomy' is general, multi-specialty, or another organ system without a separable urological, andrological, or male-reproductive result."
34251481,10.1007/s00117-021-00883-7,Tollens F,2021,[MRI-guided minimally invasive treatment of prostate cancer].,Der Radiologe,Journal Article; Review,Broad Reviews,EXCLUDE,E05_NO_SUBSTANTIVE_AI,Broad Reviews,EXCLUDE,NOT_CONTEXT_ONLY,AI04_AI_ONLY_PATHWAY_WITHOUT_TITLE_AI,ABSTRACT,"The available evidence for '[MRI-guided minimally invasive treatment of prostate cancer]' reports conventional imaging, statistics, digital/AR/VR technology, biomarkers, or automation without a substantive AI/ML method or application."
34347134,10.1007/s00120-021-01606-5,Dick H,2021,[Current developments on digitalization : Analysis of quality and economics in healthcare].,Der Urologe. Ausg. A,Journal Article; Review,Broad Reviews,EXCLUDE,E05_NO_SUBSTANTIVE_AI,Broad Reviews,EXCLUDE,NOT_CONTEXT_ONLY,SCP06_GENERAL_GOVERNANCE_WITHOUT_UROLOGY;AI04_AI_ONLY_PATHWAY_WITHOUT_TITLE_AI;CTX01_BROAD_DOMAIN_WITHOUT_TITLE_UROLOGY,ABSTRACT,"The abstract's main focus in '[Current developments on digitalization : Analysis of quality and economics in healthcare]' is not an AI/ML evaluation; AI is absent or limited to an incidental, emerging, or future possibility rather than a substantive method or application."
34351439,10.1007/s00120-021-01610-9,Loch T,2021,"[Digital transformation in urology-opportunity, risk or necessity?].",Der Urologe. Ausg. A,Journal Article; Review,Broad Reviews,EXCLUDE,E05_NO_SUBSTANTIVE_AI,Broad Reviews,EXCLUDE,NOT_CONTEXT_ONLY,AI04_AI_ONLY_PATHWAY_WITHOUT_TITLE_AI,ABSTRACT,"The available evidence for '[Digital transformation in urology-opportunity, risk or necessity?]' reports conventional imaging, statistics, digital/AR/VR technology, biomarkers, or automation without a substantive AI/ML method or application."
34417153,10.1016/j.euf.2021.07.017,Rickman J,2021,The Growing Role for Semantic Segmentation in Urology.,European urology focus,"Journal Article; Research Support, N.I.H., Extramural; Review",Broad Reviews,INCLUDE,,Broad Reviews,INCLUDE,NOT_CONTEXT_ONLY,AI04_AI_ONLY_PATHWAY_WITHOUT_TITLE_AI;TEC01_TECHNICAL_ARTIFACT_WITHOUT_CLINICAL_CUE,ABSTRACT,The title and available abstract identify a substantive synthesis of deep learning and computer vision in the in-scope Broad Reviews area described in 'The Growing Role for Semantic Segmentation in Urology.'.
34575370,10.3390/jcm10184259,Punjani N,2021,Technological Advancements in Male Infertility Microsurgery.,Journal of clinical medicine,Journal Article; Review,Broad Reviews,EXCLUDE,E05_NO_SUBSTANTIVE_AI,Broad Reviews,EXCLUDE,NOT_CONTEXT_ONLY,AI01_FUTURE_OR_INCIDENTAL_AI_RISK;AI04_AI_ONLY_PATHWAY_WITHOUT_TITLE_AI,ABSTRACT,Override to EXCLUDE (E05). Male infertility microsurgery review focused on training and robotics; AI is mentioned only as a brief prospective direction.
34576134,10.3390/ijms22189971,Ferro M,2021,Prostate Cancer Radiogenomics-From Imaging to Molecular Characterization.,International journal of molecular sciences,Journal Article; Review,Broad Reviews,INCLUDE,,Broad Reviews,INCLUDE,NOT_CONTEXT_ONLY,AI04_AI_ONLY_PATHWAY_WITHOUT_TITLE_AI,ABSTRACT,The title and available abstract identify a substantive synthesis of radiomics or pathomics and machine learning in the in-scope Broad Reviews area described in 'Prostate Cancer Radiogenomics-From Imaging to Molecular Characterization.'.
34695601,10.1016/j.ijsu.2021.106151,Moglia A,2021,A systematic review on artificial intelligence in robot-assisted surgery.,"International journal of surgery (London, England)",Journal Article; Systematic Review,Broad Reviews,INCLUDE,,Broad Reviews,INCLUDE,NOT_CONTEXT_ONLY,CTX01_BROAD_DOMAIN_WITHOUT_TITLE_UROLOGY,ABSTRACT,The title and available abstract identify a substantive synthesis of machine learning in the in-scope Broad Reviews area described in 'A systematic review on artificial intelligence in robot-assisted surgery.'.
33016344,10.1002/path.5565,McGenity C,2021,Guidelines for clinical trials using artificial intelligence - SPIRIT-AI and CONSORT-AI(dagger).,The Journal of pathology,"Journal Article; Research Support, Non-U.S. Gov't",Implementation/ethics/reporting search stream,CONTEXT_ONLY,E10_CONTEXT_ONLY,Implementation/ethics/reporting search stream,EXCLUDE,CONTEXT_ONLY,CTX01_BROAD_DOMAIN_WITHOUT_TITLE_UROLOGY,ABSTRACT,"'Guidelines for clinical trials using artificial intelligence - SPIRIT-AI and CONSORT-AI(dagger)' provides AI reporting, governance, ethics, implementation, or research-agenda context without a primary corpus-eligible AI evaluation; it may be cited narratively but not counted."
33122139,10.1016/j.jmoldx.2020.10.005,Wang Q,2021,UriBLAD: A Urine-Based Gene Expression Assay for Noninvasive Detection of Bladder Cancer.,The Journal of molecular diagnostics : JMD,"Journal Article; Multicenter Study; Research Support, Non-U.S. Gov't; Validation Study",Implementation/ethics/reporting search stream,INCLUDE,,Implementation/ethics/reporting search stream,INCLUDE,NOT_CONTEXT_ONLY,AI04_AI_ONLY_PATHWAY_WITHOUT_TITLE_AI,ABSTRACT,The title and available abstract identify machine learning applied to the in-scope task described in 'UriBLAD: A Urine-Based Gene Expression Assay for Noninvasive Detection of Bladder Cancer.'.
33404699,10.1007/s00345-020-03579-0,Misrai V,2021,Surgeon's heuristics and decision making: a BPH storytelling.,World journal of urology,Case Reports; Letter,Implementation/ethics/reporting search stream,EXCLUDE,E05_NO_SUBSTANTIVE_AI,Implementation/ethics/reporting search stream,EXCLUDE,NOT_CONTEXT_ONLY,AI04_AI_ONLY_PATHWAY_WITHOUT_TITLE_AI,FULL_TEXT,Full text concerns cognitive biases in BPH surgical decision-making. AI appears only in one future-looking sentence and is neither evaluated nor applied.
33407780,10.1186/s13063-020-04951-6,Ibrahim H,2021,Reporting guidelines for clinical trials of artificial intelligence interventions: the SPIRIT-AI and CONSORT-AI guidelines.,Trials,Letter,Implementation/ethics/reporting search stream,CONTEXT_ONLY,E10_CONTEXT_ONLY,Implementation/ethics/reporting search stream,EXCLUDE,CONTEXT_ONLY,SCP06_GENERAL_GOVERNANCE_WITHOUT_UROLOGY;CTX01_BROAD_DOMAIN_WITHOUT_TITLE_UROLOGY,ABSTRACT,"'Reporting guidelines for clinical trials of artificial intelligence interventions: the SPIRIT-AI and CONSORT-AI guidelines' addresses general healthcare AI reporting, governance, ethics, or implementation without a urology-specific task; it may support methods context but should not contribute to corpus counts."
33481032,10.1001/jamanetworkopen.2020.31730,Coquet J,2021,Assessment of a Clinical Trial-Derived Survival Model in Patients With Metastatic Castration-Resistant Prostate Cancer.,JAMA network open,"Journal Article; Research Support, N.I.H., Extramural",Implementation/ethics/reporting search stream,INCLUDE,,Implementation/ethics/reporting search stream,INCLUDE,NOT_CONTEXT_ONLY,AI04_AI_ONLY_PATHWAY_WITHOUT_TITLE_AI,PRIOR_HUMAN_ABSTRACT_REVIEW,The title and available abstract identify a substantive AI or machine-learning application applied to the in-scope task described in 'Assessment of a Clinical Trial-Derived Survival Model in Patients With Metastatic Castration-Resistant Prostate Cancer.'.
33509369,10.1053/j.semnuclmed.2020.09.002,Hatt M,2021,Radiomics in PET/CT: Current Status and Future AI-Based Evolutions.,Seminars in nuclear medicine,Journal Article; Review,Implementation/ethics/reporting search stream,EXCLUDE,E01_NON_UROLOGICAL,Implementation/ethics/reporting search stream,EXCLUDE,NOT_CONTEXT_ONLY,CTX01_BROAD_DOMAIN_WITHOUT_TITLE_UROLOGY,ABSTRACT,"The substantive AI task in 'Radiomics in PET/CT: Current Status and Future AI-Based Evolutions' is general, multi-specialty, or another organ system without a separable urological, andrological, or male-reproductive result."
33526932,10.1038/s41591-021-01229-5,,2021,DECIDE-AI: new reporting guidelines to bridge the development-to-implementation gap in clinical artificial intelligence.,Nature medicine,Letter,Implementation/ethics/reporting search stream,CONTEXT_ONLY,E10_CONTEXT_ONLY,Implementation/ethics/reporting search stream,EXCLUDE,CONTEXT_ONLY,SCP06_GENERAL_GOVERNANCE_WITHOUT_UROLOGY;CTX01_BROAD_DOMAIN_WITHOUT_TITLE_UROLOGY,METADATA_ONLY,"'DECIDE-AI: new reporting guidelines to bridge the development-to-implementation gap in clinical artificial intelligence' addresses general healthcare AI reporting, governance, ethics, or implementation without a urology-specific task; it may support methods context but should not contribute to corpus counts."
33655800,10.1177/0022034521998337,Schwendicke F,2021,Better Reporting of Studies on Artificial Intelligence: CONSORT-AI and Beyond.,Journal of dental research,Journal Article,Implementation/ethics/reporting search stream,EXCLUDE,E01_NON_UROLOGICAL,Implementation/ethics/reporting search stream,EXCLUDE,NOT_CONTEXT_ONLY,CTX01_BROAD_DOMAIN_WITHOUT_TITLE_UROLOGY,ABSTRACT,"The substantive AI task in 'Better Reporting of Studies on Artificial Intelligence: CONSORT-AI and Beyond' is general, multi-specialty, or another organ system without a separable urological, andrological, or male-reproductive result."
33766511,10.1016/j.jid.2021.02.744,Taylor M,2021,Raising the Bar for Randomized Trials Involving Artificial Intelligence: The SPIRIT-Artificial Intelligence and CONSORT-Artificial Intelligence Guidelines.,The Journal of investigative dermatology,Journal Article,Implementation/ethics/reporting search stream,EXCLUDE,E01_NON_UROLOGICAL,Implementation/ethics/reporting search stream,EXCLUDE,NOT_CONTEXT_ONLY,CTX01_BROAD_DOMAIN_WITHOUT_TITLE_UROLOGY,ABSTRACT,"The substantive AI task in 'Raising the Bar for Randomized Trials Involving Artificial Intelligence: The SPIRIT-Artificial Intelligence and CONSORT-Artificial Intelligence Guidelines' is general, multi-specialty, or another organ system without a separable urological, andrological, or male-reproductive result."
34017855,10.3389/fmolb.2021.661661,Wang Y,2021,A Three-Gene Peripheral Blood Potential Diagnosis Signature for Acute Rejection in Renal Transplantation.,Frontiers in molecular biosciences,Journal Article,Implementation/ethics/reporting search stream,EXCLUDE,E01_NON_UROLOGICAL,Implementation/ethics/reporting search stream,EXCLUDE,NOT_CONTEXT_ONLY,AI04_AI_ONLY_PATHWAY_WITHOUT_TITLE_AI,PUBMED_ABSTRACT,Renal-transplant acute-rejection blood-gene signature without a separable urological or surgical task.
34028162,10.1111/bju.15495,Winters DA,2021,"The cancer multidisciplinary team meeting: in need of change? History, challenges and future perspectives.",BJU international,"Journal Article; Research Support, Non-U.S. Gov't; Review",Implementation/ethics/reporting search stream,EXCLUDE,E01_NON_UROLOGICAL,Implementation/ethics/reporting search stream,EXCLUDE,NOT_CONTEXT_ONLY,AI01_FUTURE_OR_INCIDENTAL_AI_RISK;AI04_AI_ONLY_PATHWAY_WITHOUT_TITLE_AI;CTX01_BROAD_DOMAIN_WITHOUT_TITLE_UROLOGY,ABSTRACT,"The abstract's substantive task in 'The cancer multidisciplinary team meeting: in need of change? History, challenges and future perspectives' is general or multi-specialty and does not report a separable urological, andrological, or male-reproductive AI result."
34176921,10.12659/MSM.933675,Parums DV,2021,Editorial: Artificial Intelligence (AI) in Clinical Medicine and the 2020 CONSORT-AI Study Guidelines.,Medical science monitor : international medical journal of experimental and clinical research,Editorial,Implementation/ethics/reporting search stream,CONTEXT_ONLY,E10_CONTEXT_ONLY,Implementation/ethics/reporting search stream,EXCLUDE,CONTEXT_ONLY,CTX01_BROAD_DOMAIN_WITHOUT_TITLE_UROLOGY,ABSTRACT,"'Editorial: Artificial Intelligence (AI) in Clinical Medicine and the 2020 CONSORT-AI Study Guidelines' provides AI reporting, governance, ethics, implementation, or research-agenda context without a primary corpus-eligible AI evaluation; it may be cited narratively but not counted."
34183345,10.1136/bmjopen-2020-047709,Sounderajah V,2021,Developing a reporting guideline for artificial intelligence-centred diagnostic test accuracy studies: the STARD-AI protocol.,BMJ open,"Journal Article; Research Support, Non-U.S. Gov't",Implementation/ethics/reporting search stream,CONTEXT_ONLY,E10_CONTEXT_ONLY,Implementation/ethics/reporting search stream,EXCLUDE,CONTEXT_ONLY,SCP06_GENERAL_GOVERNANCE_WITHOUT_UROLOGY;CTX01_BROAD_DOMAIN_WITHOUT_TITLE_UROLOGY,ABSTRACT,"'Developing a reporting guideline for artificial intelligence-centred diagnostic test accuracy studies: the STARD-AI protocol' addresses general healthcare AI reporting, governance, ethics, or implementation without a urology-specific task; it may support methods context but should not contribute to corpus counts."
34244270,10.1136/bmjopen-2020-048008,Collins GS,2021,Protocol for development of a reporting guideline (TRIPOD-AI) and risk of bias tool (PROBAST-AI) for diagnostic and prognostic prediction model studies based on artificial intelligence.,BMJ open,"Journal Article; Research Support, Non-U.S. Gov't",Implementation/ethics/reporting search stream,CONTEXT_ONLY,E10_CONTEXT_ONLY,Implementation/ethics/reporting search stream,EXCLUDE,CONTEXT_ONLY,SCP06_GENERAL_GOVERNANCE_WITHOUT_UROLOGY;CTX01_BROAD_DOMAIN_WITHOUT_TITLE_UROLOGY,ABSTRACT,"'Protocol for development of a reporting guideline (TRIPOD-AI) and risk of bias tool (PROBAST-AI) for diagnostic and prognostic prediction model studies based on artificial intelligence' addresses general healthcare AI reporting, governance, ethics, or implementation without a urology-specific task; it may support methods context but should not contribute to corpus counts."
34334222,10.1016/j.eururo.2021.07.009,Misrai V,2021,The Sound of Noise in Decision-making: An Illustration with Management of Male Lower Urinary Tract Symptoms.,European urology,Editorial,Implementation/ethics/reporting search stream,EXCLUDE,E05_NO_SUBSTANTIVE_AI,Implementation/ethics/reporting search stream,EXCLUDE,NOT_CONTEXT_ONLY,AI04_AI_ONLY_PATHWAY_WITHOUT_TITLE_AI,ABSTRACT,"The available evidence for 'The Sound of Noise in Decision-making: An Illustration with Management of Male Lower Urinary Tract Symptoms' reports conventional imaging, statistics, digital/AR/VR technology, biomarkers, or automation without a substantive AI/ML method or application."
34635854,10.1038/s41591-021-01517-0,Sounderajah V,2021,A quality assessment tool for artificial intelligence-centered diagnostic test accuracy studies: QUADAS-AI.,Nature medicine,"Letter; Research Support, Non-U.S. Gov't",Implementation/ethics/reporting search stream,CONTEXT_ONLY,E10_CONTEXT_ONLY,Implementation/ethics/reporting search stream,EXCLUDE,CONTEXT_ONLY,CTX01_BROAD_DOMAIN_WITHOUT_TITLE_UROLOGY,METADATA_ONLY,"'A quality assessment tool for artificial intelligence-centered diagnostic test accuracy studies: QUADAS-AI' provides AI reporting, governance, ethics, implementation, or research-agenda context without a primary corpus-eligible AI evaluation; it may be cited narratively but not counted."
32410356,10.1002/jmri.27191,Schieda N,2021,Quantitative Prostate MRI.,Journal of magnetic resonance imaging : JMRI,Journal Article; Review,Prostate Imaging,INCLUDE,,Prostate Imaging,INCLUDE,NOT_CONTEXT_ONLY,AI04_AI_ONLY_PATHWAY_WITHOUT_TITLE_AI,ABSTRACT,The title and available abstract identify a substantive synthesis of radiomics or pathomics in the in-scope Prostate Imaging area described in 'Quantitative Prostate MRI.'.
33212541,10.1055/a-1290-8070,Schelb P,2021,Comparison of Prostate MRI Lesion Segmentation Agreement Between Multiple Radiologists and a Fully Automatic Deep Learning System.,RoFo : Fortschritte auf dem Gebiete der Rontgenstrahlen und der Nuklearmedizin,Journal Article,Prostate Imaging,INCLUDE,,Prostate Imaging,INCLUDE,NOT_CONTEXT_ONLY,TEC01_TECHNICAL_ARTIFACT_WITHOUT_CLINICAL_CUE,ABSTRACT,The title and available abstract identify deep learning and machine learning applied to the in-scope task described in 'Comparison of Prostate MRI Lesion Segmentation Agreement Between Multiple Radiologists and a Fully Automatic Deep Learning System.'.
33296302,10.1109/TMI.2020.3043641,Rossi A,2021,Multi-Modal Siamese Network for Diagnostically Similar Lesion Retrieval in Prostate MRI.,IEEE transactions on medical imaging,Journal Article,Prostate Imaging,INCLUDE,,Prostate Imaging,INCLUDE,NOT_CONTEXT_ONLY,AI04_AI_ONLY_PATHWAY_WITHOUT_TITLE_AI,ABSTRACT,The title and available abstract identify deep learning applied to the in-scope task described in 'Multi-Modal Siamese Network for Diagnostically Similar Lesion Retrieval in Prostate MRI.'.
33385701,10.1016/j.media.2020.101919,Shao W,2021,ProsRegNet: A deep learning framework for registration of MRI and histopathology images of the prostate.,Medical image analysis,"Journal Article; Research Support, N.I.H., Extramural; Research Support, Non-U.S. Gov't",Prostate Imaging,INCLUDE,,Prostate Imaging,INCLUDE,NOT_CONTEXT_ONLY,TEC01_TECHNICAL_ARTIFACT_WITHOUT_CLINICAL_CUE,ABSTRACT,The title and available abstract identify deep learning applied to the in-scope task described in 'ProsRegNet: A deep learning framework for registration of MRI and histopathology images of the prostate.'.
33443954,10.1097/RLU.0000000000003496,Lennartz S,2021,Lymph Node Assessment in Prostate Cancer: Evaluation of Iodine Quantification With Spectral Detector CT in Correlation to PSMA PET/CT.,Clinical nuclear medicine,Journal Article,Prostate Imaging,EXCLUDE,E05_NO_SUBSTANTIVE_AI,Prostate Imaging,EXCLUDE,NOT_CONTEXT_ONLY,AI04_AI_ONLY_PATHWAY_WITHOUT_TITLE_AI,ABSTRACT,"The available evidence for 'Lymph Node Assessment in Prostate Cancer: Evaluation of Iodine Quantification With Spectral Detector CT in Correlation to PSMA PET/CT' reports conventional imaging, statistics, digital/AR/VR technology, biomarkers, or automation without a substantive AI/ML method or application."
33710363,10.1007/s00120-021-01492-x,Bonekamp D,2021,[Machine learning and multiparametric MRI for early diagnosis of prostate cancer].,Der Urologe. Ausg. A,Journal Article; Review,Prostate Imaging,EXCLUDE,E09_DATE_LANGUAGE_INDEXING,Prostate Imaging,EXCLUDE,NOT_CONTEXT_ONLY,DEEP_SCOPE_LANGUAGE_BOUNDARY,PUBMED_METADATA,Official PubMed XML metadata lists the publication language as German (ger) and does not include the English language code (eng). The record is therefore excluded under the prespecified English-language eligibility rule; an English-translated NLM title or abstract does not make the publication itself English-language eligible.
33721767,10.1016/j.ejrad.2021.109647,Cuocolo R,2021,"Quality control and whole-gland, zonal and lesion annotations for the PROSTATEx challenge public dataset.",European journal of radiology,Journal Article,Prostate Imaging,INCLUDE,,Prostate Imaging,INCLUDE,NOT_CONTEXT_ONLY,AI04_AI_ONLY_PATHWAY_WITHOUT_TITLE_AI;TEC01_TECHNICAL_ARTIFACT_WITHOUT_CLINICAL_CUE,ABSTRACT,"The title and available abstract identify radiomics or pathomics and machine learning applied to the in-scope task described in 'Quality control and whole-gland, zonal and lesion annotations for the PROSTATEx challenge public dataset.'."
33732553,10.7717/peerj.11006,Sobecki P,2021,Effect of domain knowledge encoding in CNN model architecture-a prostate cancer study using mpMRI images.,PeerJ,Journal Article,Prostate Imaging,INCLUDE,,Prostate Imaging,INCLUDE,NOT_CONTEXT_ONLY,AI04_AI_ONLY_PATHWAY_WITHOUT_TITLE_AI,ABSTRACT,The title and available abstract identify deep learning and computer vision applied to the in-scope task described in 'Effect of domain knowledge encoding in CNN model architecture-a prostate cancer study using mpMRI images.'.
33748877,10.1007/s11934-021-01037-x,Kaneko M,2021,Techniques and Outcomes of MRI-TRUS Fusion Prostate Biopsy.,Current urology reports,Journal Article; Review,Prostate Imaging,EXCLUDE,E05_NO_SUBSTANTIVE_AI,Prostate Imaging,EXCLUDE,NOT_CONTEXT_ONLY,AI04_AI_ONLY_PATHWAY_WITHOUT_TITLE_AI,ABSTRACT,"The available evidence for 'Techniques and Outcomes of MRI-TRUS Fusion Prostate Biopsy' reports conventional imaging, statistics, digital/AR/VR technology, biomarkers, or automation without a substantive AI/ML method or application."
33760269,10.1002/mp.14855,Seetharaman A,2021,Automated detection of aggressive and indolent prostate cancer on magnetic resonance imaging.,Medical physics,Journal Article,Prostate Imaging,INCLUDE,,Prostate Imaging,INCLUDE,NOT_CONTEXT_ONLY,AI04_AI_ONLY_PATHWAY_WITHOUT_TITLE_AI,ABSTRACT,The title and available abstract identify deep learning applied to the in-scope task described in 'Automated detection of aggressive and indolent prostate cancer on magnetic resonance imaging.'.
33813594,10.1007/s00259-021-05217-2,Yin H,2021,Can (68)Ga-PSMA-11 PET/CT predict pathological upgrading of prostate cancer from MRI-targeted biopsy to radical prostatectomy?,European journal of nuclear medicine and molecular imaging,Journal Article,Prostate Imaging,EXCLUDE,E05_NO_SUBSTANTIVE_AI,Prostate Imaging,EXCLUDE,NOT_CONTEXT_ONLY,AI04_AI_ONLY_PATHWAY_WITHOUT_TITLE_AI,ABSTRACT,"The available evidence for 'Can (68)Ga-PSMA-11 PET/CT predict pathological upgrading of prostate cancer from MRI-targeted biopsy to radical prostatectomy?' reports conventional imaging, statistics, digital/AR/VR technology, biomarkers, or automation without a substantive AI/ML method or application."
33929265,10.1148/rycan.2021200024,Bardis M,2021,Segmentation of the Prostate Transition Zone and Peripheral Zone on MR Images with Deep Learning.,Radiology. Imaging cancer,"Journal Article; Research Support, Non-U.S. Gov't",Prostate Imaging,INCLUDE,,Prostate Imaging,INCLUDE,NOT_CONTEXT_ONLY,TEC01_TECHNICAL_ARTIFACT_WITHOUT_CLINICAL_CUE,ABSTRACT,The title and available abstract identify deep learning applied to the in-scope task described in 'Segmentation of the Prostate Transition Zone and Peripheral Zone on MR Images with Deep Learning.'.
34022486,10.1016/j.compbiomed.2021.104497,Nai YH,2021,Comparison of metrics for the evaluation of medical segmentations using prostate MRI dataset.,Computers in biology and medicine,"Journal Article; Research Support, Non-U.S. Gov't",Prostate Imaging,INCLUDE,,Prostate Imaging,INCLUDE,NOT_CONTEXT_ONLY,AI04_AI_ONLY_PATHWAY_WITHOUT_TITLE_AI;TEC01_TECHNICAL_ARTIFACT_WITHOUT_CLINICAL_CUE,ABSTRACT,The title and available abstract identify deep learning applied to the in-scope task described in 'Comparison of metrics for the evaluation of medical segmentations using prostate MRI dataset.'.
34050573,10.1002/jmri.27696,Chong JJR,2021,Could AI Assistance Close the PI-RADS Variability Gap?,Journal of magnetic resonance imaging : JMRI,Editorial,Prostate Imaging,INCLUDE,,Prostate Imaging,INCLUDE,NOT_CONTEXT_ONLY,DEEP_SCOPE_FULLTEXT_CONFIRMATION,FULL_TEXT,"The editorial provides a detailed prostate-MRI appraisal of FocalNet, including 427 training and 126 evaluation patients, comparison with four expert radiologists, complementary detections, and validation limitations."
34075837,10.1177/03915603211019982,Santoro AA,2021,Multiparametric magnetic resonance imaging of the prostate: Lights and shadows.,Urologia,Journal Article,Prostate Imaging,INCLUDE,,Prostate Imaging,INCLUDE,NOT_CONTEXT_ONLY,AI04_AI_ONLY_PATHWAY_WITHOUT_TITLE_AI,ABSTRACT,The title and available abstract identify radiomics or pathomics applied to the in-scope task described in 'Multiparametric magnetic resonance imaging of the prostate: Lights and shadows.'.
34134076,10.1016/j.cmpb.2021.106211,Yan L,2021,PSP net-based automatic segmentation network model for prostate magnetic resonance imaging.,Computer methods and programs in biomedicine,Journal Article,Prostate Imaging,INCLUDE,,Prostate Imaging,INCLUDE,NOT_CONTEXT_ONLY,AI04_AI_ONLY_PATHWAY_WITHOUT_TITLE_AI;TEC01_TECHNICAL_ARTIFACT_WITHOUT_CLINICAL_CUE,ABSTRACT,The title and available abstract identify deep learning applied to the in-scope task described in 'PSP net-based automatic segmentation network model for prostate magnetic resonance imaging.'.
34298806,10.3390/cancers13143593,Gassenmaier S,2021,Accelerated T2-Weighted TSE Imaging of the Prostate Using Deep Learning Image Reconstruction: A Prospective Comparison with Standard T2-Weighted TSE Imaging.,Cancers,Journal Article,Prostate Imaging,INCLUDE,,Prostate Imaging,INCLUDE,NOT_CONTEXT_ONLY,TEC01_TECHNICAL_ARTIFACT_WITHOUT_CLINICAL_CUE,ABSTRACT,The title and available abstract identify deep learning applied to the in-scope task described in 'Accelerated T2-Weighted TSE Imaging of the Prostate Using Deep Learning Image Reconstruction: A Prospective Comparison with Standard T2-Weighted TSE Imaging.'.
34519954,10.1007/s10278-021-00510-w,Liu Y,2021,3D Isotropic Super-resolution Prostate MRI Using Generative Adversarial Networks and Unpaired Multiplane Slices.,Journal of digital imaging,Journal Article,Prostate Imaging,INCLUDE,,Prostate Imaging,INCLUDE,NOT_CONTEXT_ONLY,AI04_AI_ONLY_PATHWAY_WITHOUT_TITLE_AI,ABSTRACT,The title and available abstract identify deep learning applied to the in-scope task described in '3D Isotropic Super-resolution Prostate MRI Using Generative Adversarial Networks and Unpaired Multiplane Slices.'.
34771523,10.3390/cancers13215360,Manafi-Farid R,2021,Molecular Imaging in Primary Staging of Prostate Cancer Patients: Current Aspects and Future Trends.,Cancers,Journal Article; Review,Prostate Imaging,EXCLUDE,E05_NO_SUBSTANTIVE_AI,Prostate Imaging,EXCLUDE,NOT_CONTEXT_ONLY,AI01_FUTURE_OR_INCIDENTAL_AI_RISK;AI04_AI_ONLY_PATHWAY_WITHOUT_TITLE_AI,ABSTRACT,"The abstract's main focus in 'Molecular Imaging in Primary Staging of Prostate Cancer Patients: Current Aspects and Future Trends' is not an AI/ML evaluation; AI is absent or limited to an incidental, emerging, or future possibility rather than a substantive method or application."
34993152,10.3389/fonc.2021.801876,Liu Y,2021,Deep Learning Enables Prostate MRI Segmentation: A Large Cohort Evaluation With Inter-Rater Variability Analysis.,Frontiers in oncology,Journal Article,Prostate Imaging,INCLUDE,,Prostate Imaging,INCLUDE,NOT_CONTEXT_ONLY,TEC01_TECHNICAL_ARTIFACT_WITHOUT_CLINICAL_CUE,PRIOR_HUMAN_ABSTRACT_REVIEW,The title and available abstract identify deep learning applied to the in-scope task described in 'Deep Learning Enables Prostate MRI Segmentation: A Large Cohort Evaluation With Inter-Rater Variability Analysis.'.
32952095,10.1016/j.euo.2020.08.009,Rocco B,2021,"Digital Biopsy with Fluorescence Confocal Microscope for Effective Real-time Diagnosis of Prostate Cancer: A Prospective, Comparative Study.",European urology oncology,Journal Article,Prostate Pathology,EXCLUDE,E05_NO_SUBSTANTIVE_AI,Prostate Pathology,EXCLUDE,NOT_CONTEXT_ONLY,AI04_AI_ONLY_PATHWAY_WITHOUT_TITLE_AI,ABSTRACT,"The available evidence for 'Digital Biopsy with Fluorescence Confocal Microscope for Effective Real-time Diagnosis of Prostate Cancer: A Prospective, Comparative Study' reports conventional imaging, statistics, digital/AR/VR technology, biomarkers, or automation without a substantive AI/ML method or application."
33471165,10.1007/s00345-020-03585-2,Stephan C,2021,PHI density prospectively improves prostate cancer detection.,World journal of urology,Comparative Study; Journal Article,Prostate Pathology,EXCLUDE,E05_NO_SUBSTANTIVE_AI,Prostate Pathology,EXCLUDE,NOT_CONTEXT_ONLY,AI04_AI_ONLY_PATHWAY_WITHOUT_TITLE_AI,ABSTRACT,"The available evidence for 'PHI density prospectively improves prostate cancer detection' reports conventional imaging, statistics, digital/AR/VR technology, biomarkers, or automation without a substantive AI/ML method or application."
33485056,10.1016/j.compmedimag.2020.101846,Silva-Rodriguez J,2021,WeGleNet: A weakly-supervised convolutional neural network for the semantic segmentation of Gleason grades in prostate histology images.,Computerized medical imaging and graphics : the official journal of the Computerized Medical Imaging Society,Journal Article,Prostate Pathology,INCLUDE,,Prostate Pathology,INCLUDE,NOT_CONTEXT_ONLY,TEC01_TECHNICAL_ARTIFACT_WITHOUT_CLINICAL_CUE,PRIOR_HUMAN_ABSTRACT_REVIEW,The title and available abstract identify deep learning and computer vision applied to the in-scope task described in 'WeGleNet: A weakly-supervised convolutional neural network for the semantic segmentation of Gleason grades in prostate histology images.'.
33601084,10.1016/j.compbiomed.2021.104253,Li J,2021,A multi-resolution model for histopathology image classification and localization with multiple instance learning.,Computers in biology and medicine,"Journal Article; Research Support, N.I.H., Extramural",Prostate Pathology,INCLUDE,,Prostate Pathology,INCLUDE,NOT_CONTEXT_ONLY,AI04_AI_ONLY_PATHWAY_WITHOUT_TITLE_AI,ABSTRACT,The title and available abstract identify a substantive AI or machine-learning application applied to the in-scope task described in 'A multi-resolution model for histopathology image classification and localization with multiple instance learning.'.
33621184,10.1109/JBHI.2021.3061457,Silva-Rodriguez J,2021,Self-Learning for Weakly Supervised Gleason Grading of Local Patterns.,IEEE journal of biomedical and health informatics,"Journal Article; Research Support, Non-U.S. Gov't",Prostate Pathology,INCLUDE,,Prostate Pathology,INCLUDE,NOT_CONTEXT_ONLY,AI04_AI_ONLY_PATHWAY_WITHOUT_TITLE_AI,PRIOR_HUMAN_ABSTRACT_REVIEW,The title and available abstract identify a substantive AI or machine-learning application applied to the in-scope task described in 'Self-Learning for Weakly Supervised Gleason Grading of Local Patterns.'.
33760831,10.1371/journal.pone.0247930,Markert L,2021,Small RNAs as biomarkers to differentiate benign and malign prostate diseases: An alternative for transrectal punch biopsy of the prostate?,PloS one,"Journal Article; Research Support, Non-U.S. Gov't",Prostate Pathology,INCLUDE,,Prostate Pathology,INCLUDE,NOT_CONTEXT_ONLY,AI04_AI_ONLY_PATHWAY_WITHOUT_TITLE_AI,ABSTRACT,Override to INCLUDE. Abstract reports trained machine-learning model identifying a 22-miRNA panel differentiating BPH vs prostate cancer (test AUC >= 0.70). Primary empirical AI biomarker study.
33904171,10.1002/path.5662,da Silva LM,2021,Independent real-world application of a clinical-grade automated prostate cancer detection system.,The Journal of pathology,"Journal Article; Research Support, Non-U.S. Gov't",Prostate Pathology,INCLUDE,,Prostate Pathology,INCLUDE,NOT_CONTEXT_ONLY,AI04_AI_ONLY_PATHWAY_WITHOUT_TITLE_AI,ABSTRACT,The title and available abstract identify machine learning applied to the in-scope task described in 'Independent real-world application of a clinical-grade automated prostate cancer detection system.'.
33941504,10.1016/j.euf.2021.04.016,Leo P,2021,Computationally Derived Cribriform Area Index from Prostate Cancer Hematoxylin and Eosin Images Is Associated with Biochemical Recurrence Following Radical Prostatectomy and Is Most Prognostic in Gleason Grade Group 2.,European urology focus,"Journal Article; Research Support, N.I.H., Extramural; Research Support, Non-U.S. Gov't; Research Support, U.S. Gov't, Non-P.H.S.",Prostate Pathology,INCLUDE,,Prostate Pathology,INCLUDE,NOT_CONTEXT_ONLY,AI04_AI_ONLY_PATHWAY_WITHOUT_TITLE_AI,ABSTRACT,The title and available abstract identify machine learning applied to the in-scope task described in 'Computationally Derived Cribriform Area Index from Prostate Cancer Hematoxylin and Eosin Images Is Associated with Biochemical Recurrence Following Radical Prostatectomy and Is Most Prognostic in Gleason Grade Group 2.'.
33964886,10.1186/s12880-021-00609-0,Otalora S,2021,Combining weakly and strongly supervised learning improves strong supervision in Gleason pattern classification.,BMC medical imaging,"Journal Article; Research Support, Non-U.S. Gov't",Prostate Pathology,INCLUDE,,Prostate Pathology,INCLUDE,NOT_CONTEXT_ONLY,AI04_AI_ONLY_PATHWAY_WITHOUT_TITLE_AI,ABSTRACT,The title and available abstract identify deep learning applied to the in-scope task described in 'Combining weakly and strongly supervised learning improves strong supervision in Gleason pattern classification.'.
33993876,10.1186/s12894-021-00849-w,Yu S,2021,Development and head-to-head comparison of machine-learning models to identify patients requiring prostate biopsy.,BMC urology,Comparative Study; Journal Article,Prostate Pathology,INCLUDE,,Prostate Pathology,INCLUDE,NOT_CONTEXT_ONLY,AI04_AI_ONLY_PATHWAY_WITHOUT_TITLE_AI,ABSTRACT,The title and available abstract identify deep learning and machine learning applied to the in-scope task described in 'Development and head-to-head comparison of machine-learning models to identify patients requiring prostate biopsy.'.
34001325,10.1016/j.artmed.2021.102076,Salvi M,2021,A hybrid deep learning approach for gland segmentation in prostate histopathological images.,Artificial intelligence in medicine,Journal Article,Prostate Pathology,INCLUDE,,Prostate Pathology,INCLUDE,NOT_CONTEXT_ONLY,TEC01_TECHNICAL_ARTIFACT_WITHOUT_CLINICAL_CUE,ABSTRACT,The title and available abstract identify deep learning and computer vision applied to the in-scope task described in 'A hybrid deep learning approach for gland segmentation in prostate histopathological images.'.
34001952,10.1038/s41598-021-89789-x,Zhou K,2021,Discovery of primary prostate cancer biomarkers using cross cancer learning.,Scientific reports,"Journal Article; Research Support, N.I.H., Extramural; Research Support, U.S. Gov't, Non-P.H.S.; Validation Study",Prostate Pathology,EXCLUDE,E05_NO_SUBSTANTIVE_AI,Prostate Pathology,EXCLUDE,NOT_CONTEXT_ONLY,AI04_AI_ONLY_PATHWAY_WITHOUT_TITLE_AI,ABSTRACT,"The available evidence for 'Discovery of primary prostate cancer biomarkers using cross cancer learning' reports conventional imaging, statistics, digital/AR/VR technology, biomarkers, or automation without a substantive AI/ML method or application."
34224068,10.1007/s11548-021-02437-7,Maris B,2021,Toward autonomous robotic prostate biopsy: a pilot study.,International journal of computer assisted radiology and surgery,Journal Article,Prostate Pathology,INCLUDE,,Prostate Pathology,INCLUDE,NOT_CONTEXT_ONLY,AI04_AI_ONLY_PATHWAY_WITHOUT_TITLE_AI,PRIOR_HUMAN_ABSTRACT_REVIEW,The title and available abstract identify deep learning applied to the in-scope task described in 'Toward autonomous robotic prostate biopsy: a pilot study.'.
34808603,10.1088/1361-6560/ac3c13,Matkovic LA,2021,Prostate and dominant intraprostatic lesion segmentation on PET/CT using cascaded regional-net.,Physics in medicine and biology,"Journal Article; Research Support, N.I.H., Extramural; Research Support, Non-U.S. Gov't",Prostate Pathology,INCLUDE,,Prostate Pathology,INCLUDE,NOT_CONTEXT_ONLY,AI04_AI_ONLY_PATHWAY_WITHOUT_TITLE_AI;TEC01_TECHNICAL_ARTIFACT_WITHOUT_CLINICAL_CUE,ABSTRACT,The title and available abstract identify deep learning applied to the in-scope task described in 'Prostate and dominant intraprostatic lesion segmentation on PET/CT using cascaded regional-net.'.
33515086,10.1007/s00330-020-07667-y,Zheng Z,2021,Development and validation of a CT-based nomogram for preoperative prediction of clear cell renal cell carcinoma grades.,European radiology,Journal Article,Renal/Kidney,INCLUDE,,Renal/Kidney,INCLUDE,NOT_CONTEXT_ONLY,AI03_GENERIC_PREDICTION_WITHOUT_EXPLICIT_AI;AI04_AI_ONLY_PATHWAY_WITHOUT_TITLE_AI,ABSTRACT,The title and available abstract identify radiomics or pathomics applied to the in-scope task described in 'Development and validation of a CT-based nomogram for preoperative prediction of clear cell renal cell carcinoma grades.'.
33722896,10.1158/1078-0432.CCR-20-4119,Marostica E,2021,Development of a Histopathology Informatics Pipeline for Classification and Prediction of Clinical Outcomes in Subtypes of Renal Cell Carcinoma.,Clinical cancer research : an official journal of the American Association for Cancer Research,"Journal Article; Research Support, Non-U.S. Gov't",Renal/Kidney,INCLUDE,,Renal/Kidney,INCLUDE,NOT_CONTEXT_ONLY,AI03_GENERIC_PREDICTION_WITHOUT_EXPLICIT_AI,ABSTRACT,The title and available abstract identify machine learning applied to the in-scope task described in 'Development of a Histopathology Informatics Pipeline for Classification and Prediction of Clinical Outcomes in Subtypes of Renal Cell Carcinoma.'.
33763374,10.3389/fonc.2021.640881,Huang Y,2021,Exploration of an Integrative Prognostic Model of Radiogenomics Features With Underlying Gene Expression Patterns in Clear Cell Renal Cell Carcinoma.,Frontiers in oncology,Journal Article,Renal/Kidney,INCLUDE,,Renal/Kidney,INCLUDE,NOT_CONTEXT_ONLY,AI03_GENERIC_PREDICTION_WITHOUT_EXPLICIT_AI;AI04_AI_ONLY_PATHWAY_WITHOUT_TITLE_AI,ABSTRACT,The title and available abstract identify radiomics or pathomics and machine learning applied to the in-scope task described in 'Exploration of an Integrative Prognostic Model of Radiogenomics Features With Underlying Gene Expression Patterns in Clear Cell Renal Cell Carcinoma.'.
33764818,10.1200/CCI.20.00107,Gupta A,2021,Risk Prediction Using Bayesian Networks: An Immunotherapy Case Study in Patients With Metastatic Renal Cell Carcinoma.,JCO clinical cancer informatics,"Journal Article; Research Support, Non-U.S. Gov't",Renal/Kidney,INCLUDE,,Renal/Kidney,INCLUDE,NOT_CONTEXT_ONLY,AI03_GENERIC_PREDICTION_WITHOUT_EXPLICIT_AI,ABSTRACT,The title and available abstract identify machine learning applied to the in-scope task described in 'Risk Prediction Using Bayesian Networks: An Immunotherapy Case Study in Patients With Metastatic Renal Cell Carcinoma.'.
33795526,10.18632/aging.202752,Zeng H,2021,Integrative radiogenomics analysis for predicting molecular features and survival in clear cell renal cell carcinoma.,Aging,Journal Article,Renal/Kidney,INCLUDE,,Renal/Kidney,INCLUDE,NOT_CONTEXT_ONLY,AI03_GENERIC_PREDICTION_WITHOUT_EXPLICIT_AI;AI04_AI_ONLY_PATHWAY_WITHOUT_TITLE_AI,PRIOR_HUMAN_ABSTRACT_REVIEW,The title and available abstract identify radiomics or pathomics and machine learning applied to the in-scope task described in 'Integrative radiogenomics analysis for predicting molecular features and survival in clear cell renal cell carcinoma.'.
33824031,10.1016/j.eururo.2021.03.016,Riaz IB,2021,"A Living, Interactive Systematic Review and Network Meta-analysis of First-line Treatment of Metastatic Renal Cell Carcinoma.",European urology,Journal Article; Network Meta-Analysis; Systematic Review,Renal/Kidney,INCLUDE,,Renal/Kidney,INCLUDE,NOT_CONTEXT_ONLY,AI04_AI_ONLY_PATHWAY_WITHOUT_TITLE_AI,ABSTRACT,"The title and available abstract identify a substantive synthesis of machine learning in the in-scope Renal/Kidney area described in 'A Living, Interactive Systematic Review and Network Meta-analysis of First-line Treatment of Metastatic Renal Cell Carcinoma.'."
34010800,10.1016/j.cmpb.2021.106132,Pirmoradi S,2021,A self-organizing deep neuro-fuzzy system approach for classification of kidney cancer subtypes using miRNA genomics data.,Computer methods and programs in biomedicine,Journal Article,Renal/Kidney,INCLUDE,,Renal/Kidney,INCLUDE,NOT_CONTEXT_ONLY,AI04_AI_ONLY_PATHWAY_WITHOUT_TITLE_AI,ABSTRACT,The title and available abstract identify machine learning applied to the in-scope task described in 'A self-organizing deep neuro-fuzzy system approach for classification of kidney cancer subtypes using miRNA genomics data.'.
34344909,10.1038/s41598-021-95019-1,Lee Y,2021,Machine learning-based prediction of acute kidney injury after nephrectomy in patients with renal cell carcinoma.,Scientific reports,"Journal Article; Research Support, Non-U.S. Gov't",Renal/Kidney,INCLUDE,,Renal/Kidney,INCLUDE,NOT_CONTEXT_ONLY,RENAL_NEPHROLOGY_BOUNDARY_PASS,TITLE_METADATA,Post-nephrectomy acute-kidney-injury prediction in renal-cell carcinoma is explicitly renal-cancer surgery.
34642404,10.1038/s41598-021-99735-6,Abdeltawab H,2021,A pyramidal deep learning pipeline for kidney whole-slide histology images classification.,Scientific reports,Journal Article,Renal/Kidney,INCLUDE,,Renal/Kidney,INCLUDE,NOT_CONTEXT_ONLY,RENAL_NEPHROLOGY_BOUNDARY_PASS,PUBMED_ABSTRACT,Kidney whole-slide classification includes renal-cancer histology.
34692518,10.3389/fonc.2021.739815,Gao J,2021,A Novel Radiogenomics Biomarker Based on Hypoxic-Gene Subset: Accurate Survival and Prognostic Prediction of Renal Clear Cell Carcinoma.,Frontiers in oncology,Journal Article,Renal/Kidney,INCLUDE,,Renal/Kidney,INCLUDE,NOT_CONTEXT_ONLY,AI03_GENERIC_PREDICTION_WITHOUT_EXPLICIT_AI;AI04_AI_ONLY_PATHWAY_WITHOUT_TITLE_AI,ABSTRACT,The title and available abstract identify radiomics or pathomics applied to the in-scope task described in 'A Novel Radiogenomics Biomarker Based on Hypoxic-Gene Subset: Accurate Survival and Prognostic Prediction of Renal Clear Cell Carcinoma.'.
34868946,10.3389/fonc.2021.746750,Zuo T,2021,Automated Classification of Papillary Renal Cell Carcinoma and Chromophobe Renal Cell Carcinoma Based on a Small Computed Tomography Imaging Dataset Using Deep Learning.,Frontiers in oncology,Journal Article,Renal/Kidney,INCLUDE,,Renal/Kidney,INCLUDE,NOT_CONTEXT_ONLY,TEC01_TECHNICAL_ARTIFACT_WITHOUT_CLINICAL_CUE,ABSTRACT,The title and available abstract identify deep learning applied to the in-scope task described in 'Automated Classification of Papillary Renal Cell Carcinoma and Chromophobe Renal Cell Carcinoma Based on a Small Computed Tomography Imaging Dataset Using Deep Learning.'.
35059687,10.3389/fdgth.2021.797607,Sathianathen NJ,2021,Automatic Segmentation of Kidneys and Kidney Tumors: The KiTS19 International Challenge.,Frontiers in digital health,Journal Article,Renal/Kidney,INCLUDE,,Renal/Kidney,INCLUDE,NOT_CONTEXT_ONLY,AI04_AI_ONLY_PATHWAY_WITHOUT_TITLE_AI;TEC01_TECHNICAL_ARTIFACT_WITHOUT_CLINICAL_CUE,ABSTRACT,The title and available abstract identify machine learning and computer vision applied to the in-scope task described in 'Automatic Segmentation of Kidneys and Kidney Tumors: The KiTS19 International Challenge.'.
34524401,10.1001/jamasurg.2021.3651,Hung AJ,2021,Deep Learning to Automate Technical Skills Assessment in Robotic Surgery.,JAMA surgery,"Journal Article; Research Support, N.I.H., Extramural",Surgical AI,EXCLUDE,E01_NON_UROLOGICAL,Surgical AI,EXCLUDE,NOT_CONTEXT_ONLY,SCP05_GENERAL_SURGERY_WITHOUT_UROLOGY,PUBLISHER_PREVIEW_PLUS_SECONDARY_SUMMARY,"The JAMA publisher preview and secondary Scite summary establish substantive deep learning/computer vision, but the article presents a procedure-agnostic robotic-surgery framework without a named urological procedure or separable urological result. Full text was not available for verification."
33650265,10.1111/bju.15379,Schuettfort VM,2022,A panel of systemic inflammatory response biomarkers for outcome prediction in patients treated with radical cystectomy for urothelial carcinoma.,BJU international,"Journal Article; Randomized Controlled Trial; Research Support, Non-U.S. Gov't",Andrology,INCLUDE,,Andrology,INCLUDE,NOT_CONTEXT_ONLY,AI03_GENERIC_PREDICTION_WITHOUT_EXPLICIT_AI;AI04_AI_ONLY_PATHWAY_WITHOUT_TITLE_AI,ABSTRACT,The title and available abstract identify a substantive AI or machine-learning application applied to the in-scope task described in 'A panel of systemic inflammatory response biomarkers for outcome prediction in patients treated with radical cystectomy for urothelial carcinoma.'.
33988119,10.1017/S0967199421000307,Itoi F,2022,Importance of real-time measurement of sperm head morphology in intracytoplasmic sperm injection.,"Zygote (Cambridge, England)",Journal Article; Review,Andrology,INCLUDE,,Andrology,INCLUDE,NOT_CONTEXT_ONLY,AI04_AI_ONLY_PATHWAY_WITHOUT_TITLE_AI,ABSTRACT,The title and available abstract identify a substantive synthesis of a substantive AI or machine-learning application in the in-scope Andrology area described in 'Importance of real-time measurement of sperm head morphology in intracytoplasmic sperm injection.'.
34671856,10.1007/s00345-021-03844-w,Laukhtina E,2022,Selection and evaluation of preoperative systemic inflammatory response biomarkers model prior to cytoreductive nephrectomy using a machine-learning approach.,World journal of urology,Journal Article; Randomized Controlled Trial,Andrology,OPERATIONAL_ANALYSIS_GROUP_CORRECTION,C01_OPERATIONAL_ANALYSIS_GROUP_CORRECTION,Renal/Kidney,INCLUDE,NOT_CONTEXT_ONLY,AI04_AI_ONLY_PATHWAY_WITHOUT_TITLE_AI,PUBMED_ABSTRACT,Machine-learning survival model before cytoreductive nephrectomy for metastatic renal-cell carcinoma; eligible. Its recorded primary search stream was Andrology; its author-verified operational analysis group is Renal/Kidney.
35191992,10.1007/s00345-022-03964-x,Amparore D,2022,Robotic partial nephrectomy in 3D virtual reconstructions era: is the paradigm changed?,World journal of urology,Journal Article,Andrology,EXCLUDE,E05_NO_SUBSTANTIVE_AI,Andrology,EXCLUDE,NOT_CONTEXT_ONLY,AI04_AI_ONLY_PATHWAY_WITHOUT_TITLE_AI,ABSTRACT,"The available evidence for 'Robotic partial nephrectomy in 3D virtual reconstructions era: is the paradigm changed?' reports conventional imaging, statistics, digital/AR/VR technology, biomarkers, or automation without a substantive AI/ML method or application."
35414764,10.1002/rmb2.12454,Sato T,2022,A new deep-learning model using YOLOv3 to support sperm selection during intracytoplasmic sperm injection procedure.,Reproductive medicine and biology,Journal Article,Andrology,INCLUDE,,Andrology,INCLUDE,NOT_CONTEXT_ONLY,AI04_AI_ONLY_PATHWAY_WITHOUT_TITLE_AI,ABSTRACT,The title and available abstract identify a substantive AI or machine-learning application applied to the in-scope task described in 'A new deep-learning model using YOLOv3 to support sperm selection during intracytoplasmic sperm injection procedure.'.
35508641,10.1038/s41598-022-10902-9,Mehrjerd A,2022,Internal validation and comparison of predictive models to determine success rate of infertility treatments: a retrospective study of 2485 cycles.,Scientific reports,"Journal Article; Research Support, Non-U.S. Gov't",Andrology,INCLUDE,,Andrology,INCLUDE,NOT_CONTEXT_ONLY,AI03_GENERIC_PREDICTION_WITHOUT_EXPLICIT_AI;AI04_AI_ONLY_PATHWAY_WITHOUT_TITLE_AI,ABSTRACT,The title and available abstract identify machine learning applied to the in-scope task described in 'Internal validation and comparison of predictive models to determine success rate of infertility treatments: a retrospective study of 2485 cycles.'.
35508786,10.1007/s11517-022-02569-1,C N Barreto N,2022,Predicting in vitro fertilization success in the Brazilian public health system: a machine learning approach.,Medical & biological engineering & computing,Journal Article,Andrology,EXCLUDE,E02_EMBRYOLOGY_ONLY,Andrology,EXCLUDE,NOT_CONTEXT_ONLY,SCP02_FEMALE_ART_WITHOUT_MALE_REPRO_EXPANDED,PUBMED_ABSTRACT,"The model predicts pregnancy after IVF in 771 women and reports no substantive sperm-specific or male-factor task, input, or result."
35594455,10.1093/biolre/ioac105,Botezatu A,2022,Advanced molecular approaches in male infertility diagnosisdagger.,Biology of reproduction,"Journal Article; Research Support, Non-U.S. Gov't",Andrology,EXCLUDE,E05_NO_SUBSTANTIVE_AI,Andrology,EXCLUDE,NOT_CONTEXT_ONLY,AI04_AI_ONLY_PATHWAY_WITHOUT_TITLE_AI,ABSTRACT,"The available evidence for 'Advanced molecular approaches in male infertility diagnosisdagger' reports conventional imaging, statistics, digital/AR/VR technology, biomarkers, or automation without a substantive AI/ML method or application."
35638089,10.1016/j.euros.2022.03.009,Agochukwu-Mmonu N,2022,Development and Validation of Dynamic Multivariate Prediction Models of Sexual Function Recovery in Patients with Prostate Cancer Undergoing Radical Prostatectomy: Results from the MUSIC Statewide Collaborative.,European urology open science,Journal Article,Andrology,INCLUDE,,Andrology,INCLUDE,NOT_CONTEXT_ONLY,AI03_GENERIC_PREDICTION_WITHOUT_EXPLICIT_AI;AI04_AI_ONLY_PATHWAY_WITHOUT_TITLE_AI,ABSTRACT,The title and available abstract identify a substantive AI or machine-learning application applied to the in-scope task described in 'Development and Validation of Dynamic Multivariate Prediction Models of Sexual Function Recovery in Patients with Prostate Cancer Undergoing Radical Prostatectomy: Results from the MUSIC Statewide Collaborative.'.
35869867,10.1111/andr.13238,Zhang X,2022,Identifying neuroimaging biomarkers for psychogenic erectile dysfunction by fusing multi-level brain information: A resting-state functional magnetic resonance imaging study.,Andrology,"Journal Article; Research Support, Non-U.S. Gov't",Andrology,INCLUDE,,Andrology,INCLUDE,NOT_CONTEXT_ONLY,AI04_AI_ONLY_PATHWAY_WITHOUT_TITLE_AI,PRIOR_HUMAN_ABSTRACT_REVIEW,The title and available abstract identify machine learning applied to the in-scope task described in 'Identifying neuroimaging biomarkers for psychogenic erectile dysfunction by fusing multi-level brain information: A resting-state functional magnetic resonance imaging study.'.
36552986,10.3390/diagnostics12122979,Medenica S,2022,The Future Is Coming: Artificial Intelligence in the Treatment of Infertility Could Improve Assisted Reproduction Outcomes-The Value of Regulatory Frameworks.,"Diagnostics (Basel, Switzerland)",Journal Article; Review,Andrology,INCLUDE,,Andrology,INCLUDE,NOT_CONTEXT_ONLY,SCP02_FEMALE_ART_WITHOUT_MALE_REPRO_EXPANDED,PUBMED_ABSTRACT,"The review contains a substantive section on AI for male infertility, computerized semen analysis, and prediction of semen quality; this is more than incidental male-factor framing."
36686470,10.3389/fendo.2022.1058250,Guo Y,2022,A new perspective on semen quality of aged male: The characteristics of metabolomics and proteomics.,Frontiers in endocrinology,"Journal Article; Research Support, Non-U.S. Gov't",Andrology,INCLUDE,,Andrology,INCLUDE,NOT_CONTEXT_ONLY,AI01_FUTURE_OR_INCIDENTAL_AI_RISK;AI04_AI_ONLY_PATHWAY_WITHOUT_TITLE_AI,ABSTRACT,The title and available abstract identify machine learning applied to the in-scope task described in 'A new perspective on semen quality of aged male: The characteristics of metabolomics and proteomics.'.
37462961,,Kai J,2022,[Artificial intelligence-based fluorescence method versus traditional flow cytometry in detection of sperm DNA fragmentation index].,Zhonghua nan ke xue = National journal of andrology,English Abstract; Journal Article,Andrology,EXCLUDE,E09_DATE_LANGUAGE_INDEXING,Andrology,EXCLUDE,NOT_CONTEXT_ONLY,DEEP_SCOPE_LANGUAGE_BOUNDARY,PUBMED_METADATA,Official PubMed XML metadata lists the publication language as Chinese (chi) and does not include the English language code (eng). The record is therefore excluded under the prespecified English-language eligibility rule; an English-translated NLM title or abstract does not make the publication itself English-language eligible.
35195303,10.1002/nau.24901,Werneburg GT,2022,"Commentary on ""Predicting outcomes after intradetrusor onabotulinumtoxinA for nonneurogenic urgency incontinence in women"".",Neurourology and urodynamics,Comment; Letter,Benign/Functional,EXCLUDE,E05_NO_SUBSTANTIVE_AI,Benign/Functional,EXCLUDE,NOT_CONTEXT_ONLY,AI03_GENERIC_PREDICTION_WITHOUT_EXPLICIT_AI;AI04_AI_ONLY_PATHWAY_WITHOUT_TITLE_AI,FULL_TEXT,"Full text states that the evaluated prediction models use Cox, linear, and logistic regression; machine learning and neural networks are discussed only as future possibilities."
35595441,10.1016/j.tjog.2022.03.014,Huang L,2022,The three-year evolution of overactive bladder syndrome in community-dwelling female residents aged 40 years and above.,Taiwanese journal of obstetrics & gynecology,Journal Article,Benign/Functional,INCLUDE,,Benign/Functional,INCLUDE,NOT_CONTEXT_ONLY,AI04_AI_ONLY_PATHWAY_WITHOUT_TITLE_AI,ABSTRACT,The title and available abstract identify machine learning applied to the in-scope task described in 'The three-year evolution of overactive bladder syndrome in community-dwelling female residents aged 40 years and above.'.
35972280,10.1128/spectrum.01442-22,Chiu M,2022,Comparison of the APAS Independence Automated Plate Reader System with the Manual Standard of Care for Processing Urine Culture Specimens.,Microbiology spectrum,"Journal Article; Research Support, Non-U.S. Gov't",Benign/Functional,INCLUDE,,Benign/Functional,INCLUDE,NOT_CONTEXT_ONLY,AI04_AI_ONLY_PATHWAY_WITHOUT_TITLE_AI,ABSTRACT,The title and available abstract identify a substantive AI or machine-learning application applied to the in-scope task described in 'Comparison of the APAS Independence Automated Plate Reader System with the Manual Standard of Care for Processing Urine Culture Specimens.'.
36452303,10.3389/fcimb.2022.1030315,Zhou Z,2022,Unraveling the impact of Lactobacillus spp. and other urinary microorganisms on the efficacy of mirabegron in female patients with overactive bladder.,Frontiers in cellular and infection microbiology,"Journal Article; Research Support, Non-U.S. Gov't",Benign/Functional,INCLUDE,,Benign/Functional,INCLUDE,NOT_CONTEXT_ONLY,AI04_AI_ONLY_PATHWAY_WITHOUT_TITLE_AI,ABSTRACT,The title and available abstract identify machine learning applied to the in-scope task described in 'Unraveling the impact of Lactobacillus spp. and other urinary microorganisms on the efficacy of mirabegron in female patients with overactive bladder.'.
34120230,10.1007/s00330-021-08110-6,Kimura K,2022,Usefulness of texture features of apparent diffusion coefficient maps in predicting chemoradiotherapy response in muscle-invasive bladder cancer.,European radiology,Journal Article,Bladder Cancer,INCLUDE,,Bladder Cancer,INCLUDE,NOT_CONTEXT_ONLY,AI03_GENERIC_PREDICTION_WITHOUT_EXPLICIT_AI,ABSTRACT,The title and available abstract identify machine learning applied to the in-scope task described in 'Usefulness of texture features of apparent diffusion coefficient maps in predicting chemoradiotherapy response in muscle-invasive bladder cancer.'.
34143569,10.1111/bju.15518,Kaneko M,2022,Urine cell image recognition using a deep-learning model for an automated slide evaluation system.,BJU international,Journal Article,Bladder Cancer,INCLUDE,,Bladder Cancer,INCLUDE,NOT_CONTEXT_ONLY,AI04_AI_ONLY_PATHWAY_WITHOUT_TITLE_AI,PRIOR_HUMAN_ABSTRACT_REVIEW,The title and available abstract identify deep learning and machine learning applied to the in-scope task described in 'Urine cell image recognition using a deep-learning model for an automated slide evaluation system.'.
35018828,10.1089/end.2021.0483,Mutaguchi J,2022,Artificial Intelligence for Segmentation of Bladder Tumor Cystoscopic Images Performed by U-Net with Dilated Convolution.,Journal of endourology,"Journal Article; Research Support, Non-U.S. Gov't",Bladder Cancer,INCLUDE,,Bladder Cancer,INCLUDE,NOT_CONTEXT_ONLY,TEC01_TECHNICAL_ARTIFACT_WITHOUT_CLINICAL_CUE,ABSTRACT,The title and available abstract identify deep learning and machine learning applied to the in-scope task described in 'Artificial Intelligence for Segmentation of Bladder Tumor Cystoscopic Images Performed by U-Net with Dilated Convolution.'.
35063711,10.1016/j.cmpb.2022.106635,Liu D,2022,The effect of CT high-resolution imaging diagnosis based on deep residual network on the pathology of bladder cancer classification and staging.,Computer methods and programs in biomedicine,Journal Article,Bladder Cancer,INCLUDE,,Bladder Cancer,INCLUDE,NOT_CONTEXT_ONLY,AI04_AI_ONLY_PATHWAY_WITHOUT_TITLE_AI,ABSTRACT,The title and available abstract identify a substantive AI or machine-learning application applied to the in-scope task described in 'The effect of CT high-resolution imaging diagnosis based on deep residual network on the pathology of bladder cancer classification and staging.'.
35327977,10.3390/genes13030422,Wessolly M,2022,Proteasomal Processing Immune Escape Mechanisms in Platinum-Treated Advanced Bladder Cancer.,Genes,"Journal Article; Research Support, Non-U.S. Gov't",Bladder Cancer,INCLUDE,,Bladder Cancer,INCLUDE,NOT_CONTEXT_ONLY,AI04_AI_ONLY_PATHWAY_WITHOUT_TITLE_AI,ABSTRACT,The title and available abstract identify a substantive AI or machine-learning application applied to the in-scope task described in 'Proteasomal Processing Immune Escape Mechanisms in Platinum-Treated Advanced Bladder Cancer.'.
35330146,10.3390/life12030395,Ahn JH,2022,Proteomics for Early Detection of Non-Muscle-Invasive Bladder Cancer: Clinically Useful Urine Protein Biomarkers.,"Life (Basel, Switzerland)",Journal Article; Review,Bladder Cancer,INCLUDE,,Bladder Cancer,INCLUDE,NOT_CONTEXT_ONLY,AI04_AI_ONLY_PATHWAY_WITHOUT_TITLE_AI,ABSTRACT,The title and available abstract identify a substantive synthesis of a substantive AI or machine-learning application in the in-scope Bladder Cancer area described in 'Proteomics for Early Detection of Non-Muscle-Invasive Bladder Cancer: Clinically Useful Urine Protein Biomarkers.'.
35450397,10.1155/2022/1793005,Zhao H,2022,Prediction of Prognosis and Recurrence of Bladder Cancer by ECM-Related Genes.,Journal of immunology research,Journal Article,Bladder Cancer,INCLUDE,,Bladder Cancer,INCLUDE,NOT_CONTEXT_ONLY,AI03_GENERIC_PREDICTION_WITHOUT_EXPLICIT_AI,ABSTRACT,The title and available abstract identify machine learning applied to the in-scope task described in 'Prediction of Prognosis and Recurrence of Bladder Cancer by ECM-Related Genes.'.
35519421,10.1109/OJEMB.2022.3163533,Cho H,2022,Prediction of the Immune Phenotypes of Bladder Cancer Patients for Precision Oncology.,IEEE open journal of engineering in medicine and biology,Journal Article,Bladder Cancer,INCLUDE,,Bladder Cancer,INCLUDE,NOT_CONTEXT_ONLY,AI03_GENERIC_PREDICTION_WITHOUT_EXPLICIT_AI;AI04_AI_ONLY_PATHWAY_WITHOUT_TITLE_AI,ABSTRACT,The title and available abstract identify machine learning applied to the in-scope task described in 'Prediction of the Immune Phenotypes of Bladder Cancer Patients for Precision Oncology.'.
35673559,10.7150/thno.73235,Shi R,2022,APOBEC-mediated mutagenesis is a favorable predictor of prognosis and immunotherapy for bladder cancer patients: evidence from pan-cancer analysis and multiple databases.,Theranostics,Journal Article,Bladder Cancer,INCLUDE,,Bladder Cancer,INCLUDE,NOT_CONTEXT_ONLY,AI03_GENERIC_PREDICTION_WITHOUT_EXPLICIT_AI,ABSTRACT,The title and available abstract identify machine learning applied to the in-scope task described in 'APOBEC-mediated mutagenesis is a favorable predictor of prognosis and immunotherapy for bladder cancer patients: evidence from pan-cancer analysis and multiple databases.'.
35755066,10.3389/fmed.2022.838182,Bai Y,2022,Study on Molecular Information Intelligent Diagnosis and Treatment of Bladder Cancer on Pathological Tissue Image.,Frontiers in medicine,Journal Article,Bladder Cancer,INCLUDE,,Bladder Cancer,INCLUDE,NOT_CONTEXT_ONLY,AI04_AI_ONLY_PATHWAY_WITHOUT_TITLE_AI,ABSTRACT,The title and available abstract identify a substantive AI or machine-learning application applied to the in-scope task described in 'Study on Molecular Information Intelligent Diagnosis and Treatment of Bladder Cancer on Pathological Tissue Image.'.
35853614,10.1002/adma.202203224,Yang Y,2022,Integrated Urinalysis Devices Based on Interface-Engineered Field-Effect Transistor Biosensors Incorporated With Electronic Circuits.,"Advanced materials (Deerfield Beach, Fla.)",Journal Article,Bladder Cancer,INCLUDE,,Bladder Cancer,INCLUDE,NOT_CONTEXT_ONLY,AI04_AI_ONLY_PATHWAY_WITHOUT_TITLE_AI,ABSTRACT,The title and available abstract identify a substantive AI or machine-learning application applied to the in-scope task described in 'Integrated Urinalysis Devices Based on Interface-Engineered Field-Effect Transistor Biosensors Incorporated With Electronic Circuits.'.
36076047,10.1007/s00438-022-01950-x,Mohanad M,2022,Epigenetic inactivation of DNA repair genes as promising prognostic and predictive biomarkers in urothelial bladder carcinoma patients.,Molecular genetics and genomics : MGG,Journal Article,Bladder Cancer,INCLUDE,,Bladder Cancer,INCLUDE,NOT_CONTEXT_ONLY,AI03_GENERIC_PREDICTION_WITHOUT_EXPLICIT_AI,ABSTRACT,The title and available abstract identify a substantive AI or machine-learning application applied to the in-scope task described in 'Epigenetic inactivation of DNA repair genes as promising prognostic and predictive biomarkers in urothelial bladder carcinoma patients.'.
36175974,10.1186/s13040-022-00306-w,Nascimben M,2022,Polygenic risk modeling of tumor stage and survival in bladder cancer.,BioData mining,Journal Article,Bladder Cancer,INCLUDE,,Bladder Cancer,INCLUDE,NOT_CONTEXT_ONLY,AI04_AI_ONLY_PATHWAY_WITHOUT_TITLE_AI,ABSTRACT,The title and available abstract identify machine learning applied to the in-scope task described in 'Polygenic risk modeling of tumor stage and survival in bladder cancer.'.
36233691,10.3390/jcm11195827,Bicocca VT,2022,Urinary Comprehensive Genomic Profiling Correlates Urothelial Carcinoma Mutations with Clinical Risk and Efficacy of Intervention.,Journal of clinical medicine,Journal Article,Bladder Cancer,EXCLUDE,E05_NO_SUBSTANTIVE_AI,Bladder Cancer,EXCLUDE,NOT_CONTEXT_ONLY,AI04_AI_ONLY_PATHWAY_WITHOUT_TITLE_AI,ABSTRACT,"The available evidence for 'Urinary Comprehensive Genomic Profiling Correlates Urothelial Carcinoma Mutations with Clinical Risk and Efficacy of Intervention' reports conventional imaging, statistics, digital/AR/VR technology, biomarkers, or automation without a substantive AI/ML method or application."
36267410,10.3389/fgene.2022.1011390,Zou Y,2022,Immune-related gene risk score predicting the effect of immunotherapy and prognosis in bladder cancer patients.,Frontiers in genetics,Journal Article,Bladder Cancer,INCLUDE,,Bladder Cancer,INCLUDE,NOT_CONTEXT_ONLY,AI03_GENERIC_PREDICTION_WITHOUT_EXPLICIT_AI,ABSTRACT,The title and available abstract identify machine learning applied to the in-scope task described in 'Immune-related gene risk score predicting the effect of immunotherapy and prognosis in bladder cancer patients.'.
36291803,10.3390/cancers14205019,Shalata AT,2022,Predicting Recurrence of Non-Muscle-Invasive Bladder Cancer: Current Techniques and Future Trends.,Cancers,Journal Article; Review,Bladder Cancer,EXCLUDE,E05_NO_SUBSTANTIVE_AI,Bladder Cancer,EXCLUDE,NOT_CONTEXT_ONLY,AI01_FUTURE_OR_INCIDENTAL_AI_RISK;AI03_GENERIC_PREDICTION_WITHOUT_EXPLICIT_AI;AI04_AI_ONLY_PATHWAY_WITHOUT_TITLE_AI,ABSTRACT,"The abstract's main focus in 'Predicting Recurrence of Non-Muscle-Invasive Bladder Cancer: Current Techniques and Future Trends' is not an AI/ML evaluation; AI is absent or limited to an incidental, emerging, or future possibility rather than a substantive method or application."
36558023,10.3390/molecules27248890,El-Falouji AI,2022,Rapid Detection of Recurrent Non-Muscle Invasive Bladder Cancer in Urine Using ATR-FTIR Technology.,"Molecules (Basel, Switzerland)",Journal Article,Bladder Cancer,INCLUDE,,Bladder Cancer,INCLUDE,NOT_CONTEXT_ONLY,AI04_AI_ONLY_PATHWAY_WITHOUT_TITLE_AI,ABSTRACT,The title and available abstract identify machine learning applied to the in-scope task described in 'Rapid Detection of Recurrent Non-Muscle Invasive Bladder Cancer in Urine Using ATR-FTIR Technology.'.
36588731,10.3389/fphar.2022.1080273,Wang X,2022,A novel deep learning segmentation model for organoid-based drug screening.,Frontiers in pharmacology,Journal Article,Bladder Cancer,EXCLUDE,E04_PRECLINICAL_NONHUMAN,Bladder Cancer,EXCLUDE,NOT_CONTEXT_ONLY,SCP03_NONHUMAN_PRECLINICAL,ABSTRACT_OR_METADATA_PLUS_DUAL_HUMAN_REVIEW,Deep learning segments bladder-cancer organoid images for in-vitro drug screening; no qualifying clinical intended-use or patient-level task is evaluated.
34844900,10.1016/j.acuroe.2021.09.001,Gomez-Veiga F,2022,"Advances in urologic oncology ""OncoUrology Forum Special Edition"": The best of 2020.",Actas urologicas espanolas,Journal Article; Review,Broad Reviews,EXCLUDE,E05_NO_SUBSTANTIVE_AI,Broad Reviews,EXCLUDE,NOT_CONTEXT_ONLY,AI04_AI_ONLY_PATHWAY_WITHOUT_TITLE_AI,ABSTRACT,"The available evidence for 'Advances in urologic oncology ""OncoUrology Forum Special Edition"": The best of 2020' reports conventional imaging, statistics, digital/AR/VR technology, biomarkers, or automation without a substantive AI/ML method or application."
34879287,10.1016/j.media.2021.102306,Maier-Hein L,2022,Surgical data science - from concepts toward clinical translation.,Medical image analysis,"Journal Article; Research Support, N.I.H., Extramural; Research Support, Non-U.S. Gov't; Research Support, U.S. Gov't, Non-P.H.S.; Review",Broad Reviews,EXCLUDE,E01_NON_UROLOGICAL,Broad Reviews,EXCLUDE,NOT_CONTEXT_ONLY,AI04_AI_ONLY_PATHWAY_WITHOUT_TITLE_AI;CTX01_BROAD_DOMAIN_WITHOUT_TITLE_UROLOGY,ABSTRACT,"The substantive AI task in 'Surgical data science - from concepts toward clinical translation' is general, multi-specialty, or another organ system without a separable urological, andrological, or male-reproductive result."
35216855,10.1016/j.eururo.2022.01.040,Roussel E,2022,Novel Imaging Methods for Renal Mass Characterization: A Collaborative Review.,European urology,Journal Article; Review,Broad Reviews,INCLUDE,,Broad Reviews,INCLUDE,NOT_CONTEXT_ONLY,AI04_AI_ONLY_PATHWAY_WITHOUT_TITLE_AI,ABSTRACT,The title and available abstract identify a substantive synthesis of radiomics or pathomics and machine learning in the in-scope Broad Reviews area described in 'Novel Imaging Methods for Renal Mass Characterization: A Collaborative Review.'.
35360424,10.3389/fsurg.2022.862322,Naik N,2022,Legal and Ethical Consideration in Artificial Intelligence in Healthcare: Who Takes Responsibility?,Frontiers in surgery,Journal Article; Review,Broad Reviews,CONTEXT_ONLY,E10_CONTEXT_ONLY,Broad Reviews,EXCLUDE,CONTEXT_ONLY,SCP06_GENERAL_GOVERNANCE_WITHOUT_UROLOGY;CTX01_BROAD_DOMAIN_WITHOUT_TITLE_UROLOGY,ABSTRACT,"'Legal and Ethical Consideration in Artificial Intelligence in Healthcare: Who Takes Responsibility?' addresses general healthcare AI reporting, governance, ethics, or implementation without a urology-specific task; it may support methods context but should not contribute to corpus counts."
35383432,10.23736/S2724-6051.22.04726-7,Roberts S,2022,"""Augmented reality"" applications in urology: a systematic review.",Minerva urology and nephrology,Journal Article; Systematic Review,Broad Reviews,EXCLUDE,E05_NO_SUBSTANTIVE_AI,Broad Reviews,EXCLUDE,NOT_CONTEXT_ONLY,AI04_AI_ONLY_PATHWAY_WITHOUT_TITLE_AI,ABSTRACT,"The available evidence for '""Augmented reality"" applications in urology: a systematic review' reports conventional imaging, statistics, digital/AR/VR technology, biomarkers, or automation without a substantive AI/ML method or application."
35402319,10.2147/RRU.S273663,Werneburg GT,2022,Catheter-Associated Urinary Tract Infections: Current Challenges and Future Prospects.,Research and reports in urology,Journal Article; Review,Broad Reviews,EXCLUDE,E05_NO_SUBSTANTIVE_AI,Broad Reviews,EXCLUDE,NOT_CONTEXT_ONLY,AI01_FUTURE_OR_INCIDENTAL_AI_RISK;AI04_AI_ONLY_PATHWAY_WITHOUT_TITLE_AI,ABSTRACT,"The abstract's main focus in 'Catheter-Associated Urinary Tract Infections: Current Challenges and Future Prospects' is not an AI/ML evaluation; AI is absent or limited to an incidental, emerging, or future possibility rather than a substantive method or application."
35441256,10.1007/s40620-022-01327-8,Girolami I,2022,Artificial intelligence applications for pre-implantation kidney biopsy pathology practice: a systematic review.,Journal of nephrology,Journal Article; Systematic Review,Broad Reviews,EXCLUDE,E01_NON_UROLOGICAL,Broad Reviews,EXCLUDE,NOT_CONTEXT_ONLY,RENAL_NEPHROLOGY_BOUNDARY_PASS,PUBMED_ABSTRACT,Preimplantation transplant-biopsy pathology and graft-allocation review without a separable urological task.
35749782,10.1097/MOU.0000000000000997,Comperat E,2022,"Nonmuscle-invasive bladder cancer, old problems, new insights.",Current opinion in urology,Journal Article; Review,Broad Reviews,EXCLUDE,E05_NO_SUBSTANTIVE_AI,Broad Reviews,EXCLUDE,NOT_CONTEXT_ONLY,AI04_AI_ONLY_PATHWAY_WITHOUT_TITLE_AI,ABSTRACT,"The available evidence for 'Nonmuscle-invasive bladder cancer, old problems, new insights' reports conventional imaging, statistics, digital/AR/VR technology, biomarkers, or automation without a substantive AI/ML method or application."
35817657,10.1016/j.jpurol.2022.05.015,Weaver JK,2022,Why are pediatric urologists unable to predict renal deterioration using urodynamics? A focused narrative review of the shortcomings of the literature.,Journal of pediatric urology,Journal Article; Review,Broad Reviews,INCLUDE,,Broad Reviews,INCLUDE,NOT_CONTEXT_ONLY,DEEP_SCOPE_FULLTEXT_CONFIRMATION,PUBLISHER_FULL_TEXT,"The pediatric-urodynamics review discusses two existing machine-learning and pattern-recognition algorithms for automated detrusor-overactivity detection, making AI evidence substantive despite the need for future validation."
35905774,10.1016/j.urology.2022.06.036,Diaz P,2022,Future of Male Infertility Evaluation and Treatment: Brief Review of Emerging Technology.,Urology,Journal Article; Review,Broad Reviews,INCLUDE,,Broad Reviews,INCLUDE,NOT_CONTEXT_ONLY,DEEP_SCOPE_FULLTEXT_CONFIRMATION,PUBLISHER_FULL_TEXT,The male-infertility review contains a dedicated AI subsection on sperm identification and selection and synthesizes existing deep-learning evidence for selecting sperm with high DNA integrity.
36119492,10.3389/fonc.2022.975183,Zhang H,2022,Diagnostic performance of radiomics in adrenal masses: A systematic review and meta-analysis.,Frontiers in oncology,Journal Article; Systematic Review,Broad Reviews,EXCLUDE,E01_NON_UROLOGICAL,Broad Reviews,EXCLUDE,NOT_CONTEXT_ONLY,CTX01_BROAD_DOMAIN_WITHOUT_TITLE_UROLOGY,ABSTRACT,"The substantive AI task in 'Diagnostic performance of radiomics in adrenal masses: A systematic review and meta-analysis' is general, multi-specialty, or another organ system without a separable urological, andrological, or male-reproductive result."
36160762,10.1177/17562872221125317,Banerjee V,2022,Radiogenomics influence on the future of prostate cancer risk stratification.,Therapeutic advances in urology,Journal Article; Review,Broad Reviews,INCLUDE,,Broad Reviews,INCLUDE,NOT_CONTEXT_ONLY,AI01_FUTURE_OR_INCIDENTAL_AI_RISK;AI04_AI_ONLY_PATHWAY_WITHOUT_TITLE_AI,ABSTRACT,The title and available abstract identify a substantive synthesis of radiomics or pathomics and machine learning in the in-scope Broad Reviews area described in 'Radiogenomics influence on the future of prostate cancer risk stratification.'.
36601020,10.1177/17562872221145625,Kaneko M,2022,Multiparametric ultrasound of prostate: role in prostate cancer diagnosis.,Therapeutic advances in urology,Journal Article; Review,Broad Reviews,EXCLUDE,E05_NO_SUBSTANTIVE_AI,Broad Reviews,EXCLUDE,NOT_CONTEXT_ONLY,AI04_AI_ONLY_PATHWAY_WITHOUT_TITLE_AI,ABSTRACT,"The available evidence for 'Multiparametric ultrasound of prostate: role in prostate cancer diagnosis' reports conventional imaging, statistics, digital/AR/VR technology, biomarkers, or automation without a substantive AI/ML method or application."
34815097,10.1016/j.surg.2021.10.047,Loftus TJ,2022,Executive summary of the artificial intelligence in surgery series.,Surgery,"Journal Article; Research Support, N.I.H., Extramural; Research Support, Non-U.S. Gov't",Implementation/ethics/reporting search stream,EXCLUDE,E01_NON_UROLOGICAL,Implementation/ethics/reporting search stream,EXCLUDE,NOT_CONTEXT_ONLY,CTX01_BROAD_DOMAIN_WITHOUT_TITLE_UROLOGY,ABSTRACT,"The substantive AI task in 'Executive summary of the artificial intelligence in surgery series' is general, multi-specialty, or another organ system without a separable urological, andrological, or male-reproductive result."
35045583,10.1055/s-0041-1741481,Tamposis I,2022,PCaGuard: A Software Platform to Support Optimal Management of Prostate Cancer.,Applied clinical informatics,"Journal Article; Research Support, Non-U.S. Gov't",Implementation/ethics/reporting search stream,EXCLUDE,E05_NO_SUBSTANTIVE_AI,Implementation/ethics/reporting search stream,EXCLUDE,NOT_CONTEXT_ONLY,AI02_DIGITAL_SENSOR_WITHOUT_EXPLICIT_AI;AI04_AI_ONLY_PATHWAY_WITHOUT_TITLE_AI,ABSTRACT,"The abstract's main focus in 'PCaGuard: A Software Platform to Support Optimal Management of Prostate Cancer' is not an AI/ML evaluation; AI is absent or limited to an incidental, emerging, or future possibility rather than a substantive method or application."
35084542,10.1007/s00345-022-03930-7,O'Sullivan S,2022,Explainable artificial intelligence (XAI): closing the gap between image analysis and navigation in complex invasive diagnostic procedures.,World journal of urology,Journal Article; Review,Implementation/ethics/reporting search stream,INCLUDE,,Implementation/ethics/reporting search stream,INCLUDE,NOT_CONTEXT_ONLY,CTX01_BROAD_DOMAIN_WITHOUT_TITLE_UROLOGY,ABSTRACT,The title and available abstract identify a substantive synthesis of machine learning within the implementation/ethics/reporting search stream described in 'Explainable artificial intelligence (XAI): closing the gap between image analysis and navigation in complex invasive diagnostic procedures.'.
35120063,10.1097/SLA.0000000000005294,Sounderajah V,2022,Developing Specific Reporting Standards in Artificial Intelligence Centred Research.,Annals of surgery,Journal Article,Implementation/ethics/reporting search stream,CONTEXT_ONLY,E10_CONTEXT_ONLY,Implementation/ethics/reporting search stream,EXCLUDE,CONTEXT_ONLY,CTX01_BROAD_DOMAIN_WITHOUT_TITLE_UROLOGY,METADATA_ONLY,"'Developing Specific Reporting Standards in Artificial Intelligence Centred Research' provides AI reporting, governance, ethics, implementation, or research-agenda context without a primary corpus-eligible AI evaluation; it may be cited narratively but not counted."
35202397,10.1371/journal.pone.0259672,Marsden T,2022,"The ReIMAGINE prostate cancer risk study protocol: A prospective cohort study in men with a suspicion of prostate cancer who are referred onto an MRI-based diagnostic pathway with donation of tissue, blood and urine for biomarker analyses.",PloS one,"Journal Article; Multicenter Study; Observational Study; Research Support, Non-U.S. Gov't",Implementation/ethics/reporting search stream,EXCLUDE,E05_NO_SUBSTANTIVE_AI,Implementation/ethics/reporting search stream,EXCLUDE,NOT_CONTEXT_ONLY,AI04_AI_ONLY_PATHWAY_WITHOUT_TITLE_AI,ABSTRACT,Study protocol; AI/ML is described only as a future consortium capability and is not substantively applied or evaluated.
35346444,10.1016/j.artmed.2022.102275,Freitas NR,2022,"Detection of bladder cancer with feature fusion, transfer learning and CapsNets.",Artificial intelligence in medicine,"Journal Article; Research Support, Non-U.S. Gov't",Implementation/ethics/reporting search stream,INCLUDE,,Implementation/ethics/reporting search stream,INCLUDE,NOT_CONTEXT_ONLY,AI04_AI_ONLY_PATHWAY_WITHOUT_TITLE_AI,ABSTRACT,"The title and available abstract identify deep learning applied to the in-scope task described in 'Detection of bladder cancer with feature fusion, transfer learning and CapsNets.'."
35446854,10.1371/journal.pone.0265127,Tzelves L,2022,Artificial intelligence supporting cancer patients across Europe-The ASCAPE project.,PloS one,"Clinical Trial, Phase II; Journal Article; Research Support, Non-U.S. Gov't",Implementation/ethics/reporting search stream,INCLUDE,,Implementation/ethics/reporting search stream,INCLUDE,NOT_CONTEXT_ONLY,CTX01_BROAD_DOMAIN_WITHOUT_TITLE_UROLOGY,ABSTRACT,The title and available abstract identify machine learning applied to the in-scope task described in 'Artificial intelligence supporting cancer patients across Europe-The ASCAPE project.'.
35565216,10.3390/cancers14092085,Khaleel S,2022,Radiogenomics in Clear Cell Renal Cell Carcinoma: A Review of the Current Status and Future Directions.,Cancers,Journal Article; Review,Implementation/ethics/reporting search stream,INCLUDE,,Implementation/ethics/reporting search stream,INCLUDE,NOT_CONTEXT_ONLY,AI01_FUTURE_OR_INCIDENTAL_AI_RISK;AI04_AI_ONLY_PATHWAY_WITHOUT_TITLE_AI,ABSTRACT,The title and available abstract identify a substantive synthesis of radiomics or pathomics and machine learning within the implementation/ethics/reporting search stream described in 'Radiogenomics in Clear Cell Renal Cell Carcinoma: A Review of the Current Status and Future Directions.'.
35584845,10.1136/bmj-2022-070904,Vasey B,2022,Reporting guideline for the early stage clinical evaluation of decision support systems driven by artificial intelligence: DECIDE-AI.,BMJ (Clinical research ed.),Journal Article; Practice Guideline,Implementation/ethics/reporting search stream,CONTEXT_ONLY,E10_CONTEXT_ONLY,Implementation/ethics/reporting search stream,EXCLUDE,CONTEXT_ONLY,DUP01_NORMALIZED_TITLE_CLUSTER;SCP06_GENERAL_GOVERNANCE_WITHOUT_UROLOGY;CTX01_BROAD_DOMAIN_WITHOUT_TITLE_UROLOGY,ABSTRACT_OR_METADATA_PLUS_DUAL_HUMAN_REVIEW,"DECIDE-AI is a general reporting guideline for early clinical evaluation of AI decision-support systems, relevant methodologically but not urology-specific or corpus-eligible."
35585198,10.1038/s41591-022-01772-9,Vasey B,2022,Reporting guideline for the early-stage clinical evaluation of decision support systems driven by artificial intelligence: DECIDE-AI.,Nature medicine,"Journal Article; Practice Guideline; Research Support, N.I.H., Extramural; Research Support, Non-U.S. Gov't; Research Support, U.S. Gov't, Non-P.H.S.; Review",Implementation/ethics/reporting search stream,CONTEXT_ONLY,E10_CONTEXT_ONLY,Implementation/ethics/reporting search stream,EXCLUDE,CONTEXT_ONLY,DUP01_NORMALIZED_TITLE_CLUSTER;SCP06_GENERAL_GOVERNANCE_WITHOUT_UROLOGY;CTX01_BROAD_DOMAIN_WITHOUT_TITLE_UROLOGY,ABSTRACT_OR_METADATA_PLUS_DUAL_HUMAN_REVIEW,DECIDE-AI provides general cross-specialty AI reporting guidance; it may support the methods narrative but has no specific urology/andrology clinical task.
35612220,10.3233/SHTI220601,Petsophonsakul P,2022,Augmenting THerapeutic Effectiveness Through Novel Analytics (ATHENA) - A Public and Private Partnership Project Funded by the Flemish Government (VLAIO).,Studies in health technology and informatics,Journal Article,Implementation/ethics/reporting search stream,EXCLUDE,E07_PUBLICATION_STATUS,Implementation/ethics/reporting search stream,EXCLUDE,NOT_CONTEXT_ONLY,DEEP_SCOPE_PUBLICATION_STATUS,FULL_TEXT,"The paper substantively describes privacy-preserving machine learning and a bladder-cancer use case, but it is a conference-proceedings paper in Proceedings of MIE 2022 and therefore fails the locked publication-status criterion."
35669420,10.3389/fonc.2022.841801,Shiradkar R,2022,Prostate Surface Distension and Tumor Texture Descriptors From Pre-Treatment MRI Are Associated With Biochemical Recurrence Following Radical Prostatectomy: Preliminary Findings.,Frontiers in oncology,Journal Article,Implementation/ethics/reporting search stream,INCLUDE,,Implementation/ethics/reporting search stream,INCLUDE,NOT_CONTEXT_ONLY,AI04_AI_ONLY_PATHWAY_WITHOUT_TITLE_AI,ABSTRACT,The title and available abstract identify radiomics or pathomics and machine learning applied to the in-scope task described in 'Prostate Surface Distension and Tumor Texture Descriptors From Pre-Treatment MRI Are Associated With Biochemical Recurrence Following Radical Prostatectomy: Preliminary Findings.'.
35681002,10.1038/s41746-022-00621-w,Abramoff MD,2022,A reimbursement framework for artificial intelligence in healthcare.,NPJ digital medicine,Journal Article,Implementation/ethics/reporting search stream,CONTEXT_ONLY,E10_CONTEXT_ONLY,Implementation/ethics/reporting search stream,EXCLUDE,CONTEXT_ONLY,SCP06_GENERAL_GOVERNANCE_WITHOUT_UROLOGY;CTX01_BROAD_DOMAIN_WITHOUT_TITLE_UROLOGY,METADATA_ONLY,"'A reimbursement framework for artificial intelligence in healthcare' addresses general healthcare AI reporting, governance, ethics, or implementation without a urology-specific task; it may support methods context but should not contribute to corpus counts."
35740742,10.3390/children9060805,Brownlee EM,2022,The Role of the Versius Surgical Robotic System in the Paediatric Population.,"Children (Basel, Switzerland)",Journal Article; Review,Implementation/ethics/reporting search stream,EXCLUDE,E01_NON_UROLOGICAL,Implementation/ethics/reporting search stream,EXCLUDE,NOT_CONTEXT_ONLY,AI04_AI_ONLY_PATHWAY_WITHOUT_TITLE_AI;CTX01_BROAD_DOMAIN_WITHOUT_TITLE_UROLOGY,ABSTRACT,"The substantive AI task in 'The Role of the Versius Surgical Robotic System in the Paediatric Population' is general, multi-specialty, or another organ system without a separable urological, andrological, or male-reproductive result."
35854145,10.1038/s41746-022-00641-6,Lam K,2022,A Delphi consensus statement for digital surgery.,NPJ digital medicine,Journal Article,Implementation/ethics/reporting search stream,CONTEXT_ONLY,E10_CONTEXT_ONLY,Implementation/ethics/reporting search stream,EXCLUDE,CONTEXT_ONLY,AI04_AI_ONLY_PATHWAY_WITHOUT_TITLE_AI;CTX01_BROAD_DOMAIN_WITHOUT_TITLE_UROLOGY,ABSTRACT,"'A Delphi consensus statement for digital surgery' provides AI reporting, governance, ethics, implementation, or research-agenda context without a primary corpus-eligible AI evaluation; it may be cited narratively but not counted."
35877091,10.1158/1078-0432.CCR-22-0200,Szabados B,2022,Clinico-Genomic Characterization of Patients with Metastatic Urothelial Carcinoma in Real-World Practice Identifies a Novel Bladder Immune Performance Index (BIPI).,Clinical cancer research : an official journal of the American Association for Cancer Research,"Journal Article; Research Support, Non-U.S. Gov't",Implementation/ethics/reporting search stream,INCLUDE,,Implementation/ethics/reporting search stream,INCLUDE,NOT_CONTEXT_ONLY,AI04_AI_ONLY_PATHWAY_WITHOUT_TITLE_AI,ABSTRACT,The title and available abstract identify machine learning applied to the in-scope task described in 'Clinico-Genomic Characterization of Patients with Metastatic Urothelial Carcinoma in Real-World Practice Identifies a Novel Bladder Immune Performance Index (BIPI).'.
35989871,10.1136/bmjsit-2022-000154,Hanrahan JG,2022,Addressing the reporting chasm of artificial intelligence research: the DECIDE-AI reporting guidelines.,"BMJ surgery, interventions, & health technologies",Editorial,Implementation/ethics/reporting search stream,CONTEXT_ONLY,E10_CONTEXT_ONLY,Implementation/ethics/reporting search stream,EXCLUDE,CONTEXT_ONLY,SCP06_GENERAL_GOVERNANCE_WITHOUT_UROLOGY;CTX01_BROAD_DOMAIN_WITHOUT_TITLE_UROLOGY,METADATA_ONLY,"'Addressing the reporting chasm of artificial intelligence research: the DECIDE-AI reporting guidelines' addresses general healthcare AI reporting, governance, ethics, or implementation without a urology-specific task; it may support methods context but should not contribute to corpus counts."
36052317,10.3389/fdgth.2022.929508,Kwong JCC,2022,The silent trial - the bridge between bench-to-bedside clinical AI applications.,Frontiers in digital health,Journal Article,Implementation/ethics/reporting search stream,INCLUDE,,Implementation/ethics/reporting search stream,INCLUDE,NOT_CONTEXT_ONLY,AI04_AI_ONLY_PATHWAY_WITHOUT_TITLE_AI;CTX01_BROAD_DOMAIN_WITHOUT_TITLE_UROLOGY,PRIOR_HUMAN_ABSTRACT_REVIEW,The title and available abstract identify machine learning applied to the in-scope task described in 'The silent trial - the bridge between bench-to-bedside clinical AI applications.'.
36386255,10.21037/tau-22-266,Xu Y,2022,Identification of a novel peripheral blood signature diagnosing subclinical acute rejection after renal transplantation.,Translational andrology and urology,Journal Article,Implementation/ethics/reporting search stream,EXCLUDE,E01_NON_UROLOGICAL,Implementation/ethics/reporting search stream,EXCLUDE,NOT_CONTEXT_ONLY,AI04_AI_ONLY_PATHWAY_WITHOUT_TITLE_AI,PUBMED_ABSTRACT,Kidney-transplant subclinical-rejection blood signature without a separable urological task.
36428521,10.3390/biomedicines10112953,Weaver C,2022,Diagnostic and Prognostic Biomarkers in Renal Clear Cell Carcinoma.,Biomedicines,Journal Article; Review,Implementation/ethics/reporting search stream,EXCLUDE,E05_NO_SUBSTANTIVE_AI,Implementation/ethics/reporting search stream,EXCLUDE,NOT_CONTEXT_ONLY,AI04_AI_ONLY_PATHWAY_WITHOUT_TITLE_AI,ABSTRACT,"The available evidence for 'Diagnostic and Prognostic Biomarkers in Renal Clear Cell Carcinoma' reports conventional imaging, statistics, digital/AR/VR technology, biomarkers, or automation without a substantive AI/ML method or application."
36532301,10.1371/journal.pdig.0000006,Loftus TJ,2022,"Ideal algorithms in healthcare: Explainable, dynamic, precise, autonomous, fair, and reproducible.",PLOS digital health,Journal Article,Implementation/ethics/reporting search stream,CONTEXT_ONLY,E10_CONTEXT_ONLY,Implementation/ethics/reporting search stream,EXCLUDE,CONTEXT_ONLY,SCP06_GENERAL_GOVERNANCE_WITHOUT_UROLOGY;AI04_AI_ONLY_PATHWAY_WITHOUT_TITLE_AI;CTX01_BROAD_DOMAIN_WITHOUT_TITLE_UROLOGY,ABSTRACT,"'Ideal algorithms in healthcare: Explainable, dynamic, precise, autonomous, fair, and reproducible' addresses general healthcare AI reporting, governance, ethics, or implementation without a urology-specific task; it may support methods context but should not contribute to corpus counts."
36691151,10.1136/bmjopen-2022-061519,Shahzad R,2022,Quality of reporting of randomised controlled trials of artificial intelligence in healthcare: a systematic review.,BMJ open,Journal Article; Systematic Review,Implementation/ethics/reporting search stream,CONTEXT_ONLY,E10_CONTEXT_ONLY,Implementation/ethics/reporting search stream,EXCLUDE,CONTEXT_ONLY,SCP06_GENERAL_GOVERNANCE_WITHOUT_UROLOGY;CTX01_BROAD_DOMAIN_WITHOUT_TITLE_UROLOGY,ABSTRACT,"'Quality of reporting of randomised controlled trials of artificial intelligence in healthcare: a systematic review' addresses general healthcare AI reporting, governance, ethics, or implementation without a urology-specific task; it may support methods context but should not contribute to corpus counts."
34049980,10.2967/jnumed.120.261863,Nickols N,2022,aPROMISE: A Novel Automated PROMISE Platform to Standardize Evaluation of Tumor Burden in (18)F-DCFPyL Images of Veterans with Prostate Cancer.,"Journal of nuclear medicine : official publication, Society of Nuclear Medicine","Journal Article; Research Support, Non-U.S. Gov't",Prostate Imaging,INCLUDE,,Prostate Imaging,INCLUDE,NOT_CONTEXT_ONLY,DEEP_SCOPE_FULLTEXT_CONFIRMATION,FULL_TEXT,"APROMISE is a deep-learning platform that segments anatomy, detects lesions, and generates standardized PSMA-PET reports in 109 veterans with prostate cancer, with patient- and lesion-level performance and interreader-variability results."
34315623,10.1067/j.cpradiol.2021.06.006,Salvaggio G,2022,Deep Learning Network for Segmentation of the Prostate Gland With Median Lobe Enlargement in T2-weighted MR Images: Comparison With Manual Segmentation Method.,Current problems in diagnostic radiology,Journal Article,Prostate Imaging,INCLUDE,,Prostate Imaging,INCLUDE,NOT_CONTEXT_ONLY,TEC01_TECHNICAL_ARTIFACT_WITHOUT_CLINICAL_CUE,ABSTRACT,The title and available abstract identify deep learning applied to the in-scope task described in 'Deep Learning Network for Segmentation of the Prostate Gland With Median Lobe Enlargement in T2-weighted MR Images: Comparison With Manual Segmentation Method.'.
34538094,10.1259/bjr.20210653,Ueno Y,2022,Diffusion and quantification of diffusion of prostate cancer.,The British journal of radiology,Journal Article; Review,Prostate Imaging,INCLUDE,,Prostate Imaging,INCLUDE,NOT_CONTEXT_ONLY,AI04_AI_ONLY_PATHWAY_WITHOUT_TITLE_AI,ABSTRACT,The title and available abstract identify a substantive synthesis of radiomics or pathomics and machine learning in the in-scope Prostate Imaging area described in 'Diffusion and quantification of diffusion of prostate cancer.'.
34822102,10.1007/s11547-021-01431-y,Brunese L,2022,Automatic PI-RADS assignment by means of formal methods.,La Radiologia medica,Journal Article,Prostate Imaging,INCLUDE,,Prostate Imaging,INCLUDE,NOT_CONTEXT_ONLY,AI04_AI_ONLY_PATHWAY_WITHOUT_TITLE_AI,ABSTRACT,The title and available abstract identify radiomics or pathomics applied to the in-scope task described in 'Automatic PI-RADS assignment by means of formal methods.'.
34877735,10.1002/jmri.28024,Johnson PM,2022,Deep Learning Reconstruction Enables Highly Accelerated Biparametric MR Imaging of the Prostate.,Journal of magnetic resonance imaging : JMRI,"Journal Article; Research Support, N.I.H., Extramural",Prostate Imaging,INCLUDE,,Prostate Imaging,INCLUDE,NOT_CONTEXT_ONLY,TEC01_TECHNICAL_ARTIFACT_WITHOUT_CLINICAL_CUE,PRIOR_HUMAN_ABSTRACT_REVIEW,The title and available abstract identify deep learning applied to the in-scope task described in 'Deep Learning Reconstruction Enables Highly Accelerated Biparametric MR Imaging of the Prostate.'.
35119914,10.1259/bjr.20210816,Wang L,2022,"Quality in MR reporting of the prostate - improving acquisition, the role of AI and future perspectives.",The British journal of radiology,Journal Article; Review,Prostate Imaging,INCLUDE,,Prostate Imaging,INCLUDE,NOT_CONTEXT_ONLY,AI01_FUTURE_OR_INCIDENTAL_AI_RISK;AI04_AI_ONLY_PATHWAY_WITHOUT_TITLE_AI,ABSTRACT,"The title and available abstract identify a substantive synthesis of machine learning in the in-scope Prostate Imaging area described in 'Quality in MR reporting of the prostate - improving acquisition, the role of AI and future perspectives.'."
35148172,10.1259/bjr.20211378,Jung W,2022,Convolutional neural network-based reconstruction for acceleration of prostate T(2) weighted MR imaging: a retro- and prospective study.,The British journal of radiology,Journal Article,Prostate Imaging,INCLUDE,,Prostate Imaging,INCLUDE,NOT_CONTEXT_ONLY,TEC01_TECHNICAL_ARTIFACT_WITHOUT_CLINICAL_CUE,ABSTRACT,The title and available abstract identify deep learning applied to the in-scope task described in 'Convolutional neural network-based reconstruction for acceleration of prostate T(2) weighted MR imaging: a retro- and prospective study.'.
35275101,10.1097/MOU.0000000000000986,Rothberg MB,2022,The role of novel imaging in prostate cancer focal therapy: treatment and follow-up.,Current opinion in urology,"Journal Article; Research Support, N.I.H., Extramural; Research Support, Non-U.S. Gov't; Review",Prostate Imaging,INCLUDE,,Prostate Imaging,INCLUDE,NOT_CONTEXT_ONLY,DEEP_SCOPE_FULLTEXT_CONFIRMATION,ABSTRACT_PLUS_REFERENCE_LIST,"The prostate-focal-therapy review substantively synthesizes AI applied to multiparametric-MRI lesion localization, supported by a concentrated evidence block covering deep learning, convolutional detection and segmentation, computer-aided diagnosis, and MRI classification."
35453847,10.3390/diagnostics12040799,Michaely HJ,2022,"Current Value of Biparametric Prostate MRI with Machine-Learning or Deep-Learning in the Detection, Grading, and Characterization of Prostate Cancer: A Systematic Review.","Diagnostics (Basel, Switzerland)",Journal Article; Review,Prostate Imaging,INCLUDE,,Prostate Imaging,INCLUDE,NOT_CONTEXT_ONLY,AI04_AI_ONLY_PATHWAY_WITHOUT_TITLE_AI,ABSTRACT,"The title and available abstract identify a substantive synthesis of deep learning in the in-scope Prostate Imaging area described in 'Current Value of Biparametric Prostate MRI with Machine-Learning or Deep-Learning in the Detection, Grading, and Characterization of Prostate Cancer: A Systematic Review.'."
35454767,10.3390/cancers14081859,Gurwin A,2022,Alternatives for MRI in Prostate Cancer Diagnostics-Review of Current Ultrasound-Based Techniques.,Cancers,Journal Article; Review,Prostate Imaging,EXCLUDE,E05_NO_SUBSTANTIVE_AI,Prostate Imaging,EXCLUDE,NOT_CONTEXT_ONLY,AI04_AI_ONLY_PATHWAY_WITHOUT_TITLE_AI,ABSTRACT,"The available evidence for 'Alternatives for MRI in Prostate Cancer Diagnostics-Review of Current Ultrasound-Based Techniques' reports conventional imaging, statistics, digital/AR/VR technology, biomarkers, or automation without a substantive AI/ML method or application."
35455043,10.3390/life12040552,Hotker AM,2022,Abbreviated MR Protocols in Prostate MRI.,"Life (Basel, Switzerland)",Journal Article; Review,Prostate Imaging,EXCLUDE,E05_NO_SUBSTANTIVE_AI,Prostate Imaging,EXCLUDE,NOT_CONTEXT_ONLY,AI04_AI_ONLY_PATHWAY_WITHOUT_TITLE_AI,ABSTRACT,"The available evidence for 'Abbreviated MR Protocols in Prostate MRI' reports conventional imaging, statistics, digital/AR/VR technology, biomarkers, or automation without a substantive AI/ML method or application."
35645317,10.3390/clinpract12030040,Mata C,2022,Usefulness of Collaborative Work in the Evaluation of Prostate Cancer from MRI.,Clinics and practice,Journal Article,Prostate Imaging,EXCLUDE,E05_NO_SUBSTANTIVE_AI,Prostate Imaging,EXCLUDE,NOT_CONTEXT_ONLY,AI04_AI_ONLY_PATHWAY_WITHOUT_TITLE_AI,ABSTRACT,"The available evidence for 'Usefulness of Collaborative Work in the Evaluation of Prostate Cancer from MRI' reports conventional imaging, statistics, digital/AR/VR technology, biomarkers, or automation without a substantive AI/ML method or application."
35841780,10.1016/j.compbiomed.2022.105817,Adams LC,2022,Prostate158 - An expert-annotated 3T MRI dataset and algorithm for prostate cancer detection.,Computers in biology and medicine,"Journal Article; Research Support, Non-U.S. Gov't",Prostate Imaging,INCLUDE,,Prostate Imaging,INCLUDE,NOT_CONTEXT_ONLY,AI04_AI_ONLY_PATHWAY_WITHOUT_TITLE_AI,ABSTRACT,The title and available abstract identify deep learning applied to the in-scope task described in 'Prostate158 - An expert-annotated 3T MRI dataset and algorithm for prostate cancer detection.'.
35896912,10.1007/s12149-022-01780-2,Nakamoto Y,2022,Recent topics of the clinical utility of PET/MRI in oncology and neuroscience.,Annals of nuclear medicine,Journal Article; Review,Prostate Imaging,INCLUDE,,Prostate Imaging,INCLUDE,NOT_CONTEXT_ONLY,AI04_AI_ONLY_PATHWAY_WITHOUT_TITLE_AI,ABSTRACT,The title and available abstract identify a substantive synthesis of machine learning in the in-scope Prostate Imaging area described in 'Recent topics of the clinical utility of PET/MRI in oncology and neuroscience.'.
36006066,10.3390/tomography8040168,Faiella E,2022,Quantib Prostate Compared to an Expert Radiologist for the Diagnosis of Prostate Cancer on mpMRI: A Single-Center Preliminary Study.,"Tomography (Ann Arbor, Mich.)",Journal Article,Prostate Imaging,INCLUDE,,Prostate Imaging,INCLUDE,NOT_CONTEXT_ONLY,AI04_AI_ONLY_PATHWAY_WITHOUT_TITLE_AI,ABSTRACT,The title and available abstract identify machine learning applied to the in-scope task described in 'Quantib Prostate Compared to an Expert Radiologist for the Diagnosis of Prostate Cancer on mpMRI: A Single-Center Preliminary Study.'.
36018488,10.1007/s11547-022-01541-1,Yao F,2022,Machine learning-based radiomics for multiple primary prostate cancer biological characteristics prediction with (18)F-PSMA-1007 PET: comparison among different volume segmentation thresholds.,La Radiologia medica,Journal Article,Prostate Imaging,INCLUDE,,Prostate Imaging,INCLUDE,NOT_CONTEXT_ONLY,TEC01_TECHNICAL_ARTIFACT_WITHOUT_CLINICAL_CUE,ABSTRACT,The title and available abstract identify radiomics or pathomics and machine learning applied to the in-scope task described in 'Machine learning-based radiomics for multiple primary prostate cancer biological characteristics prediction with (18)F-PSMA-1007 PET: comparison among different volume segmentation thresholds.'.
36148705,10.1016/j.media.2022.102620,Vesal S,2022,Domain generalization for prostate segmentation in transrectal ultrasound images: A multi-center study.,Medical image analysis,"Journal Article; Multicenter Study; Research Support, N.I.H., Extramural; Research Support, Non-U.S. Gov't",Prostate Imaging,INCLUDE,,Prostate Imaging,INCLUDE,NOT_CONTEXT_ONLY,TEC01_TECHNICAL_ARTIFACT_WITHOUT_CLINICAL_CUE,ABSTRACT,The title and available abstract identify deep learning applied to the in-scope task described in 'Domain generalization for prostate segmentation in transrectal ultrasound images: A multi-center study.'.
36428771,10.3390/cancers14225680,Mattoni S,2022,PSMA PET for the Evaluation of Liver Metastases in Castration-Resistant Prostate Cancer Patients: A Multicenter Retrospective Study.,Cancers,Journal Article,Prostate Imaging,INCLUDE,,Prostate Imaging,INCLUDE,NOT_CONTEXT_ONLY,AI04_AI_ONLY_PATHWAY_WITHOUT_TITLE_AI,ABSTRACT,The title and available abstract identify radiomics or pathomics applied to the in-scope task described in 'PSMA PET for the Evaluation of Liver Metastases in Castration-Resistant Prostate Cancer Patients: A Multicenter Retrospective Study.'.
36543901,10.1186/s13244-022-01340-2,Wu C,2022,Automatic segmentation of prostate zonal anatomy on MRI: a systematic review of the literature.,Insights into imaging,Journal Article,Prostate Imaging,INCLUDE,,Prostate Imaging,INCLUDE,NOT_CONTEXT_ONLY,AI04_AI_ONLY_PATHWAY_WITHOUT_TITLE_AI;TEC01_TECHNICAL_ARTIFACT_WITHOUT_CLINICAL_CUE,ABSTRACT,The title and available abstract identify deep learning and machine learning applied to the in-scope task described in 'Automatic segmentation of prostate zonal anatomy on MRI: a systematic review of the literature.'.
36568244,10.3389/fonc.2022.1066926,Assadi M,2022,Predictive and prognostic potential of pretreatment (68)Ga-PSMA PET tumor heterogeneity index in patients with metastatic castration-resistant prostate cancer treated with 177Lu-PSMA.,Frontiers in oncology,Journal Article,Prostate Imaging,INCLUDE,,Prostate Imaging,INCLUDE,NOT_CONTEXT_ONLY,AI03_GENERIC_PREDICTION_WITHOUT_EXPLICIT_AI;AI04_AI_ONLY_PATHWAY_WITHOUT_TITLE_AI,ABSTRACT,The title and available abstract identify radiomics or pathomics applied to the in-scope task described in 'Predictive and prognostic potential of pretreatment (68)Ga-PSMA PET tumor heterogeneity index in patients with metastatic castration-resistant prostate cancer treated with 177Lu-PSMA.'.
34463809,10.1007/s00259-021-05497-8,Johnsson K,2022,"Analytical performance of aPROMISE: automated anatomic contextualization, detection, and quantification of [(18)F]DCFPyL (PSMA) imaging for standardized reporting.",European journal of nuclear medicine and molecular imaging,"Clinical Trial, Phase II; Clinical Trial, Phase III; Journal Article",Prostate Pathology,INCLUDE,,Prostate Pathology,INCLUDE,NOT_CONTEXT_ONLY,AI04_AI_ONLY_PATHWAY_WITHOUT_TITLE_AI,ABSTRACT,"The title and available abstract identify deep learning applied to the in-scope task described in 'Analytical performance of aPROMISE: automated anatomic contextualization, detection, and quantification of [(18)F]DCFPyL (PSMA) imaging for standardized reporting.'."
34547922,10.1097/JU.0000000000002205,Martini A,2022,An Algorithm to Personalize Nerve Sparing in Men with Unilateral High-Risk Prostate Cancer.,The Journal of urology,Journal Article,Prostate Pathology,INCLUDE,,Prostate Pathology,INCLUDE,NOT_CONTEXT_ONLY,AI04_AI_ONLY_PATHWAY_WITHOUT_TITLE_AI,PRIOR_HUMAN_ABSTRACT_REVIEW,The title and available abstract identify a substantive AI or machine-learning application applied to the in-scope task described in 'An Algorithm to Personalize Nerve Sparing in Men with Unilateral High-Risk Prostate Cancer.'.
34783976,10.1007/s11548-021-02485-z,Javadi G,2022,Towards targeted ultrasound-guided prostate biopsy by incorporating model and label uncertainty in cancer detection.,International journal of computer assisted radiology and surgery,Journal Article,Prostate Pathology,INCLUDE,,Prostate Pathology,INCLUDE,NOT_CONTEXT_ONLY,AI04_AI_ONLY_PATHWAY_WITHOUT_TITLE_AI,ABSTRACT,The title and available abstract identify deep learning applied to the in-scope task described in 'Towards targeted ultrasound-guided prostate biopsy by incorporating model and label uncertainty in cancer detection.'.
35039648,10.1038/s41598-022-04951-3,Akatsuka J,2022,A data-driven ultrasound approach discriminates pathological high grade prostate cancer.,Scientific reports,"Journal Article; Research Support, Non-U.S. Gov't",Prostate Pathology,INCLUDE,,Prostate Pathology,INCLUDE,NOT_CONTEXT_ONLY,AI04_AI_ONLY_PATHWAY_WITHOUT_TITLE_AI,ABSTRACT,The title and available abstract identify machine learning applied to the in-scope task described in 'A data-driven ultrasound approach discriminates pathological high grade prostate cancer.'.
35176252,10.1016/j.humpath.2022.01.009,Ruder S,2022,Development and validation of a quantitative reactive stroma biomarker (qRS) for prostate cancer prognosis.,Human pathology,"Journal Article; Research Support, N.I.H., Extramural; Research Support, Non-U.S. Gov't",Prostate Pathology,INCLUDE,,Prostate Pathology,INCLUDE,NOT_CONTEXT_ONLY,AI04_AI_ONLY_PATHWAY_WITHOUT_TITLE_AI,ABSTRACT,The title and available abstract identify machine learning applied to the in-scope task described in 'Development and validation of a quantitative reactive stroma biomarker (qRS) for prostate cancer prognosis.'.
35326686,10.3390/cancers14061535,Gaba F,2022,"Raman Spectroscopy in Prostate Cancer: Techniques, Applications and Advancements.",Cancers,Journal Article; Review,Prostate Pathology,EXCLUDE,E05_NO_SUBSTANTIVE_AI,Prostate Pathology,EXCLUDE,NOT_CONTEXT_ONLY,AI04_AI_ONLY_PATHWAY_WITHOUT_TITLE_AI,ABSTRACT,"The available evidence for 'Raman Spectroscopy in Prostate Cancer: Techniques, Applications and Advancements' reports conventional imaging, statistics, digital/AR/VR technology, biomarkers, or automation without a substantive AI/ML method or application."
35344123,10.1007/s11548-022-02606-2,To MNN,2022,Coarse label refinement for improving prostate cancer detection in ultrasound imaging.,International journal of computer assisted radiology and surgery,Journal Article,Prostate Pathology,INCLUDE,,Prostate Pathology,INCLUDE,NOT_CONTEXT_ONLY,AI04_AI_ONLY_PATHWAY_WITHOUT_TITLE_AI,ABSTRACT,The title and available abstract identify machine learning applied to the in-scope task described in 'Coarse label refinement for improving prostate cancer detection in ultrasound imaging.'.
35420303,10.1007/s00330-022-08712-8,Bleker J,2022,A deep learning masked segmentation alternative to manual segmentation in biparametric MRI prostate cancer radiomics.,European radiology,Journal Article; Multicenter Study,Prostate Pathology,INCLUDE,,Prostate Pathology,INCLUDE,NOT_CONTEXT_ONLY,TEC01_TECHNICAL_ARTIFACT_WITHOUT_CLINICAL_CUE,ABSTRACT,The title and available abstract identify deep learning and radiomics or pathomics applied to the in-scope task described in 'A deep learning masked segmentation alternative to manual segmentation in biparametric MRI prostate cancer radiomics.'.
35463378,10.3389/fonc.2022.772403,Qiu Y,2022,Automatic Prostate Gleason Grading Using Pyramid Semantic Parsing Network in Digital Histopathology.,Frontiers in oncology,Journal Article,Prostate Pathology,INCLUDE,,Prostate Pathology,INCLUDE,NOT_CONTEXT_ONLY,AI04_AI_ONLY_PATHWAY_WITHOUT_TITLE_AI,ABSTRACT,The title and available abstract identify deep learning and machine learning applied to the in-scope task described in 'Automatic Prostate Gleason Grading Using Pyramid Semantic Parsing Network in Digital Histopathology.'.
35506596,10.1002/mp.15698,Qin C,2022,A novel registration-based algorithm for prostate segmentation via the combination of SSM and CNN.,Medical physics,Journal Article,Prostate Pathology,INCLUDE,,Prostate Pathology,INCLUDE,NOT_CONTEXT_ONLY,AI04_AI_ONLY_PATHWAY_WITHOUT_TITLE_AI;TEC01_TECHNICAL_ARTIFACT_WITHOUT_CLINICAL_CUE,ABSTRACT,The title and available abstract identify deep learning applied to the in-scope task described in 'A novel registration-based algorithm for prostate segmentation via the combination of SSM and CNN.'.
35867236,10.1007/s10334-022-01031-5,Dwivedi DK,2022,Emerging MR methods for improved diagnosis of prostate cancer by multiparametric MRI.,"Magma (New York, N.Y.)",Journal Article; Review,Prostate Pathology,INCLUDE,,Prostate Pathology,INCLUDE,NOT_CONTEXT_ONLY,AI04_AI_ONLY_PATHWAY_WITHOUT_TITLE_AI,ABSTRACT,The title and available abstract identify a substantive synthesis of radiomics or pathomics and machine learning in the in-scope Prostate Pathology area described in 'Emerging MR methods for improved diagnosis of prostate cancer by multiparametric MRI.'.
35950408,10.19723/j.issn.1671-167X.2022.04.033,Hao Z,2022,[Application of Raman-based technologies in the detection of urological tumors].,Beijing da xue xue bao. Yi xue ban = Journal of Peking University. Health sciences,Journal Article,Prostate Pathology,EXCLUDE,E05_NO_SUBSTANTIVE_AI,Prostate Pathology,EXCLUDE,NOT_CONTEXT_ONLY,AI04_AI_ONLY_PATHWAY_WITHOUT_TITLE_AI,ABSTRACT,"The available evidence for '[Application of Raman-based technologies in the detection of urological tumors]' reports conventional imaging, statistics, digital/AR/VR technology, biomarkers, or automation without a substantive AI/ML method or application."
36045491,10.1117/1.JBO.27.9.095003,Picot F,2022,Image-guided Raman spectroscopy navigation system to improve transperineal prostate cancer detection. Part 1: Raman spectroscopy fiber-optics system and in situ tissue characterization.,Journal of biomedical optics,"Journal Article; Research Support, Non-U.S. Gov't",Prostate Pathology,INCLUDE,,Prostate Pathology,INCLUDE,NOT_CONTEXT_ONLY,AI04_AI_ONLY_PATHWAY_WITHOUT_TITLE_AI,ABSTRACT,The title and available abstract identify machine learning applied to the in-scope task described in 'Image-guided Raman spectroscopy navigation system to improve transperineal prostate cancer detection. Part 1: Raman spectroscopy fiber-optics system and in situ tissue characterization.'.
36230666,10.3390/cancers14194744,Tsuneki M,2022,Transfer Learning for Adenocarcinoma Classifications in the Transurethral Resection of Prostate Whole-Slide Images.,Cancers,Journal Article,Prostate Pathology,INCLUDE,,Prostate Pathology,INCLUDE,NOT_CONTEXT_ONLY,AI04_AI_ONLY_PATHWAY_WITHOUT_TITLE_AI,ABSTRACT,The title and available abstract identify deep learning applied to the in-scope task described in 'Transfer Learning for Adenocarcinoma Classifications in the Transurethral Resection of Prostate Whole-Slide Images.'.
36257091,10.1016/j.compmedimag.2022.102125,Lu X,2022,Ultrasonographic pathological grading of prostate cancer using automatic region-based Gleason grading network.,Computerized medical imaging and graphics : the official journal of the Computerized Medical Imaging Society,"Journal Article; Research Support, Non-U.S. Gov't",Prostate Pathology,INCLUDE,,Prostate Pathology,INCLUDE,NOT_CONTEXT_ONLY,AI04_AI_ONLY_PATHWAY_WITHOUT_TITLE_AI,ABSTRACT,The title and available abstract identify deep learning and computer vision applied to the in-scope task described in 'Ultrasonographic pathological grading of prostate cancer using automatic region-based Gleason grading network.'.
36288685,10.1016/j.cmpb.2022.107184,Huang H,2022,Fast detection method for prostate cancer cells based on an integrated ResNet50 and YoloV5 framework.,Computer methods and programs in biomedicine,Journal Article,Prostate Pathology,INCLUDE,,Prostate Pathology,INCLUDE,NOT_CONTEXT_ONLY,AI04_AI_ONLY_PATHWAY_WITHOUT_TITLE_AI,PRIOR_HUMAN_ABSTRACT_REVIEW,The title and available abstract identify deep learning applied to the in-scope task described in 'Fast detection method for prostate cancer cells based on an integrated ResNet50 and YoloV5 framework.'.
34647146,10.1007/s00261-021-03293-4,Ming Y,2022,A combined postoperative nomogram for survival prediction in clear cell renal carcinoma.,Abdominal radiology (New York),"Journal Article; Randomized Controlled Trial; Research Support, Non-U.S. Gov't",Renal/Kidney,INCLUDE,,Renal/Kidney,INCLUDE,NOT_CONTEXT_ONLY,AI03_GENERIC_PREDICTION_WITHOUT_EXPLICIT_AI,ABSTRACT,The title and available abstract identify radiomics or pathomics applied to the in-scope task described in 'A combined postoperative nomogram for survival prediction in clear cell renal carcinoma.'.
34739724,10.22037/uj.v18i.6825,Jiao L,2022,The Prognosis and Immune Microenvironment Related Factor Interleukin-23 in Clear Cell Renal Cell Carcinoma: A Radiological Investigation.,Urology journal,Journal Article,Renal/Kidney,INCLUDE,,Renal/Kidney,INCLUDE,NOT_CONTEXT_ONLY,AI04_AI_ONLY_PATHWAY_WITHOUT_TITLE_AI,ABSTRACT,The title and available abstract identify radiomics or pathomics applied to the in-scope task described in 'The Prognosis and Immune Microenvironment Related Factor Interleukin-23 in Clear Cell Renal Cell Carcinoma: A Radiological Investigation.'.
34968146,10.1097/JU.0000000000002390,Heller N,2022,Computer-Generated R.E.N.A.L. Nephrometry Scores Yield Comparable Predictive Results to Those of Human-Expert Scores in Predicting Oncologic and Perioperative Outcomes.,The Journal of urology,"Journal Article; Research Support, N.I.H., Extramural; Research Support, U.S. Gov't, Non-P.H.S.",Renal/Kidney,INCLUDE,,Renal/Kidney,INCLUDE,NOT_CONTEXT_ONLY,AI03_GENERIC_PREDICTION_WITHOUT_EXPLICIT_AI;AI04_AI_ONLY_PATHWAY_WITHOUT_TITLE_AI,ABSTRACT,The title and available abstract identify deep learning and machine learning applied to the in-scope task described in 'Computer-Generated R.E.N.A.L. Nephrometry Scores Yield Comparable Predictive Results to Those of Human-Expert Scores in Predicting Oncologic and Perioperative Outcomes.'.
35061892,10.1093/jalm/jfab177,Bosma M,2022,"Prediction of the Values of CRP, eGFR, and Hemoglobin in the Follow-Up of Renal Cell Carcinoma Patients after (Cryo)Surgery Using Machine Learning Algorithms.",The journal of applied laboratory medicine,Journal Article,Renal/Kidney,INCLUDE,,Renal/Kidney,INCLUDE,NOT_CONTEXT_ONLY,RENAL_NEPHROLOGY_BOUNDARY_PASS,TITLE_METADATA,Renal-cell-carcinoma follow-up after renal cryosurgery or surgery is an eligible oncological task.
35159060,10.3390/cancers14030793,Gopal N,2022,"The Next Paradigm Shift in the Management of Clear Cell Renal Cancer: Radiogenomics-Definition, Current Advances, and Future Directions.",Cancers,Journal Article; Review,Renal/Kidney,INCLUDE,,Renal/Kidney,INCLUDE,NOT_CONTEXT_ONLY,AI01_FUTURE_OR_INCIDENTAL_AI_RISK;AI04_AI_ONLY_PATHWAY_WITHOUT_TITLE_AI,ABSTRACT,"The title and available abstract identify a substantive synthesis of radiomics or pathomics and machine learning in the in-scope Renal/Kidney area described in 'The Next Paradigm Shift in the Management of Clear Cell Renal Cancer: Radiogenomics-Definition, Current Advances, and Future Directions.'."
35183395,10.1016/j.eururo.2022.01.043,Carlo MI,2022,Phase II Study of Neoadjuvant Nivolumab in Patients with Locally Advanced Clear Cell Renal Cell Carcinoma Undergoing Nephrectomy.,European urology,"Clinical Trial, Phase II; Journal Article; Research Support, N.I.H., Extramural; Research Support, Non-U.S. Gov't",Renal/Kidney,INCLUDE,,Renal/Kidney,INCLUDE,NOT_CONTEXT_ONLY,AI04_AI_ONLY_PATHWAY_WITHOUT_TITLE_AI,ABSTRACT,The title and available abstract identify radiomics or pathomics applied to the in-scope task described in 'Phase II Study of Neoadjuvant Nivolumab in Patients with Locally Advanced Clear Cell Renal Cell Carcinoma Undergoing Nephrectomy.'.
35203443,10.3390/biomedicines10020233,Moisoiu T,2022,SERS Liquid Biopsy Profiling of Serum for the Diagnosis of Kidney Cancer.,Biomedicines,Journal Article,Renal/Kidney,INCLUDE,,Renal/Kidney,INCLUDE,NOT_CONTEXT_ONLY,AI04_AI_ONLY_PATHWAY_WITHOUT_TITLE_AI,ABSTRACT,The title and available abstract identify machine learning applied to the in-scope task described in 'SERS Liquid Biopsy Profiling of Serum for the Diagnosis of Kidney Cancer.'.
35324610,10.3390/jimaging8030055,Abdelrahman A,2022,Kidney Tumor Semantic Segmentation Using Deep Learning: A Survey of State-of-the-Art.,Journal of imaging,Journal Article,Renal/Kidney,INCLUDE,,Renal/Kidney,INCLUDE,NOT_CONTEXT_ONLY,TEC01_TECHNICAL_ARTIFACT_WITHOUT_CLINICAL_CUE,ABSTRACT,The title and available abstract identify deep learning and computer vision applied to the in-scope task described in 'Kidney Tumor Semantic Segmentation Using Deep Learning: A Survey of State-of-the-Art.'.
35589469,10.1016/j.purol.2022.04.001,Carlier M,2022,A pilot study investigating the feasibility of using a fully automatic software to assess the RENAL and PADUA score.,Progres en urologie : journal de l'Association francaise d'urologie et de la Societe francaise d'urologie,Journal Article,Renal/Kidney,INCLUDE,,Renal/Kidney,INCLUDE,NOT_CONTEXT_ONLY,AI04_AI_ONLY_PATHWAY_WITHOUT_TITLE_AI,PUBMED_ABSTRACT,Automated RENAL and PADUA scoring supports renal-mass assessment and partial-nephrectomy planning.
35940363,10.1016/j.jvir.2022.07.027,Keshavamurthy KN,2022,Evaluation of an Integrated Spectroscopy and Classification Platform for Point-of-Care Core Needle Biopsy Assessment: Performance Characteristics from Ex Vivo Renal Mass Biopsies.,Journal of vascular and interventional radiology : JVIR,Journal Article,Renal/Kidney,INCLUDE,,Renal/Kidney,INCLUDE,NOT_CONTEXT_ONLY,AI04_AI_ONLY_PATHWAY_WITHOUT_TITLE_AI,ABSTRACT,The title and available abstract identify machine learning applied to the in-scope task described in 'Evaluation of an Integrated Spectroscopy and Classification Platform for Point-of-Care Core Needle Biopsy Assessment: Performance Characteristics from Ex Vivo Renal Mass Biopsies.'.
36073216,10.12122/j.issn.1673-4254.2022.08.09,Mo T,2022,[A discrimination model for differentiation of renal cell carcinoma from renal angiomyolipoma without visible fat: based on hierarchical fusion framework of multi-classifier].,Nan fang yi ke da xue xue bao = Journal of Southern Medical University,Journal Article,Renal/Kidney,EXCLUDE,E09_DATE_LANGUAGE_INDEXING,Renal/Kidney,EXCLUDE,NOT_CONTEXT_ONLY,DEEP_SCOPE_LANGUAGE_BOUNDARY,PUBMED_METADATA,Official PubMed XML metadata lists the publication language as Chinese (chi) and does not include the English language code (eng). The record is therefore excluded under the prespecified English-language eligibility rule; an English-translated NLM title or abstract does not make the publication itself English-language eligible.
33858811,10.1016/j.euf.2021.04.001,Trinh L,2022,Survival Analysis Using Surgeon Skill Metrics and Patient Factors to Predict Urinary Continence Recovery After Robot-assisted Radical Prostatectomy.,European urology focus,"Journal Article; Research Support, N.I.H., Extramural",Surgical AI,INCLUDE,,Surgical AI,INCLUDE,NOT_CONTEXT_ONLY,AI04_AI_ONLY_PATHWAY_WITHOUT_TITLE_AI,ABSTRACT,The title and available abstract identify deep learning applied to the in-scope task described in 'Survival Analysis Using Surgeon Skill Metrics and Patient Factors to Predict Urinary Continence Recovery After Robot-assisted Radical Prostatectomy.'.
35168316,10.1590/S1677-5538.IBJU.2022.9910,Noel J,2022,Step-by-step optimisation of robotic-assisted radical prostatectomy using augmented reality.,International braz j urol : official journal of the Brazilian Society of Urology,Journal Article; Video-Audio Media,Surgical AI,EXCLUDE,E05_NO_SUBSTANTIVE_AI,Surgical AI,EXCLUDE,NOT_CONTEXT_ONLY,AI04_AI_ONLY_PATHWAY_WITHOUT_TITLE_AI,FULL_TEXT,"The available evidence for 'Step-by-step optimisation of robotic-assisted radical prostatectomy using augmented reality' reports conventional imaging, statistics, digital/AR/VR technology, biomarkers, or automation without a substantive AI/ML method or application."
35262373,10.1089/end.2021.0798,Yang Y,2022,Mixed Reality: A Step Further for Planning Complex Renal Tumors (RENAL Nephrometry Score of 7 or Higher).,Journal of endourology,"Journal Article; Randomized Controlled Trial; Research Support, Non-U.S. Gov't",Surgical AI,EXCLUDE,E05_NO_SUBSTANTIVE_AI,Surgical AI,EXCLUDE,NOT_CONTEXT_ONLY,AI04_AI_ONLY_PATHWAY_WITHOUT_TITLE_AI,ABSTRACT,"The available evidence for 'Mixed Reality: A Step Further for Planning Complex Renal Tumors (RENAL Nephrometry Score of 7 or Higher)' reports conventional imaging, statistics, digital/AR/VR technology, biomarkers, or automation without a substantive AI/ML method or application."
35941310,10.1007/s00464-022-09487-1,De Backer P,2022,Multicentric exploration of tool annotation in robotic surgery: lessons learned when starting a surgical artificial intelligence project.,Surgical endoscopy,"Journal Article; Research Support, Non-U.S. Gov't",Surgical AI,INCLUDE,,Surgical AI,INCLUDE,NOT_CONTEXT_ONLY,SCP05_GENERAL_SURGERY_WITHOUT_UROLOGY,ABSTRACT,The title and available abstract identify machine learning applied to the in-scope task described in 'Multicentric exploration of tool annotation in robotic surgery: lessons learned when starting a surgical artificial intelligence project.'.
36035346,10.1016/j.ajur.2022.03.008,Puliatti S,2022,New imaging technologies for robotic kidney cancer surgery.,Asian journal of urology,Journal Article; Review,Surgical AI,EXCLUDE,E05_NO_SUBSTANTIVE_AI,Surgical AI,EXCLUDE,NOT_CONTEXT_ONLY,AI04_AI_ONLY_PATHWAY_WITHOUT_TITLE_AI,ABSTRACT,"The available evidence for 'New imaging technologies for robotic kidney cancer surgery' reports conventional imaging, statistics, digital/AR/VR technology, biomarkers, or automation without a substantive AI/ML method or application."
36226727,10.1097/MOU.0000000000001054,Schardein JN,2023,Evolution of the basic semen analysis and processing sperm.,Current opinion in urology,Journal Article; Review,Andrology,EXCLUDE,E05_NO_SUBSTANTIVE_AI,Andrology,EXCLUDE,NOT_CONTEXT_ONLY,AI04_AI_ONLY_PATHWAY_WITHOUT_TITLE_AI,ABSTRACT,"The available evidence for 'Evolution of the basic semen analysis and processing sperm' reports conventional imaging, statistics, digital/AR/VR technology, biomarkers, or automation without a substantive AI/ML method or application."
36586006,10.1007/s10815-022-02685-9,Jiang VS,2023,Advancements in the future of automating micromanipulation techniques in the IVF laboratory using deep convolutional neural networks.,Journal of assisted reproduction and genetics,Journal Article,Andrology,EXCLUDE,E02_EMBRYOLOGY_ONLY,Andrology,EXCLUDE,NOT_CONTEXT_ONLY,SCP02_FEMALE_ART_WITHOUT_MALE_REPRO_EXPANDED,PUBMED_ABSTRACT,"Both evaluated CNN tasks concern oocyte polar-body or embryo/assisted-hatching landmarks; ICSI is the procedural setting, but no sperm-specific or male-factor AI task or result is evaluated."
36595077,10.1007/s00345-022-04275-x,Vittori G,2023,Computer-aided diagnosis in prostate cancer: a retrospective evaluation of the Watson Elementary((R)) system for preoperative tumor characterization in patients treated with robot-assisted radical prostatectomy.,World journal of urology,Journal Article,Andrology,INCLUDE,,Andrology,INCLUDE,NOT_CONTEXT_ONLY,AI04_AI_ONLY_PATHWAY_WITHOUT_TITLE_AI,ABSTRACT,The title and available abstract identify a substantive AI or machine-learning application applied to the in-scope task described in 'Computer-aided diagnosis in prostate cancer: a retrospective evaluation of the Watson Elementary((R)) system for preoperative tumor characterization in patients treated with robot-assisted radical prostatectomy.'.
36649928,10.5534/wjmh.220213,Calogero AE,2023,The Renaissance of Male Infertility Management in the Golden Age of Andrology.,The world journal of men's health,Journal Article; Review,Andrology,EXCLUDE,E05_NO_SUBSTANTIVE_AI,Andrology,EXCLUDE,NOT_CONTEXT_ONLY,AI04_AI_ONLY_PATHWAY_WITHOUT_TITLE_AI,ABSTRACT,"The available evidence for 'The Renaissance of Male Infertility Management in the Golden Age of Andrology' reports conventional imaging, statistics, digital/AR/VR technology, biomarkers, or automation without a substantive AI/ML method or application."
36703171,10.1186/s12958-023-01065-x,Tian T,2023,A Bayesian network model for prediction of low or failed fertilization in assisted reproductive technology based on a large clinical real-world data.,Reproductive biology and endocrinology : RB&E,Journal Article,Andrology,INCLUDE,,Andrology,INCLUDE,NOT_CONTEXT_ONLY,AI03_GENERIC_PREDICTION_WITHOUT_EXPLICIT_AI;AI04_AI_ONLY_PATHWAY_WITHOUT_TITLE_AI,ABSTRACT,The title and available abstract identify machine learning applied to the in-scope task described in 'A Bayesian network model for prediction of low or failed fertilization in assisted reproductive technology based on a large clinical real-world data.'.
36867616,10.1371/journal.pone.0276815,Hasannejadasl H,2023,Development and external validation of multivariate prediction models for erectile dysfunction in men with localized prostate cancer.,PloS one,"Journal Article; Research Support, Non-U.S. Gov't",Andrology,INCLUDE,,Andrology,INCLUDE,NOT_CONTEXT_ONLY,AI03_GENERIC_PREDICTION_WITHOUT_EXPLICIT_AI;AI04_AI_ONLY_PATHWAY_WITHOUT_TITLE_AI,ABSTRACT,The title and available abstract identify machine learning applied to the in-scope task described in 'Development and external validation of multivariate prediction models for erectile dysfunction in men with localized prostate cancer.'.
36869577,10.1111/andr.13419,Hsu CT,2023,Development and integration of LensHooke((R)) R10 for automatic and standardized diagnosis for sperm DNA fragmentation.,Andrology,"Journal Article; Research Support, Non-U.S. Gov't",Andrology,INCLUDE,,Andrology,INCLUDE,NOT_CONTEXT_ONLY,AI04_AI_ONLY_PATHWAY_WITHOUT_TITLE_AI,ABSTRACT,The title and available abstract identify machine learning applied to the in-scope task described in 'Development and integration of LensHooke((R)) R10 for automatic and standardized diagnosis for sperm DNA fragmentation.'.
36876730,10.1097/MOU.0000000000001090,Muin D,2023,PET in bladder cancer imaging.,Current opinion in urology,Journal Article; Review,Andrology,EXCLUDE,E05_NO_SUBSTANTIVE_AI,Andrology,EXCLUDE,NOT_CONTEXT_ONLY,AI04_AI_ONLY_PATHWAY_WITHOUT_TITLE_AI,ABSTRACT,"The available evidence for 'PET in bladder cancer imaging' reports conventional imaging, statistics, digital/AR/VR technology, biomarkers, or automation without a substantive AI/ML method or application."
36881738,10.1093/jsxmed/qdad017,Mulloy E,2023,Association between priapism and HIV disease and treatment.,The journal of sexual medicine,Journal Article,Andrology,INCLUDE,,Andrology,INCLUDE,NOT_CONTEXT_ONLY,AI04_AI_ONLY_PATHWAY_WITHOUT_TITLE_AI,ABSTRACT,The title and available abstract identify machine learning applied to the in-scope task described in 'Association between priapism and HIV disease and treatment.'.
36909306,10.3389/fendo.2023.1145533,Nixon B,2023,New horizons in human sperm selection for assisted reproduction.,Frontiers in endocrinology,"Journal Article; Research Support, Non-U.S. Gov't; Review",Andrology,EXCLUDE,E05_NO_SUBSTANTIVE_AI,Andrology,EXCLUDE,NOT_CONTEXT_ONLY,AI04_AI_ONLY_PATHWAY_WITHOUT_TITLE_AI,ABSTRACT,"The available evidence for 'New horizons in human sperm selection for assisted reproduction' reports conventional imaging, statistics, digital/AR/VR technology, biomarkers, or automation without a substantive AI/ML method or application."
36974731,10.1002/cyto.a.24732,Rodriguez-Martinez EA,2023,"A new computational approach, based on images trajectories, to identify the subjacent heterogeneity of sperm to the effects of ketanserin.",Cytometry. Part A : the journal of the International Society for Analytical Cytology,"Journal Article; Research Support, Non-U.S. Gov't",Andrology,INCLUDE,,Andrology,INCLUDE,NOT_CONTEXT_ONLY,AI04_AI_ONLY_PATHWAY_WITHOUT_TITLE_AI,ABSTRACT,"The title and available abstract identify machine learning applied to the in-scope task described in 'A new computational approach, based on images trajectories, to identify the subjacent heterogeneity of sperm to the effects of ketanserin.'."
37046855,10.3390/healthcare11070929,GhoshRoy D,2023,Unboxing Industry-Standard AI Models for Male Fertility Prediction with SHAP.,"Healthcare (Basel, Switzerland)",Journal Article,Andrology,INCLUDE,,Andrology,INCLUDE,NOT_CONTEXT_ONLY,AI03_GENERIC_PREDICTION_WITHOUT_EXPLICIT_AI;AI04_AI_ONLY_PATHWAY_WITHOUT_TITLE_AI,PRIOR_HUMAN_ABSTRACT_REVIEW,The title and available abstract identify machine learning applied to the in-scope task described in 'Unboxing Industry-Standard AI Models for Male Fertility Prediction with SHAP.'.
37156762,10.1038/s41597-023-02173-4,Thambawita V,2023,"VISEM-Tracking, a human spermatozoa tracking dataset.",Scientific data,Dataset; Journal Article,Andrology,INCLUDE,,Andrology,INCLUDE,NOT_CONTEXT_ONLY,AI04_AI_ONLY_PATHWAY_WITHOUT_TITLE_AI;TEC01_TECHNICAL_ARTIFACT_WITHOUT_CLINICAL_CUE,ABSTRACT,"The title and available abstract identify deep learning and machine learning applied to the in-scope task described in 'VISEM-Tracking, a human spermatozoa tracking dataset.'."
37211062,10.1016/j.fertnstert.2023.05.149,Jiang VS,2023,Artificial intelligence in the in vitro fertilization laboratory: a review of advancements over the last decade.,Fertility and sterility,Journal Article; Review,Andrology,INCLUDE,,Andrology,INCLUDE,NOT_CONTEXT_ONLY,SCP02_FEMALE_ART_WITHOUT_MALE_REPRO_EXPANDED,PUBMED_ABSTRACT,The review explicitly covers AI-assisted sperm selection among the IVF laboratory applications and therefore contains a substantive male-reproductive component.
37514907,10.3390/s23146613,Mahali MI,2023,A Dual Architecture Fusion and AutoEncoder for Automatic Morphological Classification of Human Sperm.,"Sensors (Basel, Switzerland)",Journal Article,Andrology,INCLUDE,,Andrology,INCLUDE,NOT_CONTEXT_ONLY,AI04_AI_ONLY_PATHWAY_WITHOUT_TITLE_AI,ABSTRACT,The title and available abstract identify deep learning and machine learning applied to the in-scope task described in 'A Dual Architecture Fusion and AutoEncoder for Automatic Morphological Classification of Human Sperm.'.
37595940,10.1016/j.neuroscience.2023.08.015,Feng S,2023,Altered White Matter Structural Network Connectivity Associated with Cognitive Declines in Psychogenic Erectile Dysfunction.,Neuroscience,"Journal Article; Research Support, Non-U.S. Gov't",Andrology,INCLUDE,,Andrology,INCLUDE,NOT_CONTEXT_ONLY,AI04_AI_ONLY_PATHWAY_WITHOUT_TITLE_AI,ABSTRACT,The title and available abstract identify machine learning applied to the in-scope task described in 'Altered White Matter Structural Network Connectivity Associated with Cognitive Declines in Psychogenic Erectile Dysfunction.'.
37705466,10.1080/14647273.2023.2256980,Si K,2023,Application of artificial intelligence in gametes and embryos selection.,"Human fertility (Cambridge, England)",Journal Article; Review,Andrology,INCLUDE,,Andrology,INCLUDE,NOT_CONTEXT_ONLY,SCP02_EMBRYO_ART_WITHOUT_MALE_REPRO,ABSTRACT_OR_METADATA_PLUS_DUAL_HUMAN_REVIEW,"The review substantively covers AI for semen analysis and sperm selection, which are recognizable male-reproductive and andrology tasks within scope."
37880723,10.1186/s12944-023-01950-9,Huang Y,2023,Association between polyunsaturated fatty acid intake and the prevalence of erectile dysfunction: A cross-sectional analysis of the NHANES 2001-2004.,Lipids in health and disease,Journal Article,Andrology,INCLUDE,,Andrology,INCLUDE,NOT_CONTEXT_ONLY,AI04_AI_ONLY_PATHWAY_WITHOUT_TITLE_AI,PRIOR_HUMAN_ABSTRACT_REVIEW,The title and available abstract identify machine learning applied to the in-scope task described in 'Association between polyunsaturated fatty acid intake and the prevalence of erectile dysfunction: A cross-sectional analysis of the NHANES 2001-2004.'.
38639655,,Shen HP,2023,[Exploring the mechanisms of ferroptosis in non-obstructive azoospermia based on bioinformatics and machine learning].,Zhonghua nan ke xue = National journal of andrology,English Abstract; Journal Article,Andrology,EXCLUDE,E09_DATE_LANGUAGE_INDEXING,Andrology,EXCLUDE,NOT_CONTEXT_ONLY,DEEP_SCOPE_LANGUAGE_BOUNDARY,PUBMED_METADATA,Official PubMed XML metadata lists the publication language as Chinese (chi) and does not include the English language code (eng). The record is therefore excluded under the prespecified English-language eligibility rule; an English-translated NLM title or abstract does not make the publication itself English-language eligible.
38639663,,Zhu LQ,2023,"[Comparative analysis of two assaysin detection of sperm DNA fragmentation index, flow cytometry and AI-based fluorescence microscopy, based on AO staining: A multicentre study].",Zhonghua nan ke xue = National journal of andrology,English Abstract; Journal Article; Multicenter Study,Andrology,EXCLUDE,E09_DATE_LANGUAGE_INDEXING,Andrology,EXCLUDE,NOT_CONTEXT_ONLY,DEEP_SCOPE_LANGUAGE_BOUNDARY,PUBMED_METADATA,Official PubMed XML metadata lists the publication language as Chinese (chi) and does not include the English language code (eng). The record is therefore excluded under the prespecified English-language eligibility rule; an English-translated NLM title or abstract does not make the publication itself English-language eligible.
37280757,10.5213/inj.2346100.050,Kang BI,2023,Advancing Patient Care: Innovative Use of Near-Infrared Spectroscopy for Monitoring Urine Volume in Neurogenic Bladder.,International neurourology journal,Journal Article,Benign/Functional,EXCLUDE,E05_NO_SUBSTANTIVE_AI,Benign/Functional,EXCLUDE,NOT_CONTEXT_ONLY,AI04_AI_ONLY_PATHWAY_WITHOUT_TITLE_AI,ABSTRACT,"The available evidence for 'Advancing Patient Care: Innovative Use of Near-Infrared Spectroscopy for Monitoring Urine Volume in Neurogenic Bladder' reports conventional imaging, statistics, digital/AR/VR technology, biomarkers, or automation without a substantive AI/ML method or application."
37382710,10.1007/s00467-023-06053-2,Okubo Y,2023,Nationwide epidemiology and clinical practice patterns of pediatric urinary tract infections: application of multivariate time-series clustering.,"Pediatric nephrology (Berlin, Germany)","Journal Article; Observational Study; Research Support, Non-U.S. Gov't",Benign/Functional,INCLUDE,,Benign/Functional,INCLUDE,NOT_CONTEXT_ONLY,RENAL_NEPHROLOGY_BOUNDARY_PASS,TITLE_METADATA,Pediatric urinary-tract-infection clustering is a direct urinary and urological task.
37442008,10.1016/j.compbiomed.2023.107210,Ahmed S,2023,A reinforcement federated learning based strategy for urinary disease dataset processing.,Computers in biology and medicine,Journal Article,Benign/Functional,INCLUDE,,Benign/Functional,INCLUDE,NOT_CONTEXT_ONLY,AI04_AI_ONLY_PATHWAY_WITHOUT_TITLE_AI;TEC01_TECHNICAL_ARTIFACT_WITHOUT_CLINICAL_CUE,ABSTRACT,The title and available abstract identify machine learning applied to the in-scope task described in 'A reinforcement federated learning based strategy for urinary disease dataset processing.'.
37587020,10.1002/advs.202303285,Jiang X,2023,Accurate Prediction of Antimicrobial Susceptibility for Point-of-Care Testing of Urine in Less than 90 Minutes via iPRISM Cassettes.,"Advanced science (Weinheim, Baden-Wurttemberg, Germany)",Journal Article,Benign/Functional,INCLUDE,,Benign/Functional,INCLUDE,NOT_CONTEXT_ONLY,AI03_GENERIC_PREDICTION_WITHOUT_EXPLICIT_AI;AI04_AI_ONLY_PATHWAY_WITHOUT_TITLE_AI,PRIOR_HUMAN_ABSTRACT_REVIEW,The title and available abstract identify machine learning applied to the in-scope task described in 'Accurate Prediction of Antimicrobial Susceptibility for Point-of-Care Testing of Urine in Less than 90 Minutes via iPRISM Cassettes.'.
37777523,10.1038/s41598-023-42000-9,Song Z,2023,Memory-efficient low-compute segmentation algorithms for bladder-monitoring smart ultrasound devices.,Scientific reports,"Journal Article; Research Support, Non-U.S. Gov't",Benign/Functional,INCLUDE,,Benign/Functional,INCLUDE,NOT_CONTEXT_ONLY,AI04_AI_ONLY_PATHWAY_WITHOUT_TITLE_AI;TEC01_TECHNICAL_ARTIFACT_WITHOUT_CLINICAL_CUE,ABSTRACT,The title and available abstract identify deep learning applied to the in-scope task described in 'Memory-efficient low-compute segmentation algorithms for bladder-monitoring smart ultrasound devices.'.
38048819,10.5213/inj.2346290.145,Na J,2023,Designing Digital Therapeutic Content Using Chronic Disease Data: A Focus on Improving Urinary Dysfunction.,International neurourology journal,Journal Article,Benign/Functional,EXCLUDE,E05_NO_SUBSTANTIVE_AI,Benign/Functional,EXCLUDE,NOT_CONTEXT_ONLY,AI04_AI_ONLY_PATHWAY_WITHOUT_TITLE_AI,ABSTRACT,"The available evidence for 'Designing Digital Therapeutic Content Using Chronic Disease Data: A Focus on Improving Urinary Dysfunction' reports conventional imaging, statistics, digital/AR/VR technology, biomarkers, or automation without a substantive AI/ML method or application."
38048822,10.5213/inj.2346248.124,Tu KJ,2023,Hybrid Bladder Phantom to Validate Next-Generation Optical Wearables for Neurogenic Bladder Volume Monitoring.,International neurourology journal,Journal Article,Benign/Functional,EXCLUDE,E04_PRECLINICAL_NONHUMAN,Benign/Functional,EXCLUDE,NOT_CONTEXT_ONLY,AI02_DIGITAL_SENSOR_WITHOUT_EXPLICIT_AI;AI04_AI_ONLY_PATHWAY_WITHOUT_TITLE_AI,ABSTRACT,Machine-learning bladder-volume models were validated only with a hybrid physical phantom; the abstract reports no patient-level clinical evaluation.
36351438,10.1055/a-1867-0560,Schone M,2023,[Cystoscopy in the outpatient clinical routine: things to keep in mind].,Aktuelle Urologie,English Abstract; Journal Article,Bladder Cancer,EXCLUDE,E05_NO_SUBSTANTIVE_AI,Bladder Cancer,EXCLUDE,NOT_CONTEXT_ONLY,AI04_AI_ONLY_PATHWAY_WITHOUT_TITLE_AI,ABSTRACT,"The available evidence for '[Cystoscopy in the outpatient clinical routine: things to keep in mind]' reports conventional imaging, statistics, digital/AR/VR technology, biomarkers, or automation without a substantive AI/ML method or application."
36422645,10.1007/s00330-022-09270-9,Girard A,2023,A machine-learning-based combination of criteria to detect bladder cancer lymph node metastasis on [(18)F]FDG PET/CT: a pathology-controlled study.,European radiology,Journal Article,Bladder Cancer,INCLUDE,,Bladder Cancer,INCLUDE,NOT_CONTEXT_ONLY,AI04_AI_ONLY_PATHWAY_WITHOUT_TITLE_AI,ABSTRACT,The title and available abstract identify machine learning applied to the in-scope task described in 'A machine-learning-based combination of criteria to detect bladder cancer lymph node metastasis on [(18)F]FDG PET/CT: a pathology-controlled study.'.
36634475,10.1016/j.ijmedinf.2023.104984,Zhang Q,2023,A comparative study of attention mechanism based deep learning methods for bladder tumor segmentation.,International journal of medical informatics,"Journal Article; Research Support, Non-U.S. Gov't",Bladder Cancer,INCLUDE,,Bladder Cancer,INCLUDE,NOT_CONTEXT_ONLY,TEC01_TECHNICAL_ARTIFACT_WITHOUT_CLINICAL_CUE,ABSTRACT,The title and available abstract identify deep learning and machine learning applied to the in-scope task described in 'A comparative study of attention mechanism based deep learning methods for bladder tumor segmentation.'.
36758479,10.1016/j.ebiom.2023.104437,Wang P,2023,UCseek: ultrasensitive early detection and recurrence monitoring of urothelial carcinoma by shallow-depth genome-wide bisulfite sequencing of urinary sediment DNA.,EBioMedicine,Journal Article,Bladder Cancer,INCLUDE,,Bladder Cancer,INCLUDE,NOT_CONTEXT_ONLY,AI04_AI_ONLY_PATHWAY_WITHOUT_TITLE_AI,ABSTRACT,The title and available abstract identify machine learning applied to the in-scope task described in 'UCseek: ultrasensitive early detection and recurrence monitoring of urothelial carcinoma by shallow-depth genome-wide bisulfite sequencing of urinary sediment DNA.'.
36831546,10.3390/cancers15041205,Drachneris J,2023,CD8+ Cell Density Gradient across the Tumor Epithelium-Stromal Interface of Non-Muscle Invasive Papillary Urothelial Carcinoma Predicts Recurrence-Free Survival after BCG Immunotherapy.,Cancers,Journal Article,Bladder Cancer,EXCLUDE,E05_NO_SUBSTANTIVE_AI,Bladder Cancer,EXCLUDE,NOT_CONTEXT_ONLY,AI04_AI_ONLY_PATHWAY_WITHOUT_TITLE_AI,ABSTRACT,"The available evidence for 'CD8+ Cell Density Gradient across the Tumor Epithelium-Stromal Interface of Non-Muscle Invasive Papillary Urothelial Carcinoma Predicts Recurrence-Free Survival after BCG Immunotherapy' reports conventional imaging, statistics, digital/AR/VR technology, biomarkers, or automation without a substantive AI/ML method or application."
36831685,10.3390/cancers15041343,Lee MC,2023,Development of Deep Learning with RDA U-Net Network for Bladder Cancer Segmentation.,Cancers,Journal Article,Bladder Cancer,INCLUDE,,Bladder Cancer,INCLUDE,NOT_CONTEXT_ONLY,TEC01_TECHNICAL_ARTIFACT_WITHOUT_CLINICAL_CUE,ABSTRACT,The title and available abstract identify deep learning and machine learning applied to the in-scope task described in 'Development of Deep Learning with RDA U-Net Network for Bladder Cancer Segmentation.'.
36868921,10.1016/j.euo.2023.02.004,Bukavina L,2023,Global Meta-analysis of Urine Microbiome: Colonization of Polycyclic Aromatic Hydrocarbon-degrading Bacteria Among Bladder Cancer Patients.,European urology oncology,"Journal Article; Meta-Analysis; Research Support, N.I.H., Extramural",Bladder Cancer,INCLUDE,,Bladder Cancer,INCLUDE,NOT_CONTEXT_ONLY,AI04_AI_ONLY_PATHWAY_WITHOUT_TITLE_AI,ABSTRACT,The title and available abstract identify machine learning applied to the in-scope task described in 'Global Meta-analysis of Urine Microbiome: Colonization of Polycyclic Aromatic Hydrocarbon-degrading Bacteria Among Bladder Cancer Patients.'.
36969047,10.3389/fonc.2023.1096136,Coroama DM,2023,Fully automated bladder tumor segmentation from T2 MRI images using 3D U-Net algorithm.,Frontiers in oncology,Journal Article,Bladder Cancer,INCLUDE,,Bladder Cancer,INCLUDE,NOT_CONTEXT_ONLY,AI04_AI_ONLY_PATHWAY_WITHOUT_TITLE_AI;TEC01_TECHNICAL_ARTIFACT_WITHOUT_CLINICAL_CUE,ABSTRACT,The title and available abstract identify deep learning and machine learning applied to the in-scope task described in 'Fully automated bladder tumor segmentation from T2 MRI images using 3D U-Net algorithm.'.
37037233,10.1109/TBME.2023.3265679,Lazo JF,2023,Semi-Supervised Bladder Tissue Classification in Multi-Domain Endoscopic Images.,IEEE transactions on bio-medical engineering,"Journal Article; Research Support, Non-U.S. Gov't",Bladder Cancer,INCLUDE,,Bladder Cancer,INCLUDE,NOT_CONTEXT_ONLY,AI04_AI_ONLY_PATHWAY_WITHOUT_TITLE_AI,ABSTRACT,The title and available abstract identify deep learning and computer vision applied to the in-scope task described in 'Semi-Supervised Bladder Tissue Classification in Multi-Domain Endoscopic Images.'.
37069426,10.1038/s41585-023-00769-4,Masone MC,2023,Using AI to assist pathologists in bladder cancer metastases detection.,Nature reviews. Urology,Comment; Journal Article,Bladder Cancer,INCLUDE,,Bladder Cancer,INCLUDE,NOT_CONTEXT_ONLY,DEEP_SCOPE_FULLTEXT_CONFIRMATION,PUBLISHER_FULL_TEXT,"The article reports a bladder-cancer metastasis-detection model evaluated on 7,991 whole-slide images from 998 patients across five hospitals, with external validation, pathologist comparison, and workflow-time results."
37082269,10.3389/pore.2023.1611117,Fan B,2023,Predicting prognosis and clinical efficacy of immune checkpoint blockade therapy via interferon-alpha response in muscle-invasive bladder cancer.,Pathology oncology research : POR,Journal Article,Bladder Cancer,INCLUDE,,Bladder Cancer,INCLUDE,NOT_CONTEXT_ONLY,AI03_GENERIC_PREDICTION_WITHOUT_EXPLICIT_AI,ABSTRACT,The title and available abstract identify machine learning applied to the in-scope task described in 'Predicting prognosis and clinical efficacy of immune checkpoint blockade therapy via interferon-alpha response in muscle-invasive bladder cancer.'.
37087309,10.1016/j.euo.2023.03.008,Lu YT,2023,Cell-free DNA Methylation as a Predictive Biomarker of Response to Neoadjuvant Chemotherapy for Patients with Muscle-invasive Bladder Cancer in SWOG S1314.,European urology oncology,"Clinical Trial, Phase II; Journal Article; Randomized Controlled Trial; Research Support, N.I.H., Extramural; Research Support, Non-U.S. Gov't",Bladder Cancer,INCLUDE,,Bladder Cancer,INCLUDE,NOT_CONTEXT_ONLY,AI03_GENERIC_PREDICTION_WITHOUT_EXPLICIT_AI,ABSTRACT,The title and available abstract identify machine learning applied to the in-scope task described in 'Cell-free DNA Methylation as a Predictive Biomarker of Response to Neoadjuvant Chemotherapy for Patients with Muscle-invasive Bladder Cancer in SWOG S1314.'.
37175559,10.3390/ijms24097852,Grant SR,2023,Mutation Hotspots Found in Bladder Cancer Aid Prediction of Carcinogenic Risk in Normal Urothelium.,International journal of molecular sciences,Journal Article,Bladder Cancer,INCLUDE,,Bladder Cancer,INCLUDE,NOT_CONTEXT_ONLY,AI03_GENERIC_PREDICTION_WITHOUT_EXPLICIT_AI;AI04_AI_ONLY_PATHWAY_WITHOUT_TITLE_AI,PRIOR_HUMAN_ABSTRACT_REVIEW,The title and available abstract identify machine learning applied to the in-scope task described in 'Mutation Hotspots Found in Bladder Cancer Aid Prediction of Carcinogenic Risk in Normal Urothelium.'.
37377320,10.1002/cncy.22732,Levy JJ,2023,Large-scale validation study of an improved semiautonomous urine cytology assessment tool: AutoParis-X.,Cancer cytopathology,Journal Article,Bladder Cancer,INCLUDE,,Bladder Cancer,INCLUDE,NOT_CONTEXT_ONLY,AI04_AI_ONLY_PATHWAY_WITHOUT_TITLE_AI,ABSTRACT,The title and available abstract identify a substantive AI or machine-learning application applied to the in-scope task described in 'Large-scale validation study of an improved semiautonomous urine cytology assessment tool: AutoParis-X.'.
37454065,10.1186/s12911-023-02222-3,Subramanya SK,2023,Deep learning for histopathological segmentation of smooth muscle in the urinary bladder.,BMC medical informatics and decision making,"Journal Article; Research Support, N.I.H., Extramural",Bladder Cancer,INCLUDE,,Bladder Cancer,INCLUDE,NOT_CONTEXT_ONLY,TEC01_TECHNICAL_ARTIFACT_WITHOUT_CLINICAL_CUE,ABSTRACT,The title and available abstract identify deep learning and computer vision applied to the in-scope task described in 'Deep learning for histopathological segmentation of smooth muscle in the urinary bladder.'.
37570213,10.3390/ani13152404,Kuchler L,2023,Artificial Intelligence to Predict the BRAF V595E Mutation in Canine Urinary Bladder Urothelial Carcinomas.,Animals : an open access journal from MDPI,Journal Article,Bladder Cancer,EXCLUDE,E04_PRECLINICAL_NONHUMAN,Bladder Cancer,EXCLUDE,NOT_CONTEXT_ONLY,SCP03_NONHUMAN_PRECLINICAL,ABSTRACT_OR_METADATA_PLUS_DUAL_HUMAN_REVIEW,The AI model predicts BRAF mutation in canine bladder urothelial carcinoma; the study is veterinary/nonhuman and lacks a qualifying human clinical task.
37774313,10.1200/CCI.23.00031,Eminaga O,2023,Efficient Augmented Intelligence Framework for Bladder Lesion Detection.,JCO clinical cancer informatics,"Journal Article; Research Support, Non-U.S. Gov't",Bladder Cancer,INCLUDE,,Bladder Cancer,INCLUDE,NOT_CONTEXT_ONLY,AI04_AI_ONLY_PATHWAY_WITHOUT_TITLE_AI,ABSTRACT,The title and available abstract identify deep learning applied to the in-scope task described in 'Efficient Augmented Intelligence Framework for Bladder Lesion Detection.'.
37803392,10.1186/s13014-023-02348-8,Azzarouali S,2023,Online adaptive radiotherapy for bladder cancer using a simultaneous integrated boost and fiducial markers.,"Radiation oncology (London, England)",Journal Article,Bladder Cancer,INCLUDE,,Bladder Cancer,INCLUDE,NOT_CONTEXT_ONLY,AI04_AI_ONLY_PATHWAY_WITHOUT_TITLE_AI,ABSTRACT,The title and available abstract identify machine learning applied to the in-scope task described in 'Online adaptive radiotherapy for bladder cancer using a simultaneous integrated boost and fiducial markers.'.
37923405,10.1016/j.aca.2023.341908,Yang M,2023,High-precision bladder cancer diagnosis method: 2D Raman spectrum figures based on maintenance technology combined with automatic weighted feature fusion network.,Analytica chimica acta,Journal Article,Bladder Cancer,INCLUDE,,Bladder Cancer,INCLUDE,NOT_CONTEXT_ONLY,AI04_AI_ONLY_PATHWAY_WITHOUT_TITLE_AI,ABSTRACT,The title and available abstract identify deep learning and computer vision applied to the in-scope task described in 'High-precision bladder cancer diagnosis method: 2D Raman spectrum figures based on maintenance technology combined with automatic weighted feature fusion network.'.
38135946,10.3390/bioengineering10121355,Ye Y,2023,Radiomics Prediction of Muscle Invasion in Bladder Cancer Using Semi-Automatic Lesion Segmentation of MRI Compared with Manual Segmentation.,"Bioengineering (Basel, Switzerland)",Journal Article,Bladder Cancer,INCLUDE,,Bladder Cancer,INCLUDE,NOT_CONTEXT_ONLY,TEC01_TECHNICAL_ARTIFACT_WITHOUT_CLINICAL_CUE,ABSTRACT,The title and available abstract identify deep learning and radiomics or pathomics applied to the in-scope task described in 'Radiomics Prediction of Muscle Invasion in Bladder Cancer Using Semi-Automatic Lesion Segmentation of MRI Compared with Manual Segmentation.'.
35226140,10.1007/s00345-022-03947-y,Wurnschimmel C,2023,MRI as a screening tool for prostate cancer: current evidence and future challenges.,World journal of urology,Journal Article; Review,Broad Reviews,INCLUDE,,Broad Reviews,INCLUDE,NOT_CONTEXT_ONLY,AI01_FUTURE_OR_INCIDENTAL_AI_RISK;AI04_AI_ONLY_PATHWAY_WITHOUT_TITLE_AI,ABSTRACT,The title and available abstract identify a substantive synthesis of deep learning and radiomics or pathomics in the in-scope Broad Reviews area described in 'MRI as a screening tool for prostate cancer: current evidence and future challenges.'.
36301052,10.1097/MOU.0000000000001055,Brant A,2023,Modern surgical treatment of azoospermia.,Current opinion in urology,Journal Article; Review,Broad Reviews,INCLUDE,,Broad Reviews,INCLUDE,NOT_CONTEXT_ONLY,AI04_AI_ONLY_PATHWAY_WITHOUT_TITLE_AI,ABSTRACT,The title and available abstract identify a substantive synthesis of deep learning and machine learning in the in-scope Broad Reviews area described in 'Modern surgical treatment of azoospermia.'.
36709079,10.1016/j.jpurol.2023.01.005,Fernandez N,2023,Neural network non-linear modeling to predict hypospadias genotype-phenotype correlation.,Journal of pediatric urology,Journal Article; Systematic Review,Broad Reviews,INCLUDE,,Broad Reviews,INCLUDE,NOT_CONTEXT_ONLY,CTX01_BROAD_DOMAIN_WITHOUT_TITLE_UROLOGY,ABSTRACT,The title and available abstract identify a substantive synthesis of deep learning in the in-scope Broad Reviews area described in 'Neural network non-linear modeling to predict hypospadias genotype-phenotype correlation.'.
36729176,10.1007/s00120-023-02026-3,Alexa R,2023,[Artificial intelligence in urology-opportunities and possibilities].,"Urologie (Heidelberg, Germany)",English Abstract; Journal Article; Review,Broad Reviews,EXCLUDE,E09_DATE_LANGUAGE_INDEXING,Broad Reviews,EXCLUDE,NOT_CONTEXT_ONLY,DEEP_SCOPE_LANGUAGE_BOUNDARY,PUBMED_METADATA,Official PubMed XML metadata lists the publication language as German (ger) and does not include the English language code (eng). The record is therefore excluded under the prespecified English-language eligibility rule; an English-translated NLM title or abstract does not make the publication itself English-language eligible.
36807211,10.1007/s00423-023-02830-7,Cheikh Youssef S,2023,Evolution of the digital operating room: the place of video technology in surgery.,Langenbeck's archives of surgery,Journal Article; Review,Broad Reviews,EXCLUDE,E01_NON_UROLOGICAL,Broad Reviews,EXCLUDE,NOT_CONTEXT_ONLY,SCP05_GENERAL_SURGERY_WITHOUT_UROLOGY;AI04_AI_ONLY_PATHWAY_WITHOUT_TITLE_AI;CTX01_BROAD_DOMAIN_WITHOUT_TITLE_UROLOGY,ABSTRACT,"The abstract's substantive task in 'Evolution of the digital operating room: the place of video technology in surgery' is general or multi-specialty and does not report a separable urological, andrological, or male-reproductive AI result."
36862387,10.1001/jamaoncol.2022.7762,Riaz IB,2023,First-line Systemic Treatment Options for Metastatic Castration-Sensitive Prostate Cancer: A Living Systematic Review and Network Meta-analysis.,JAMA oncology,Journal Article; Network Meta-Analysis; Systematic Review,Broad Reviews,EXCLUDE,E05_NO_SUBSTANTIVE_AI,Broad Reviews,EXCLUDE,NOT_CONTEXT_ONLY,AI04_AI_ONLY_PATHWAY_WITHOUT_TITLE_AI,ABSTRACT,"The available evidence for 'First-line Systemic Treatment Options for Metastatic Castration-Sensitive Prostate Cancer: A Living Systematic Review and Network Meta-analysis' reports conventional imaging, statistics, digital/AR/VR technology, biomarkers, or automation without a substantive AI/ML method or application."
36902045,10.3390/ijms24054615,Ferro M,2023,Radiogenomics in Renal Cancer Management-Current Evidence and Future Prospects.,International journal of molecular sciences,Journal Article; Review,Broad Reviews,INCLUDE,,Broad Reviews,INCLUDE,NOT_CONTEXT_ONLY,AI01_FUTURE_OR_INCIDENTAL_AI_RISK;AI04_AI_ONLY_PATHWAY_WITHOUT_TITLE_AI,ABSTRACT,The title and available abstract identify a substantive synthesis of radiomics or pathomics and machine learning in the in-scope Broad Reviews area described in 'Radiogenomics in Renal Cancer Management-Current Evidence and Future Prospects.'.
36987687,10.1093/bjsopen/zrad011,Ravindhran B,2023,Machine learning models in predicting graft survival in kidney transplantation: meta-analysis.,BJS open,Journal Article; Meta-Analysis; Systematic Review,Broad Reviews,EXCLUDE,E01_NON_UROLOGICAL,Broad Reviews,EXCLUDE,NOT_CONTEXT_ONLY,RENAL_NEPHROLOGY_BOUNDARY_PASS,PUBMED_ABSTRACT,Kidney-transplant graft-survival meta-analysis without a separable urological task.
37328321,10.1016/j.jpurol.2023.05.018,Kim JK,2023,ChatGPT and large language model (LLM) chatbots: The current state of acceptability and a proposal for guidelines on utilization in academic medicine.,Journal of pediatric urology,Journal Article; Review,Broad Reviews,CONTEXT_ONLY,E10_CONTEXT_ONLY,Broad Reviews,EXCLUDE,CONTEXT_ONLY,CTX01_BROAD_DOMAIN_WITHOUT_TITLE_UROLOGY,ABSTRACT,"'ChatGPT and large language model (LLM) chatbots: The current state of acceptability and a proposal for guidelines on utilization in academic medicine' provides AI reporting, governance, ethics, implementation, or research-agenda context without a primary corpus-eligible AI evaluation; it may be cited narratively but not counted."
37385702,10.1016/j.ucl.2023.04.003,Bortnick EM,2023,Vesicoureteral Reflux: Current Care Trends and Future Possibilities.,The Urologic clinics of North America,Journal Article; Review,Broad Reviews,EXCLUDE,E05_NO_SUBSTANTIVE_AI,Broad Reviews,EXCLUDE,NOT_CONTEXT_ONLY,AI01_FUTURE_OR_INCIDENTAL_AI_RISK;AI04_AI_ONLY_PATHWAY_WITHOUT_TITLE_AI;CTX01_BROAD_DOMAIN_WITHOUT_TITLE_UROLOGY,ABSTRACT,"The abstract's main focus in 'Vesicoureteral Reflux: Current Care Trends and Future Possibilities' is not an AI/ML evaluation; AI is absent or limited to an incidental, emerging, or future possibility rather than a substantive method or application."
37552265,10.1007/s00345-023-04560-3,Randazzo G,2023,Urology: a trip into metaverse.,World journal of urology,Journal Article; Review,Broad Reviews,EXCLUDE,E05_NO_SUBSTANTIVE_AI,Broad Reviews,EXCLUDE,NOT_CONTEXT_ONLY,AI04_AI_ONLY_PATHWAY_WITHOUT_TITLE_AI,ABSTRACT,"The available evidence for 'Urology: a trip into metaverse' reports conventional imaging, statistics, digital/AR/VR technology, biomarkers, or automation without a substantive AI/ML method or application."
37606658,10.1007/s00120-023-02154-w,Witzsch UKF,2023,[Digitalization in urology-challenge and opportunity].,"Urologie (Heidelberg, Germany)",English Abstract; Journal Article; Review,Broad Reviews,EXCLUDE,E05_NO_SUBSTANTIVE_AI,Broad Reviews,EXCLUDE,NOT_CONTEXT_ONLY,AI04_AI_ONLY_PATHWAY_WITHOUT_TITLE_AI,ABSTRACT,"The available evidence for '[Digitalization in urology-challenge and opportunity]' reports conventional imaging, statistics, digital/AR/VR technology, biomarkers, or automation without a substantive AI/ML method or application."
37633285,,Javid M,2023,Emergence of artificial generative intelligence and its potential impact on urology.,The Canadian journal of urology,Journal Article; Review,Broad Reviews,INCLUDE,,Broad Reviews,INCLUDE,NOT_CONTEXT_ONLY,AI04_AI_ONLY_PATHWAY_WITHOUT_TITLE_AI,ABSTRACT,The title and available abstract identify a substantive synthesis of large-language-model or chatbot evaluation in the in-scope Broad Reviews area described in 'Emergence of artificial generative intelligence and its potential impact on urology.'.
37666944,10.1007/s00120-023-02190-6,Handke AE,2023,[Prostate cancer-multiparametric MRI and alternative approaches in intervention and therapy planning].,"Urologie (Heidelberg, Germany)",English Abstract; Journal Article; Systematic Review,Broad Reviews,EXCLUDE,E05_NO_SUBSTANTIVE_AI,Broad Reviews,EXCLUDE,NOT_CONTEXT_ONLY,AI04_AI_ONLY_PATHWAY_WITHOUT_TITLE_AI,ABSTRACT,"The available evidence for '[Prostate cancer-multiparametric MRI and alternative approaches in intervention and therapy planning]' reports conventional imaging, statistics, digital/AR/VR technology, biomarkers, or automation without a substantive AI/ML method or application."
37686558,10.3390/cancers15174282,Fron A,2023,Artificial Intelligence in Urooncology: What We Have and What We Expect.,Cancers,Journal Article; Review,Broad Reviews,INCLUDE,,Broad Reviews,INCLUDE,NOT_CONTEXT_ONLY,CTX01_BROAD_DOMAIN_WITHOUT_TITLE_UROLOGY,ABSTRACT,The title and available abstract identify a substantive synthesis of deep learning and machine learning in the in-scope Broad Reviews area described in 'Artificial Intelligence in Urooncology: What We Have and What We Expect.'.
37747733,10.1001/jamanetworkopen.2023.35377,Kwong JCC,2023,APPRAISE-AI Tool for Quantitative Evaluation of AI Studies for Clinical Decision Support.,JAMA network open,"Journal Article; Research Support, Non-U.S. Gov't; Systematic Review",Broad Reviews,CONTEXT_ONLY,E10_CONTEXT_ONLY,Broad Reviews,EXCLUDE,CONTEXT_ONLY,AI04_AI_ONLY_PATHWAY_WITHOUT_TITLE_AI;CTX01_BROAD_DOMAIN_WITHOUT_TITLE_UROLOGY,ABSTRACT,"'APPRAISE-AI Tool for Quantitative Evaluation of AI Studies for Clinical Decision Support' provides AI reporting, governance, ethics, implementation, or research-agenda context without a primary corpus-eligible AI evaluation; it may be cited narratively but not counted."
36301600,10.1177/08465371221134056,Sivanesan U,2023,Checklist for Artificial Intelligence in Medical Imaging Reporting Adherence in Peer-Reviewed and Preprint Manuscripts With the Highest Altmetric Attention Scores: A Meta-Research Study.,Canadian Association of Radiologists journal = Journal l'Association canadienne des radiologistes,Journal Article,Implementation/ethics/reporting search stream,CONTEXT_ONLY,E10_CONTEXT_ONLY,Implementation/ethics/reporting search stream,EXCLUDE,CONTEXT_ONLY,CTX01_BROAD_DOMAIN_WITHOUT_TITLE_UROLOGY,ABSTRACT,"'Checklist for Artificial Intelligence in Medical Imaging Reporting Adherence in Peer-Reviewed and Preprint Manuscripts With the Highest Altmetric Attention Scores: A Meta-Research Study' provides AI reporting, governance, ethics, implementation, or research-agenda context without a primary corpus-eligible AI evaluation; it may be cited narratively but not counted."
36597019,10.1186/s12859-022-05124-9,Zhdanovich Y,2023,Evaluation of automatic discrimination between benign and malignant prostate tissue in the era of high precision digital pathology.,BMC bioinformatics,Journal Article,Implementation/ethics/reporting search stream,INCLUDE,,Implementation/ethics/reporting search stream,INCLUDE,NOT_CONTEXT_ONLY,AI04_AI_ONLY_PATHWAY_WITHOUT_TITLE_AI,ABSTRACT,The title and available abstract identify deep learning and machine learning applied to the in-scope task described in 'Evaluation of automatic discrimination between benign and malignant prostate tissue in the era of high precision digital pathology.'.
36639172,10.1016/j.crad.2022.09.131,Vasey B,2023,DECIDE-AI: a new reporting guideline and its relevance to artificial intelligence studies in radiology.,Clinical radiology,Journal Article; Review,Implementation/ethics/reporting search stream,CONTEXT_ONLY,E10_CONTEXT_ONLY,Implementation/ethics/reporting search stream,EXCLUDE,CONTEXT_ONLY,SCP06_GENERAL_GOVERNANCE_WITHOUT_UROLOGY;CTX01_BROAD_DOMAIN_WITHOUT_TITLE_UROLOGY,ABSTRACT,"'DECIDE-AI: a new reporting guideline and its relevance to artificial intelligence studies in radiology' addresses general healthcare AI reporting, governance, ethics, or implementation without a urology-specific task; it may support methods context but should not contribute to corpus counts."
36836223,10.3390/jcm12041687,Eppler MB,2023,Automated Capture of Intraoperative Adverse Events Using Artificial Intelligence: A Systematic Review and Meta-Analysis.,Journal of clinical medicine,Journal Article; Review,Implementation/ethics/reporting search stream,EXCLUDE,E01_NON_UROLOGICAL,Implementation/ethics/reporting search stream,EXCLUDE,NOT_CONTEXT_ONLY,CTX01_BROAD_DOMAIN_WITHOUT_TITLE_UROLOGY,ABSTRACT,"The substantive AI task in 'Automated Capture of Intraoperative Adverse Events Using Artificial Intelligence: A Systematic Review and Meta-Analysis' is general, multi-specialty, or another organ system without a separable urological, andrological, or male-reproductive result."
36874606,10.1016/j.euros.2022.12.018,Jager A,2023,Clinical Trial Protocol: Developing an Image Classification Algorithm for Prostate Cancer Diagnosis on Three-dimensional Multiparametric Transrectal Ultrasound.,European urology open science,Journal Article,Implementation/ethics/reporting search stream,INCLUDE,,Implementation/ethics/reporting search stream,INCLUDE,NOT_CONTEXT_ONLY,AI04_AI_ONLY_PATHWAY_WITHOUT_TITLE_AI,ABSTRACT,The title and available abstract identify machine learning applied to the in-scope task described in 'Clinical Trial Protocol: Developing an Image Classification Algorithm for Prostate Cancer Diagnosis on Three-dimensional Multiparametric Transrectal Ultrasound.'.
36997578,10.1038/s43856-023-00263-3,Kiyasseh D,2023,A multi-institutional study using artificial intelligence to provide reliable and fair feedback to surgeons.,Communications medicine,Journal Article,Implementation/ethics/reporting search stream,INCLUDE,,Implementation/ethics/reporting search stream,INCLUDE,NOT_CONTEXT_ONLY,CTX01_BROAD_DOMAIN_WITHOUT_TITLE_UROLOGY,FULL_TEXT,"PMC full text explicitly evaluates the SAIS model on robot-assisted radical prostatectomy videos, focusing on needle handling and needle driving during vesicourethral anastomosis and deploying the system across USC, St. Antonius Hospital, and Houston Methodist Hospital. This is a separable urological procedure and supports inclusion."
36997642,10.1038/s41746-023-00766-2,Kiyasseh D,2023,Human visual explanations mitigate bias in AI-based assessment of surgeon skills.,NPJ digital medicine,Journal Article,Implementation/ethics/reporting search stream,INCLUDE,,Implementation/ethics/reporting search stream,INCLUDE,NOT_CONTEXT_ONLY,CTX01_BROAD_DOMAIN_WITHOUT_TITLE_UROLOGY,FULL_TEXT,"PMC full text states that the study focused on robot-assisted radical prostatectomy and assessed needle handling and needle driving during vesicourethral anastomosis across three hospitals, including bias analyses by prostate volume and Gleason score. This is a separable urological procedure and supports inclusion."
37018019,10.2196/43386,Khan WU,2023,"A ""Do No Harm"" Novel Safety Checklist and Research Approach to Determine Whether to Launch an Artificial Intelligence-Based Medical Technology: Introducing the Biological-Psychological, Economic, and Social (BPES) Framework.",Journal of medical Internet research,Journal Article,Implementation/ethics/reporting search stream,CONTEXT_ONLY,E10_CONTEXT_ONLY,Implementation/ethics/reporting search stream,EXCLUDE,CONTEXT_ONLY,CTX01_BROAD_DOMAIN_WITHOUT_TITLE_UROLOGY,ABSTRACT,"'A ""Do No Harm"" Novel Safety Checklist and Research Approach to Determine Whether to Launch an Artificial Intelligence-Based Medical Technology: Introducing the Biological-Psychological, Economic, and Social (BPES) Framework' provides AI reporting, governance, ethics, implementation, or research-agenda context without a primary corpus-eligible AI evaluation; it may be cited narratively but not counted."
37244769,10.1016/j.surg.2023.04.037,Vasey B,2023,Invited Commentary: Transparent reporting of artificial intelligence models development and evaluation in surgery: The TRIPOD and DECIDE-AI checklists.,Surgery,"Journal Article; Research Support, Non-U.S. Gov't",Implementation/ethics/reporting search stream,CONTEXT_ONLY,E10_CONTEXT_ONLY,Implementation/ethics/reporting search stream,EXCLUDE,CONTEXT_ONLY,CTX01_BROAD_DOMAIN_WITHOUT_TITLE_UROLOGY,METADATA_ONLY,"'Invited Commentary: Transparent reporting of artificial intelligence models development and evaluation in surgery: The TRIPOD and DECIDE-AI checklists' provides AI reporting, governance, ethics, implementation, or research-agenda context without a primary corpus-eligible AI evaluation; it may be cited narratively but not counted."
37327245,10.1371/journal.pone.0287230,Leinert C,2023,Supporting SURgery with GEriatric Co-Management and AI (SURGE-Ahead): A study protocol for the development of a digital geriatrician.,PloS one,"Journal Article; Research Support, Non-U.S. Gov't",Implementation/ethics/reporting search stream,EXCLUDE,E01_NON_UROLOGICAL,Implementation/ethics/reporting search stream,EXCLUDE,NOT_CONTEXT_ONLY,AI04_AI_ONLY_PATHWAY_WITHOUT_TITLE_AI;CTX01_BROAD_DOMAIN_WITHOUT_TITLE_UROLOGY,ABSTRACT,"The substantive AI task in 'Supporting SURgery with GEriatric Co-Management and AI (SURGE-Ahead): A study protocol for the development of a digital geriatrician' is general, multi-specialty, or another organ system without a separable urological, andrological, or male-reproductive result."
37389001,10.1259/bjro.20220053,Lenskjold A,2023,Should artificial intelligence have lower acceptable error rates than humans?,BJR open,Journal Article,Implementation/ethics/reporting search stream,CONTEXT_ONLY,E10_CONTEXT_ONLY,Implementation/ethics/reporting search stream,EXCLUDE,CONTEXT_ONLY,DEEP_SCOPE_SEPARABLE_UROLOGY,PUBMED_ABSTRACT,"The evaluated implementation and error-tolerance survey concern a knee-osteoarthritis radiology algorithm, with no urological task or result; the article is relevant only to general trust and implementation context."
37432081,10.1148/radiol.222148,Gafita A,2023,Response Evaluation Criteria in PSMA PET/CT (RECIP 1.0) in Metastatic Castration-resistant Prostate Cancer.,Radiology,"Journal Article; Multicenter Study; Research Support, Non-U.S. Gov't",Implementation/ethics/reporting search stream,EXCLUDE,E05_NO_SUBSTANTIVE_AI,Implementation/ethics/reporting search stream,EXCLUDE,NOT_CONTEXT_ONLY,AI04_AI_ONLY_PATHWAY_WITHOUT_TITLE_AI,ABSTRACT,"The available evidence for 'Response Evaluation Criteria in PSMA PET/CT (RECIP 1.0) in Metastatic Castration-resistant Prostate Cancer' reports conventional imaging, statistics, digital/AR/VR technology, biomarkers, or automation without a substantive AI/ML method or application."
37615960,10.1001/jamaoncol.2023.2947,Pan A,2023,Assessment of Artificial Intelligence Chatbot Responses to Top Searched Queries About Cancer.,JAMA oncology,"Journal Article; Research Support, N.I.H., Extramural",Implementation/ethics/reporting search stream,EXCLUDE,E01_NON_UROLOGICAL,Implementation/ethics/reporting search stream,EXCLUDE,NOT_CONTEXT_ONLY,DEEP_SCOPE_SEPARABLE_UROLOGY,PUBMED_ABSTRACT,"The chatbot evaluation combines skin, lung, breast, colorectal, and prostate cancer prompts, but all reported results are pooled and no separable prostate-specific result is provided."
37678152,10.1097/MOU.0000000000001128,Gaye O,2023,"Detection of urological cancers by the signature of organic volatile compounds in urine, from dogs to electronic noses.",Current opinion in urology,Journal Article; Review,Implementation/ethics/reporting search stream,INCLUDE,,Implementation/ethics/reporting search stream,INCLUDE,NOT_CONTEXT_ONLY,AI04_AI_ONLY_PATHWAY_WITHOUT_TITLE_AI,ABSTRACT,"The title and available abstract identify a substantive synthesis of machine learning within the implementation/ethics/reporting search stream described in 'Detection of urological cancers by the signature of organic volatile compounds in urine, from dogs to electronic noses.'."
37761380,10.3390/diagnostics13183013,Rovera G,2023,Machine Learning CT-Based Automatic Nodal Segmentation and PET Semi-Quantification of Intraoperative (68)Ga-PSMA-11 PET/CT Images in High-Risk Prostate Cancer: A Pilot Study.,"Diagnostics (Basel, Switzerland)",Journal Article,Implementation/ethics/reporting search stream,INCLUDE,,Implementation/ethics/reporting search stream,INCLUDE,NOT_CONTEXT_ONLY,TEC01_TECHNICAL_ARTIFACT_WITHOUT_CLINICAL_CUE,PRIOR_HUMAN_ABSTRACT_REVIEW,The title and available abstract identify machine learning applied to the in-scope task described in 'Machine Learning CT-Based Automatic Nodal Segmentation and PET Semi-Quantification of Intraoperative (68)Ga-PSMA-11 PET/CT Images in High-Risk Prostate Cancer: A Pilot Study.'.
37864129,10.1007/s11701-023-01722-8,Shafiei SB,2023,Surgical skill level classification model development using EEG and eye-gaze data and machine learning algorithms.,Journal of robotic surgery,Journal Article,Implementation/ethics/reporting search stream,INCLUDE,,Implementation/ethics/reporting search stream,INCLUDE,NOT_CONTEXT_ONLY,CTX01_BROAD_DOMAIN_WITHOUT_TITLE_UROLOGY,ABSTRACT,The title and available abstract identify machine learning applied to the in-scope task described in 'Surgical skill level classification model development using EEG and eye-gaze data and machine learning algorithms.'.
38016678,10.3348/kjr.2023.1027,Kim DY,2023,Reporting Quality of Research Studies on AI Applications in Medical Images According to the CLAIM Guidelines in a Radiology Journal With a Strong Prominence in Asia.,Korean journal of radiology,Journal Article; Review,Implementation/ethics/reporting search stream,CONTEXT_ONLY,E10_CONTEXT_ONLY,Implementation/ethics/reporting search stream,EXCLUDE,CONTEXT_ONLY,AI04_AI_ONLY_PATHWAY_WITHOUT_TITLE_AI;CTX01_BROAD_DOMAIN_WITHOUT_TITLE_UROLOGY,ABSTRACT,"'Reporting Quality of Research Studies on AI Applications in Medical Images According to the CLAIM Guidelines in a Radiology Journal With a Strong Prominence in Asia' provides AI reporting, governance, ethics, implementation, or research-agenda context without a primary corpus-eligible AI evaluation; it may be cited narratively but not counted."
38045560,10.1097/SP9.0000000000000008,Wieland VLS,2023,Framework for a living systematic review and meta-analysis for the surgical treatment of bladder cancer: introducing EVIglance to urology.,International journal of surgery protocols,Journal Article,Implementation/ethics/reporting search stream,EXCLUDE,E05_NO_SUBSTANTIVE_AI,Implementation/ethics/reporting search stream,EXCLUDE,NOT_CONTEXT_ONLY,AI04_AI_ONLY_PATHWAY_WITHOUT_TITLE_AI,ABSTRACT,"The available evidence for 'Framework for a living systematic review and meta-analysis for the surgical treatment of bladder cancer: introducing EVIglance to urology' reports conventional imaging, statistics, digital/AR/VR technology, biomarkers, or automation without a substantive AI/ML method or application."
38132698,10.3390/jimaging9120280,Bolocan VO,2023,Convolutional Neural Network Model for Segmentation and Classification of Clear Cell Renal Cell Carcinoma Based on Multiphase CT Images.,Journal of imaging,Journal Article,Implementation/ethics/reporting search stream,INCLUDE,,Implementation/ethics/reporting search stream,INCLUDE,NOT_CONTEXT_ONLY,TEC01_TECHNICAL_ARTIFACT_WITHOUT_CLINICAL_CUE,ABSTRACT,The title and available abstract identify deep learning and computer vision applied to the in-scope task described in 'Convolutional Neural Network Model for Segmentation and Classification of Clear Cell Renal Cell Carcinoma Based on Multiphase CT Images.'.
38619521,,Hu J,2023,[Clinical study of artificial intelligence-guided image fusion assisted transperineal prostate biopsy].,Zhonghua nan ke xue = National journal of andrology,English Abstract; Journal Article,Implementation/ethics/reporting search stream,EXCLUDE,E09_DATE_LANGUAGE_INDEXING,Implementation/ethics/reporting search stream,EXCLUDE,NOT_CONTEXT_ONLY,DEEP_SCOPE_LANGUAGE_BOUNDARY,PUBMED_METADATA,Official PubMed XML metadata lists the publication language as Chinese (chi) and does not include the English language code (eng). The record is therefore excluded under the prespecified English-language eligibility rule; an English-translated NLM title or abstract does not make the publication itself English-language eligible.
36883768,10.23736/S2724-6051.23.05326-0,Checcucci E,2023,Generative Pre-training Transformer Chat (ChatGPT) in the scientific community: the train has left the station.,Minerva urology and nephrology,Journal Article,LLMs & GenAI,CONTEXT_ONLY,E10_CONTEXT_ONLY,LLMs & GenAI,EXCLUDE,CONTEXT_ONLY,CTX01_BROAD_DOMAIN_WITHOUT_TITLE_UROLOGY,METADATA_ONLY,"'Generative Pre-training Transformer Chat (ChatGPT) in the scientific community: the train has left the station' provides AI reporting, governance, ethics, implementation, or research-agenda context without a primary corpus-eligible AI evaluation; it may be cited narratively but not counted."
37061445,10.1016/j.eururo.2023.03.037,Zhou Z,2023,Is ChatGPT an Evidence-based Doctor?,European urology,Letter,LLMs & GenAI,INCLUDE,,LLMs & GenAI,INCLUDE,NOT_CONTEXT_ONLY,DEEP_SCOPE_FULLTEXT_CONFIRMATION,PUBLISHER_FULL_TEXT,The article evaluates ChatGPT against evidence-based recommendations using 30 urological questions and reports separate concordance results for ChatGPT-3.5 and ChatGPT-4.
37169728,10.1111/bju.16042,Tung JYM,2023,Potential safety concerns in use of the artificial intelligence chatbot 'ChatGPT' for perioperative patient communication.,BJU international,Journal Article,LLMs & GenAI,CONTEXT_ONLY,E10_CONTEXT_ONLY,LLMs & GenAI,EXCLUDE,CONTEXT_ONLY,CTX01_BROAD_DOMAIN_WITHOUT_TITLE_UROLOGY,METADATA_ONLY,"'Potential safety concerns in use of the artificial intelligence chatbot 'ChatGPT' for perioperative patient communication' provides AI reporting, governance, ethics, implementation, or research-agenda context without a primary corpus-eligible AI evaluation; it may be cited narratively but not counted."
37217092,10.1016/j.fertnstert.2023.05.151,Chervenak J,2023,The promise and peril of using a large language model to obtain clinical information: ChatGPT performs strongly as a fertility counseling tool with limitations.,Fertility and sterility,Journal Article,LLMs & GenAI,EXCLUDE,E01_NON_UROLOGICAL,LLMs & GenAI,EXCLUDE,NOT_CONTEXT_ONLY,CTX01_BROAD_DOMAIN_WITHOUT_TITLE_UROLOGY,ABSTRACT,"The substantive AI task in 'The promise and peril of using a large language model to obtain clinical information: ChatGPT performs strongly as a fertility counseling tool with limitations' is general, multi-specialty, or another organ system without a separable urological, andrological, or male-reproductive result."
37271634,10.1016/j.eururo.2023.04.042,Peng L,2023,"Re: Zhonghan Zhou, Xuesheng Wang, Xunhua Li, Limin Liao. Is ChatGPT an Evidence-based Doctor? Eur Urol. 2023;84:355-6.",European urology,Letter,LLMs & GenAI,CONTEXT_ONLY,E10_CONTEXT_ONLY,LLMs & GenAI,EXCLUDE,CONTEXT_ONLY,DEEP_SCOPE_CONTEXT_ONLY,PUBLISHER_FULL_TEXT,"This one-page correspondence reply discusses a urological ChatGPT study but reports no independent methods, model-testing protocol, study population, or separable new urological result."
37343680,10.1016/j.urology.2023.03.061,Kaplan-Marans E,2023,ChatGPT Wrote This Article.,Urology,Letter,LLMs & GenAI,CONTEXT_ONLY,E10_CONTEXT_ONLY,LLMs & GenAI,EXCLUDE,CONTEXT_ONLY,CTX01_BROAD_DOMAIN_WITHOUT_TITLE_UROLOGY,METADATA_ONLY,"'ChatGPT Wrote This Article' provides AI reporting, governance, ethics, implementation, or research-agenda context without a primary corpus-eligible AI evaluation; it may be cited narratively but not counted."
37349180,10.1016/j.euf.2023.06.002,Piazza P,2023,The Long but Necessary Journey Towards Optimization of the Cause-Effect Relationship Between Input and Output for Accountable Use of ChatGPT for Academic Purposes.,European urology focus,Editorial,LLMs & GenAI,CONTEXT_ONLY,E10_CONTEXT_ONLY,LLMs & GenAI,EXCLUDE,CONTEXT_ONLY,CTX01_BROAD_DOMAIN_WITHOUT_TITLE_UROLOGY,ABSTRACT,"'The Long but Necessary Journey Towards Optimization of the Cause-Effect Relationship Between Input and Output for Accountable Use of ChatGPT for Academic Purposes' provides AI reporting, governance, ethics, implementation, or research-agenda context without a primary corpus-eligible AI evaluation; it may be cited narratively but not counted."
37462773,10.1007/s00432-023-05183-2,Faraji N,2023,Letter to the Editor: ChatGPT's contribution to cancer study.,Journal of cancer research and clinical oncology,Letter,LLMs & GenAI,EXCLUDE,E01_NON_UROLOGICAL,LLMs & GenAI,EXCLUDE,NOT_CONTEXT_ONLY,CTX01_BROAD_DOMAIN_WITHOUT_TITLE_UROLOGY,ABSTRACT,"The substantive AI task in 'Letter to the Editor: ChatGPT's contribution to cancer study' is general, multi-specialty, or another organ system without a separable urological, andrological, or male-reproductive result."
37487885,10.1016/j.jpurol.2023.07.007,Kim JK,2023,Response to letter to the Editor re ChatGPT and large language model (LLM) chatbots: The current state of acceptability and a proposal for guidelines on utilization in academic medicine.,Journal of pediatric urology,Comment; Letter,LLMs & GenAI,CONTEXT_ONLY,E10_CONTEXT_ONLY,LLMs & GenAI,EXCLUDE,CONTEXT_ONLY,CTX01_BROAD_DOMAIN_WITHOUT_TITLE_UROLOGY,METADATA_ONLY,"'Response to letter to the Editor re ChatGPT and large language model (LLM) chatbots: The current state of acceptability and a proposal for guidelines on utilization in academic medicine' provides AI reporting, governance, ethics, implementation, or research-agenda context without a primary corpus-eligible AI evaluation; it may be cited narratively but not counted."
37652659,10.5534/wjmh.230102,Cocci A,2023,Light and Shadow of ChatGPT: A Real Tool for Advancing Scientific Research and Medical Practice?,The world journal of men's health,Editorial,LLMs & GenAI,CONTEXT_ONLY,E10_CONTEXT_ONLY,LLMs & GenAI,EXCLUDE,CONTEXT_ONLY,CTX01_BROAD_DOMAIN_WITHOUT_TITLE_UROLOGY,METADATA_ONLY,"'Light and Shadow of ChatGPT: A Real Tool for Advancing Scientific Research and Medical Practice?' provides AI reporting, governance, ethics, implementation, or research-agenda context without a primary corpus-eligible AI evaluation; it may be cited narratively but not counted."
37957381,10.1038/s41591-023-02656-2,Huo B,2023,Reporting standards for the use of large language model-linked chatbots for health advice.,Nature medicine,Letter,LLMs & GenAI,CONTEXT_ONLY,E10_CONTEXT_ONLY,LLMs & GenAI,EXCLUDE,CONTEXT_ONLY,CTX01_BROAD_DOMAIN_WITHOUT_TITLE_UROLOGY,METADATA_ONLY,"'Reporting standards for the use of large language model-linked chatbots for health advice' provides AI reporting, governance, ethics, implementation, or research-agenda context without a primary corpus-eligible AI evaluation; it may be cited narratively but not counted."
38130802,10.1177/20552076231221620,Chung EM,2023,Feasibility and acceptability of ChatGPT generated radiology report summaries for cancer patients.,Digital health,Journal Article,LLMs & GenAI,INCLUDE,,LLMs & GenAI,INCLUDE,NOT_CONTEXT_ONLY,SCP06_GENERAL_GOVERNANCE_WITHOUT_UROLOGY;CTX01_BROAD_DOMAIN_WITHOUT_TITLE_UROLOGY,ABSTRACT,The title and available abstract identify large-language-model or chatbot evaluation and machine learning applied to the in-scope task described in 'Feasibility and acceptability of ChatGPT generated radiology report summaries for cancer patients.'.
36417741,10.1109/TMI.2022.3224067,Ouyang C,2023,Causality-Inspired Single-Source Domain Generalization for Medical Image Segmentation.,IEEE transactions on medical imaging,"Journal Article; Research Support, Non-U.S. Gov't",Prostate Imaging,EXCLUDE,E01_NON_UROLOGICAL,Prostate Imaging,EXCLUDE,NOT_CONTEXT_ONLY,AI04_AI_ONLY_PATHWAY_WITHOUT_TITLE_AI;TEC01_TECHNICAL_ARTIFACT_WITHOUT_CLINICAL_CUE,ABSTRACT,"The substantive AI task in 'Causality-Inspired Single-Source Domain Generalization for Medical Image Segmentation' is general, multi-specialty, or another organ system without a separable urological, andrological, or male-reproductive result."
36599915,10.1038/s41416-022-02137-2,Yu R,2023,PI-RADS(AI): introducing a new human-in-the-loop AI model for prostate cancer diagnosis based on MRI.,British journal of cancer,"Journal Article; Research Support, Non-U.S. Gov't",Prostate Imaging,INCLUDE,,Prostate Imaging,INCLUDE,NOT_CONTEXT_ONLY,AI04_AI_ONLY_PATHWAY_WITHOUT_TITLE_AI,ABSTRACT,The title and available abstract identify deep learning and machine learning applied to the in-scope task described in 'PI-RADS(AI): introducing a new human-in-the-loop AI model for prostate cancer diagnosis based on MRI.'.
36600265,10.1186/s12967-022-03846-1,Bauckneht M,2023,Gene's expression underpinning the divergent predictive value of [18F]F-fluorodeoxyglucose and prostate-specific membrane antigen positron emission tomography in primary prostate cancer: a bioinformatic and experimental study.,Journal of translational medicine,"Journal Article; Research Support, Non-U.S. Gov't",Prostate Imaging,INCLUDE,,Prostate Imaging,INCLUDE,NOT_CONTEXT_ONLY,AI03_GENERIC_PREDICTION_WITHOUT_EXPLICIT_AI;AI04_AI_ONLY_PATHWAY_WITHOUT_TITLE_AI,ABSTRACT,The title and available abstract identify machine learning applied to the in-scope task described in 'Gene's expression underpinning the divergent predictive value of [18F]F-fluorodeoxyglucose and prostate-specific membrane antigen positron emission tomography in primary prostate cancer: a bioinformatic and experimental study.'.
36647150,10.1186/s40644-023-00527-0,Hu L,2023,Automated deep-learning system in the assessment of MRI-visible prostate cancer: comparison of advanced zoomed diffusion-weighted imaging and conventional technique.,Cancer imaging : the official publication of the International Cancer Imaging Society,Journal Article,Prostate Imaging,INCLUDE,,Prostate Imaging,INCLUDE,NOT_CONTEXT_ONLY,AI04_AI_ONLY_PATHWAY_WITHOUT_TITLE_AI,ABSTRACT,The title and available abstract identify a substantive AI or machine-learning application applied to the in-scope task described in 'Automated deep-learning system in the assessment of MRI-visible prostate cancer: comparison of advanced zoomed diffusion-weighted imaging and conventional technique.'.
36690774,10.1007/s00330-023-09410-9,Jimenez-Pastor A,2023,Automated prostate multi-regional segmentation in magnetic resonance using fully convolutional neural networks.,European radiology,Journal Article,Prostate Imaging,INCLUDE,,Prostate Imaging,INCLUDE,NOT_CONTEXT_ONLY,TEC01_TECHNICAL_ARTIFACT_WITHOUT_CLINICAL_CUE,ABSTRACT,The title and available abstract identify deep learning and computer vision applied to the in-scope task described in 'Automated prostate multi-regional segmentation in magnetic resonance using fully convolutional neural networks.'.
36765539,10.3390/cancers15030578,Gassenmaier S,2023,Thin-Slice Prostate MRI Enabled by Deep Learning Image Reconstruction.,Cancers,Journal Article,Prostate Imaging,INCLUDE,,Prostate Imaging,INCLUDE,NOT_CONTEXT_ONLY,TEC01_TECHNICAL_ARTIFACT_WITHOUT_CLINICAL_CUE,ABSTRACT,The title and available abstract identify deep learning applied to the in-scope task described in 'Thin-Slice Prostate MRI Enabled by Deep Learning Image Reconstruction.'.
36825823,10.1002/jmri.28608,Sun Z,2023,Deep-Learning Models for Detection and Localization of Visible Clinically Significant Prostate Cancer on Multi-Parametric MRI.,Journal of magnetic resonance imaging : JMRI,"Journal Article; Research Support, Non-U.S. Gov't",Prostate Imaging,INCLUDE,,Prostate Imaging,INCLUDE,NOT_CONTEXT_ONLY,AI04_AI_ONLY_PATHWAY_WITHOUT_TITLE_AI,PRIOR_HUMAN_ABSTRACT_REVIEW,The title and available abstract identify deep learning applied to the in-scope task described in 'Deep-Learning Models for Detection and Localization of Visible Clinically Significant Prostate Cancer on Multi-Parametric MRI.'.
36832103,10.3390/diagnostics13040615,Jiang W,2023,Joint Cancer Segmentation and PI-RADS Classification on Multiparametric MRI Using MiniSegCaps Network.,"Diagnostics (Basel, Switzerland)",Journal Article,Prostate Imaging,INCLUDE,,Prostate Imaging,INCLUDE,NOT_CONTEXT_ONLY,AI04_AI_ONLY_PATHWAY_WITHOUT_TITLE_AI;TEC01_TECHNICAL_ARTIFACT_WITHOUT_CLINICAL_CUE,PRIOR_HUMAN_ABSTRACT_REVIEW,The title and available abstract identify deep learning applied to the in-scope task described in 'Joint Cancer Segmentation and PI-RADS Classification on Multiparametric MRI Using MiniSegCaps Network.'.
36836937,10.3390/life13020580,Jozwiak R,2023,Intraobserver and Interobserver Agreement between Six Radiologists Describing mpMRI Features of Prostate Cancer Using a PI-RADS 2.1 Structured Reporting Scheme.,"Life (Basel, Switzerland)",Journal Article,Prostate Imaging,EXCLUDE,E05_NO_SUBSTANTIVE_AI,Prostate Imaging,EXCLUDE,NOT_CONTEXT_ONLY,AI04_AI_ONLY_PATHWAY_WITHOUT_TITLE_AI,ABSTRACT,"The available evidence for 'Intraobserver and Interobserver Agreement between Six Radiologists Describing mpMRI Features of Prostate Cancer Using a PI-RADS 2.1 Structured Reporting Scheme' reports conventional imaging, statistics, digital/AR/VR technology, biomarkers, or automation without a substantive AI/ML method or application."
36859618,10.1007/s00259-023-06163-x,Kim M,2023,Evaluation of thresholding methods for the quantification of [(68)Ga]Ga-PSMA-11 PET molecular tumor volume and their effect on survival prediction in patients with advanced prostate cancer undergoing [(177)Lu]Lu-PSMA-617 radioligand therapy.,European journal of nuclear medicine and molecular imaging,Journal Article,Prostate Imaging,INCLUDE,,Prostate Imaging,INCLUDE,NOT_CONTEXT_ONLY,AI03_GENERIC_PREDICTION_WITHOUT_EXPLICIT_AI;AI04_AI_ONLY_PATHWAY_WITHOUT_TITLE_AI,ABSTRACT,The title and available abstract identify computer vision applied to the in-scope task described in 'Evaluation of thresholding methods for the quantification of [(68)Ga]Ga-PSMA-11 PET molecular tumor volume and their effect on survival prediction in patients with advanced prostate cancer undergoing [(177)Lu]Lu-PSMA-617 radioligand therapy.'.
36870241,10.1016/j.ejrad.2023.110757,Lin Y,2023,Prostate MRI and image Quality: It is time to take stock.,European journal of radiology,Journal Article; Review,Prostate Imaging,INCLUDE,,Prostate Imaging,INCLUDE,NOT_CONTEXT_ONLY,AI04_AI_ONLY_PATHWAY_WITHOUT_TITLE_AI,ABSTRACT,The title and available abstract identify a substantive synthesis of machine learning in the in-scope Prostate Imaging area described in 'Prostate MRI and image Quality: It is time to take stock.'.
36900261,10.3390/cancers15051467,Rodrigues NM,2023,A Comparative Study of Automated Deep Learning Segmentation Models for Prostate MRI.,Cancers,Journal Article,Prostate Imaging,INCLUDE,,Prostate Imaging,INCLUDE,NOT_CONTEXT_ONLY,TEC01_TECHNICAL_ARTIFACT_WITHOUT_CLINICAL_CUE,ABSTRACT,The title and available abstract identify deep learning applied to the in-scope task described in 'A Comparative Study of Automated Deep Learning Segmentation Models for Prostate MRI.'.
36914501,10.1016/j.acra.2023.02.012,Rajagopal A,2023,Federated Learning with Research Prototypes: Application to Multi-Center MRI-based Detection of Prostate Cancer with Diverse Histopathology.,Academic radiology,"Journal Article; Research Support, N.I.H., Extramural; Research Support, Non-U.S. Gov't",Prostate Imaging,INCLUDE,,Prostate Imaging,INCLUDE,NOT_CONTEXT_ONLY,AI04_AI_ONLY_PATHWAY_WITHOUT_TITLE_AI,ABSTRACT,The title and available abstract identify deep learning applied to the in-scope task described in 'Federated Learning with Research Prototypes: Application to Multi-Center MRI-based Detection of Prostate Cancer with Diverse Histopathology.'.
36959777,10.1002/pros.24528,Oerther B,2023,Prediction of upgrade to clinically significant prostate cancer in patients under active surveillance: Performance of a fully automated AI-algorithm for lesion detection and classification.,The Prostate,"Journal Article; Research Support, Non-U.S. Gov't",Prostate Imaging,INCLUDE,,Prostate Imaging,INCLUDE,NOT_CONTEXT_ONLY,AI03_GENERIC_PREDICTION_WITHOUT_EXPLICIT_AI;AI04_AI_ONLY_PATHWAY_WITHOUT_TITLE_AI,ABSTRACT,The title and available abstract identify a substantive AI or machine-learning application applied to the in-scope task described in 'Prediction of upgrade to clinically significant prostate cancer in patients under active surveillance: Performance of a fully automated AI-algorithm for lesion detection and classification.'.
36983728,10.3390/jpm13030547,Xu IRL,2023,Generative Adversarial Networks Can Create High Quality Artificial Prostate Cancer Magnetic Resonance Images.,Journal of personalized medicine,Journal Article,Prostate Imaging,INCLUDE,,Prostate Imaging,INCLUDE,NOT_CONTEXT_ONLY,AI04_AI_ONLY_PATHWAY_WITHOUT_TITLE_AI,ABSTRACT,The title and available abstract identify deep learning and machine learning applied to the in-scope task described in 'Generative Adversarial Networks Can Create High Quality Artificial Prostate Cancer Magnetic Resonance Images.'.
37009941,10.1186/s41824-023-00165-6,Duriseti S,2023,Quantitative assessment of PSMA PET response to therapy in castration-sensitive prostate cancer using an automated imaging platform for disease identification and measurement.,European journal of hybrid imaging,Journal Article,Prostate Imaging,INCLUDE,,Prostate Imaging,INCLUDE,NOT_CONTEXT_ONLY,AI04_AI_ONLY_PATHWAY_WITHOUT_TITLE_AI,ABSTRACT,The title and available abstract identify machine learning applied to the in-scope task described in 'Quantitative assessment of PSMA PET response to therapy in castration-sensitive prostate cancer using an automated imaging platform for disease identification and measurement.'.
37037147,10.1016/j.compbiomed.2023.106882,Xu Y,2023,Automatic segmentation of prostate cancer metastases in PSMA PET/CT images using deep neural networks with weighted batch-wise dice loss.,Computers in biology and medicine,"Journal Article; Research Support, N.I.H., Extramural; Research Support, Non-U.S. Gov't",Prostate Imaging,INCLUDE,,Prostate Imaging,INCLUDE,NOT_CONTEXT_ONLY,TEC01_TECHNICAL_ARTIFACT_WITHOUT_CLINICAL_CUE,ABSTRACT,The title and available abstract identify deep learning applied to the in-scope task described in 'Automatic segmentation of prostate cancer metastases in PSMA PET/CT images using deep neural networks with weighted batch-wise dice loss.'.
37097134,10.1148/radiol.223128,Turkbey B,2023,PI-RADS: Where Next?,Radiology,Journal Article; Review,Prostate Imaging,EXCLUDE,E05_NO_SUBSTANTIVE_AI,Prostate Imaging,EXCLUDE,NOT_CONTEXT_ONLY,AI04_AI_ONLY_PATHWAY_WITHOUT_TITLE_AI,ABSTRACT,"The available evidence for 'PI-RADS: Where Next?' reports conventional imaging, statistics, digital/AR/VR technology, biomarkers, or automation without a substantive AI/ML method or application."
37154952,10.1007/s00330-023-09673-2,Padhani AR,2023,Prostate cancer screening-stepping forward with MRI.,European radiology,Journal Article,Prostate Imaging,INCLUDE,,Prostate Imaging,INCLUDE,NOT_CONTEXT_ONLY,AI04_AI_ONLY_PATHWAY_WITHOUT_TITLE_AI,ABSTRACT,The title and available abstract identify a substantive AI or machine-learning application applied to the in-scope task described in 'Prostate cancer screening-stepping forward with MRI.'.
37198106,10.3760/cma.j.cn112137-20221018-02174,Qiao XM,2023,[The value of machine learning models based on biparametric MRI for diagnosis of prostate cancer and clinically significant prostate cancer].,Zhonghua yi xue za zhi,English Abstract; Journal Article,Prostate Imaging,EXCLUDE,E09_DATE_LANGUAGE_INDEXING,Prostate Imaging,EXCLUDE,NOT_CONTEXT_ONLY,DEEP_SCOPE_LANGUAGE_BOUNDARY,PUBMED_METADATA,Official PubMed XML metadata lists the publication language as Chinese (chi) and does not include the English language code (eng). The record is therefore excluded under the prespecified English-language eligibility rule; an English-translated NLM title or abstract does not make the publication itself English-language eligible.
37218191,10.2174/1573405620666230522151445,Coroama LG,2023,"A Light, 3D UNet-based Architecture for Fully Automatic Segmentation of Prostate Lesions from T2-MRI Images.",Current medical imaging,Journal Article,Prostate Imaging,INCLUDE,,Prostate Imaging,INCLUDE,NOT_CONTEXT_ONLY,AI04_AI_ONLY_PATHWAY_WITHOUT_TITLE_AI;TEC01_TECHNICAL_ARTIFACT_WITHOUT_CLINICAL_CUE,ABSTRACT,"The title and available abstract identify deep learning and machine learning applied to the in-scope task described in 'A Light, 3D UNet-based Architecture for Fully Automatic Segmentation of Prostate Lesions from T2-MRI Images.'."
37245342,10.1016/j.ejrad.2023.110887,Kim H,2023,The role of AI in prostate MRI quality and interpretation: Opportunities and challenges.,European journal of radiology,Journal Article; Review,Prostate Imaging,INCLUDE,,Prostate Imaging,INCLUDE,NOT_CONTEXT_ONLY,AI04_AI_ONLY_PATHWAY_WITHOUT_TITLE_AI,ABSTRACT,The title and available abstract identify a substantive synthesis of machine learning in the in-scope Prostate Imaging area described in 'The role of AI in prostate MRI quality and interpretation: Opportunities and challenges.'.
37302934,10.1016/j.hoc.2023.05.002,Schawkat K,2023,Insights into Renal Cell Carcinoma with Novel Imaging Approaches.,Hematology/oncology clinics of North America,Journal Article; Review,Prostate Imaging,EXCLUDE,E05_NO_SUBSTANTIVE_AI,Prostate Imaging,EXCLUDE,NOT_CONTEXT_ONLY,AI04_AI_ONLY_PATHWAY_WITHOUT_TITLE_AI,ABSTRACT,Override to EXCLUDE (E05). Renal mass imaging overview focusing on Bosniak and ccLS algorithms; radiomics/AI is listed in passing among emerging techniques.
37368800,10.1109/JBHI.2023.3289913,Yan Y,2023,CCT-Unet: A U-Shaped Network Based on Convolution Coupled Transformer for Segmentation of Peripheral and Transition Zones in Prostate MRI.,IEEE journal of biomedical and health informatics,"Journal Article; Research Support, Non-U.S. Gov't",Prostate Imaging,INCLUDE,,Prostate Imaging,INCLUDE,NOT_CONTEXT_ONLY,TEC01_TECHNICAL_ARTIFACT_WITHOUT_CLINICAL_CUE,ABSTRACT,The title and available abstract identify deep learning applied to the in-scope task described in 'CCT-Unet: A U-Shaped Network Based on Convolution Coupled Transformer for Segmentation of Peripheral and Transition Zones in Prostate MRI.'.
37511785,10.3390/jpm13071172,Thulasi Seetha S,2023,Stability of Multi-Parametric Prostate MRI Radiomic Features to Variations in Segmentation.,Journal of personalized medicine,Journal Article,Prostate Imaging,INCLUDE,,Prostate Imaging,INCLUDE,NOT_CONTEXT_ONLY,TEC01_TECHNICAL_ARTIFACT_WITHOUT_CLINICAL_CUE,ABSTRACT,The title and available abstract identify radiomics or pathomics applied to the in-scope task described in 'Stability of Multi-Parametric Prostate MRI Radiomic Features to Variations in Segmentation.'.
37553543,10.1007/s11255-023-03722-x,Li S,2023,AI-predicted mpMRI image features for the prediction of clinically significant prostate cancer.,International urology and nephrology,Journal Article,Prostate Imaging,INCLUDE,,Prostate Imaging,INCLUDE,NOT_CONTEXT_ONLY,AI03_GENERIC_PREDICTION_WITHOUT_EXPLICIT_AI;AI04_AI_ONLY_PATHWAY_WITHOUT_TITLE_AI,ABSTRACT,The title and available abstract identify a substantive AI or machine-learning application applied to the in-scope task described in 'AI-predicted mpMRI image features for the prediction of clinically significant prostate cancer.'.
37605627,10.1111/iju.15280,Matsuoka Y,2023,Deep-learning prostate cancer detection and segmentation on biparametric versus multiparametric magnetic resonance imaging: Added value of dynamic contrast-enhanced imaging.,International journal of urology : official journal of the Japanese Urological Association,Journal Article,Prostate Imaging,INCLUDE,,Prostate Imaging,INCLUDE,NOT_CONTEXT_ONLY,AI04_AI_ONLY_PATHWAY_WITHOUT_TITLE_AI,ABSTRACT,The title and available abstract identify deep learning applied to the in-scope task described in 'Deep-learning prostate cancer detection and segmentation on biparametric versus multiparametric magnetic resonance imaging: Added value of dynamic contrast-enhanced imaging.'.
37750773,10.1148/radiol.232344,Turkbey B,2023,The Potential for Deep Learning Reconstruction to Improve the Quality of T2-weighted Prostate MRI.,Radiology,Comment; Editorial,Prostate Imaging,INCLUDE,,Prostate Imaging,INCLUDE,NOT_CONTEXT_ONLY,TEC01_TECHNICAL_ARTIFACT_WITHOUT_CLINICAL_CUE,PRIOR_HUMAN_ABSTRACT_REVIEW,The publication title and metadata identify deep learning applied to the in-scope task described in 'The Potential for Deep Learning Reconstruction to Improve the Quality of T2-weighted Prostate MRI.'.
37750774,10.1148/radiol.230427,Bischoff LM,2023,Deep Learning Super-Resolution Reconstruction for Fast and Motion-Robust T2-weighted Prostate MRI.,Radiology,Journal Article,Prostate Imaging,INCLUDE,,Prostate Imaging,INCLUDE,NOT_CONTEXT_ONLY,TEC01_TECHNICAL_ARTIFACT_WITHOUT_CLINICAL_CUE,ABSTRACT,The title and available abstract identify deep learning applied to the in-scope task described in 'Deep Learning Super-Resolution Reconstruction for Fast and Motion-Robust T2-weighted Prostate MRI.'.
37869318,10.21037/qims-23-446,Ye Y,2023,Development trends and knowledge framework in the application of magnetic resonance imaging in prostate cancer: a bibliometric analysis from 1984 to 2022.,Quantitative imaging in medicine and surgery,Journal Article,Prostate Imaging,INCLUDE,,Prostate Imaging,INCLUDE,NOT_CONTEXT_ONLY,AI04_AI_ONLY_PATHWAY_WITHOUT_TITLE_AI,ABSTRACT,The title and available abstract identify deep learning and radiomics or pathomics applied to the in-scope task described in 'Development trends and knowledge framework in the application of magnetic resonance imaging in prostate cancer: a bibliometric analysis from 1984 to 2022.'.
38036991,10.1186/s12880-023-01163-7,Chen J,2023,A transfer learning nomogram for predicting prostate cancer and benign conditions on MRI.,BMC medical imaging,"Journal Article; Research Support, Non-U.S. Gov't",Prostate Imaging,INCLUDE,,Prostate Imaging,INCLUDE,NOT_CONTEXT_ONLY,AI03_GENERIC_PREDICTION_WITHOUT_EXPLICIT_AI;AI04_AI_ONLY_PATHWAY_WITHOUT_TITLE_AI,ABSTRACT,The title and available abstract identify deep learning applied to the in-scope task described in 'A transfer learning nomogram for predicting prostate cancer and benign conditions on MRI.'.
38135930,10.3390/bioengineering10121340,Jin L,2023,Interobserver Agreement in Automatic Segmentation Annotation of Prostate Magnetic Resonance Imaging.,"Bioengineering (Basel, Switzerland)",Journal Article,Prostate Imaging,INCLUDE,,Prostate Imaging,INCLUDE,NOT_CONTEXT_ONLY,AI04_AI_ONLY_PATHWAY_WITHOUT_TITLE_AI;TEC01_TECHNICAL_ARTIFACT_WITHOUT_CLINICAL_CUE,ABSTRACT,The title and available abstract identify radiomics or pathomics applied to the in-scope task described in 'Interobserver Agreement in Automatic Segmentation Annotation of Prostate Magnetic Resonance Imaging.'.
36481762,10.1016/j.compbiomed.2022.106340,Xiang J,2023,Automatic diagnosis and grading of Prostate Cancer with weakly supervised learning on whole slide images.,Computers in biology and medicine,Journal Article,Prostate Pathology,INCLUDE,,Prostate Pathology,INCLUDE,NOT_CONTEXT_ONLY,AI04_AI_ONLY_PATHWAY_WITHOUT_TITLE_AI,PRIOR_HUMAN_ABSTRACT_REVIEW,The title and available abstract identify deep learning and machine learning applied to the in-scope task described in 'Automatic diagnosis and grading of Prostate Cancer with weakly supervised learning on whole slide images.'.
36496513,10.1007/s11517-022-02711-z,Li X,2023,Expectation-maximization algorithm leads to domain adaptation for a perineural invasion and nerve extraction task in whole slide digital pathology images.,Medical & biological engineering & computing,Journal Article,Prostate Pathology,INCLUDE,,Prostate Pathology,INCLUDE,NOT_CONTEXT_ONLY,AI04_AI_ONLY_PATHWAY_WITHOUT_TITLE_AI,ABSTRACT,The title and available abstract identify deep learning applied to the in-scope task described in 'Expectation-maximization algorithm leads to domain adaptation for a perineural invasion and nerve extraction task in whole slide digital pathology images.'.
36715344,10.1002/jbio.202200334,van Breugel SJ,2023,Raman spectroscopy system for real-time diagnosis of clinically significant prostate cancer tissue.,Journal of biophotonics,"Clinical Trial; Journal Article; Research Support, Non-U.S. Gov't",Prostate Pathology,INCLUDE,,Prostate Pathology,INCLUDE,NOT_CONTEXT_ONLY,DEEP_SCOPE_FULLTEXT_CONFIRMATION,FULL_TEXT,"The Raman-spectroscopy study applies PCA, PLS-DA, and an RBF-kernel support-vector machine with patient-level validation to diagnose clinically significant prostate-cancer tissue in 84 men."
36717727,10.1038/s41598-023-28669-y,Xu D,2023,Mask R-CNN assisted 2.5D object detection pipeline of (68)Ga-PSMA-11 PET/CT-positive metastatic pelvic lymph node after radical prostatectomy from solely CT imaging.,Scientific reports,"Journal Article; Research Support, N.I.H., Extramural; Research Support, U.S. Gov't, Non-P.H.S.",Prostate Pathology,INCLUDE,,Prostate Pathology,INCLUDE,NOT_CONTEXT_ONLY,AI04_AI_ONLY_PATHWAY_WITHOUT_TITLE_AI,ABSTRACT,The title and available abstract identify deep learning and machine learning applied to the in-scope task described in 'Mask R-CNN assisted 2.5D object detection pipeline of (68)Ga-PSMA-11 PET/CT-positive metastatic pelvic lymph node after radical prostatectomy from solely CT imaging.'.
36729865,10.1097/RLI.0000000000000945,Al-Bourini O,2023,T1 Mapping of the Prostate Using Single-Shot T1FLASH: A Clinical Feasibility Study to Optimize Prostate Cancer Assessment.,Investigative radiology,"Journal Article; Research Support, Non-U.S. Gov't",Prostate Pathology,EXCLUDE,E05_NO_SUBSTANTIVE_AI,Prostate Pathology,EXCLUDE,NOT_CONTEXT_ONLY,AI04_AI_ONLY_PATHWAY_WITHOUT_TITLE_AI,ABSTRACT,"The available evidence for 'T1 Mapping of the Prostate Using Single-Shot T1FLASH: A Clinical Feasibility Study to Optimize Prostate Cancer Assessment' reports conventional imaging, statistics, digital/AR/VR technology, biomarkers, or automation without a substantive AI/ML method or application."
36748189,10.1016/j.labinv.2022.100006,Falahkheirkhah K,2023,Deepfake Histologic Images for Enhancing Digital Pathology.,Laboratory investigation; a journal of technical methods and pathology,"Journal Article; Research Support, N.I.H., Extramural; Research Support, Non-U.S. Gov't",Prostate Pathology,INCLUDE,,Prostate Pathology,INCLUDE,NOT_CONTEXT_ONLY,AI04_AI_ONLY_PATHWAY_WITHOUT_TITLE_AI,ABSTRACT,The title and available abstract identify deep learning and machine learning applied to the in-scope task described in 'Deepfake Histologic Images for Enhancing Digital Pathology.'.
36823229,10.1007/s00428-023-03502-z,Yang Z,2023,The devil is in the details: a small-lesion sensitive weakly supervised learning framework for prostate cancer detection and grading.,Virchows Archiv : an international journal of pathology,Journal Article,Prostate Pathology,INCLUDE,,Prostate Pathology,INCLUDE,NOT_CONTEXT_ONLY,AI04_AI_ONLY_PATHWAY_WITHOUT_TITLE_AI,ABSTRACT,The title and available abstract identify deep learning and machine learning applied to the in-scope task described in 'The devil is in the details: a small-lesion sensitive weakly supervised learning framework for prostate cancer detection and grading.'.
36905102,10.1002/mp.16343,Liu K,2023,Mutually communicated model based on multi-parametric MRI for automated segmentation and classification of prostate cancer.,Medical physics,Journal Article,Prostate Pathology,INCLUDE,,Prostate Pathology,INCLUDE,NOT_CONTEXT_ONLY,TEC01_TECHNICAL_ARTIFACT_WITHOUT_CLINICAL_CUE,ABSTRACT,The title and available abstract identify deep learning applied to the in-scope task described in 'Mutually communicated model based on multi-parametric MRI for automated segmentation and classification of prostate cancer.'.
37062899,10.1177/09544119231154305,Reuben RL,2023,Mechanical mapping of the prostate in vivo using Dynamic Instrumented Palpation; towards an in vivo strategy for cancer assessment.,"Proceedings of the Institution of Mechanical Engineers. Part H, Journal of engineering in medicine",Journal Article,Prostate Pathology,INCLUDE,,Prostate Pathology,INCLUDE,NOT_CONTEXT_ONLY,AI04_AI_ONLY_PATHWAY_WITHOUT_TITLE_AI,ABSTRACT,The title and available abstract identify deep learning applied to the in-scope task described in 'Mechanical mapping of the prostate in vivo using Dynamic Instrumented Palpation; towards an in vivo strategy for cancer assessment.'.
37129493,10.1148/radiol.221309,Yilmaz EC,2023,Prospective Evaluation of PI-RADS Version 2.1 for Prostate Cancer Detection and Investigation of Multiparametric MRI-derived Markers.,Radiology,"Journal Article; Research Support, N.I.H., Extramural",Prostate Pathology,EXCLUDE,E05_NO_SUBSTANTIVE_AI,Prostate Pathology,EXCLUDE,NOT_CONTEXT_ONLY,AI04_AI_ONLY_PATHWAY_WITHOUT_TITLE_AI,ABSTRACT,"The available evidence for 'Prospective Evaluation of PI-RADS Version 2.1 for Prostate Cancer Detection and Investigation of Multiparametric MRI-derived Markers' reports conventional imaging, statistics, digital/AR/VR technology, biomarkers, or automation without a substantive AI/ML method or application."
37154588,10.1002/pros.24547,Mannas MP,2023,"Stimulated Raman histology, a novel method to allow for rapid pathologic examination of unprocessed, fresh prostate biopsies.",The Prostate,Journal Article,Prostate Pathology,EXCLUDE,E05_NO_SUBSTANTIVE_AI,Prostate Pathology,EXCLUDE,NOT_CONTEXT_ONLY,AI04_AI_ONLY_PATHWAY_WITHOUT_TITLE_AI,ABSTRACT,"The available evidence for 'Stimulated Raman histology, a novel method to allow for rapid pathologic examination of unprocessed, fresh prostate biopsies' reports conventional imaging, statistics, digital/AR/VR technology, biomarkers, or automation without a substantive AI/ML method or application."
37217768,10.1007/s11548-023-02949-4,Gilany M,2023,TRUSformer: improving prostate cancer detection from micro-ultrasound using attention and self-supervision.,International journal of computer assisted radiology and surgery,Journal Article,Prostate Pathology,INCLUDE,,Prostate Pathology,INCLUDE,NOT_CONTEXT_ONLY,AI04_AI_ONLY_PATHWAY_WITHOUT_TITLE_AI,ABSTRACT,The title and available abstract identify deep learning and machine learning applied to the in-scope task described in 'TRUSformer: improving prostate cancer detection from micro-ultrasound using attention and self-supervision.'.
37225634,10.1016/j.urolonc.2023.04.008,Mannas MP,2023,Stimulated Raman histology as a method to determine the adequacy of renal mass biopsy and identify malignant subtypes of renal cell carcinoma.,Urologic oncology,Journal Article,Prostate Pathology,EXCLUDE,E05_NO_SUBSTANTIVE_AI,Prostate Pathology,EXCLUDE,NOT_CONTEXT_ONLY,AI04_AI_ONLY_PATHWAY_WITHOUT_TITLE_AI,ABSTRACT,"The available evidence for 'Stimulated Raman histology as a method to determine the adequacy of renal mass biopsy and identify malignant subtypes of renal cell carcinoma' reports conventional imaging, statistics, digital/AR/VR technology, biomarkers, or automation without a substantive AI/ML method or application."
37232213,10.1002/path.6090,Serafin R,2023,Nondestructive 3D pathology with analysis of nuclear features for prostate cancer risk assessment.,The Journal of pathology,"Journal Article; Research Support, N.I.H., Extramural; Research Support, Non-U.S. Gov't; Research Support, U.S. Gov't, Non-P.H.S.",Prostate Pathology,INCLUDE,,Prostate Pathology,INCLUDE,NOT_CONTEXT_ONLY,AI04_AI_ONLY_PATHWAY_WITHOUT_TITLE_AI,ABSTRACT,The title and available abstract identify deep learning applied to the in-scope task described in 'Nondestructive 3D pathology with analysis of nuclear features for prostate cancer risk assessment.'.
37329212,10.1002/cam4.6216,Fairey A,2023,Clinical analysis of EV-Fingerprint to predict grade group 3 and above prostate cancer and avoid prostate biopsy.,Cancer medicine,"Journal Article; Research Support, Non-U.S. Gov't",Prostate Pathology,INCLUDE,,Prostate Pathology,INCLUDE,NOT_CONTEXT_ONLY,AI04_AI_ONLY_PATHWAY_WITHOUT_TITLE_AI,ABSTRACT,The title and available abstract identify machine learning applied to the in-scope task described in 'Clinical analysis of EV-Fingerprint to predict grade group 3 and above prostate cancer and avoid prostate biopsy.'.
37352385,10.1158/0008-5472.CAN-22-3113,Pizurica M,2023,Whole Slide Imaging-Based Prediction of TP53 Mutations Identifies an Aggressive Disease Phenotype in Prostate Cancer.,Cancer research,"Journal Article; Research Support, N.I.H., Extramural; Research Support, Non-U.S. Gov't",Prostate Pathology,INCLUDE,,Prostate Pathology,INCLUDE,NOT_CONTEXT_ONLY,AI03_GENERIC_PREDICTION_WITHOUT_EXPLICIT_AI;AI04_AI_ONLY_PATHWAY_WITHOUT_TITLE_AI,ABSTRACT,The title and available abstract identify deep learning applied to the in-scope task described in 'Whole Slide Imaging-Based Prediction of TP53 Mutations Identifies an Aggressive Disease Phenotype in Prostate Cancer.'.
37445393,10.3390/jcm12134358,Checcucci E,2023,Machine-Learning-Based Tool to Predict Target Prostate Biopsy Outcomes: An Internal Validation Study.,Journal of clinical medicine,Journal Article,Prostate Pathology,INCLUDE,,Prostate Pathology,INCLUDE,NOT_CONTEXT_ONLY,AI04_AI_ONLY_PATHWAY_WITHOUT_TITLE_AI,ABSTRACT,The title and available abstract identify machine learning applied to the in-scope task described in 'Machine-Learning-Based Tool to Predict Target Prostate Biopsy Outcomes: An Internal Validation Study.'.
37545333,10.1002/pros.24608,Li J,2023,Clinical study of multifactorial diagnosis in prostate biopsy.,The Prostate,"Journal Article; Research Support, Non-U.S. Gov't",Prostate Pathology,INCLUDE,,Prostate Pathology,INCLUDE,NOT_CONTEXT_ONLY,AI04_AI_ONLY_PATHWAY_WITHOUT_TITLE_AI,ABSTRACT,The title and available abstract identify machine learning applied to the in-scope task described in 'Clinical study of multifactorial diagnosis in prostate biopsy.'.
37572884,10.1016/j.urology.2023.06.036,Enders JJ,2023,A Novel Magnetic Resonance Imaging/Ultrasound Fusion Prostate Biopsy Technique Using Transperineal Ultrasound: An Initial Experience.,Urology,Journal Article,Prostate Pathology,EXCLUDE,E05_NO_SUBSTANTIVE_AI,Prostate Pathology,EXCLUDE,NOT_CONTEXT_ONLY,AI04_AI_ONLY_PATHWAY_WITHOUT_TITLE_AI,ABSTRACT,"The available evidence for 'A Novel Magnetic Resonance Imaging/Ultrasound Fusion Prostate Biopsy Technique Using Transperineal Ultrasound: An Initial Experience' reports conventional imaging, statistics, digital/AR/VR technology, biomarkers, or automation without a substantive AI/ML method or application."
37582946,10.1038/s41698-023-00424-6,Tolkach Y,2023,An international multi-institutional validation study of the algorithm for prostate cancer detection and Gleason grading.,NPJ precision oncology,Journal Article,Prostate Pathology,INCLUDE,,Prostate Pathology,INCLUDE,NOT_CONTEXT_ONLY,AI04_AI_ONLY_PATHWAY_WITHOUT_TITLE_AI,ABSTRACT,The title and available abstract identify deep learning applied to the in-scope task described in 'An international multi-institutional validation study of the algorithm for prostate cancer detection and Gleason grading.'.
37596374,10.1038/s41598-023-40371-7,Kaneko M,2023,Transperineal vs transrectal magnetic resonance and ultrasound image fusion prostate biopsy: a pair-matched comparison.,Scientific reports,Journal Article,Prostate Pathology,EXCLUDE,E05_NO_SUBSTANTIVE_AI,Prostate Pathology,EXCLUDE,NOT_CONTEXT_ONLY,AI04_AI_ONLY_PATHWAY_WITHOUT_TITLE_AI,ABSTRACT,"The available evidence for 'Transperineal vs transrectal magnetic resonance and ultrasound image fusion prostate biopsy: a pair-matched comparison' reports conventional imaging, statistics, digital/AR/VR technology, biomarkers, or automation without a substantive AI/ML method or application."
37652543,10.2967/jnumed.122.265001,Zhang J,2023,A Prostate-Specific Membrane Antigen PET-Based Approach for Improved Diagnosis of Prostate Cancer in Gleason Grade Group 1: A Multicenter Retrospective Study.,"Journal of nuclear medicine : official publication, Society of Nuclear Medicine","Journal Article; Multicenter Study; Research Support, Non-U.S. Gov't",Prostate Pathology,INCLUDE,,Prostate Pathology,INCLUDE,NOT_CONTEXT_ONLY,AI04_AI_ONLY_PATHWAY_WITHOUT_TITLE_AI,ABSTRACT,The title and available abstract identify deep learning applied to the in-scope task described in 'A Prostate-Specific Membrane Antigen PET-Based Approach for Improved Diagnosis of Prostate Cancer in Gleason Grade Group 1: A Multicenter Retrospective Study.'.
37813279,10.1016/j.labinv.2023.100257,Vazzano J,2023,Evaluation of A Computer-Aided Detection Software for Prostate Cancer Prediction: Excellent Diagnostic Accuracy Independent of Preanalytical Factors.,Laboratory investigation; a journal of technical methods and pathology,Journal Article,Prostate Pathology,INCLUDE,,Prostate Pathology,INCLUDE,NOT_CONTEXT_ONLY,AI03_GENERIC_PREDICTION_WITHOUT_EXPLICIT_AI;AI04_AI_ONLY_PATHWAY_WITHOUT_TITLE_AI,ABSTRACT,The title and available abstract identify a substantive AI or machine-learning application applied to the in-scope task described in 'Evaluation of A Computer-Aided Detection Software for Prostate Cancer Prediction: Excellent Diagnostic Accuracy Independent of Preanalytical Factors.'.
37936016,10.1007/s11934-023-01187-0,Kang Z,2023,Management Strategy for Prostate Imaging Reporting and Data System Category 3 Lesions.,Current urology reports,Journal Article; Review,Prostate Pathology,INCLUDE,,Prostate Pathology,INCLUDE,NOT_CONTEXT_ONLY,AI04_AI_ONLY_PATHWAY_WITHOUT_TITLE_AI,ABSTRACT,The title and available abstract identify a substantive synthesis of machine learning in the in-scope Prostate Pathology area described in 'Management Strategy for Prostate Imaging Reporting and Data System Category 3 Lesions.'.
37957250,10.1038/s41598-023-46747-z,Kovacs B,2023,Addressing image misalignments in multi-parametric prostate MRI for enhanced computer-aided diagnosis of prostate cancer.,Scientific reports,"Journal Article; Research Support, Non-U.S. Gov't",Prostate Pathology,INCLUDE,,Prostate Pathology,INCLUDE,NOT_CONTEXT_ONLY,AI04_AI_ONLY_PATHWAY_WITHOUT_TITLE_AI,ABSTRACT,The title and available abstract identify a substantive AI or machine-learning application applied to the in-scope task described in 'Addressing image misalignments in multi-parametric prostate MRI for enhanced computer-aided diagnosis of prostate cancer.'.
36645455,10.1007/s00330-022-09384-0,Zhou T,2023,"Distinguishing common renal cell carcinomas from benign renal tumors based on machine learning: comparing various CT imaging phases, slices, tumor sizes, and ROI segmentation strategies.",European radiology,Journal Article,Renal/Kidney,INCLUDE,,Renal/Kidney,INCLUDE,NOT_CONTEXT_ONLY,TEC01_TECHNICAL_ARTIFACT_WITHOUT_CLINICAL_CUE,ABSTRACT,"The title and available abstract identify machine learning applied to the in-scope task described in 'Distinguishing common renal cell carcinomas from benign renal tumors based on machine learning: comparing various CT imaging phases, slices, tumor sizes, and ROI segmentation strategies.'."
36648124,10.1111/bju.15959,Boulenger de Hauteclocque A,2023,Machine-learning approach for prediction of pT3a upstaging and outcomes of localized renal cell carcinoma (UroCCR-15).,BJU international,Journal Article,Renal/Kidney,INCLUDE,,Renal/Kidney,INCLUDE,NOT_CONTEXT_ONLY,AI03_GENERIC_PREDICTION_WITHOUT_EXPLICIT_AI;AI04_AI_ONLY_PATHWAY_WITHOUT_TITLE_AI,ABSTRACT,The title and available abstract identify a substantive AI or machine-learning application applied to the in-scope task described in 'Machine-learning approach for prediction of pT3a upstaging and outcomes of localized renal cell carcinoma (UroCCR-15).'.
36671688,10.3390/bioengineering10010116,Liu J,2023,AI-Driven Robust Kidney and Renal Mass Segmentation and Classification on 3D CT Images.,"Bioengineering (Basel, Switzerland)",Journal Article,Renal/Kidney,INCLUDE,,Renal/Kidney,INCLUDE,NOT_CONTEXT_ONLY,TEC01_TECHNICAL_ARTIFACT_WITHOUT_CLINICAL_CUE,ABSTRACT,The title and available abstract identify deep learning and machine learning applied to the in-scope task described in 'AI-Driven Robust Kidney and Renal Mass Segmentation and Classification on 3D CT Images.'.
36672304,10.3390/cancers15020354,Posada Calderon L,2023,Advances in Imaging-Based Biomarkers in Renal Cell Carcinoma: A Critical Analysis of the Current Literature.,Cancers,Journal Article; Review,Renal/Kidney,INCLUDE,,Renal/Kidney,INCLUDE,NOT_CONTEXT_ONLY,AI04_AI_ONLY_PATHWAY_WITHOUT_TITLE_AI,ABSTRACT,The title and available abstract identify a substantive synthesis of radiomics or pathomics and machine learning in the in-scope Renal/Kidney area described in 'Advances in Imaging-Based Biomarkers in Renal Cell Carcinoma: A Critical Analysis of the Current Literature.'.
36793772,10.1016/j.ejro.2023.100476,He XM,2023,Radiogenomics study to predict the nuclear grade of renal clear cell carcinoma.,European journal of radiology open,Journal Article,Renal/Kidney,INCLUDE,,Renal/Kidney,INCLUDE,NOT_CONTEXT_ONLY,AI04_AI_ONLY_PATHWAY_WITHOUT_TITLE_AI,ABSTRACT,The title and available abstract identify radiomics or pathomics and machine learning applied to the in-scope task described in 'Radiogenomics study to predict the nuclear grade of renal clear cell carcinoma.'.
36855860,10.1002/mp.16303,Lay N,2023,Deep learning-based decision forest for hereditary clear cell renal cell carcinoma segmentation on MRI.,Medical physics,Journal Article,Renal/Kidney,INCLUDE,,Renal/Kidney,INCLUDE,NOT_CONTEXT_ONLY,TEC01_TECHNICAL_ARTIFACT_WITHOUT_CLINICAL_CUE,ABSTRACT,The title and available abstract identify deep learning applied to the in-scope task described in 'Deep learning-based decision forest for hereditary clear cell renal cell carcinoma segmentation on MRI.'.
37080171,10.1159/000530719,Liu DH,2023,Radiogenomic Associations Clear Cell Renal Cell Carcinoma: An Exploratory Study.,Oncology,Journal Article,Renal/Kidney,INCLUDE,,Renal/Kidney,INCLUDE,NOT_CONTEXT_ONLY,AI04_AI_ONLY_PATHWAY_WITHOUT_TITLE_AI,PRIOR_HUMAN_ABSTRACT_REVIEW,The title and available abstract identify radiomics or pathomics and machine learning applied to the in-scope task described in 'Radiogenomic Associations Clear Cell Renal Cell Carcinoma: An Exploratory Study.'.
37274226,10.3389/fonc.2023.1169922,Zhao T,2023,Automatic renal mass segmentation and classification on CT images based on 3D U-Net and ResNet algorithms.,Frontiers in oncology,Journal Article,Renal/Kidney,INCLUDE,,Renal/Kidney,INCLUDE,NOT_CONTEXT_ONLY,AI04_AI_ONLY_PATHWAY_WITHOUT_TITLE_AI;TEC01_TECHNICAL_ARTIFACT_WITHOUT_CLINICAL_CUE,ABSTRACT,The title and available abstract identify deep learning applied to the in-scope task described in 'Automatic renal mass segmentation and classification on CT images based on 3D U-Net and ResNet algorithms.'.
37289245,10.1007/s00330-023-09812-9,Yang H,2023,An automated surgical decision-making framework for partial or radical nephrectomy based on 3D-CT multi-level anatomical features in renal cell carcinoma.,European radiology,Journal Article; Multicenter Study,Renal/Kidney,INCLUDE,,Renal/Kidney,INCLUDE,NOT_CONTEXT_ONLY,AI04_AI_ONLY_PATHWAY_WITHOUT_TITLE_AI,ABSTRACT,The title and available abstract identify deep learning and machine learning applied to the in-scope task described in 'An automated surgical decision-making framework for partial or radical nephrectomy based on 3D-CT multi-level anatomical features in renal cell carcinoma.'.
37393162,10.1016/S2589-7500(23)00095-X,Gui CP,2023,Multimodal recurrence scoring system for prediction of clear cell renal cell carcinoma outcome: a discovery and validation study.,The Lancet. Digital health,"Journal Article; Research Support, Non-U.S. Gov't",Renal/Kidney,INCLUDE,,Renal/Kidney,INCLUDE,NOT_CONTEXT_ONLY,AI03_GENERIC_PREDICTION_WITHOUT_EXPLICIT_AI,ABSTRACT,The title and available abstract identify deep learning applied to the in-scope task described in 'Multimodal recurrence scoring system for prediction of clear cell renal cell carcinoma outcome: a discovery and validation study.'.
37523897,10.1016/j.tranon.2023.101741,Zhang Z,2023,Identification of a novel 5-methylcytosine-related signature for prognostic prediction of kidney renal papillary cell carcinoma and a Putative target for drug repurposing.,Translational oncology,Journal Article,Renal/Kidney,EXCLUDE,E05_NO_SUBSTANTIVE_AI,Renal/Kidney,EXCLUDE,NOT_CONTEXT_ONLY,AI03_GENERIC_PREDICTION_WITHOUT_EXPLICIT_AI,ABSTRACT,"The available evidence for 'Identification of a novel 5-methylcytosine-related signature for prognostic prediction of kidney renal papillary cell carcinoma and a Putative target for drug repurposing' reports conventional imaging, statistics, digital/AR/VR technology, biomarkers, or automation without a substantive AI/ML method or application."
37537362,10.1038/s41598-023-39809-9,Klontzas ME,2023,A pilot radiometabolomics integration study for the characterization of renal oncocytic neoplasia.,Scientific reports,"Journal Article; Research Support, Non-U.S. Gov't",Renal/Kidney,INCLUDE,,Renal/Kidney,INCLUDE,NOT_CONTEXT_ONLY,AI04_AI_ONLY_PATHWAY_WITHOUT_TITLE_AI,ABSTRACT,The title and available abstract identify radiomics or pathomics and machine learning applied to the in-scope task described in 'A pilot radiometabolomics integration study for the characterization of renal oncocytic neoplasia.'.
37850289,,Konyshev AV,2023,[Texture analysis of 3D models for the prediction of the grade of clear cell renal cell carcinoma of the kidney (pilot study)].,"Urologiia (Moscow, Russia : 1999)",English Abstract; Journal Article,Renal/Kidney,EXCLUDE,E09_DATE_LANGUAGE_INDEXING,Renal/Kidney,EXCLUDE,NOT_CONTEXT_ONLY,DEEP_SCOPE_LANGUAGE_BOUNDARY,PUBMED_METADATA,Official PubMed XML metadata lists the publication language as Russian (rus) and does not include the English language code (eng). The record is therefore excluded under the prespecified English-language eligibility rule; an English-translated NLM title or abstract does not make the publication itself English-language eligible.
37963055,10.1093/bioinformatics/btad679,Sharma D,2023,ReGeNNe: genetic pathway-based deep neural network using canonical correlation regularizer for disease prediction.,"Bioinformatics (Oxford, England)",Journal Article,Renal/Kidney,INCLUDE,,Renal/Kidney,INCLUDE,NOT_CONTEXT_ONLY,RENAL_NEPHROLOGY_BOUNDARY_PASS,PUBMED_ABSTRACT,The model reports a separable kidney-cancer stage-prediction task.
37998590,10.3390/diagnostics13223454,Sica M,2023,3D Model Artificial Intelligence-Guided Automatic Augmented Reality Images during Robotic Partial Nephrectomy.,"Diagnostics (Basel, Switzerland)",Case Reports; Journal Article,Renal/Kidney,INCLUDE,,Renal/Kidney,INCLUDE,NOT_CONTEXT_ONLY,DEEP_SCOPE_PUBLICATION_STATUS;DEEP_SCOPE_FULLTEXT_CONFIRMATION,PMC_FULL_TEXT,"PMC full text reports substantive validation of a ResNet-50 convolutional neural network trained on 15 prerecorded robotic partial-nephrectomy procedures and more than 225,000 frames, with an average intersection-over-union of 97.8%, before presentation of the clinical case. The case-report publication-type label therefore does not trigger exclusion under the prespecified fewer-than-10-patients rule, which applies only when no AI validation is reported."
38001875,10.3390/biomedicines11112875,Ivanova E,2023,"Empowering Renal Cancer Management with AI and Digital Pathology: Pathology, Diagnostics and Prognosis.",Biomedicines,Journal Article; Review,Renal/Kidney,INCLUDE,,Renal/Kidney,INCLUDE,NOT_CONTEXT_ONLY,AI04_AI_ONLY_PATHWAY_WITHOUT_TITLE_AI,ABSTRACT,"The title and available abstract identify a substantive synthesis of machine learning in the in-scope Renal/Kidney area described in 'Empowering Renal Cancer Management with AI and Digital Pathology: Pathology, Diagnostics and Prognosis.'."
36941148,10.1016/j.eururo.2023.02.024,De Backer P,2023,Improving Augmented Reality Through Deep Learning: Real-time Instrument Delineation in Robotic Renal Surgery.,European urology,"Case Reports; Journal Article; Research Support, Non-U.S. Gov't",Surgical AI,INCLUDE,,Surgical AI,INCLUDE,NOT_CONTEXT_ONLY,DEEP_SCOPE_PUBLICATION_STATUS;DEEP_SCOPE_FULLTEXT_CONFIRMATION,PUBMED_ABSTRACT,"The PubMed abstract reports substantive deep-learning validation for real-time instrument delineation in robotic renal surgery: 65,927 labelled instruments from 15,100 frames were used for training, followed by deployment across three hospitals and four surgeons. The case-report publication-type label therefore does not trigger exclusion under the prespecified fewer-than-10-patients rule, which applies only when no AI validation is reported."
37673751,10.1016/j.eururo.2023.07.015,Checcucci E,2024,Metaverse Surgical Planning with Three-dimensional Virtual Models for Minimally Invasive Partial Nephrectomy.,European urology,Case Reports; Journal Article,Andrology,EXCLUDE,E05_NO_SUBSTANTIVE_AI,Andrology,EXCLUDE,NOT_CONTEXT_ONLY,AI04_AI_ONLY_PATHWAY_WITHOUT_TITLE_AI,ABSTRACT,"The available evidence for 'Metaverse Surgical Planning with Three-dimensional Virtual Models for Minimally Invasive Partial Nephrectomy' reports conventional imaging, statistics, digital/AR/VR technology, biomarkers, or automation without a substantive AI/ML method or application."
38164030,10.5534/wjmh.230232,Gul M,2024,"Male Infertility: New Developments, Current Challenges, and Future Directions.",The world journal of men's health,Journal Article; Review,Andrology,INCLUDE,,Andrology,INCLUDE,NOT_CONTEXT_ONLY,AI01_FUTURE_OR_INCIDENTAL_AI_RISK;AI04_AI_ONLY_PATHWAY_WITHOUT_TITLE_AI,ABSTRACT,"The title and available abstract identify a substantive synthesis of machine learning in the in-scope Andrology area described in 'Male Infertility: New Developments, Current Challenges, and Future Directions.'."
38212837,10.1186/s13063-024-07907-2,Correa N,2024,Personalizing the first dose of FSH for IVF/ICSI patients through machine learning: a non-inferiority study protocol for a multi-center randomized controlled trial.,Trials,Clinical Trial Protocol; Journal Article,Andrology,EXCLUDE,E02_EMBRYOLOGY_ONLY,Andrology,EXCLUDE,NOT_CONTEXT_ONLY,SCP02_FEMALE_ART_WITHOUT_MALE_REPRO_EXPANDED,PUBMED_ABSTRACT,"The intervention selects the initial FSH dose for controlled ovarian stimulation, with oocyte yield, ovarian-response, pregnancy, and live-birth outcomes; it does not evaluate a male-factor AI task."
38226944,10.1111/1751-7915.14403,Qiao Y,2024,Gut microbiota composition may be an indicator of erectile dysfunction.,Microbial biotechnology,"Journal Article; Research Support, Non-U.S. Gov't",Andrology,INCLUDE,,Andrology,INCLUDE,NOT_CONTEXT_ONLY,AI04_AI_ONLY_PATHWAY_WITHOUT_TITLE_AI,ABSTRACT,The title and available abstract identify machine learning applied to the in-scope task described in 'Gut microbiota composition may be an indicator of erectile dysfunction.'.
38555637,10.1159/000537854,May M,2024,Evaluating the Efficacy of AI Chatbots as Tutors in Urology: A Comparative Analysis of Responses to the 2022 In-Service Assessment of the European Board of Urology.,Urologia internationalis,Comparative Study; Journal Article,Andrology,INCLUDE,,Andrology,INCLUDE,NOT_CONTEXT_ONLY,AI04_AI_ONLY_PATHWAY_WITHOUT_TITLE_AI,ABSTRACT,The title and available abstract identify large-language-model or chatbot evaluation applied to the in-scope task described in 'Evaluating the Efficacy of AI Chatbots as Tutors in Urology: A Comparative Analysis of Responses to the 2022 In-Service Assessment of the European Board of Urology.'.
38572570,10.1002/pros.24702,Checcucci E,2024,Ten-year functional and oncological outcomes of a prospective randomized controlled trial comparing laparoscopic versus robot-assisted radical prostatectomy.,The Prostate,"Comparative Study; Journal Article; Randomized Controlled Trial; Research Support, Non-U.S. Gov't",Andrology,INCLUDE,,Andrology,INCLUDE,NOT_CONTEXT_ONLY,AI04_AI_ONLY_PATHWAY_WITHOUT_TITLE_AI,ABSTRACT,The title and available abstract identify machine learning applied to the in-scope task described in 'Ten-year functional and oncological outcomes of a prospective randomized controlled trial comparing laparoscopic versus robot-assisted radical prostatectomy.'.
38651413,10.3390/medsci12020019,Montjean D,2024,Automated Single-Sperm Selection Software (SiD) during ICSI: A Prospective Sibling Oocyte Evaluation.,"Medical sciences (Basel, Switzerland)","Journal Article; Research Support, Non-U.S. Gov't",Andrology,INCLUDE,,Andrology,INCLUDE,NOT_CONTEXT_ONLY,AI04_AI_ONLY_PATHWAY_WITHOUT_TITLE_AI;CTX02_ART_MALE_FACTOR_BOUNDARY,ABSTRACT,The title and available abstract identify a substantive AI or machine-learning application applied to the in-scope task described in 'Automated Single-Sperm Selection Software (SiD) during ICSI: A Prospective Sibling Oocyte Evaluation.'.
38689732,10.3389/fendo.2024.1349000,Fontana L,2024,Non-invasive biomarkers for sperm retrieval in non-obstructive patients: a comprehensive review.,Frontiers in endocrinology,"Journal Article; Research Support, Non-U.S. Gov't; Review",Andrology,EXCLUDE,E05_NO_SUBSTANTIVE_AI,Andrology,EXCLUDE,NOT_CONTEXT_ONLY,AI04_AI_ONLY_PATHWAY_WITHOUT_TITLE_AI,ABSTRACT,"The available evidence for 'Non-invasive biomarkers for sperm retrieval in non-obstructive patients: a comprehensive review' reports conventional imaging, statistics, digital/AR/VR technology, biomarkers, or automation without a substantive AI/ML method or application."
38771247,10.2196/51187,Gwon YN,2024,The Use of Generative AI for Scientific Literature Searches for Systematic Reviews: ChatGPT and Microsoft Bing AI Performance Evaluation.,JMIR medical informatics,Journal Article,Andrology,CONTEXT_ONLY,E10_CONTEXT_ONLY,Andrology,EXCLUDE,CONTEXT_ONLY,SCP06_GENERAL_GOVERNANCE_WITHOUT_UROLOGY,ABSTRACT,Override to CONTEXT_ONLY (E10). Evaluates ChatGPT/Bing for systematic review literature searching with Peyronie query benchmark; general NLP search tool evaluation without urological clinical task.
38823484,10.1016/j.fjurol.2024.102663,Daungsupawong H,2024,Chatbots vs. andrologists: Comment.,The French journal of urology,Letter,Andrology,CONTEXT_ONLY,E10_CONTEXT_ONLY,Andrology,EXCLUDE,CONTEXT_ONLY,DEEP_SCOPE_CONTEXT_ONLY,PUBLISHER_FULL_TEXT,"This one-page comment interprets an underlying chatbot-versus-andrologist study but adds no independent model evaluation, methods, or result."
39048402,10.1016/j.euf.2024.06.012,Rodler S,2024,Readability Assessment of Patient Education Materials on Uro-oncological Diseases Using Automated Measures.,European urology focus,Journal Article,Andrology,EXCLUDE,E05_NO_SUBSTANTIVE_AI,Andrology,EXCLUDE,NOT_CONTEXT_ONLY,AI04_AI_ONLY_PATHWAY_WITHOUT_TITLE_AI,ABSTRACT,"The available evidence for 'Readability Assessment of Patient Education Materials on Uro-oncological Diseases Using Automated Measures' reports conventional imaging, statistics, digital/AR/VR technology, biomarkers, or automation without a substantive AI/ML method or application."
39085312,10.1038/s41598-024-67910-0,Kobayashi H,2024,"A new model for determining risk of male infertility from serum hormone levels, without semen analysis.",Scientific reports,Journal Article,Andrology,INCLUDE,,Andrology,INCLUDE,NOT_CONTEXT_ONLY,AI04_AI_ONLY_PATHWAY_WITHOUT_TITLE_AI,ABSTRACT,"The title and available abstract identify machine learning applied to the in-scope task described in 'A new model for determining risk of male infertility from serum hormone levels, without semen analysis.'."
39263950,10.1080/07366205.2024.2393544,Wu J,2024,An automatic classification method of testicular histopathology based on SC-YOLO framework.,BioTechniques,Journal Article,Andrology,INCLUDE,,Andrology,INCLUDE,NOT_CONTEXT_ONLY,AI04_AI_ONLY_PATHWAY_WITHOUT_TITLE_AI,ABSTRACT,The title and available abstract identify deep learning applied to the in-scope task described in 'An automatic classification method of testicular histopathology based on SC-YOLO framework.'.
39268241,10.3389/fendo.2024.1449035,Wang X,2024,Can time-lapse culture combined with artificial intelligence improve ongoing pregnancy rates in fresh transfer cycles of single cleavage stage embryos?,Frontiers in endocrinology,Journal Article,Andrology,EXCLUDE,E02_EMBRYOLOGY_ONLY,Andrology,EXCLUDE,NOT_CONTEXT_ONLY,SCP02_EMBRYO_ART_WITHOUT_MALE_REPRO,ABSTRACT_OR_METADATA_PLUS_DUAL_HUMAN_REVIEW,AI ranks cleavage-stage embryos for transfer and pregnancy outcomes; the abstract contains no substantive male-factor or sperm-specific task.
39315244,10.3389/frai.2024.1376546,Saadat H,2024,A modified U-Net to detect real sperms in videos of human sperm cell.,Frontiers in artificial intelligence,Journal Article,Andrology,INCLUDE,,Andrology,INCLUDE,NOT_CONTEXT_ONLY,AI04_AI_ONLY_PATHWAY_WITHOUT_TITLE_AI,ABSTRACT,The title and available abstract identify deep learning applied to the in-scope task described in 'A modified U-Net to detect real sperms in videos of human sperm cell.'.
39338105,10.3390/ijerph21091222,Motawi A,2024,The Andrological Landscape in the Twenty-First Century: Making Sense of the Advances in Male Infertility Management for the Busy Clinicians.,International journal of environmental research and public health,Journal Article; Review,Andrology,INCLUDE,,Andrology,INCLUDE,NOT_CONTEXT_ONLY,AI04_AI_ONLY_PATHWAY_WITHOUT_TITLE_AI,ABSTRACT,The title and available abstract identify a substantive synthesis of machine learning in the in-scope Andrology area described in 'The Andrological Landscape in the Twenty-First Century: Making Sense of the Advances in Male Infertility Management for the Busy Clinicians.'.
39434753,10.21037/tau-24-195,Charles DK,2024,A narrative review of sperm selection technology for assisted reproduction techniques.,Translational andrology and urology,Journal Article; Review,Andrology,EXCLUDE,E05_NO_SUBSTANTIVE_AI,Andrology,EXCLUDE,NOT_CONTEXT_ONLY,AI04_AI_ONLY_PATHWAY_WITHOUT_TITLE_AI,ABSTRACT,"The available evidence for 'A narrative review of sperm selection technology for assisted reproduction techniques' reports conventional imaging, statistics, digital/AR/VR technology, biomarkers, or automation without a substantive AI/ML method or application."
39507988,10.12182/20240960603,Pang J,2024,[Application of Artificial Intelligence in Sperm Quality Analysis and Sperm Screening].,Sichuan da xue xue bao. Yi xue ban = Journal of Sichuan University. Medical science edition,English Abstract; Journal Article; Review,Andrology,EXCLUDE,E09_DATE_LANGUAGE_INDEXING,Andrology,EXCLUDE,NOT_CONTEXT_ONLY,DEEP_SCOPE_LANGUAGE_BOUNDARY,PUBMED_METADATA,Official PubMed XML metadata lists the publication language as Chinese (chi) and does not include the English language code (eng). The record is therefore excluded under the prespecified English-language eligibility rule; an English-translated NLM title or abstract does not make the publication itself English-language eligible.
39666257,10.1186/s13244-024-01876-5,Spielvogel CP,2024,Preoperative detection of extraprostatic tumor extension in patients with primary prostate cancer utilizing [(68)Ga]Ga-PSMA-11 PET/MRI.,Insights into imaging,Journal Article,Andrology,INCLUDE,,Andrology,INCLUDE,NOT_CONTEXT_ONLY,AI04_AI_ONLY_PATHWAY_WITHOUT_TITLE_AI,ABSTRACT,The title and available abstract identify machine learning applied to the in-scope task described in 'Preoperative detection of extraprostatic tumor extension in patients with primary prostate cancer utilizing [(68)Ga]Ga-PSMA-11 PET/MRI.'.
40207173,10.1016/j.mcpdig.2024.04.006,Allan-Blitz LT,2024,The Development and Performance of a Machine-Learning Based Mobile Platform for Visually Determining the Etiology of 5 Penile Diseases.,Mayo Clinic proceedings. Digital health,Journal Article,Andrology,INCLUDE,,Andrology,INCLUDE,NOT_CONTEXT_ONLY,AI04_AI_ONLY_PATHWAY_WITHOUT_TITLE_AI,ABSTRACT,The title and available abstract identify deep learning applied to the in-scope task described in 'The Development and Performance of a Machine-Learning Based Mobile Platform for Visually Determining the Etiology of 5 Penile Diseases.'.
40783914,,Huang SQ,2024,[Immunological mechanism of non-obstructive azoospermia: An exploration based on bioinformatics and machine learning].,Zhonghua nan ke xue = National journal of andrology,English Abstract; Journal Article,Andrology,EXCLUDE,E09_DATE_LANGUAGE_INDEXING,Andrology,EXCLUDE,NOT_CONTEXT_ONLY,DEEP_SCOPE_LANGUAGE_BOUNDARY,PUBMED_METADATA,Official PubMed XML metadata lists the publication language as Chinese (chi) and does not include the English language code (eng). The record is therefore excluded under the prespecified English-language eligibility rule; an English-translated NLM title or abstract does not make the publication itself English-language eligible.
37455216,10.1016/j.euf.2023.06.013,Ito H,2024,Predicting Prostate Surgery Outcomes from Standard Clinical Assessments of Lower Urinary Tract Symptoms To Derive Prognostic Symptom and Flowmetry Criteria.,European urology focus,Journal Article,Benign/Functional,INCLUDE,,Benign/Functional,INCLUDE,NOT_CONTEXT_ONLY,AI03_GENERIC_PREDICTION_WITHOUT_EXPLICIT_AI;AI04_AI_ONLY_PATHWAY_WITHOUT_TITLE_AI,ABSTRACT,The title and available abstract identify machine learning applied to the in-scope task described in 'Predicting Prostate Surgery Outcomes from Standard Clinical Assessments of Lower Urinary Tract Symptoms To Derive Prognostic Symptom and Flowmetry Criteria.'.
37667889,10.1177/09544119231193884,Gammie A,2024,Research priorities for diagnostic instrumentation in urinary incontinence.,"Proceedings of the Institution of Mechanical Engineers. Part H, Journal of engineering in medicine",Journal Article; Review,Benign/Functional,EXCLUDE,E05_NO_SUBSTANTIVE_AI,Benign/Functional,EXCLUDE,NOT_CONTEXT_ONLY,AI04_AI_ONLY_PATHWAY_WITHOUT_TITLE_AI,ABSTRACT,"The available evidence for 'Research priorities for diagnostic instrumentation in urinary incontinence' reports conventional imaging, statistics, digital/AR/VR technology, biomarkers, or automation without a substantive AI/ML method or application."
37755608,10.1007/s11255-023-03795-8,Ding Z,2024,An automatic diagnostic system for the urodynamic study applying in lower urinary tract dysfunction.,International urology and nephrology,Journal Article,Benign/Functional,INCLUDE,,Benign/Functional,INCLUDE,NOT_CONTEXT_ONLY,AI04_AI_ONLY_PATHWAY_WITHOUT_TITLE_AI,PRIOR_HUMAN_ABSTRACT_REVIEW,The title and available abstract identify machine learning applied to the in-scope task described in 'An automatic diagnostic system for the urodynamic study applying in lower urinary tract dysfunction.'.
37916288,10.1152/ajprenal.00267.2023,Fazelinia H,2024,Stratification of neurogenic bladder risk in spina bifida using the urinary peptidome.,American journal of physiology. Renal physiology,Journal Article,Benign/Functional,INCLUDE,,Benign/Functional,INCLUDE,NOT_CONTEXT_ONLY,AI04_AI_ONLY_PATHWAY_WITHOUT_TITLE_AI,ABSTRACT,The title and available abstract identify a substantive AI or machine-learning application applied to the in-scope task described in 'Stratification of neurogenic bladder risk in spina bifida using the urinary peptidome.'.
38170782,10.1126/sciadv.adj1741,Zhou T,2024,AI-aided geometric design of anti-infection catheters.,Science advances,"Journal Article; Research Support, Non-U.S. Gov't",Benign/Functional,INCLUDE,,Benign/Functional,INCLUDE,NOT_CONTEXT_ONLY,AI04_AI_ONLY_PATHWAY_WITHOUT_TITLE_AI,ABSTRACT,The title and available abstract identify machine learning applied to the in-scope task described in 'AI-aided geometric design of anti-infection catheters.'.
38419559,10.1177/14604582241234232,Jakobsen RS,2024,A study on the risk stratification for patients within 24 hours of admission for risk of hospital-acquired urinary tract infection using Bayesian network models.,Health informatics journal,"Journal Article; Research Support, Non-U.S. Gov't",Benign/Functional,INCLUDE,,Benign/Functional,INCLUDE,NOT_CONTEXT_ONLY,AI04_AI_ONLY_PATHWAY_WITHOUT_TITLE_AI,ABSTRACT,The title and available abstract identify machine learning applied to the in-scope task described in 'A study on the risk stratification for patients within 24 hours of admission for risk of hospital-acquired urinary tract infection using Bayesian network models.'.
38421718,10.2196/51326,Ilhanli N,2024,Prediction of Antibiotic Resistance in Patients With a Urinary Tract Infection: Algorithm Development and Validation.,JMIR medical informatics,Journal Article,Benign/Functional,INCLUDE,,Benign/Functional,INCLUDE,NOT_CONTEXT_ONLY,AI03_GENERIC_PREDICTION_WITHOUT_EXPLICIT_AI;AI04_AI_ONLY_PATHWAY_WITHOUT_TITLE_AI,ABSTRACT,The title and available abstract identify machine learning applied to the in-scope task described in 'Prediction of Antibiotic Resistance in Patients With a Urinary Tract Infection: Algorithm Development and Validation.'.
38745959,10.3389/fendo.2024.1386639,He Q,2024,"Diabetes mellitus, systemic inflammation and overactive bladder.",Frontiers in endocrinology,Journal Article,Benign/Functional,INCLUDE,,Benign/Functional,INCLUDE,NOT_CONTEXT_ONLY,AI04_AI_ONLY_PATHWAY_WITHOUT_TITLE_AI,ABSTRACT,"The title and available abstract identify machine learning applied to the in-scope task described in 'Diabetes mellitus, systemic inflammation and overactive bladder.'."
38818202,10.1016/j.heliyon.2024.e31255,Chen Z,2024,Computer-assisted decision support for the usage of preventive antibacterial therapy in children with febrile pyelonephritis: A preliminary study.,Heliyon,Journal Article,Benign/Functional,INCLUDE,,Benign/Functional,INCLUDE,NOT_CONTEXT_ONLY,AI04_AI_ONLY_PATHWAY_WITHOUT_TITLE_AI,PUBMED_ABSTRACT,Antibiotic decision support for pediatric febrile pyelonephritis and urinary-tract infection is eligible urinary-tract care.
39042442,10.2196/58599,Tsai CY,2024,Building Dual AI Models and Nomograms Using Noninvasive Parameters for Aiding Male Bladder Outlet Obstruction Diagnosis and Minimizing the Need for Invasive Video-Urodynamic Studies: Development and Validation Study.,Journal of medical Internet research,Journal Article; Validation Study,Benign/Functional,INCLUDE,,Benign/Functional,INCLUDE,NOT_CONTEXT_ONLY,AI04_AI_ONLY_PATHWAY_WITHOUT_TITLE_AI,ABSTRACT,The title and available abstract identify machine learning applied to the in-scope task described in 'Building Dual AI Models and Nomograms Using Noninvasive Parameters for Aiding Male Bladder Outlet Obstruction Diagnosis and Minimizing the Need for Invasive Video-Urodynamic Studies: Development and Validation Study.'.
39104258,10.1177/09544119241264304,Zareen F,2024,Optimization of activity-driven event detection for long-term ambulatory urodynamics.,"Proceedings of the Institution of Mechanical Engineers. Part H, Journal of engineering in medicine",Journal Article,Benign/Functional,INCLUDE,,Benign/Functional,INCLUDE,NOT_CONTEXT_ONLY,AI04_AI_ONLY_PATHWAY_WITHOUT_TITLE_AI,PRIOR_HUMAN_ABSTRACT_REVIEW,The title and available abstract identify machine learning applied to the in-scope task described in 'Optimization of activity-driven event detection for long-term ambulatory urodynamics.'.
39282176,10.1007/s12088-024-01359-7,Celik H,2024,Innovative Biosensor Technologies in the Diagnosis of Urinary Tract Infections: A Comprehensive Literature Review.,Indian journal of microbiology,Journal Article; Review,Benign/Functional,INCLUDE,,Benign/Functional,INCLUDE,NOT_CONTEXT_ONLY,AI04_AI_ONLY_PATHWAY_WITHOUT_TITLE_AI,ABSTRACT,The title and available abstract identify a substantive synthesis of machine learning in the in-scope Benign/Functional area described in 'Innovative Biosensor Technologies in the Diagnosis of Urinary Tract Infections: A Comprehensive Literature Review.'.
38081150,10.1159/000535652,Guo Y,2024,U-Net-Based Assistive Identification of Bladder Cancer: A Promising Approach for Improved Diagnosis.,Urologia internationalis,Journal Article,Bladder Cancer,INCLUDE,,Bladder Cancer,INCLUDE,NOT_CONTEXT_ONLY,AI04_AI_ONLY_PATHWAY_WITHOUT_TITLE_AI,ABSTRACT,The title and available abstract identify deep learning and machine learning applied to the in-scope task described in 'U-Net-Based Assistive Identification of Bladder Cancer: A Promising Approach for Improved Diagnosis.'.
38091612,10.1088/1361-6560/ad1548,Ren Y,2024,MM-SFENet: multi-scale multi-task localization and classification of bladder cancer in MRI with spatial feature encoder network.,Physics in medicine and biology,Journal Article,Bladder Cancer,INCLUDE,,Bladder Cancer,INCLUDE,NOT_CONTEXT_ONLY,AI04_AI_ONLY_PATHWAY_WITHOUT_TITLE_AI,ABSTRACT,The title and available abstract identify a substantive AI or machine-learning application applied to the in-scope task described in 'MM-SFENet: multi-scale multi-task localization and classification of bladder cancer in MRI with spatial feature encoder network.'.
38184356,10.1016/j.artmed.2023.102723,Freitas NR,2024,Multiple mask and boundary scoring R-CNN with cGAN data augmentation for bladder tumor segmentation in WLC videos.,Artificial intelligence in medicine,"Journal Article; Research Support, Non-U.S. Gov't",Bladder Cancer,INCLUDE,,Bladder Cancer,INCLUDE,NOT_CONTEXT_ONLY,AI04_AI_ONLY_PATHWAY_WITHOUT_TITLE_AI;TEC01_TECHNICAL_ARTIFACT_WITHOUT_CLINICAL_CUE,ABSTRACT,The title and available abstract identify deep learning applied to the in-scope task described in 'Multiple mask and boundary scoring R-CNN with cGAN data augmentation for bladder tumor segmentation in WLC videos.'.
38238965,10.1111/bju.16226,Yim A,2024,Near-infrared spectroscopy as a novel method of ex vivo bladder cancer tissue characterisation.,BJU international,Journal Article,Bladder Cancer,INCLUDE,,Bladder Cancer,INCLUDE,NOT_CONTEXT_ONLY,AI04_AI_ONLY_PATHWAY_WITHOUT_TITLE_AI,ABSTRACT,The title and available abstract identify machine learning applied to the in-scope task described in 'Near-infrared spectroscopy as a novel method of ex vivo bladder cancer tissue characterisation.'.
38282152,10.1002/jgm.3651,Jiang S,2024,Unveiling Anoikis-related genes: A breakthrough in the prognosis of bladder cancer.,The journal of gene medicine,Journal Article,Bladder Cancer,INCLUDE,,Bladder Cancer,INCLUDE,NOT_CONTEXT_ONLY,AI04_AI_ONLY_PATHWAY_WITHOUT_TITLE_AI,ABSTRACT,The title and available abstract identify machine learning applied to the in-scope task described in 'Unveiling Anoikis-related genes: A breakthrough in the prognosis of bladder cancer.'.
38396472,10.3390/diagnostics14040432,Ceachi B,2024,A New Method of Artificial-Intelligence-Based Automatic Identification of Lymphovascular Invasion in Urothelial Carcinomas.,"Diagnostics (Basel, Switzerland)",Journal Article,Bladder Cancer,INCLUDE,,Bladder Cancer,INCLUDE,NOT_CONTEXT_ONLY,AI04_AI_ONLY_PATHWAY_WITHOUT_TITLE_AI,ABSTRACT,The title and available abstract identify computer vision applied to the in-scope task described in 'A New Method of Artificial-Intelligence-Based Automatic Identification of Lymphovascular Invasion in Urothelial Carcinomas.'.
38397962,10.3390/biomedicines12020360,Drachneris J,2024,Prediction of Non-Muscle Invasive Papillary Urothelial Carcinoma Relapse from Hematoxylin-Eosin Images Using Deep Multiple Instance Learning in Patients Treated with Bacille Calmette-Guerin Immunotherapy.,Biomedicines,Journal Article,Bladder Cancer,INCLUDE,,Bladder Cancer,INCLUDE,NOT_CONTEXT_ONLY,AI03_GENERIC_PREDICTION_WITHOUT_EXPLICIT_AI;AI04_AI_ONLY_PATHWAY_WITHOUT_TITLE_AI,ABSTRACT,The title and available abstract identify a substantive AI or machine-learning application applied to the in-scope task described in 'Prediction of Non-Muscle Invasive Papillary Urothelial Carcinoma Relapse from Hematoxylin-Eosin Images Using Deep Multiple Instance Learning in Patients Treated with Bacille Calmette-Guerin Immunotherapy.'.
38472940,10.3390/diagnostics14050468,Jiang YH,2024,"Hypermethylation Loci of ZNF671, IRF8, and OTX1 as Potential Urine-Based Predictive Biomarkers for Bladder Cancer.","Diagnostics (Basel, Switzerland)",Journal Article,Bladder Cancer,INCLUDE,,Bladder Cancer,INCLUDE,NOT_CONTEXT_ONLY,AI03_GENERIC_PREDICTION_WITHOUT_EXPLICIT_AI,ABSTRACT,"The title and available abstract identify machine learning applied to the in-scope task described in 'Hypermethylation Loci of ZNF671, IRF8, and OTX1 as Potential Urine-Based Predictive Biomarkers for Bladder Cancer.'."
38504364,10.1002/2056-4538.12369,Angeloni M,2024,A deep-learning workflow to predict upper tract urothelial carcinoma protein-based subtypes from H&E slides supporting the prioritization of patients for molecular testing.,The journal of pathology. Clinical research,Journal Article,Bladder Cancer,INCLUDE,,Bladder Cancer,INCLUDE,NOT_CONTEXT_ONLY,AI04_AI_ONLY_PATHWAY_WITHOUT_TITLE_AI,ABSTRACT,The title and available abstract identify machine learning applied to the in-scope task described in 'A deep-learning workflow to predict upper tract urothelial carcinoma protein-based subtypes from H&E slides supporting the prioritization of patients for molecular testing.'.
38515574,10.3389/fonc.2024.1337186,Tao T,2024,SMMF: a self-attention-based multi-parametric MRI feature fusion framework for the diagnosis of bladder cancer grading.,Frontiers in oncology,Journal Article,Bladder Cancer,INCLUDE,,Bladder Cancer,INCLUDE,NOT_CONTEXT_ONLY,AI04_AI_ONLY_PATHWAY_WITHOUT_TITLE_AI,ABSTRACT,The title and available abstract identify deep learning applied to the in-scope task described in 'SMMF: a self-attention-based multi-parametric MRI feature fusion framework for the diagnosis of bladder cancer grading.'.
38531255,10.1016/j.ijmedinf.2024.105414,Schwarz L,2024,On relevant features for the recurrence prediction of urothelial carcinoma of the bladder.,International journal of medical informatics,Journal Article,Bladder Cancer,INCLUDE,,Bladder Cancer,INCLUDE,NOT_CONTEXT_ONLY,AI03_GENERIC_PREDICTION_WITHOUT_EXPLICIT_AI,ABSTRACT,The title and available abstract identify deep learning and machine learning applied to the in-scope task described in 'On relevant features for the recurrence prediction of urothelial carcinoma of the bladder.'.
38570787,10.1186/s12935-024-03258-9,Cai T,2024,Deciphering the prognostic features of bladder cancer through gemcitabine resistance and immune-related gene analysis and identifying potential small molecular drug PIK-75.,Cancer cell international,Journal Article,Bladder Cancer,INCLUDE,,Bladder Cancer,INCLUDE,NOT_CONTEXT_ONLY,AI04_AI_ONLY_PATHWAY_WITHOUT_TITLE_AI,ABSTRACT,The title and available abstract identify machine learning applied to the in-scope task described in 'Deciphering the prognostic features of bladder cancer through gemcitabine resistance and immune-related gene analysis and identifying potential small molecular drug PIK-75.'.
38650443,10.1002/lsm.23788,Zlobina NV,2024,In vivo assessment of bladder cancer with diffuse reflectance and fluorescence spectroscopy: A comparative study.,Lasers in surgery and medicine,"Comparative Study; Journal Article; Research Support, Non-U.S. Gov't",Bladder Cancer,INCLUDE,,Bladder Cancer,INCLUDE,NOT_CONTEXT_ONLY,AI04_AI_ONLY_PATHWAY_WITHOUT_TITLE_AI,ABSTRACT,The title and available abstract identify machine learning applied to the in-scope task described in 'In vivo assessment of bladder cancer with diffuse reflectance and fluorescence spectroscopy: A comparative study.'.
38652125,10.1007/s00261-024-04280-1,Zhang X,2024,Bladder MRI with deep learning-based reconstruction: a prospective evaluation of muscle invasiveness using VI-RADS.,Abdominal radiology (New York),Journal Article,Bladder Cancer,INCLUDE,,Bladder Cancer,INCLUDE,NOT_CONTEXT_ONLY,TEC01_TECHNICAL_ARTIFACT_WITHOUT_CLINICAL_CUE,ABSTRACT,The title and available abstract identify deep learning applied to the in-scope task described in 'Bladder MRI with deep learning-based reconstruction: a prospective evaluation of muscle invasiveness using VI-RADS.'.
38661528,10.1089/end.2023.0686,Lu D,2024,Automated Upper Tract Urothelial Carcinoma Tumor Segmentation During Ureteroscopy Using Computer Vision Techniques.,Journal of endourology,Journal Article,Bladder Cancer,INCLUDE,,Bladder Cancer,INCLUDE,NOT_CONTEXT_ONLY,TEC01_TECHNICAL_ARTIFACT_WITHOUT_CLINICAL_CUE,ABSTRACT,The title and available abstract identify deep learning and computer vision applied to the in-scope task described in 'Automated Upper Tract Urothelial Carcinoma Tumor Segmentation During Ureteroscopy Using Computer Vision Techniques.'.
38666711,10.1002/cyto.a.24846,Dudaie M,2024,Detection of bladder cancer cells using quantitative interferometric label-free imaging flow cytometry.,Cytometry. Part A : the journal of the International Society for Analytical Cytology,Journal Article,Bladder Cancer,INCLUDE,,Bladder Cancer,INCLUDE,NOT_CONTEXT_ONLY,AI04_AI_ONLY_PATHWAY_WITHOUT_TITLE_AI,ABSTRACT,The title and available abstract identify deep learning and computer vision applied to the in-scope task described in 'Detection of bladder cancer cells using quantitative interferometric label-free imaging flow cytometry.'.
38747616,10.1158/2767-9764.CRC-23-0479,Bukavina L,2024,Role of Gut Microbiome in Neoadjuvant Chemotherapy Response in Urothelial Carcinoma: A Multi-institutional Prospective Cohort Evaluation.,Cancer research communications,Journal Article; Multicenter Study,Bladder Cancer,INCLUDE,,Bladder Cancer,INCLUDE,NOT_CONTEXT_ONLY,AI04_AI_ONLY_PATHWAY_WITHOUT_TITLE_AI,ABSTRACT,The title and available abstract identify machine learning applied to the in-scope task described in 'Role of Gut Microbiome in Neoadjuvant Chemotherapy Response in Urothelial Carcinoma: A Multi-institutional Prospective Cohort Evaluation.'.
38765873,10.1117/1.JMI.11.3.034002,Eimen R,2024,Fiberscopic pattern removal for optimal coverage in 3D bladder reconstructions of fiberscope cystoscopy videos.,"Journal of medical imaging (Bellingham, Wash.)",Journal Article,Bladder Cancer,EXCLUDE,E05_NO_SUBSTANTIVE_AI,Bladder Cancer,EXCLUDE,NOT_CONTEXT_ONLY,AI04_AI_ONLY_PATHWAY_WITHOUT_TITLE_AI,ABSTRACT,"The available evidence for 'Fiberscopic pattern removal for optimal coverage in 3D bladder reconstructions of fiberscope cystoscopy videos' reports conventional imaging, statistics, digital/AR/VR technology, biomarkers, or automation without a substantive AI/ML method or application."
38847848,10.1007/s00261-024-04397-3,Arita Y,2024,Pictorial review of multiparametric MRI in bladder urothelial carcinoma with variant histology: pearls and pitfalls.,Abdominal radiology (New York),"Journal Article; Research Support, N.I.H., Extramural; Review",Bladder Cancer,EXCLUDE,E05_NO_SUBSTANTIVE_AI,Bladder Cancer,EXCLUDE,NOT_CONTEXT_ONLY,AI04_AI_ONLY_PATHWAY_WITHOUT_TITLE_AI,ABSTRACT,"The available evidence for 'Pictorial review of multiparametric MRI in bladder urothelial carcinoma with variant histology: pearls and pitfalls' reports conventional imaging, statistics, digital/AR/VR technology, biomarkers, or automation without a substantive AI/ML method or application."
38894608,10.1111/cyt.13412,Ciaparrone C,2024,"Computer-assisted urine cytology: Faster, cheaper, better?",Cytopathology : official journal of the British Society for Clinical Cytology,Journal Article; Review,Bladder Cancer,INCLUDE,,Bladder Cancer,INCLUDE,NOT_CONTEXT_ONLY,AI04_AI_ONLY_PATHWAY_WITHOUT_TITLE_AI,ABSTRACT,"The title and available abstract identify a substantive synthesis of a substantive AI or machine-learning application in the in-scope Bladder Cancer area described in 'Computer-assisted urine cytology: Faster, cheaper, better?'."
38901984,10.3760/cma.j.cn112137-20231211-01344,Wu SX,2024,[Exploration of the clinical transformation application of the artificial intelligence diagnosis system for bladder cancer based on cystoscopy].,Zhonghua yi xue za zhi,English Abstract; Journal Article,Bladder Cancer,EXCLUDE,E09_DATE_LANGUAGE_INDEXING,Bladder Cancer,EXCLUDE,NOT_CONTEXT_ONLY,DEEP_SCOPE_LANGUAGE_BOUNDARY,PUBMED_METADATA,Official PubMed XML metadata lists the publication language as Chinese (chi) and does not include the English language code (eng). The record is therefore excluded under the prespecified English-language eligibility rule; an English-translated NLM title or abstract does not make the publication itself English-language eligible.
39001410,10.3390/cancers16132348,Gumus KZ,2024,Deep Learning Algorithms for Bladder Cancer Segmentation on Multi-Parametric MRI.,Cancers,Journal Article,Bladder Cancer,INCLUDE,,Bladder Cancer,INCLUDE,NOT_CONTEXT_ONLY,TEC01_TECHNICAL_ARTIFACT_WITHOUT_CLINICAL_CUE,ABSTRACT,The title and available abstract identify deep learning applied to the in-scope task described in 'Deep Learning Algorithms for Bladder Cancer Segmentation on Multi-Parametric MRI.'.
39030380,10.1038/s41698-024-00652-4,Asadi-Aghbolaghi M,2024,Learning generalizable AI models for multi-center histopathology image classification.,NPJ precision oncology,Journal Article,Bladder Cancer,INCLUDE,,Bladder Cancer,INCLUDE,NOT_CONTEXT_ONLY,AI04_AI_ONLY_PATHWAY_WITHOUT_TITLE_AI,ABSTRACT,The title and available abstract identify deep learning and machine learning applied to the in-scope task described in 'Learning generalizable AI models for multi-center histopathology image classification.'.
39069513,10.1038/s41598-024-67554-0,Xu R,2024,Boundary guidance network for medical image segmentation.,Scientific reports,Journal Article,Bladder Cancer,INCLUDE,,Bladder Cancer,INCLUDE,NOT_CONTEXT_ONLY,AI04_AI_ONLY_PATHWAY_WITHOUT_TITLE_AI;TEC01_TECHNICAL_ARTIFACT_WITHOUT_CLINICAL_CUE,ABSTRACT,The title and available abstract identify deep learning and computer vision applied to the in-scope task described in 'Boundary guidance network for medical image segmentation.'.
39112614,10.1038/s41598-024-68844-3,Wang R,2024,Predicting prognosis and drug sensitivity in bladder cancer: an insight into Pan-programmed cell death patterns regulated by M6A modifications.,Scientific reports,Journal Article,Bladder Cancer,INCLUDE,,Bladder Cancer,INCLUDE,NOT_CONTEXT_ONLY,AI03_GENERIC_PREDICTION_WITHOUT_EXPLICIT_AI,ABSTRACT,The title and available abstract identify machine learning applied to the in-scope task described in 'Predicting prognosis and drug sensitivity in bladder cancer: an insight into Pan-programmed cell death patterns regulated by M6A modifications.'.
39129138,10.1016/j.path.2024.06.001,Jorda M,2024,Urinary Tract Cytopathology: Current and Future Impact on Patient Care.,Surgical pathology clinics,Journal Article; Review,Bladder Cancer,INCLUDE,,Bladder Cancer,INCLUDE,NOT_CONTEXT_ONLY,DEEP_SCOPE_FULLTEXT_CONFIRMATION,PUBLISHER_FULL_TEXT,The review contains a dedicated section on AI applied to urinary cytology and discusses AI-assisted Paris-System interpretation and a directly relevant pilot algorithm for a bladder-cancer diagnostic workflow.
39165948,10.1016/j.heliyon.2024.e35475,Kim JY,2024,Quantitative proteomics and immunohistochemistry uncover NT5DC2 as a diagnostic biomarker for papillary urothelial carcinoma.,Heliyon,Journal Article,Bladder Cancer,INCLUDE,,Bladder Cancer,INCLUDE,NOT_CONTEXT_ONLY,AI04_AI_ONLY_PATHWAY_WITHOUT_TITLE_AI,ABSTRACT,The title and available abstract identify machine learning applied to the in-scope task described in 'Quantitative proteomics and immunohistochemistry uncover NT5DC2 as a diagnostic biomarker for papillary urothelial carcinoma.'.
39420643,10.1021/acssensors.4c01873,Gu Y,2024,Multiwavelength Surface-Enhanced Raman Scattering Fingerprints of Human Urine for Cancer Diagnosis.,ACS sensors,"Journal Article; Research Support, Non-U.S. Gov't",Bladder Cancer,INCLUDE,,Bladder Cancer,INCLUDE,NOT_CONTEXT_ONLY,AI04_AI_ONLY_PATHWAY_WITHOUT_TITLE_AI,ABSTRACT,The title and available abstract identify machine learning applied to the in-scope task described in 'Multiwavelength Surface-Enhanced Raman Scattering Fingerprints of Human Urine for Cancer Diagnosis.'.
39424842,10.1038/s41597-024-03971-0,Cao K,2024,A multicenter bladder cancer MRI dataset and baseline evaluation of federated learning in clinical application.,Scientific data,"Dataset; Journal Article; Multicenter Study; Research Support, Non-U.S. Gov't",Bladder Cancer,INCLUDE,,Bladder Cancer,INCLUDE,NOT_CONTEXT_ONLY,AI04_AI_ONLY_PATHWAY_WITHOUT_TITLE_AI,ABSTRACT,The title and available abstract identify machine learning applied to the in-scope task described in 'A multicenter bladder cancer MRI dataset and baseline evaluation of federated learning in clinical application.'.
39448755,10.1038/s41598-024-77101-6,Shalata AT,2024,Precise grading of non-muscle invasive bladder cancer with multi-scale pyramidal CNN.,Scientific reports,Journal Article,Bladder Cancer,INCLUDE,,Bladder Cancer,INCLUDE,NOT_CONTEXT_ONLY,AI04_AI_ONLY_PATHWAY_WITHOUT_TITLE_AI,ABSTRACT,The title and available abstract identify deep learning and machine learning applied to the in-scope task described in 'Precise grading of non-muscle invasive bladder cancer with multi-scale pyramidal CNN.'.
39796686,10.3390/cancers17010057,Hwang WK,2024,Artificial Intelligence-Based Classification and Segmentation of Bladder Cancer in Cystoscope Images.,Cancers,Journal Article,Bladder Cancer,INCLUDE,,Bladder Cancer,INCLUDE,NOT_CONTEXT_ONLY,TEC01_TECHNICAL_ARTIFACT_WITHOUT_CLINICAL_CUE,ABSTRACT,The title and available abstract identify deep learning and machine learning applied to the in-scope task described in 'Artificial Intelligence-Based Classification and Segmentation of Bladder Cancer in Cystoscope Images.'.
39797086,10.3390/jcm14010004,Yau STY,2024,Point-Based Prediction Model for Bladder Cancer Risk in Diabetes: A Random Survival Forest-Guided Approach.,Journal of clinical medicine,Journal Article,Bladder Cancer,INCLUDE,,Bladder Cancer,INCLUDE,NOT_CONTEXT_ONLY,AI03_GENERIC_PREDICTION_WITHOUT_EXPLICIT_AI,ABSTRACT,The title and available abstract identify machine learning applied to the in-scope task described in 'Point-Based Prediction Model for Bladder Cancer Risk in Diabetes: A Random Survival Forest-Guided Approach.'.
37501529,10.1097/PAP.0000000000000406,Schukow C,2024,"Application of ChatGPT in Routine Diagnostic Pathology: Promises, Pitfalls, and Potential Future Directions.",Advances in anatomic pathology,Journal Article; Review,Broad Reviews,EXCLUDE,E01_NON_UROLOGICAL,Broad Reviews,EXCLUDE,NOT_CONTEXT_ONLY,SCP06_GENERAL_GOVERNANCE_WITHOUT_UROLOGY;CTX01_BROAD_DOMAIN_WITHOUT_TITLE_UROLOGY,ABSTRACT,"The abstract's substantive task in 'Application of ChatGPT in Routine Diagnostic Pathology: Promises, Pitfalls, and Potential Future Directions' is general or multi-specialty and does not report a separable urological, andrological, or male-reproductive AI result."
37604982,10.1038/s41585-023-00805-3,Hashemi Gheinani A,2024,Bioinformatics in urology - molecular characterization of pathophysiology and response to treatment.,Nature reviews. Urology,Journal Article; Review,Broad Reviews,INCLUDE,,Broad Reviews,INCLUDE,NOT_CONTEXT_ONLY,AI04_AI_ONLY_PATHWAY_WITHOUT_TITLE_AI,ABSTRACT,The title and available abstract identify a substantive synthesis of machine learning in the in-scope Broad Reviews area described in 'Bioinformatics in urology - molecular characterization of pathophysiology and response to treatment.'.
37925349,10.1016/j.euo.2023.10.018,Khene ZE,2024,Clinical Application of Digital and Computational Pathology in Renal Cell Carcinoma: A Systematic Review.,European urology oncology,Journal Article; Systematic Review,Broad Reviews,INCLUDE,,Broad Reviews,INCLUDE,NOT_CONTEXT_ONLY,AI04_AI_ONLY_PATHWAY_WITHOUT_TITLE_AI,ABSTRACT,The title and available abstract identify a substantive synthesis of machine learning in the in-scope Broad Reviews area described in 'Clinical Application of Digital and Computational Pathology in Renal Cell Carcinoma: A Systematic Review.'.
37945104,10.1016/j.ucl.2023.06.004,Tano ZE,2024,Surgical Artificial Intelligence: Endourology.,The Urologic clinics of North America,Journal Article; Review,Broad Reviews,INCLUDE,,Broad Reviews,INCLUDE,NOT_CONTEXT_ONLY,CTX01_BROAD_DOMAIN_WITHOUT_TITLE_UROLOGY,ABSTRACT,The title and available abstract identify a substantive synthesis of machine learning in the in-scope Broad Reviews area described in 'Surgical Artificial Intelligence: Endourology.'.
38125666,10.1007/s13755-023-00264-5,Ren S,2024,From molecular mechanisms of prostate cancer to translational applications: based on multi-omics fusion analysis and intelligent medicine.,Health information science and systems,Journal Article; Review,Broad Reviews,INCLUDE,,Broad Reviews,INCLUDE,NOT_CONTEXT_ONLY,AI04_AI_ONLY_PATHWAY_WITHOUT_TITLE_AI,ABSTRACT,The title and available abstract identify a substantive synthesis of machine learning in the in-scope Broad Reviews area described in 'From molecular mechanisms of prostate cancer to translational applications: based on multi-omics fusion analysis and intelligent medicine.'.
38149773,10.1002/nau.25362,Damaser MS,2024,Is the time right for a new initiative in mathematical modeling of the lower urinary tract? ICI-RS 2023.,Neurourology and urodynamics,Journal Article; Review,Broad Reviews,EXCLUDE,E05_NO_SUBSTANTIVE_AI,Broad Reviews,EXCLUDE,NOT_CONTEXT_ONLY,AI04_AI_ONLY_PATHWAY_WITHOUT_TITLE_AI,ABSTRACT,"The available evidence for 'Is the time right for a new initiative in mathematical modeling of the lower urinary tract? ICI-RS 2023' reports conventional imaging, statistics, digital/AR/VR technology, biomarkers, or automation without a substantive AI/ML method or application."
38160172,10.1016/j.euf.2023.12.003,Zattoni F,2024,Potential Applications of New Headsets for Virtual and Augmented Reality in Urology.,European urology focus,Journal Article; Review,Broad Reviews,EXCLUDE,E05_NO_SUBSTANTIVE_AI,Broad Reviews,EXCLUDE,NOT_CONTEXT_ONLY,AI04_AI_ONLY_PATHWAY_WITHOUT_TITLE_AI,ABSTRACT,"The available evidence for 'Potential Applications of New Headsets for Virtual and Augmented Reality in Urology' reports conventional imaging, statistics, digital/AR/VR technology, biomarkers, or automation without a substantive AI/ML method or application."
38243605,10.1111/1754-9485.13621,Temperley HC,2024,Current applications and future potential of ChatGPT in radiology: A systematic review.,Journal of medical imaging and radiation oncology,Journal Article; Systematic Review,Broad Reviews,EXCLUDE,E01_NON_UROLOGICAL,Broad Reviews,EXCLUDE,NOT_CONTEXT_ONLY,CTX01_BROAD_DOMAIN_WITHOUT_TITLE_UROLOGY,ABSTRACT,"The substantive AI task in 'Current applications and future potential of ChatGPT in radiology: A systematic review' is general, multi-specialty, or another organ system without a separable urological, andrological, or male-reproductive result."
38256493,10.3390/jcm13020359,Mian AH,2024,Navigating Now and Next: Recent Advances and Future Horizons in Robotic Radical Prostatectomy.,Journal of clinical medicine,Journal Article; Review,Broad Reviews,INCLUDE,,Broad Reviews,INCLUDE,NOT_CONTEXT_ONLY,AI01_FUTURE_OR_INCIDENTAL_AI_RISK;AI04_AI_ONLY_PATHWAY_WITHOUT_TITLE_AI,ABSTRACT,The title and available abstract identify a substantive synthesis of machine learning and computer vision in the in-scope Broad Reviews area described in 'Navigating Now and Next: Recent Advances and Future Horizons in Robotic Radical Prostatectomy.'.
38281623,10.1016/j.amjms.2024.01.018,Ho YS,2024,Artificial intelligence and machine learning trends in kidney care.,The American journal of the medical sciences,Journal Article; Review,Broad Reviews,EXCLUDE,E01_NON_UROLOGICAL,Broad Reviews,EXCLUDE,NOT_CONTEXT_ONLY,RENAL_NEPHROLOGY_BOUNDARY_PASS,PUBMED_ABSTRACT,Bibliometric review of kidney care and nephrology without a separable urological evaluation.
38344598,10.7759/cureus.52148,Fairag M,2024,Robotic Revolution in Surgery: Diverse Applications Across Specialties and Future Prospects Review Article.,Cureus,Journal Article; Review,Broad Reviews,EXCLUDE,E01_NON_UROLOGICAL,Broad Reviews,EXCLUDE,NOT_CONTEXT_ONLY,AI01_FUTURE_OR_INCIDENTAL_AI_RISK;AI04_AI_ONLY_PATHWAY_WITHOUT_TITLE_AI;CTX01_BROAD_DOMAIN_WITHOUT_TITLE_UROLOGY,ABSTRACT,"The abstract's substantive task in 'Robotic Revolution in Surgery: Diverse Applications Across Specialties and Future Prospects Review Article' is general or multi-specialty and does not report a separable urological, andrological, or male-reproductive AI result."
38349336,10.32074/1591-951X-925,Pepe P,2024,Advances in radiology and pathology of prostate cancer: a review for the pathologist.,Pathologica,Journal Article; Review,Broad Reviews,INCLUDE,,Broad Reviews,INCLUDE,NOT_CONTEXT_ONLY,AI04_AI_ONLY_PATHWAY_WITHOUT_TITLE_AI,ABSTRACT,The title and available abstract identify a substantive synthesis of machine learning in the in-scope Broad Reviews area described in 'Advances in radiology and pathology of prostate cancer: a review for the pathologist.'.
38396481,10.3390/diagnostics14040442,He K,2024,Progress of Multiparameter Magnetic Resonance Imaging in Bladder Cancer: A Comprehensive Literature Review.,"Diagnostics (Basel, Switzerland)",Journal Article; Review,Broad Reviews,INCLUDE,,Broad Reviews,INCLUDE,NOT_CONTEXT_ONLY,AI04_AI_ONLY_PATHWAY_WITHOUT_TITLE_AI,ABSTRACT,The title and available abstract identify a substantive synthesis of radiomics or pathomics and machine learning in the in-scope Broad Reviews area described in 'Progress of Multiparameter Magnetic Resonance Imaging in Bladder Cancer: A Comprehensive Literature Review.'.
38416321,10.1007/s11934-024-01200-0,Sinha S,2024,The Use of Uroflowmetry as a Diagnostic Test.,Current urology reports,Journal Article; Review,Broad Reviews,EXCLUDE,E05_NO_SUBSTANTIVE_AI,Broad Reviews,EXCLUDE,NOT_CONTEXT_ONLY,AI04_AI_ONLY_PATHWAY_WITHOUT_TITLE_AI;CTX01_BROAD_DOMAIN_WITHOUT_TITLE_UROLOGY,ABSTRACT,"The available evidence for 'The Use of Uroflowmetry as a Diagnostic Test' reports conventional imaging, statistics, digital/AR/VR technology, biomarkers, or automation without a substantive AI/ML method or application."
38433288,10.1111/his.15153,van Diest PJ,2024,Pros and cons of artificial intelligence implementation in diagnostic pathology.,Histopathology,Journal Article; Review,Broad Reviews,EXCLUDE,E01_NON_UROLOGICAL,Broad Reviews,EXCLUDE,NOT_CONTEXT_ONLY,SCP06_GENERAL_GOVERNANCE_WITHOUT_UROLOGY;CTX01_BROAD_DOMAIN_WITHOUT_TITLE_UROLOGY,ABSTRACT,"The abstract's substantive task in 'Pros and cons of artificial intelligence implementation in diagnostic pathology' is general or multi-specialty and does not report a separable urological, andrological, or male-reproductive AI result."
38512350,10.1007/s00464-024-10772-4,Pavone M,2024,Ultrasound-guided robotic surgical procedures: a systematic review.,Surgical endoscopy,"Journal Article; Research Support, Non-U.S. Gov't; Systematic Review",Broad Reviews,EXCLUDE,E05_NO_SUBSTANTIVE_AI,Broad Reviews,EXCLUDE,NOT_CONTEXT_ONLY,AI04_AI_ONLY_PATHWAY_WITHOUT_TITLE_AI;CTX01_BROAD_DOMAIN_WITHOUT_TITLE_UROLOGY,ABSTRACT,"The available evidence for 'Ultrasound-guided robotic surgical procedures: a systematic review' reports conventional imaging, statistics, digital/AR/VR technology, biomarkers, or automation without a substantive AI/ML method or application."
38540219,10.3390/biomedicines12030606,Salybekov AA,2024,Artificial Intelligence Reporting Guidelines' Adherence in Nephrology for Improved Research and Clinical Outcomes.,Biomedicines,Journal Article; Review,Broad Reviews,CONTEXT_ONLY,E10_CONTEXT_ONLY,Broad Reviews,EXCLUDE,CONTEXT_ONLY,RENAL_NEPHROLOGY_BOUNDARY_PASS,PUBMED_ABSTRACT,Reporting-guideline review mentions nephrology and urology but contains no primary or separable urological evaluation.
38568094,10.1148/ryai.230138,Fassia MK,2024,Deep Learning Prostate MRI Segmentation Accuracy and Robustness: A Systematic Review.,Radiology. Artificial intelligence,"Journal Article; Research Support, N.I.H., Extramural; Research Support, Non-U.S. Gov't; Systematic Review",Broad Reviews,INCLUDE,,Broad Reviews,INCLUDE,NOT_CONTEXT_ONLY,TEC01_TECHNICAL_ARTIFACT_WITHOUT_CLINICAL_CUE,PRIOR_HUMAN_ABSTRACT_REVIEW,The title and available abstract identify a substantive synthesis of deep learning in the in-scope Broad Reviews area described in 'Deep Learning Prostate MRI Segmentation Accuracy and Robustness: A Systematic Review.'.
38632898,10.1177/15533506241248239,Tozsin A,2024,The Role of Artificial Intelligence in Medical Education: A Systematic Review.,Surgical innovation,Journal Article; Systematic Review,Broad Reviews,EXCLUDE,E01_NON_UROLOGICAL,Broad Reviews,EXCLUDE,NOT_CONTEXT_ONLY,SCP06_GENERAL_GOVERNANCE_WITHOUT_UROLOGY;CTX01_BROAD_DOMAIN_WITHOUT_TITLE_UROLOGY,ABSTRACT,"The abstract's substantive task in 'The Role of Artificial Intelligence in Medical Education: A Systematic Review' is general or multi-specialty and does not report a separable urological, andrological, or male-reproductive AI result."
38702888,10.1684/abc.2024.1882,Bachelot G,2024,[Artificial intelligence: to a better predictive strategy for testicular sperm extraction outcome in azoospermia].,Annales de biologie clinique,Journal Article; Review,Broad Reviews,EXCLUDE,E09_DATE_LANGUAGE_INDEXING,Broad Reviews,EXCLUDE,NOT_CONTEXT_ONLY,DEEP_SCOPE_LANGUAGE_BOUNDARY,PUBMED_METADATA,Official PubMed XML metadata lists the publication language as French (fre) and does not include the English language code (eng). The record is therefore excluded under the prespecified English-language eligibility rule; an English-translated NLM title or abstract does not make the publication itself English-language eligible.
38769791,10.21037/cco-23-150,Eissa A,2024,Current applications of ex-vivo fluorescent confocal microscope in urological practice: a systematic review of literature.,Chinese clinical oncology,Journal Article; Systematic Review,Broad Reviews,INCLUDE,,Broad Reviews,INCLUDE,NOT_CONTEXT_ONLY,AI04_AI_ONLY_PATHWAY_WITHOUT_TITLE_AI,ABSTRACT,The title and available abstract identify a substantive synthesis of machine learning in the in-scope Broad Reviews area described in 'Current applications of ex-vivo fluorescent confocal microscope in urological practice: a systematic review of literature.'.
38783663,10.4103/aja202420,Crafa A,2024,Predictive parameters of the efficacy of varicocele repair: a review.,Asian journal of andrology,Journal Article; Review,Broad Reviews,EXCLUDE,E05_NO_SUBSTANTIVE_AI,Broad Reviews,EXCLUDE,NOT_CONTEXT_ONLY,AI03_GENERIC_PREDICTION_WITHOUT_EXPLICIT_AI;AI04_AI_ONLY_PATHWAY_WITHOUT_TITLE_AI,ABSTRACT,"The available evidence for 'Predictive parameters of the efficacy of varicocele repair: a review' reports conventional imaging, statistics, digital/AR/VR technology, biomarkers, or automation without a substantive AI/ML method or application."
38785576,10.3390/ejihpe14050078,Borna S,2024,Artificial Intelligence Algorithms for Expert Identification in Medical Domains: A Scoping Review.,"European journal of investigation in health, psychology and education",Journal Article; Scoping Review,Broad Reviews,EXCLUDE,E01_NON_UROLOGICAL,Broad Reviews,EXCLUDE,NOT_CONTEXT_ONLY,CTX01_BROAD_DOMAIN_WITHOUT_TITLE_UROLOGY,ABSTRACT,"The substantive AI task in 'Artificial Intelligence Algorithms for Expert Identification in Medical Domains: A Scoping Review' is general, multi-specialty, or another organ system without a separable urological, andrological, or male-reproductive result."
38877816,10.1089/end.2023.0680,Monga M,2024,Artificial Intelligence in Endourology: Maximizing the Promise Through Consideration of the Principles of Diffusion of Innovation Theory.,Journal of endourology,Journal Article; Review,Broad Reviews,INCLUDE,,Broad Reviews,INCLUDE,NOT_CONTEXT_ONLY,CTX01_BROAD_DOMAIN_WITHOUT_TITLE_UROLOGY,ABSTRACT,The title and available abstract identify a substantive synthesis of machine learning in the in-scope Broad Reviews area described in 'Artificial Intelligence in Endourology: Maximizing the Promise Through Consideration of the Principles of Diffusion of Innovation Theory.'.
38886246,10.1007/s11934-024-01221-9,Pozzi E,2024,Artificial Intelligence Modeling and Priapism.,Current urology reports,Journal Article; Review,Broad Reviews,INCLUDE,,Broad Reviews,INCLUDE,NOT_CONTEXT_ONLY,CTX01_BROAD_DOMAIN_WITHOUT_TITLE_UROLOGY,ABSTRACT,The title and available abstract identify a substantive synthesis of machine learning in the in-scope Broad Reviews area described in 'Artificial Intelligence Modeling and Priapism.'.
39001527,10.3390/cancers16132465,Reitano G,2024,Treatment and Staging Intensification Strategies Associated with Radical Prostatectomy for High-Risk Prostate Cancer: Efficacy Evaluation and Exploration of Novel Approaches.,Cancers,Journal Article; Review,Broad Reviews,EXCLUDE,E05_NO_SUBSTANTIVE_AI,Broad Reviews,EXCLUDE,NOT_CONTEXT_ONLY,AI04_AI_ONLY_PATHWAY_WITHOUT_TITLE_AI,ABSTRACT,"The available evidence for 'Treatment and Staging Intensification Strategies Associated with Radical Prostatectomy for High-Risk Prostate Cancer: Efficacy Evaluation and Exploration of Novel Approaches' reports conventional imaging, statistics, digital/AR/VR technology, biomarkers, or automation without a substantive AI/ML method or application."
39046415,,Liang ZC,2024,[Advances in artificial intelligence-assisted MRI radiomics in the diagnosis and treatment of prostate cancer].,Zhonghua nan ke xue = National journal of andrology,English Abstract; Journal Article; Review,Broad Reviews,EXCLUDE,E09_DATE_LANGUAGE_INDEXING,Broad Reviews,EXCLUDE,NOT_CONTEXT_ONLY,DEEP_SCOPE_LANGUAGE_BOUNDARY,PUBMED_METADATA,Official PubMed XML metadata lists the publication language as Chinese (chi) and does not include the English language code (eng). The record is therefore excluded under the prespecified English-language eligibility rule; an English-translated NLM title or abstract does not make the publication itself English-language eligible.
39048694,10.1007/s00120-024-02396-2,Kowalewski KF,2024,[Large language models in science].,"Urologie (Heidelberg, Germany)",English Abstract; Journal Article; Review,Broad Reviews,EXCLUDE,E09_DATE_LANGUAGE_INDEXING,Broad Reviews,EXCLUDE,NOT_CONTEXT_ONLY,DEEP_SCOPE_LANGUAGE_BOUNDARY,PUBMED_METADATA,Official PubMed XML metadata lists the publication language as German (ger) and does not include the English language code (eng). The record is therefore excluded under the prespecified English-language eligibility rule; an English-translated NLM title or abstract does not make the publication itself English-language eligible.
39054210,10.1016/j.diii.2024.07.003,Rowe SP,2024,Molecular imaging for non-invasive risk stratification of renal masses.,Diagnostic and interventional imaging,Journal Article; Review,Broad Reviews,EXCLUDE,E05_NO_SUBSTANTIVE_AI,Broad Reviews,EXCLUDE,NOT_CONTEXT_ONLY,AI04_AI_ONLY_PATHWAY_WITHOUT_TITLE_AI,ABSTRACT,"The available evidence for 'Molecular imaging for non-invasive risk stratification of renal masses' reports conventional imaging, statistics, digital/AR/VR technology, biomarkers, or automation without a substantive AI/ML method or application."
39080137,10.1245/s10434-024-15769-w,Lu H,2024,Effects of Bony Pelvic and Prostate Dimensions on Surgical Difficulty of Robot-Assisted Radical Prostatectomy: An Original Study and Meta-analysis.,Annals of surgical oncology,Journal Article; Meta-Analysis,Broad Reviews,INCLUDE,,Broad Reviews,INCLUDE,NOT_CONTEXT_ONLY,AI04_AI_ONLY_PATHWAY_WITHOUT_TITLE_AI,ABSTRACT,The title and available abstract identify machine learning applied to the in-scope task described in 'Effects of Bony Pelvic and Prostate Dimensions on Surgical Difficulty of Robot-Assisted Radical Prostatectomy: An Original Study and Meta-analysis.'.
39103279,10.3760/cma.j.cn112151-20231030-00322,Chen H,2024,[Application and research progress of artificial intelligence in pathological diagnosis of renal cell carcinoma].,Zhonghua bing li xue za zhi = Chinese journal of pathology,Journal Article; Review,Broad Reviews,EXCLUDE,E09_DATE_LANGUAGE_INDEXING,Broad Reviews,EXCLUDE,NOT_CONTEXT_ONLY,DEEP_SCOPE_LANGUAGE_BOUNDARY,PUBMED_METADATA,Official PubMed XML metadata lists the publication language as Chinese (chi) and does not include the English language code (eng). The record is therefore excluded under the prespecified English-language eligibility rule; an English-translated NLM title or abstract does not make the publication itself English-language eligible.
39148679,10.7717/peerj.17870,Pang S,2024,Research and progress on the mechanism of lower urinary tract neuromodulation: a literature review.,PeerJ,Journal Article; Review,Broad Reviews,INCLUDE,,Broad Reviews,INCLUDE,NOT_CONTEXT_ONLY,AI04_AI_ONLY_PATHWAY_WITHOUT_TITLE_AI,ABSTRACT,The title and available abstract identify a substantive synthesis of machine learning in the in-scope Broad Reviews area described in 'Research and progress on the mechanism of lower urinary tract neuromodulation: a literature review.'.
39164787,10.1186/s40779-024-00566-z,Li JK,2024,Intelligent medicine in focus: the 5 stages of evolution in robot-assisted surgery for prostate cancer in the past 20 years and future implications.,Military Medical Research,Journal Article; Review,Broad Reviews,EXCLUDE,E05_NO_SUBSTANTIVE_AI,Broad Reviews,EXCLUDE,NOT_CONTEXT_ONLY,AI01_FUTURE_OR_INCIDENTAL_AI_RISK,ABSTRACT,"The abstract's main focus in 'Intelligent medicine in focus: the 5 stages of evolution in robot-assisted surgery for prostate cancer in the past 20 years and future implications' is not an AI/ML evaluation; AI is absent or limited to an incidental, emerging, or future possibility rather than a substantive method or application."
39312102,10.1007/s11934-024-01240-6,Lama J,2024,AI for BPH Surgical Decision-Making: Cost Effectiveness and Outcomes.,Current urology reports,Journal Article; Review,Broad Reviews,INCLUDE,,Broad Reviews,INCLUDE,NOT_CONTEXT_ONLY,AI04_AI_ONLY_PATHWAY_WITHOUT_TITLE_AI,ABSTRACT,The title and available abstract identify a substantive synthesis of deep learning and machine learning in the in-scope Broad Reviews area described in 'AI for BPH Surgical Decision-Making: Cost Effectiveness and Outcomes.'.
39390918,10.21037/cco-24-47,Tamborino F,2024,"Current status, evolution, and future perspectives in robotic platform systems for prostate cancer treatment: a narrative review.",Chinese clinical oncology,Journal Article; Review,Broad Reviews,EXCLUDE,E05_NO_SUBSTANTIVE_AI,Broad Reviews,EXCLUDE,NOT_CONTEXT_ONLY,AI01_FUTURE_OR_INCIDENTAL_AI_RISK;AI04_AI_ONLY_PATHWAY_WITHOUT_TITLE_AI,ABSTRACT,"The abstract's main focus in 'Current status, evolution, and future perspectives in robotic platform systems for prostate cancer treatment: a narrative review' is not an AI/ML evaluation; AI is absent or limited to an incidental, emerging, or future possibility rather than a substantive method or application."
39415082,10.1186/s12882-024-03793-7,Tran TT,2024,Artificial intelligence and predictive models for early detection of acute kidney injury: transforming clinical practice.,BMC nephrology,Journal Article; Review,Broad Reviews,EXCLUDE,E01_NON_UROLOGICAL,Broad Reviews,EXCLUDE,NOT_CONTEXT_ONLY,RENAL_NEPHROLOGY_BOUNDARY_PASS,PUBMED_ABSTRACT,General acute-kidney-injury detection and prediction review without a separable urological task.
39429690,10.14789/jmj.JMJ24-0008-R,Ide H,2024,Revolutionary Advances of Robotic Surgery in Urology Field.,Juntendo Iji zasshi = Juntendo medical journal,Journal Article; Review,Broad Reviews,INCLUDE,,Broad Reviews,INCLUDE,NOT_CONTEXT_ONLY,AI04_AI_ONLY_PATHWAY_WITHOUT_TITLE_AI,ABSTRACT,The title and available abstract identify a substantive synthesis of machine learning in the in-scope Broad Reviews area described in 'Revolutionary Advances of Robotic Surgery in Urology Field.'.
39451602,10.3390/diagnostics14202279,Leite KRM,2024,Artificial Intelligence in Uropathology.,"Diagnostics (Basel, Switzerland)",Journal Article; Review,Broad Reviews,INCLUDE,,Broad Reviews,INCLUDE,NOT_CONTEXT_ONLY,CTX01_BROAD_DOMAIN_WITHOUT_TITLE_UROLOGY,ABSTRACT,The title and available abstract identify a substantive synthesis of deep learning and machine learning in the in-scope Broad Reviews area described in 'Artificial Intelligence in Uropathology.'.
39459360,10.3390/medicina60101573,Hong SY,2024,Recent Advances in Robotic Surgery for Urologic Tumors.,"Medicina (Kaunas, Lithuania)",Journal Article; Review,Broad Reviews,INCLUDE,,Broad Reviews,INCLUDE,NOT_CONTEXT_ONLY,AI04_AI_ONLY_PATHWAY_WITHOUT_TITLE_AI,ABSTRACT,The title and available abstract identify a substantive synthesis of machine learning in the in-scope Broad Reviews area described in 'Recent Advances in Robotic Surgery for Urologic Tumors.'.
39470953,10.1007/s11934-024-01247-z,Mian AH,2024,Current and Future Directions of Technology in Assessment of Peyronie's Disease.,Current urology reports,Journal Article; Review,Broad Reviews,EXCLUDE,E05_NO_SUBSTANTIVE_AI,Broad Reviews,EXCLUDE,NOT_CONTEXT_ONLY,AI01_FUTURE_OR_INCIDENTAL_AI_RISK;AI04_AI_ONLY_PATHWAY_WITHOUT_TITLE_AI,ABSTRACT,Override to EXCLUDE (E05). Peyronie technology review focused on conventional imaging/elastography; AI is described as emerging/pending validation.
39505775,10.1007/s00120-024-02471-8,Drager DL,2024,[Small renal mass: which criteria are decisive for a tumor board?].,"Urologie (Heidelberg, Germany)",English Abstract; Journal Article; Review,Broad Reviews,EXCLUDE,E05_NO_SUBSTANTIVE_AI,Broad Reviews,EXCLUDE,NOT_CONTEXT_ONLY,AI04_AI_ONLY_PATHWAY_WITHOUT_TITLE_AI,ABSTRACT,"The available evidence for '[Small renal mass: which criteria are decisive for a tumor board?]' reports conventional imaging, statistics, digital/AR/VR technology, biomarkers, or automation without a substantive AI/ML method or application."
39563551,,Taratkin M S,2024,[Artificial intelligence and large language models: challenges and prospects in research and medicine].,"Urologiia (Moscow, Russia : 1999)",English Abstract; Journal Article; Review,Broad Reviews,CONTEXT_ONLY,E10_CONTEXT_ONLY,Broad Reviews,EXCLUDE,CONTEXT_ONLY,CTX01_BROAD_DOMAIN_WITHOUT_TITLE_UROLOGY,ABSTRACT,"'[Artificial intelligence and large language models: challenges and prospects in research and medicine]' provides AI reporting, governance, ethics, implementation, or research-agenda context without a primary corpus-eligible AI evaluation; it may be cited narratively but not counted."
39611162,10.1016/j.euros.2024.10.020,Sakalis V,2024,AGREE II Quality Assessment of National and International Clinical Practice Guidelines on Prostate Cancer Management by the OPTIMA Consortium.,European urology open science,Journal Article; Review,Broad Reviews,EXCLUDE,E05_NO_SUBSTANTIVE_AI,Broad Reviews,EXCLUDE,NOT_CONTEXT_ONLY,AI04_AI_ONLY_PATHWAY_WITHOUT_TITLE_AI,ABSTRACT,"The available evidence for 'AGREE II Quality Assessment of National and International Clinical Practice Guidelines on Prostate Cancer Management by the OPTIMA Consortium' reports conventional imaging, statistics, digital/AR/VR technology, biomarkers, or automation without a substantive AI/ML method or application."
39618104,10.1080/17434440.2024.2435546,Bignante G,2024,Robotic-assisted surgery for the treatment of urologic cancers: recent advances.,Expert review of medical devices,Journal Article; Review,Broad Reviews,INCLUDE,,Broad Reviews,INCLUDE,NOT_CONTEXT_ONLY,AI04_AI_ONLY_PATHWAY_WITHOUT_TITLE_AI,ABSTRACT,The title and available abstract identify a substantive synthesis of machine learning in the in-scope Broad Reviews area described in 'Robotic-assisted surgery for the treatment of urologic cancers: recent advances.'.
39678498,10.3389/fonc.2024.1465098,Kim H,2024,Machine learning approaches for spatial omics data analysis in digital pathology: tools and applications in genitourinary oncology.,Frontiers in oncology,Journal Article; Review,Broad Reviews,INCLUDE,,Broad Reviews,INCLUDE,NOT_CONTEXT_ONLY,CTX01_BROAD_DOMAIN_WITHOUT_TITLE_UROLOGY,PRIOR_HUMAN_ABSTRACT_REVIEW,The title and available abstract identify a substantive synthesis of machine learning in the in-scope Broad Reviews area described in 'Machine learning approaches for spatial omics data analysis in digital pathology: tools and applications in genitourinary oncology.'.
39725798,10.1007/s11934-024-01252-2,Kinachtchouk N,2024,Artificial Intelligence (AI) and Men's Health Clinic Efficiency and Clinic Billing.,Current urology reports,Journal Article; Review,Broad Reviews,INCLUDE,,Broad Reviews,INCLUDE,NOT_CONTEXT_ONLY,CTX01_BROAD_DOMAIN_WITHOUT_TITLE_UROLOGY,ABSTRACT,The title and available abstract identify a substantive synthesis of large-language-model or chatbot evaluation and machine learning in the in-scope Broad Reviews area described in 'Artificial Intelligence (AI) and Men's Health Clinic Efficiency and Clinic Billing.'.
39767586,10.3390/biomedicines12122679,Kaltsas A,2024,Predictors of Successful Testicular Sperm Extraction: A New Era for Men with Non-Obstructive Azoospermia.,Biomedicines,Journal Article; Review,Broad Reviews,EXCLUDE,E05_NO_SUBSTANTIVE_AI,Broad Reviews,EXCLUDE,NOT_CONTEXT_ONLY,AI03_GENERIC_PREDICTION_WITHOUT_EXPLICIT_AI;AI04_AI_ONLY_PATHWAY_WITHOUT_TITLE_AI,ABSTRACT,"The available evidence for 'Predictors of Successful Testicular Sperm Extraction: A New Era for Men with Non-Obstructive Azoospermia' reports conventional imaging, statistics, digital/AR/VR technology, biomarkers, or automation without a substantive AI/ML method or application."
39839785,10.3389/fonc.2024.1509362,Abbas S,2024,AI predicting recurrence in non-muscle-invasive bladder cancer: systematic review with study strengths and weaknesses.,Frontiers in oncology,Journal Article; Systematic Review,Broad Reviews,INCLUDE,,Broad Reviews,INCLUDE,NOT_CONTEXT_ONLY,AI03_GENERIC_PREDICTION_WITHOUT_EXPLICIT_AI;AI04_AI_ONLY_PATHWAY_WITHOUT_TITLE_AI,ABSTRACT,The title and available abstract identify a substantive synthesis of deep learning and radiomics or pathomics in the in-scope Broad Reviews area described in 'AI predicting recurrence in non-muscle-invasive bladder cancer: systematic review with study strengths and weaknesses.'.
37740080,10.1007/s00330-023-10243-9,Kocak B,2024,Self-reporting with checklists in artificial intelligence research on medical imaging: a systematic review based on citations of CLAIM.,European radiology,Journal Article; Systematic Review,Implementation/ethics/reporting search stream,CONTEXT_ONLY,E10_CONTEXT_ONLY,Implementation/ethics/reporting search stream,EXCLUDE,CONTEXT_ONLY,CTX01_BROAD_DOMAIN_WITHOUT_TITLE_UROLOGY,ABSTRACT,"'Self-reporting with checklists in artificial intelligence research on medical imaging: a systematic review based on citations of CLAIM' provides AI reporting, governance, ethics, implementation, or research-agenda context without a primary corpus-eligible AI evaluation; it may be cited narratively but not counted."
37804007,10.1002/jmri.29025,Woernle A,2024,Picture Perfect: The Status of Image Quality in Prostate MRI.,Journal of magnetic resonance imaging : JMRI,"Journal Article; Research Support, Non-U.S. Gov't; Review",Implementation/ethics/reporting search stream,INCLUDE,,Implementation/ethics/reporting search stream,INCLUDE,NOT_CONTEXT_ONLY,AI04_AI_ONLY_PATHWAY_WITHOUT_TITLE_AI,ABSTRACT,The title and available abstract identify a substantive synthesis of machine learning within the implementation/ethics/reporting search stream described in 'Picture Perfect: The Status of Image Quality in Prostate MRI.'.
37919191,10.1016/j.eururo.2023.10.013,Wiklund P,2024,What More Can We Ask of Robotics?,European urology,Editorial,Implementation/ethics/reporting search stream,EXCLUDE,E01_NON_UROLOGICAL,Implementation/ethics/reporting search stream,EXCLUDE,NOT_CONTEXT_ONLY,AI04_AI_ONLY_PATHWAY_WITHOUT_TITLE_AI;CTX01_BROAD_DOMAIN_WITHOUT_TITLE_UROLOGY,ABSTRACT,"The substantive AI task in 'What More Can We Ask of Robotics?' is general, multi-specialty, or another organ system without a separable urological, andrological, or male-reproductive result."
38008356,10.1016/j.jcpo.2023.100457,Hesso I,2024,Cancer care pathways across seven countries in Europe: What are the current obstacles? And how can artificial intelligence help?,Journal of cancer policy,Journal Article,Implementation/ethics/reporting search stream,CONTEXT_ONLY,E10_CONTEXT_ONLY,Implementation/ethics/reporting search stream,EXCLUDE,CONTEXT_ONLY,DEEP_SCOPE_CONTEXT_ONLY,PUBMED_ABSTRACT,"The study maps care-pathway obstacles across four cancers, including prostate cancer, to inform a future AI project but does not evaluate an AI system or report a separable prostate AI result."
38031481,10.1093/jamia/ocad221,Economou-Zavlanos NJ,2024,"Translating ethical and quality principles for the effective, safe and fair development, deployment and use of artificial intelligence technologies in healthcare.",Journal of the American Medical Informatics Association : JAMIA,"Journal Article; Research Support, N.I.H., Extramural",Implementation/ethics/reporting search stream,CONTEXT_ONLY,E10_CONTEXT_ONLY,Implementation/ethics/reporting search stream,EXCLUDE,CONTEXT_ONLY,SCP06_GENERAL_GOVERNANCE_WITHOUT_UROLOGY;CTX01_BROAD_DOMAIN_WITHOUT_TITLE_UROLOGY,ABSTRACT,"'Translating ethical and quality principles for the effective, safe and fair development, deployment and use of artificial intelligence technologies in healthcare' addresses general healthcare AI reporting, governance, ethics, or implementation without a urology-specific task; it may support methods context but should not contribute to corpus counts."
38104555,10.1159/000535841,Cen HS,2024,Diversity in Renal Mass Data Cohorts: Implications for Urology AI Researchers.,Oncology,Journal Article,Implementation/ethics/reporting search stream,INCLUDE,,Implementation/ethics/reporting search stream,INCLUDE,NOT_CONTEXT_ONLY,AI04_AI_ONLY_PATHWAY_WITHOUT_TITLE_AI,ABSTRACT,The title and available abstract identify a substantive AI or machine-learning application applied to the in-scope task described in 'Diversity in Renal Mass Data Cohorts: Implications for Urology AI Researchers.'.
38165522,10.1186/s41747-023-00402-4,van den Berg I,2024,Automated pelvic MRI measurements associated with urinary incontinence for prostate cancer patients undergoing radical prostatectomy.,European radiology experimental,Comment; Journal Article,Implementation/ethics/reporting search stream,INCLUDE,,Implementation/ethics/reporting search stream,INCLUDE,NOT_CONTEXT_ONLY,AI04_AI_ONLY_PATHWAY_WITHOUT_TITLE_AI,PRIOR_HUMAN_ABSTRACT_REVIEW,The title and available abstract identify deep learning and machine learning applied to the in-scope task described in 'Automated pelvic MRI measurements associated with urinary incontinence for prostate cancer patients undergoing radical prostatectomy.'.
38199916,10.1016/j.cpet.2023.12.006,Oldan JD,2024,PET/Computed Tomography Transformation of Oncology: Kidney and Urinary Tract Cancers.,PET clinics,Journal Article; Review,Implementation/ethics/reporting search stream,EXCLUDE,E05_NO_SUBSTANTIVE_AI,Implementation/ethics/reporting search stream,EXCLUDE,NOT_CONTEXT_ONLY,AI04_AI_ONLY_PATHWAY_WITHOUT_TITLE_AI,ABSTRACT,"The available evidence for 'PET/Computed Tomography Transformation of Oncology: Kidney and Urinary Tract Cancers' reports conventional imaging, statistics, digital/AR/VR technology, biomarkers, or automation without a substantive AI/ML method or application."
38285173,10.1007/s00292-024-01305-w,Stoll AK,2024,[Histomolecular classification of urothelial carcinoma of the urinary bladder : From histological phenotype to genotype and back].,"Pathologie (Heidelberg, Germany)",English Abstract; Journal Article,Implementation/ethics/reporting search stream,EXCLUDE,E09_DATE_LANGUAGE_INDEXING,Implementation/ethics/reporting search stream,EXCLUDE,NOT_CONTEXT_ONLY,DEEP_SCOPE_LANGUAGE_BOUNDARY,PUBMED_METADATA,Official PubMed XML metadata lists the publication language as German (ger) and does not include the English language code (eng). The record is therefore excluded under the prespecified English-language eligibility rule; an English-translated NLM title or abstract does not make the publication itself English-language eligible.
38310378,10.3760/cma.j.cn112139-20230805-00033,Zhao HC,2024,[Technological development of robot-assisted radical prostatectomy].,Zhonghua wai ke za zhi [Chinese journal of surgery],English Abstract; Journal Article,Implementation/ethics/reporting search stream,EXCLUDE,E05_NO_SUBSTANTIVE_AI,Implementation/ethics/reporting search stream,EXCLUDE,NOT_CONTEXT_ONLY,AI04_AI_ONLY_PATHWAY_WITHOUT_TITLE_AI,ABSTRACT,"The available evidence for '[Technological development of robot-assisted radical prostatectomy]' reports conventional imaging, statistics, digital/AR/VR technology, biomarkers, or automation without a substantive AI/ML method or application."
38350931,10.1186/s12958-024-01193-y,Sengupta P,2024,'Intracytoplasmic sperm injection (ICSI) paradox' and 'andrological ignorance': AI in the era of fourth industrial revolution to navigate the blind spots.,Reproductive biology and endocrinology : RB&E,Letter,Implementation/ethics/reporting search stream,INCLUDE,,Implementation/ethics/reporting search stream,INCLUDE,NOT_CONTEXT_ONLY,AI04_AI_ONLY_PATHWAY_WITHOUT_TITLE_AI,ABSTRACT,The title and available abstract identify machine learning applied to the in-scope task described in ''Intracytoplasmic sperm injection (ICSI) paradox' and 'andrological ignorance': AI in the era of fourth industrial revolution to navigate the blind spots.'.
38352035,10.26633/RPSP.2024.13,Liu X,2024,[Reporting guidelines for clinical trial reports for interventions involving artificial intelligence: the CONSORT-AI extensionDiretrizes para relatorios de ensaios clinicos com intervencoes que utilizam inteligencia artificial: a extensao CONSORT-AI].,Revista panamericana de salud publica = Pan American journal of public health,Case Reports; English Abstract; Journal Article,Implementation/ethics/reporting search stream,CONTEXT_ONLY,E10_CONTEXT_ONLY,Implementation/ethics/reporting search stream,EXCLUDE,CONTEXT_ONLY,SCP06_GENERAL_GOVERNANCE_WITHOUT_UROLOGY;CTX01_BROAD_DOMAIN_WITHOUT_TITLE_UROLOGY,ABSTRACT,"'[Reporting guidelines for clinical trial reports for interventions involving artificial intelligence: the CONSORT-AI extensionDiretrizes para relatorios de ensaios clinicos com intervencoes que utilizam inteligencia artificial: a extensao CONSORT-AI]' addresses general healthcare AI reporting, governance, ethics, or implementation without a urology-specific task; it may support methods context but should not contribute to corpus counts."
38388497,10.1038/s41467-024-45355-3,Martindale APL,2024,Concordance of randomised controlled trials for artificial intelligence interventions with the CONSORT-AI reporting guidelines.,Nature communications,Journal Article; Systematic Review,Implementation/ethics/reporting search stream,CONTEXT_ONLY,E10_CONTEXT_ONLY,Implementation/ethics/reporting search stream,EXCLUDE,CONTEXT_ONLY,SCP06_GENERAL_GOVERNANCE_WITHOUT_UROLOGY;CTX01_BROAD_DOMAIN_WITHOUT_TITLE_UROLOGY,ABSTRACT,"'Concordance of randomised controlled trials for artificial intelligence interventions with the CONSORT-AI reporting guidelines' addresses general healthcare AI reporting, governance, ethics, or implementation without a urology-specific task; it may support methods context but should not contribute to corpus counts."
38404754,10.1117/1.JMI.11.1.015002,Thimansson E,2024,Deep learning performance on MRI prostate gland segmentation: evaluation of two commercially available algorithms compared with an expert radiologist.,"Journal of medical imaging (Bellingham, Wash.)",Journal Article,Implementation/ethics/reporting search stream,INCLUDE,,Implementation/ethics/reporting search stream,INCLUDE,NOT_CONTEXT_ONLY,TEC01_TECHNICAL_ARTIFACT_WITHOUT_CLINICAL_CUE,ABSTRACT,The title and available abstract identify deep learning and machine learning applied to the in-scope task described in 'Deep learning performance on MRI prostate gland segmentation: evaluation of two commercially available algorithms compared with an expert radiologist.'.
38476626,10.2147/IJGM.S456659,Mu Y,2024,The Potential Applications and Challenges of ChatGPT in the Medical Field.,International journal of general medicine,Journal Article; Review,Implementation/ethics/reporting search stream,CONTEXT_ONLY,E10_CONTEXT_ONLY,Implementation/ethics/reporting search stream,EXCLUDE,CONTEXT_ONLY,CTX01_BROAD_DOMAIN_WITHOUT_TITLE_UROLOGY,ABSTRACT,"'The Potential Applications and Challenges of ChatGPT in the Medical Field' provides AI reporting, governance, ethics, implementation, or research-agenda context without a primary corpus-eligible AI evaluation; it may be cited narratively but not counted."
38498357,10.1097/JS9.0000000000001290,Li J,2024,RARPKB: a knowledge-guide decision support platform for personalized robot-assisted surgery in prostate cancer.,"International journal of surgery (London, England)",Journal Article; Review,Implementation/ethics/reporting search stream,INCLUDE,,Implementation/ethics/reporting search stream,INCLUDE,NOT_CONTEXT_ONLY,AI04_AI_ONLY_PATHWAY_WITHOUT_TITLE_AI,PRIOR_HUMAN_ABSTRACT_REVIEW,The title and available abstract identify a substantive synthesis of large-language-model or chatbot evaluation and machine learning within the implementation/ethics/reporting search stream described in 'RARPKB: a knowledge-guide decision support platform for personalized robot-assisted surgery in prostate cancer.'.
38498394,10.1097/JS9.0000000000001359,Zhu L,2024,Step into the era of large multimodal models: a pilot study on ChatGPT-4V(ision)'s ability to interpret radiological images.,"International journal of surgery (London, England)",Journal Article,Implementation/ethics/reporting search stream,EXCLUDE,E01_NON_UROLOGICAL,Implementation/ethics/reporting search stream,EXCLUDE,NOT_CONTEXT_ONLY,CTX01_BROAD_DOMAIN_WITHOUT_TITLE_UROLOGY,ABSTRACT,"The substantive AI task in 'Step into the era of large multimodal models: a pilot study on ChatGPT-4V(ision)'s ability to interpret radiological images' is general, multi-specialty, or another organ system without a separable urological, andrological, or male-reproductive result."
38599321,10.1016/j.fjurol.2024.102636,Perrot O,2024,Chatbots vs andrologists: Testing 25 clinical cases.,The French journal of urology,Comparative Study; Journal Article,Implementation/ethics/reporting search stream,INCLUDE,,Implementation/ethics/reporting search stream,INCLUDE,NOT_CONTEXT_ONLY,AI04_AI_ONLY_PATHWAY_WITHOUT_TITLE_AI,PRIOR_HUMAN_ABSTRACT_REVIEW,The title and available abstract identify large-language-model or chatbot evaluation applied to the in-scope task described in 'Chatbots vs andrologists: Testing 25 clinical cases.'.
38599593,10.1055/a-2281-8015,Frank J,2024,[Large Language Models for Rapid Simplification of Quality Assurance Data Input: Field Trial with Real Data in the Context of Tumour Documentation in Urology].,Aktuelle Urologie,English Abstract; Journal Article,Implementation/ethics/reporting search stream,EXCLUDE,E09_DATE_LANGUAGE_INDEXING,Implementation/ethics/reporting search stream,EXCLUDE,NOT_CONTEXT_ONLY,DEEP_SCOPE_LANGUAGE_BOUNDARY,PUBMED_METADATA,Official PubMed XML metadata lists the publication language as German (ger) and does not include the English language code (eng). The record is therefore excluded under the prespecified English-language eligibility rule; an English-translated NLM title or abstract does not make the publication itself English-language eligible.
38623253,10.1016/j.heliyon.2024.e28878,He X,2024,"Predicting prostate cancer recurrence: Introducing PCRPS, an advanced online web server.",Heliyon,Journal Article,Implementation/ethics/reporting search stream,INCLUDE,,Implementation/ethics/reporting search stream,INCLUDE,NOT_CONTEXT_ONLY,AI03_GENERIC_PREDICTION_WITHOUT_EXPLICIT_AI;AI04_AI_ONLY_PATHWAY_WITHOUT_TITLE_AI,ABSTRACT,"The title and available abstract identify machine learning applied to the in-scope task described in 'Predicting prostate cancer recurrence: Introducing PCRPS, an advanced online web server.'."
38623791,10.1089/end.2024.0020,Berger JH,2024,It Is Time to Consider the Ethical Implications of Artificial Intelligence Use in Generating Manuscripts for Peer-Reviewed Journals.,Journal of endourology,Letter,Implementation/ethics/reporting search stream,CONTEXT_ONLY,E10_CONTEXT_ONLY,Implementation/ethics/reporting search stream,EXCLUDE,CONTEXT_ONLY,CTX01_BROAD_DOMAIN_WITHOUT_TITLE_UROLOGY,METADATA_ONLY,"'It Is Time to Consider the Ethical Implications of Artificial Intelligence Use in Generating Manuscripts for Peer-Reviewed Journals' provides AI reporting, governance, ethics, implementation, or research-agenda context without a primary corpus-eligible AI evaluation; it may be cited narratively but not counted."
38626948,10.1136/bmj-2023-078378,Collins GS,2024,TRIPOD+AI statement: updated guidance for reporting clinical prediction models that use regression or machine learning methods.,BMJ (Clinical research ed.),Journal Article,Implementation/ethics/reporting search stream,CONTEXT_ONLY,E10_CONTEXT_ONLY,Implementation/ethics/reporting search stream,EXCLUDE,CONTEXT_ONLY,CTX01_BROAD_DOMAIN_WITHOUT_TITLE_UROLOGY,METADATA_ONLY,"'TRIPOD+AI statement: updated guidance for reporting clinical prediction models that use regression or machine learning methods' provides AI reporting, governance, ethics, implementation, or research-agenda context without a primary corpus-eligible AI evaluation; it may be cited narratively but not counted."
38626949,10.1136/bmj.q824,Cohen JF,2024,TRIPOD+AI: an updated reporting guideline for clinical prediction models.,BMJ (Clinical research ed.),Comment; Editorial,Implementation/ethics/reporting search stream,CONTEXT_ONLY,E10_CONTEXT_ONLY,Implementation/ethics/reporting search stream,EXCLUDE,CONTEXT_ONLY,SCP06_GENERAL_GOVERNANCE_WITHOUT_UROLOGY;AI03_GENERIC_PREDICTION_WITHOUT_EXPLICIT_AI;AI04_AI_ONLY_PATHWAY_WITHOUT_TITLE_AI;CTX01_BROAD_DOMAIN_WITHOUT_TITLE_UROLOGY,METADATA_ONLY,"'TRIPOD+AI: an updated reporting guideline for clinical prediction models' addresses general healthcare AI reporting, governance, ethics, or implementation without a urology-specific task; it may support methods context but should not contribute to corpus counts."
38638494,10.1049/htl2.12056,Hofman J,2024,First-in-human real-time AI-assisted instrument deocclusion during augmented reality robotic surgery.,Healthcare technology letters,Journal Article,Implementation/ethics/reporting search stream,INCLUDE,,Implementation/ethics/reporting search stream,INCLUDE,NOT_CONTEXT_ONLY,SCP05_GENERAL_SURGERY_WITHOUT_UROLOGY;CTX01_BROAD_DOMAIN_WITHOUT_TITLE_UROLOGY,ABSTRACT,The title and available abstract identify a substantive AI or machine-learning application applied to the in-scope task described in 'First-in-human real-time AI-assisted instrument deocclusion during augmented reality robotic surgery.'.
38670745,10.1016/S2589-7500(24)00047-5,Han R,2024,Randomised controlled trials evaluating artificial intelligence in clinical practice: a scoping review.,The Lancet. Digital health,"Journal Article; Research Support, N.I.H., Extramural; Research Support, Non-U.S. Gov't; Scoping Review",Implementation/ethics/reporting search stream,CONTEXT_ONLY,E10_CONTEXT_ONLY,Implementation/ethics/reporting search stream,EXCLUDE,CONTEXT_ONLY,DEEP_SCOPE_SEPARABLE_UROLOGY,PUBMED_ABSTRACT,This cross-specialty scoping review of clinical AI trials reports aggregate findings centred on gastroenterology and radiology without a separable urological analysis; it is retained only as general trial-design context.
38678674,10.1016/j.ijmedinf.2024.105467,Le BD,2024,Predicting the presence of adherent perinephric fat using MRI radiomics combined with machine learning.,International journal of medical informatics,Journal Article,Implementation/ethics/reporting search stream,INCLUDE,,Implementation/ethics/reporting search stream,INCLUDE,NOT_CONTEXT_ONLY,CTX01_BROAD_DOMAIN_WITHOUT_TITLE_UROLOGY,ABSTRACT,The title and available abstract identify radiomics or pathomics and machine learning applied to the in-scope task described in 'Predicting the presence of adherent perinephric fat using MRI radiomics combined with machine learning.'.
38697362,10.1016/j.urology.2024.04.033,Tan HJ,2024,Clinical Decision Support for Surgery: A Mixed Methods Study on Design and Implementation Perspectives From Urologists.,Urology,"Journal Article; Research Support, N.I.H., Extramural; Research Support, Non-U.S. Gov't",Implementation/ethics/reporting search stream,EXCLUDE,E05_NO_SUBSTANTIVE_AI,Implementation/ethics/reporting search stream,EXCLUDE,NOT_CONTEXT_ONLY,AI01_FUTURE_OR_INCIDENTAL_AI_RISK;AI04_AI_ONLY_PATHWAY_WITHOUT_TITLE_AI,ABSTRACT,"The abstract's main focus in 'Clinical Decision Support for Surgery: A Mixed Methods Study on Design and Implementation Perspectives From Urologists' is not an AI/ML evaluation; AI is absent or limited to an incidental, emerging, or future possibility rather than a substantive method or application."
38724730,10.1038/s43856-024-00502-1,Huo X,2024,A comprehensive AI model development framework for consistent Gleason grading.,Communications medicine,Journal Article,Implementation/ethics/reporting search stream,INCLUDE,,Implementation/ethics/reporting search stream,INCLUDE,NOT_CONTEXT_ONLY,AI04_AI_ONLY_PATHWAY_WITHOUT_TITLE_AI,ABSTRACT,The title and available abstract identify machine learning applied to the in-scope task described in 'A comprehensive AI model development framework for consistent Gleason grading.'.
38773341,10.1038/s41591-024-02978-9,Kinget L,2024,A spatial architecture-embedding HLA signature to predict clinical response to immunotherapy in renal cell carcinoma.,Nature medicine,Journal Article,Implementation/ethics/reporting search stream,INCLUDE,,Implementation/ethics/reporting search stream,INCLUDE,NOT_CONTEXT_ONLY,AI04_AI_ONLY_PATHWAY_WITHOUT_TITLE_AI,ABSTRACT,The title and available abstract identify machine learning applied to the in-scope task described in 'A spatial architecture-embedding HLA signature to predict clinical response to immunotherapy in renal cell carcinoma.'.
38809149,10.1148/ryai.240300,Tejani AS,2024,Checklist for Artificial Intelligence in Medical Imaging (CLAIM): 2024 Update.,Radiology. Artificial intelligence,"Editorial; Research Support, N.I.H., Extramural",Implementation/ethics/reporting search stream,CONTEXT_ONLY,E10_CONTEXT_ONLY,Implementation/ethics/reporting search stream,EXCLUDE,CONTEXT_ONLY,CTX01_BROAD_DOMAIN_WITHOUT_TITLE_UROLOGY,METADATA_ONLY,"'Checklist for Artificial Intelligence in Medical Imaging (CLAIM): 2024 Update' provides AI reporting, governance, ethics, implementation, or research-agenda context without a primary corpus-eligible AI evaluation; it may be cited narratively but not counted."
38881457,10.1097/SLA.0000000000006399,Staubli SM,2024,Decoding the Clavien-Dindo Classification: Artificial Intelligence (AI) as a Novel Tool to Grade Postoperative Complications.,Annals of surgery,Journal Article,Implementation/ethics/reporting search stream,EXCLUDE,E01_NON_UROLOGICAL,Implementation/ethics/reporting search stream,EXCLUDE,NOT_CONTEXT_ONLY,CTX01_BROAD_DOMAIN_WITHOUT_TITLE_UROLOGY,ABSTRACT,"The substantive AI task in 'Decoding the Clavien-Dindo Classification: Artificial Intelligence (AI) as a Novel Tool to Grade Postoperative Complications' is general, multi-specialty, or another organ system without a separable urological, andrological, or male-reproductive result."
38923789,10.1111/bju.16452,Taya M,2024,Perspectives on technology: Prostate Imaging-Reporting and Data System (PI-RADS) interobserver variability.,BJU international,Journal Article; Review,Implementation/ethics/reporting search stream,EXCLUDE,E05_NO_SUBSTANTIVE_AI,Implementation/ethics/reporting search stream,EXCLUDE,NOT_CONTEXT_ONLY,AI01_FUTURE_OR_INCIDENTAL_AI_RISK;AI04_AI_ONLY_PATHWAY_WITHOUT_TITLE_AI,ABSTRACT,"The abstract's main focus in 'Perspectives on technology: Prostate Imaging-Reporting and Data System (PI-RADS) interobserver variability' is not an AI/ML evaluation; AI is absent or limited to an incidental, emerging, or future possibility rather than a substantive method or application."
38983463,10.21037/tau-23-629,Checcucci E,2024,"Transitioning from ""Dr. Google"" to ""Dr. ChatGPT"": the advent of artificial intelligence chatbots.",Translational andrology and urology,Comment; Editorial,Implementation/ethics/reporting search stream,CONTEXT_ONLY,E10_CONTEXT_ONLY,Implementation/ethics/reporting search stream,EXCLUDE,CONTEXT_ONLY,CTX01_BROAD_DOMAIN_WITHOUT_TITLE_UROLOGY,METADATA_ONLY,"'Transitioning from ""Dr. Google"" to ""Dr. ChatGPT"": the advent of artificial intelligence chatbots' provides AI reporting, governance, ethics, implementation, or research-agenda context without a primary corpus-eligible AI evaluation; it may be cited narratively but not counted."
39028011,10.3348/kjr.2024.0598,Park SH,2024,Reporting Guidelines for Artificial Intelligence Studies in Healthcare (for Both Conventional and Large Language Models): What's New in 2024.,Korean journal of radiology,Editorial,Implementation/ethics/reporting search stream,CONTEXT_ONLY,E10_CONTEXT_ONLY,Implementation/ethics/reporting search stream,EXCLUDE,CONTEXT_ONLY,SCP06_GENERAL_GOVERNANCE_WITHOUT_UROLOGY;CTX01_BROAD_DOMAIN_WITHOUT_TITLE_UROLOGY,METADATA_ONLY,"'Reporting Guidelines for Artificial Intelligence Studies in Healthcare (for Both Conventional and Large Language Models): What's New in 2024' addresses general healthcare AI reporting, governance, ethics, or implementation without a urology-specific task; it may support methods context but should not contribute to corpus counts."
39070100,10.1016/j.euros.2024.06.007,Bhavsar NA,2024,"Design and Rationale of the Outcomes Database to Prospectively Assess the Changing Therapy Landscape in Renal Cell Carcinoma Registry: A Multi-institutional, Prospective Study of Patients with Metastatic Renal Cell Carcinoma.",European urology open science,Journal Article,Implementation/ethics/reporting search stream,EXCLUDE,E05_NO_SUBSTANTIVE_AI,Implementation/ethics/reporting search stream,EXCLUDE,NOT_CONTEXT_ONLY,AI04_AI_ONLY_PATHWAY_WITHOUT_TITLE_AI,ABSTRACT,"The available evidence for 'Design and Rationale of the Outcomes Database to Prospectively Assess the Changing Therapy Landscape in Renal Cell Carcinoma Registry: A Multi-institutional, Prospective Study of Patients with Metastatic Renal Cell Carcinoma' reports conventional imaging, statistics, digital/AR/VR technology, biomarkers, or automation without a substantive AI/ML method or application."
39164055,10.3346/jkms.2024.39.e231,Alnaimat F,2024,"Evolution of Research Reporting Standards: Adapting to the Influence of Artificial Intelligence, Statistics Software, and Writing Tools.",Journal of Korean medical science,Journal Article; Review,Implementation/ethics/reporting search stream,CONTEXT_ONLY,E10_CONTEXT_ONLY,Implementation/ethics/reporting search stream,EXCLUDE,CONTEXT_ONLY,CTX01_BROAD_DOMAIN_WITHOUT_TITLE_UROLOGY,ABSTRACT,"'Evolution of Research Reporting Standards: Adapting to the Influence of Artificial Intelligence, Statistics Software, and Writing Tools' provides AI reporting, governance, ethics, implementation, or research-agenda context without a primary corpus-eligible AI evaluation; it may be cited narratively but not counted."
39240144,10.2196/55148,Brehmer A,2024,Establishing Medical Intelligence-Leveraging Fast Healthcare Interoperability Resources to Improve Clinical Management: Retrospective Cohort and Clinical Implementation Study.,Journal of medical Internet research,"Journal Article; Research Support, Non-U.S. Gov't",Implementation/ethics/reporting search stream,EXCLUDE,E05_NO_SUBSTANTIVE_AI,Implementation/ethics/reporting search stream,EXCLUDE,NOT_CONTEXT_ONLY,SCP06_GENERAL_GOVERNANCE_WITHOUT_UROLOGY;AI04_AI_ONLY_PATHWAY_WITHOUT_TITLE_AI;CTX01_BROAD_DOMAIN_WITHOUT_TITLE_UROLOGY,ABSTRACT,"The abstract's main focus in 'Establishing Medical Intelligence-Leveraging Fast Healthcare Interoperability Resources to Improve Clinical Management: Retrospective Cohort and Clinical Implementation Study' is not an AI/ML evaluation; AI is absent or limited to an incidental, emerging, or future possibility rather than a substantive method or application."
39242544,10.1186/s13643-024-02646-6,Wilhelm C,2024,Is artificial intelligence for medical professionals serving the patients?  : Protocol for a systematic review on patient-relevant benefits and harms of algorithmic decision-making.,Systematic reviews,Journal Article,Implementation/ethics/reporting search stream,CONTEXT_ONLY,E10_CONTEXT_ONLY,Implementation/ethics/reporting search stream,EXCLUDE,CONTEXT_ONLY,CTX01_BROAD_DOMAIN_WITHOUT_TITLE_UROLOGY,ABSTRACT,"'Is artificial intelligence for medical professionals serving the patients? : Protocol for a systematic review on patient-relevant benefits and harms of algorithmic decision-making' provides AI reporting, governance, ethics, implementation, or research-agenda context without a primary corpus-eligible AI evaluation; it may be cited narratively but not counted."
39293047,10.2196/58202,Guni A,2024,Revised Tool for the Quality Assessment of Diagnostic Accuracy Studies Using AI (QUADAS-AI): Protocol for a Qualitative Study.,JMIR research protocols,Journal Article,Implementation/ethics/reporting search stream,CONTEXT_ONLY,E10_CONTEXT_ONLY,Implementation/ethics/reporting search stream,EXCLUDE,CONTEXT_ONLY,AI04_AI_ONLY_PATHWAY_WITHOUT_TITLE_AI;CTX01_BROAD_DOMAIN_WITHOUT_TITLE_UROLOGY,ABSTRACT,"'Revised Tool for the Quality Assessment of Diagnostic Accuracy Studies Using AI (QUADAS-AI): Protocol for a Qualitative Study' provides AI reporting, governance, ethics, implementation, or research-agenda context without a primary corpus-eligible AI evaluation; it may be cited narratively but not counted."
39294061,10.1016/S2589-7500(24)00143-2,Ning Y,2024,Generative artificial intelligence and ethical considerations in health care: a scoping review and ethics checklist.,The Lancet. Digital health,"Journal Article; Research Support, Non-U.S. Gov't; Scoping Review",Implementation/ethics/reporting search stream,CONTEXT_ONLY,E10_CONTEXT_ONLY,Implementation/ethics/reporting search stream,EXCLUDE,CONTEXT_ONLY,SCP06_GENERAL_GOVERNANCE_WITHOUT_UROLOGY;CTX01_BROAD_DOMAIN_WITHOUT_TITLE_UROLOGY,ABSTRACT,"'Generative artificial intelligence and ethical considerations in health care: a scoping review and ethics checklist' addresses general healthcare AI reporting, governance, ethics, or implementation without a urology-specific task; it may support methods context but should not contribute to corpus counts."
39333376,10.1038/s41746-024-01258-7,Tam TYC,2024,A framework for human evaluation of large language models in healthcare derived from literature review.,NPJ digital medicine,Journal Article,Implementation/ethics/reporting search stream,CONTEXT_ONLY,E10_CONTEXT_ONLY,Implementation/ethics/reporting search stream,EXCLUDE,CONTEXT_ONLY,SCP06_GENERAL_GOVERNANCE_WITHOUT_UROLOGY;CTX01_BROAD_DOMAIN_WITHOUT_TITLE_UROLOGY,ABSTRACT,"'A framework for human evaluation of large language models in healthcare derived from literature review' addresses general healthcare AI reporting, governance, ethics, or implementation without a urology-specific task; it may support methods context but should not contribute to corpus counts."
39477382,10.21873/invivo.13785,Chang KY,2024,An Artificial Intelligence-assisted Diagnostic System Improves Upper Urine Tract Cytology Diagnosis.,"In vivo (Athens, Greece)",Journal Article,Implementation/ethics/reporting search stream,INCLUDE,,Implementation/ethics/reporting search stream,INCLUDE,NOT_CONTEXT_ONLY,CTX01_BROAD_DOMAIN_WITHOUT_TITLE_UROLOGY,ABSTRACT,The title and available abstract identify deep learning and machine learning applied to the in-scope task described in 'An Artificial Intelligence-assisted Diagnostic System Improves Upper Urine Tract Cytology Diagnosis.'.
39509461,10.1371/journal.pdig.0000651,Cross JL,2024,Bias in medical AI: Implications for clinical decision-making.,PLOS digital health,Journal Article; Review,Implementation/ethics/reporting search stream,CONTEXT_ONLY,E10_CONTEXT_ONLY,Implementation/ethics/reporting search stream,EXCLUDE,CONTEXT_ONLY,DEEP_SCOPE_SEPARABLE_UROLOGY,PUBMED_ABSTRACT,"The article reviews bias across the medical-AI lifecycle without a urological task, dataset, or stratified result; it is retained only as general governance context."
39512805,10.7759/cureus.73128,Ibraheem N,2024,Innovations and Emerging Trends in Prostate Cancer Management: A Literature Review.,Cureus,Journal Article; Review,Implementation/ethics/reporting search stream,INCLUDE,,Implementation/ethics/reporting search stream,INCLUDE,NOT_CONTEXT_ONLY,AI04_AI_ONLY_PATHWAY_WITHOUT_TITLE_AI,ABSTRACT,The title and available abstract identify a substantive synthesis of machine learning within the implementation/ethics/reporting search stream described in 'Innovations and Emerging Trends in Prostate Cancer Management: A Literature Review.'.
39673635,10.1007/s00345-024-05385-4,Chung D,2024,"Real-world utility of ChatGPT in pre-vasectomy counselling, a safe and efficient practice: a prospective single-centre clinical study.",World journal of urology,Journal Article; Randomized Controlled Trial,Implementation/ethics/reporting search stream,INCLUDE,,Implementation/ethics/reporting search stream,INCLUDE,NOT_CONTEXT_ONLY,CTX01_BROAD_DOMAIN_WITHOUT_TITLE_UROLOGY,ABSTRACT,"The title and available abstract identify large-language-model or chatbot evaluation applied to the in-scope task described in 'Real-world utility of ChatGPT in pre-vasectomy counselling, a safe and efficient practice: a prospective single-centre clinical study.'."
39697728,10.21037/tcr-24-180,Soltani-Tehrani AM,2024,Predicting response to bacillus Calmette-Guerin in high-risk non-muscle invasive bladder cancer.,Translational cancer research,Journal Article; Review,Implementation/ethics/reporting search stream,EXCLUDE,E05_NO_SUBSTANTIVE_AI,Implementation/ethics/reporting search stream,EXCLUDE,NOT_CONTEXT_ONLY,AI03_GENERIC_PREDICTION_WITHOUT_EXPLICIT_AI;AI04_AI_ONLY_PATHWAY_WITHOUT_TITLE_AI,ABSTRACT,"The available evidence for 'Predicting response to bacillus Calmette-Guerin in high-risk non-muscle invasive bladder cancer' reports conventional imaging, statistics, digital/AR/VR technology, biomarkers, or automation without a substantive AI/ML method or application."
39744068,10.1002/bco2.420,Mandel A,2024,Patients and generative AI: Who owns your diagnosis?,BJUI compass,Journal Article,Implementation/ethics/reporting search stream,CONTEXT_ONLY,E10_CONTEXT_ONLY,Implementation/ethics/reporting search stream,EXCLUDE,CONTEXT_ONLY,CTX01_BROAD_DOMAIN_WITHOUT_TITLE_UROLOGY,METADATA_ONLY,"'Patients and generative AI: Who owns your diagnosis?' provides AI reporting, governance, ethics, implementation, or research-agenda context without a primary corpus-eligible AI evaluation; it may be cited narratively but not counted."
39744079,10.1002/bco2.447,Storino Ramacciotti L,2024,A sustainable and expedited 'One-Stop' prostate cancer diagnostic pathway to reduce environmental impact and enhance accessibility.,BJUI compass,Journal Article,Implementation/ethics/reporting search stream,EXCLUDE,E05_NO_SUBSTANTIVE_AI,Implementation/ethics/reporting search stream,EXCLUDE,NOT_CONTEXT_ONLY,AI04_AI_ONLY_PATHWAY_WITHOUT_TITLE_AI,ABSTRACT,"The available evidence for 'A sustainable and expedited 'One-Stop' prostate cancer diagnostic pathway to reduce environmental impact and enhance accessibility' reports conventional imaging, statistics, digital/AR/VR technology, biomarkers, or automation without a substantive AI/ML method or application."
40377545,,He Mingze HM,2024,[Development of a Deep Learning-Based System for Supporting Medical Decision-Making in PI-RADS Score Determination].,"Urologiia (Moscow, Russia : 1999)",English Abstract; Journal Article; Multicenter Study,Implementation/ethics/reporting search stream,EXCLUDE,E09_DATE_LANGUAGE_INDEXING,Implementation/ethics/reporting search stream,EXCLUDE,NOT_CONTEXT_ONLY,DEEP_SCOPE_LANGUAGE_BOUNDARY,PUBMED_METADATA,Official PubMed XML metadata lists the publication language as Russian (rus) and does not include the English language code (eng). The record is therefore excluded under the prespecified English-language eligibility rule; an English-translated NLM title or abstract does not make the publication itself English-language eligible.
37704752,10.1038/s41391-023-00720-z,Hswen Y,2024,The inclusion of social determinants of health into evaluations of quality and appropriateness of AI assistant-ChatGPT.,Prostate cancer and prostatic diseases,Letter,LLMs & GenAI,CONTEXT_ONLY,E10_CONTEXT_ONLY,LLMs & GenAI,EXCLUDE,CONTEXT_ONLY,CTX01_BROAD_DOMAIN_WITHOUT_TITLE_UROLOGY,METADATA_ONLY,"'The inclusion of social determinants of health into evaluations of quality and appropriateness of AI assistant-ChatGPT' provides AI reporting, governance, ethics, implementation, or research-agenda context without a primary corpus-eligible AI evaluation; it may be cited narratively but not counted."
37802191,10.1016/j.urology.2023.09.029,Vasdev R,2024,Technologic Stewardship in Urology: A Call for Action.,Urology,Letter,LLMs & GenAI,CONTEXT_ONLY,E10_CONTEXT_ONLY,LLMs & GenAI,EXCLUDE,CONTEXT_ONLY,AI04_AI_ONLY_PATHWAY_WITHOUT_TITLE_AI,FULL_TEXT,"Full text is a urology-specific discussion of technology and AI stewardship, but it reports no primary AI evaluation; retain only as narrative context outside corpus counts."
37803243,10.1038/s41391-023-00735-6,Daungsupawong H,2024,Social determinants of health into evaluations of quality and appropriateness of AI assistant ChatGPT.,Prostate cancer and prostatic diseases,Letter,LLMs & GenAI,CONTEXT_ONLY,E10_CONTEXT_ONLY,LLMs & GenAI,EXCLUDE,CONTEXT_ONLY,CTX01_BROAD_DOMAIN_WITHOUT_TITLE_UROLOGY,METADATA_ONLY,"'Social determinants of health into evaluations of quality and appropriateness of AI assistant ChatGPT' provides AI reporting, governance, ethics, implementation, or research-agenda context without a primary corpus-eligible AI evaluation; it may be cited narratively but not counted."
37823708,10.1097/COC.0000000000001050,Janopaul-Naylor JR,2024,Physician Assessment of ChatGPT and Bing Answers to American Cancer Society's Questions to Ask About Your Cancer.,American journal of clinical oncology,"Journal Article; Research Support, N.I.H., Extramural",LLMs & GenAI,INCLUDE,,LLMs & GenAI,INCLUDE,NOT_CONTEXT_ONLY,CTX01_BROAD_DOMAIN_WITHOUT_TITLE_UROLOGY,ABSTRACT,The title and available abstract identify large-language-model or chatbot evaluation and deep learning applied to the in-scope task described in 'Physician Assessment of ChatGPT and Bing Answers to American Cancer Society's Questions to Ask About Your Cancer.'.
37879994,10.1016/j.asjsur.2023.10.034,He SK,2024,Surgery in the era of ChatGPT: A bibliometric analysis based on web of science.,Asian journal of surgery,Letter,LLMs & GenAI,EXCLUDE,E01_NON_UROLOGICAL,LLMs & GenAI,EXCLUDE,NOT_CONTEXT_ONLY,CTX01_BROAD_DOMAIN_WITHOUT_TITLE_UROLOGY,FULL_TEXT,Full text bibliometrically maps ChatGPT publications across surgery generally and reports no separable urological analysis or result; urology affiliations alone do not establish eligibility.
37913954,10.1016/j.radonc.2023.109978,Wu DJ,2024,Pilot applications of GPT-4 in radiation oncology: Summarizing patient symptom intake and targeted chatbot applications.,Radiotherapy and oncology : journal of the European Society for Therapeutic Radiology and Oncology,Journal Article,LLMs & GenAI,INCLUDE,,LLMs & GenAI,INCLUDE,NOT_CONTEXT_ONLY,CTX01_BROAD_DOMAIN_WITHOUT_TITLE_UROLOGY,ABSTRACT,The title and available abstract identify large-language-model or chatbot evaluation applied to the in-scope task described in 'Pilot applications of GPT-4 in radiation oncology: Summarizing patient symptom intake and targeted chatbot applications.'.
37914380,10.1097/UPJ.0000000000000490,Shah YB,2024,Comparison of ChatGPT and Traditional Patient Education Materials for Men's Health.,Urology practice,Journal Article,LLMs & GenAI,INCLUDE,,LLMs & GenAI,INCLUDE,NOT_CONTEXT_ONLY,CTX01_BROAD_DOMAIN_WITHOUT_TITLE_UROLOGY,ABSTRACT,The title and available abstract identify large-language-model or chatbot evaluation and machine learning applied to the in-scope task described in 'Comparison of ChatGPT and Traditional Patient Education Materials for Men's Health.'.
37968351,10.1038/s41585-023-00836-w,Bertolo R,2024,Generative AI in scientific publishing: disruptive or destructive?,Nature reviews. Urology,Journal Article,LLMs & GenAI,CONTEXT_ONLY,E10_CONTEXT_ONLY,LLMs & GenAI,EXCLUDE,CONTEXT_ONLY,CTX01_BROAD_DOMAIN_WITHOUT_TITLE_UROLOGY,METADATA_ONLY,"'Generative AI in scientific publishing: disruptive or destructive?' provides AI reporting, governance, ethics, implementation, or research-agenda context without a primary corpus-eligible AI evaluation; it may be cited narratively but not counted."
38151444,10.1016/j.eururo.2023.11.029,Wu RC,2024,"Re: Michael Eppler, Conner Ganjavi, Lorenzo Storino Ramacciotti, et al. Awareness and Use of ChatGPT and Large Language Models: A Prospective Cross-sectional Global Survey in Urology. Eur Urol. 2024;85:146-53.",European urology,Letter,LLMs & GenAI,INCLUDE,,LLMs & GenAI,INCLUDE,NOT_CONTEXT_ONLY,DUP01_NORMALIZED_TITLE_CLUSTER,FULL_TEXT_PLUS_DUAL_RATER_CONSENSUS,"Substantive, urology-specific discussion of LLM use: model choice, uptake among urologists, resource/geographic variation, user proficiency, meaningful clinical outcomes, pediatric-urology question answering, and urology-specific guidance."
38199794,10.1093/humrep/dead272,Beilby K,2024,ChatGPT: a reliable fertility decision-making tool?,"Human reproduction (Oxford, England)",Journal Article,LLMs & GenAI,EXCLUDE,E01_NON_UROLOGICAL,LLMs & GenAI,EXCLUDE,NOT_CONTEXT_ONLY,CTX01_BROAD_DOMAIN_WITHOUT_TITLE_UROLOGY,FULL_TEXT,"The substantive AI task in 'ChatGPT: a reliable fertility decision-making tool?' is general, multi-specialty, or another organ system without a separable urological, andrological, or male-reproductive result."
38441078,10.1089/end.2023.0696,Connors C,2024,Evaluation of the Current Status of Artificial Intelligence for Endourology Patient Education: A Blind Comparison of ChatGPT and Google Bard Against Traditional Information Resources.,Journal of endourology,Comparative Study; Evaluation Study; Journal Article,LLMs & GenAI,INCLUDE,,LLMs & GenAI,INCLUDE,NOT_CONTEXT_ONLY,CTX01_BROAD_DOMAIN_WITHOUT_TITLE_UROLOGY,ABSTRACT,The title and available abstract identify large-language-model or chatbot evaluation and machine learning applied to the in-scope task described in 'Evaluation of the Current Status of Artificial Intelligence for Endourology Patient Education: A Blind Comparison of ChatGPT and Google Bard Against Traditional Information Resources.'.
38484238,10.1097/SPV.0000000000001459,Johnson CM,2024,Evaluation of ChatGPT for Pelvic Floor Surgery Counseling.,"Urogynecology (Philadelphia, Pa.)",Journal Article,LLMs & GenAI,INCLUDE,,LLMs & GenAI,INCLUDE,NOT_CONTEXT_ONLY,CTX01_BROAD_DOMAIN_WITHOUT_TITLE_UROLOGY,ABSTRACT,The title and available abstract identify large-language-model or chatbot evaluation and machine learning applied to the in-scope task described in 'Evaluation of ChatGPT for Pelvic Floor Surgery Counseling.'.
38644147,10.1016/j.eururo.2024.02.033,Cardona Ortegon JD,2024,"Re: Michael Eppler, Conner Ganjavi, Lorenzo Storino Ramacciotti, et al. Awareness and Use of ChatGPT and Large Language Models: A Prospective Cross-sectional Global Survey in Urology. Eur Urol 2024;85:146-53.",European urology,Comment; Letter,LLMs & GenAI,CONTEXT_ONLY,E10_CONTEXT_ONLY,LLMs & GenAI,EXCLUDE,CONTEXT_ONLY,DUP01_NORMALIZED_TITLE_CLUSTER,FULL_TEXT_PLUS_DUAL_RATER_CONSENSUS,"Discusses general AI bias, multilinguality, hallucinations, and ethics, using chest-imaging and radiology examples. The urology survey is principally framing; there is no separable urological task or result."
38650670,10.2147/JMDH.S463128,Wu J,2024,The Application of ChatGPT in Medicine: A Scoping Review and Bibliometric Analysis.,Journal of multidisciplinary healthcare,Journal Article; Scoping Review,LLMs & GenAI,CONTEXT_ONLY,E10_CONTEXT_ONLY,LLMs & GenAI,EXCLUDE,CONTEXT_ONLY,CTX01_BROAD_DOMAIN_WITHOUT_TITLE_UROLOGY,ABSTRACT,"'The Application of ChatGPT in Medicine: A Scoping Review and Bibliometric Analysis' provides AI reporting, governance, ethics, implementation, or research-agenda context without a primary corpus-eligible AI evaluation; it may be cited narratively but not counted."
38651742,10.1002/nau.25479,Pinto VBP,2024,Insights and future directions for ChatGPT in medical practice: Addressing comments on our study.,Neurourology and urodynamics,Letter,LLMs & GenAI,CONTEXT_ONLY,E10_CONTEXT_ONLY,LLMs & GenAI,EXCLUDE,CONTEXT_ONLY,CTX01_BROAD_DOMAIN_WITHOUT_TITLE_UROLOGY,METADATA_ONLY,"'Insights and future directions for ChatGPT in medical practice: Addressing comments on our study' provides AI reporting, governance, ethics, implementation, or research-agenda context without a primary corpus-eligible AI evaluation; it may be cited narratively but not counted."
38688841,10.2196/57978,Zhu L,2024,The Evaluation of Generative AI Should Include Repetition to Assess Stability.,JMIR mHealth and uHealth,"Journal Article; Research Support, Non-U.S. Gov't",LLMs & GenAI,CONTEXT_ONLY,E10_CONTEXT_ONLY,LLMs & GenAI,EXCLUDE,CONTEXT_ONLY,CTX01_BROAD_DOMAIN_WITHOUT_TITLE_UROLOGY,ABSTRACT,"'The Evaluation of Generative AI Should Include Repetition to Assess Stability' provides AI reporting, governance, ethics, implementation, or research-agenda context without a primary corpus-eligible AI evaluation; it may be cited narratively but not counted."
38701499,10.1097/JS9.0000000000001495,Han Z,2024,Insights into ChatGPT application in renal transplantation.,"International journal of surgery (London, England)",Letter,LLMs & GenAI,INCLUDE,,LLMs & GenAI,INCLUDE,NOT_CONTEXT_ONLY,RENAL_NEPHROLOGY_BOUNDARY_PASS,PMC_FULL_TEXT,Primary evaluation of ChatGPT responses to 45 guideline-based renal-transplant clinical questions scored independently by three specialists including surgical perioperative and postoperative tasks.
38791794,10.3390/ijerph21050580,Guimaraes GR,2024,Diagnosis in Bytes: Comparing the Diagnostic Accuracy of Google and ChatGPT 3.5 as an Educational Support Tool.,International journal of environmental research and public health,Comparative Study; Journal Article,LLMs & GenAI,INCLUDE,,LLMs & GenAI,INCLUDE,NOT_CONTEXT_ONLY,CTX01_BROAD_DOMAIN_WITHOUT_TITLE_UROLOGY,ABSTRACT,The title and available abstract identify large-language-model or chatbot evaluation applied to the in-scope task described in 'Diagnosis in Bytes: Comparing the Diagnostic Accuracy of Google and ChatGPT 3.5 as an Educational Support Tool.'.
38881226,10.1111/bju.16438,Fay T,2024,ChatGPT - Integrity: Artificial Intelligence Misuse in Medical Writing.,BJU international,Letter,LLMs & GenAI,CONTEXT_ONLY,E10_CONTEXT_ONLY,LLMs & GenAI,EXCLUDE,CONTEXT_ONLY,CTX01_BROAD_DOMAIN_WITHOUT_TITLE_UROLOGY,METADATA_ONLY,"'ChatGPT - Integrity: Artificial Intelligence Misuse in Medical Writing' provides AI reporting, governance, ethics, implementation, or research-agenda context without a primary corpus-eligible AI evaluation; it may be cited narratively but not counted."
38996805,10.1016/j.cmpb.2024.108302,Lee JW,2024,Development of AI-generated medical responses using the ChatGPT for cancer patients.,Computer methods and programs in biomedicine,Journal Article,LLMs & GenAI,EXCLUDE,E01_NON_UROLOGICAL,LLMs & GenAI,EXCLUDE,NOT_CONTEXT_ONLY,CTX01_BROAD_DOMAIN_WITHOUT_TITLE_UROLOGY,ABSTRACT,"The substantive AI task in 'Development of AI-generated medical responses using the ChatGPT for cancer patients' is general, multi-specialty, or another organ system without a separable urological, andrological, or male-reproductive result."
39004580,10.1067/j.cpradiol.2024.07.007,Sacoransky E,2024,ChatGPT and assistive AI in structured radiology reporting: A systematic review.,Current problems in diagnostic radiology,Journal Article; Systematic Review,LLMs & GenAI,EXCLUDE,E01_NON_UROLOGICAL,LLMs & GenAI,EXCLUDE,NOT_CONTEXT_ONLY,CTX01_BROAD_DOMAIN_WITHOUT_TITLE_UROLOGY,ABSTRACT,"The substantive AI task in 'ChatGPT and assistive AI in structured radiology reporting: A systematic review' is general, multi-specialty, or another organ system without a separable urological, andrological, or male-reproductive result."
39047282,10.2196/57721,Tung JYM,2024,Comparison of the Quality of Discharge Letters Written by Large Language Models and Junior Clinicians: Single-Blinded Study.,Journal of medical Internet research,Comparative Study; Journal Article,LLMs & GenAI,INCLUDE,,LLMs & GenAI,INCLUDE,NOT_CONTEXT_ONLY,CTX01_BROAD_DOMAIN_WITHOUT_TITLE_UROLOGY,PRIOR_HUMAN_ABSTRACT_REVIEW,The title and available abstract identify large-language-model or chatbot evaluation applied to the in-scope task described in 'Comparison of the Quality of Discharge Letters Written by Large Language Models and Junior Clinicians: Single-Blinded Study.'.
39058491,10.1001/jamanetworkopen.2024.22275,Musheyev D,2024,Readability and Information Quality in Cancer Information From a Free vs Paid Chatbot.,JAMA network open,"Journal Article; Research Support, N.I.H., Extramural",LLMs & GenAI,EXCLUDE,E01_NON_UROLOGICAL,LLMs & GenAI,EXCLUDE,NOT_CONTEXT_ONLY,DEEP_SCOPE_SEPARABLE_UROLOGY,FULL_TEXT,"The free-versus-paid chatbot study pools readability and information-quality results across five cancers, including prostate cancer, without a separable prostate-specific analysis or result."
39123458,10.3390/cancers16152731,Santucci D,2024,Comparison between Three Radiomics Models and Clinical Nomograms for Prediction of Lymph Node Involvement in PCa Patients Combining Clinical and Radiomic Features.,Cancers,Journal Article,LLMs & GenAI,OPERATIONAL_ANALYSIS_GROUP_CORRECTION,C01_OPERATIONAL_ANALYSIS_GROUP_CORRECTION,Prostate Imaging,INCLUDE,NOT_CONTEXT_ONLY,DEEP_SCOPE_DOMAIN_CORRECTION,PUBMED_ABSTRACT,"The primary contribution is prostate multiparametric-MRI radiomics for nodal prediction; ChatGPT was an implementation aid rather than the evaluated clinical task, so the record belongs in Prostate Imaging."
39167785,10.2196/56500,Li KD,2024,Comparing GPT-4 and Human Researchers in Health Care Data Analysis: Qualitative Description Study.,Journal of medical Internet research,Comparative Study; Journal Article,LLMs & GenAI,INCLUDE,,LLMs & GenAI,INCLUDE,NOT_CONTEXT_ONLY,SCP06_GENERAL_GOVERNANCE_WITHOUT_UROLOGY;CTX01_BROAD_DOMAIN_WITHOUT_TITLE_UROLOGY,ABSTRACT,The title and available abstract identify large-language-model or chatbot evaluation and machine learning applied to the in-scope task described in 'Comparing GPT-4 and Human Researchers in Health Care Data Analysis: Qualitative Description Study.'.
39177349,,Tan XW,2024,[Efficiency of different large language models in China in response to consultations about PCa-related perioperative nursing and health education].,Zhonghua nan ke xue = National journal of andrology,English Abstract; Journal Article,LLMs & GenAI,EXCLUDE,E09_DATE_LANGUAGE_INDEXING,LLMs & GenAI,EXCLUDE,NOT_CONTEXT_ONLY,DEEP_SCOPE_LANGUAGE_BOUNDARY,PUBMED_METADATA,Official PubMed XML metadata lists the publication language as Chinese (chi) and does not include the English language code (eng). The record is therefore excluded under the prespecified English-language eligibility rule; an English-translated NLM title or abstract does not make the publication itself English-language eligible.
39179908,10.1038/s41443-024-00970-y,Mouhawasse E,2024,Can AI chatbots accurately answer patient questions regarding vasectomies?,International journal of impotence research,Journal Article,LLMs & GenAI,INCLUDE,,LLMs & GenAI,INCLUDE,NOT_CONTEXT_ONLY,AI04_AI_ONLY_PATHWAY_WITHOUT_TITLE_AI;CTX01_BROAD_DOMAIN_WITHOUT_TITLE_UROLOGY,ABSTRACT,The title and available abstract identify large-language-model or chatbot evaluation and machine learning applied to the in-scope task described in 'Can AI chatbots accurately answer patient questions regarding vasectomies?'.
39236508,10.1016/j.clgc.2024.102206,Erkan A,2024,Can Patients With Urogenital Cancer Rely on Artificial Intelligence Chatbots for Treatment Decisions?,Clinical genitourinary cancer,Journal Article,LLMs & GenAI,INCLUDE,,LLMs & GenAI,INCLUDE,NOT_CONTEXT_ONLY,CTX01_BROAD_DOMAIN_WITHOUT_TITLE_UROLOGY,PRIOR_HUMAN_ABSTRACT_REVIEW,The title and available abstract identify large-language-model or chatbot evaluation and machine learning applied to the in-scope task described in 'Can Patients With Urogenital Cancer Rely on Artificial Intelligence Chatbots for Treatment Decisions?'.
39254470,10.5935/1518-0557.20240050,Kolokythas A,2024,Is Artificial Intelligence (AI) currently able to provide evidence-based scientific responses on methods that can improve the outcomes of embryo transfers? No.,JBRA assisted reproduction,Journal Article,LLMs & GenAI,EXCLUDE,E02_EMBRYOLOGY_ONLY,LLMs & GenAI,EXCLUDE,NOT_CONTEXT_ONLY,SCP02_EMBRYO_ART_WITHOUT_MALE_REPRO;CTX01_BROAD_DOMAIN_WITHOUT_TITLE_UROLOGY,ABSTRACT_OR_METADATA_PLUS_DUAL_HUMAN_REVIEW,Chatbots are evaluated for recommendations intended to improve embryo-transfer outcomes; the fertility task is embryo-transfer focused with no substantive male-factor component.
39309216,10.1038/s42256-024-00889-5,Pati P,2024,Accelerating histopathology workflows with generative AI-based virtually multiplexed tumour profiling.,Nature machine intelligence,Journal Article,LLMs & GenAI,EXCLUDE,E01_NON_UROLOGICAL,LLMs & GenAI,EXCLUDE,NOT_CONTEXT_ONLY,CTX01_BROAD_DOMAIN_WITHOUT_TITLE_UROLOGY,ABSTRACT,"The substantive AI task in 'Accelerating histopathology workflows with generative AI-based virtually multiplexed tumour profiling' is general, multi-specialty, or another organ system without a separable urological, andrological, or male-reproductive result."
39329071,10.1016/j.euros.2024.08.022,Baumgartner K,2024,Effectiveness of the Medical Chatbot PROSCA to Inform Patients About Prostate Cancer: Results of a Randomized Controlled Trial.,European urology open science,Journal Article,LLMs & GenAI,INCLUDE,,LLMs & GenAI,INCLUDE,NOT_CONTEXT_ONLY,AI04_AI_ONLY_PATHWAY_WITHOUT_TITLE_AI,PRIOR_HUMAN_ABSTRACT_REVIEW,The title and available abstract identify large-language-model or chatbot evaluation and machine learning applied to the in-scope task described in 'Effectiveness of the Medical Chatbot PROSCA to Inform Patients About Prostate Cancer: Results of a Randomized Controlled Trial.'.
39347335,10.7759/cureus.67996,Carlson JA,2024,Accuracy and Readability of Artificial Intelligence Chatbot Responses to Vasectomy-Related Questions: Public Beware.,Cureus,Journal Article,LLMs & GenAI,INCLUDE,,LLMs & GenAI,INCLUDE,NOT_CONTEXT_ONLY,CTX01_BROAD_DOMAIN_WITHOUT_TITLE_UROLOGY,ABSTRACT,The title and available abstract identify large-language-model or chatbot evaluation and machine learning applied to the in-scope task described in 'Accuracy and Readability of Artificial Intelligence Chatbot Responses to Vasectomy-Related Questions: Public Beware.'.
39535651,10.1007/s10916-024-02125-4,Malak A,2024,How Useful are Current Chatbots Regarding Urology Patient Information? Comparison of the Ten Most Popular Chatbots' Responses About Female Urinary Incontinence.,Journal of medical systems,Journal Article,LLMs & GenAI,INCLUDE,,LLMs & GenAI,INCLUDE,NOT_CONTEXT_ONLY,AI04_AI_ONLY_PATHWAY_WITHOUT_TITLE_AI,ABSTRACT,The title and available abstract identify large-language-model or chatbot evaluation and machine learning applied to the in-scope task described in 'How Useful are Current Chatbots Regarding Urology Patient Information? Comparison of the Ten Most Popular Chatbots' Responses About Female Urinary Incontinence.'.
39583573,10.1177/17562872241301729,Nedbal C,2024,"Comprehensive consent in urology using decision aids, leaflets, videos and newer technologies: empowering patient choice and shared decision-making.",Therapeutic advances in urology,Journal Article; Review,LLMs & GenAI,INCLUDE,,LLMs & GenAI,INCLUDE,NOT_CONTEXT_ONLY,AI04_AI_ONLY_PATHWAY_WITHOUT_TITLE_AI,ABSTRACT,"The title and available abstract identify a substantive synthesis of large-language-model or chatbot evaluation and deep learning in the in-scope LLMs & GenAI area described in 'Comprehensive consent in urology using decision aids, leaflets, videos and newer technologies: empowering patient choice and shared decision-making.'."
41646097,10.1016/j.esmorw.2024.100078,Hetz MJ,2024,Superhuman performance on urology board questions using an explainable language model enhanced with European Association of Urology guidelines.,ESMO real world data and digital oncology,Journal Article,LLMs & GenAI,INCLUDE,,LLMs & GenAI,INCLUDE,NOT_CONTEXT_ONLY,AI04_AI_ONLY_PATHWAY_WITHOUT_TITLE_AI,ABSTRACT,The title and available abstract identify large-language-model or chatbot evaluation applied to the in-scope task described in 'Superhuman performance on urology board questions using an explainable language model enhanced with European Association of Urology guidelines.'.
37482489,10.1053/j.semnuclmed.2023.07.003,Lawal IO,2024,Prognostic Value of PSMA PET/CT in Prostate Cancer.,Seminars in nuclear medicine,Journal Article; Review,Prostate Imaging,EXCLUDE,E05_NO_SUBSTANTIVE_AI,Prostate Imaging,EXCLUDE,NOT_CONTEXT_ONLY,AI04_AI_ONLY_PATHWAY_WITHOUT_TITLE_AI,ABSTRACT,"The available evidence for 'Prognostic Value of PSMA PET/CT in Prostate Cancer' reports conventional imaging, statistics, digital/AR/VR technology, biomarkers, or automation without a substantive AI/ML method or application."
37666698,10.1016/j.zemedi.2023.08.006,Leube J,2024,PSMA-PET improves deep learning-based automated CT kidney segmentation.,Zeitschrift fur medizinische Physik,Journal Article,Prostate Imaging,INCLUDE,,Prostate Imaging,INCLUDE,NOT_CONTEXT_ONLY,TEC01_TECHNICAL_ARTIFACT_WITHOUT_CLINICAL_CUE,ABSTRACT,The title and available abstract identify deep learning applied to the in-scope task described in 'PSMA-PET improves deep learning-based automated CT kidney segmentation.'.
37822196,10.1016/j.diii.2023.08.001,Moliere S,2024,Reference standard for the evaluation of automatic segmentation algorithms: Quantification of inter observer variability of manual delineation of prostate contour on MRI.,Diagnostic and interventional imaging,Journal Article,Prostate Imaging,INCLUDE,,Prostate Imaging,INCLUDE,NOT_CONTEXT_ONLY,AI04_AI_ONLY_PATHWAY_WITHOUT_TITLE_AI;TEC01_TECHNICAL_ARTIFACT_WITHOUT_CLINICAL_CUE,ABSTRACT,The title and available abstract identify machine learning applied to the in-scope task described in 'Reference standard for the evaluation of automatic segmentation algorithms: Quantification of inter observer variability of manual delineation of prostate contour on MRI.'.
37855699,10.1002/jmri.29090,Fernandez-Quilez A,2024,Prostate Age Gap: An MRI Surrogate Marker of Aging for Prostate Cancer Detection.,Journal of magnetic resonance imaging : JMRI,"Journal Article; Research Support, Non-U.S. Gov't",Prostate Imaging,INCLUDE,,Prostate Imaging,INCLUDE,NOT_CONTEXT_ONLY,AI04_AI_ONLY_PATHWAY_WITHOUT_TITLE_AI,ABSTRACT,The title and available abstract identify deep learning applied to the in-scope task described in 'Prostate Age Gap: An MRI Surrogate Marker of Aging for Prostate Cancer Detection.'.
37877601,10.2214/AJR.23.29969,Tan N,2024,Management of Patients With a Negative Multiparametric Prostate MRI Examination: AJR Expert Panel Narrative Review.,AJR. American journal of roentgenology,Journal Article; Review,Prostate Imaging,EXCLUDE,E05_NO_SUBSTANTIVE_AI,Prostate Imaging,EXCLUDE,NOT_CONTEXT_ONLY,AI04_AI_ONLY_PATHWAY_WITHOUT_TITLE_AI,ABSTRACT,"The available evidence for 'Management of Patients With a Negative Multiparametric Prostate MRI Examination: AJR Expert Panel Narrative Review' reports conventional imaging, statistics, digital/AR/VR technology, biomarkers, or automation without a substantive AI/ML method or application."
37973236,10.1016/j.rcl.2023.06.006,Barrett T,2024,Update on Optimization of Prostate MR Imaging Technique and Image Quality.,Radiologic clinics of North America,Journal Article; Review,Prostate Imaging,EXCLUDE,E05_NO_SUBSTANTIVE_AI,Prostate Imaging,EXCLUDE,NOT_CONTEXT_ONLY,AI04_AI_ONLY_PATHWAY_WITHOUT_TITLE_AI,ABSTRACT,"The available evidence for 'Update on Optimization of Prostate MR Imaging Technique and Image Quality' reports conventional imaging, statistics, digital/AR/VR technology, biomarkers, or automation without a substantive AI/ML method or application."
37973244,10.1016/j.rcl.2023.06.008,Abreu-Gomez J,2024,Contemporary Approach to Prostate Imaging and Data Reporting System Score 3 Lesions.,Radiologic clinics of North America,Journal Article; Review,Prostate Imaging,EXCLUDE,E05_NO_SUBSTANTIVE_AI,Prostate Imaging,EXCLUDE,NOT_CONTEXT_ONLY,AI04_AI_ONLY_PATHWAY_WITHOUT_TITLE_AI,ABSTRACT,"The available evidence for 'Contemporary Approach to Prostate Imaging and Data Reporting System Score 3 Lesions' reports conventional imaging, statistics, digital/AR/VR technology, biomarkers, or automation without a substantive AI/ML method or application."
37982353,10.1002/jmri.29108,Mir N,2024,Recent Developments in Speeding up Prostate MRI.,Journal of magnetic resonance imaging : JMRI,Journal Article; Review,Prostate Imaging,INCLUDE,,Prostate Imaging,INCLUDE,NOT_CONTEXT_ONLY,AI04_AI_ONLY_PATHWAY_WITHOUT_TITLE_AI,ABSTRACT,The title and available abstract identify a substantive synthesis of machine learning in the in-scope Prostate Imaging area described in 'Recent Developments in Speeding up Prostate MRI.'.
38095671,10.1007/s00259-023-06555-z,Jafari E,2024,A convolutional neural network-based system for fully automatic segmentation of whole-body [(68)Ga]Ga-PSMA PET images in prostate cancer.,European journal of nuclear medicine and molecular imaging,Journal Article; Multicenter Study,Prostate Imaging,INCLUDE,,Prostate Imaging,INCLUDE,NOT_CONTEXT_ONLY,TEC01_TECHNICAL_ARTIFACT_WITHOUT_CLINICAL_CUE,ABSTRACT,The title and available abstract identify deep learning and radiomics or pathomics applied to the in-scope task described in 'A convolutional neural network-based system for fully automatic segmentation of whole-body [(68)Ga]Ga-PSMA PET images in prostate cancer.'.
38188464,10.1177/17588359231220506,Pan J,2024,Nomogram to predict the presence of PSMA-negative but FDG-positive lesion in castration-resistant prostate cancer: a multicenter cohort study.,Therapeutic advances in medical oncology,Journal Article,Prostate Imaging,INCLUDE,,Prostate Imaging,INCLUDE,NOT_CONTEXT_ONLY,AI03_GENERIC_PREDICTION_WITHOUT_EXPLICIT_AI;AI04_AI_ONLY_PATHWAY_WITHOUT_TITLE_AI,ABSTRACT,The title and available abstract identify radiomics or pathomics applied to the in-scope task described in 'Nomogram to predict the presence of PSMA-negative but FDG-positive lesion in castration-resistant prostate cancer: a multicenter cohort study.'.
38211358,10.1016/j.compmedimag.2024.102326,Jiang H,2024,MicroSegNet: A deep learning approach for prostate segmentation on micro-ultrasound images.,Computerized medical imaging and graphics : the official journal of the Computerized Medical Imaging Society,"Journal Article; Research Support, Non-U.S. Gov't",Prostate Imaging,INCLUDE,,Prostate Imaging,INCLUDE,NOT_CONTEXT_ONLY,TEC01_TECHNICAL_ARTIFACT_WITHOUT_CLINICAL_CUE,ABSTRACT,The title and available abstract identify deep learning applied to the in-scope task described in 'MicroSegNet: A deep learning approach for prostate segmentation on micro-ultrasound images.'.
38424612,10.1186/s40644-024-00675-x,Yazdani E,2024,Automated segmentation of lesions and organs at risk on [(68)Ga]Ga-PSMA-11 PET/CT images using self-supervised learning with Swin UNETR.,Cancer imaging : the official publication of the International Cancer Imaging Society,Journal Article,Prostate Imaging,INCLUDE,,Prostate Imaging,INCLUDE,NOT_CONTEXT_ONLY,TEC01_TECHNICAL_ARTIFACT_WITHOUT_CLINICAL_CUE,ABSTRACT,The title and available abstract identify deep learning and computer vision applied to the in-scope task described in 'Automated segmentation of lesions and organs at risk on [(68)Ga]Ga-PSMA-11 PET/CT images using self-supervised learning with Swin UNETR.'.
38436698,10.1007/s00261-024-04241-8,Yin X,2024,Algorithms for classification of sequences and segmentation of prostate gland: an external validation study.,Abdominal radiology (New York),Journal Article,Prostate Imaging,INCLUDE,,Prostate Imaging,INCLUDE,NOT_CONTEXT_ONLY,AI04_AI_ONLY_PATHWAY_WITHOUT_TITLE_AI,ABSTRACT,The title and available abstract identify deep learning applied to the in-scope task described in 'Algorithms for classification of sequences and segmentation of prostate gland: an external validation study.'.
38493072,10.1016/j.euo.2024.03.003,Couchoux T,2024,Performance of a Region of Interest-based Algorithm in Diagnosing International Society of Urological Pathology Grade Group >/=2 Prostate Cancer on the MRI-FIRST Database-CAD-FIRST Study.,European urology oncology,Journal Article,Prostate Imaging,INCLUDE,,Prostate Imaging,INCLUDE,NOT_CONTEXT_ONLY,AI04_AI_ONLY_PATHWAY_WITHOUT_TITLE_AI,ABSTRACT,The title and available abstract identify machine learning applied to the in-scope task described in 'Performance of a Region of Interest-based Algorithm in Diagnosing International Society of Urological Pathology Grade Group >/=2 Prostate Cancer on the MRI-FIRST Database-CAD-FIRST Study.'.
38538841,10.1007/s00330-024-10700-z,Hamm CA,2024,Reduction of false positives using zone-specific prostate-specific antigen density for prostate MRI-based biopsy decision strategies.,European radiology,Journal Article,Prostate Imaging,INCLUDE,,Prostate Imaging,INCLUDE,NOT_CONTEXT_ONLY,AI04_AI_ONLY_PATHWAY_WITHOUT_TITLE_AI,ABSTRACT,The title and available abstract identify deep learning applied to the in-scope task described in 'Reduction of false positives using zone-specific prostate-specific antigen density for prostate MRI-based biopsy decision strategies.'.
38547000,10.1109/TMI.2024.3382909,Rajagopal A,2024,Mixed Supervision of Histopathology Improves Prostate Cancer Classification From MRI.,IEEE transactions on medical imaging,"Journal Article; Research Support, N.I.H., Extramural; Research Support, Non-U.S. Gov't",Prostate Imaging,INCLUDE,,Prostate Imaging,INCLUDE,NOT_CONTEXT_ONLY,AI04_AI_ONLY_PATHWAY_WITHOUT_TITLE_AI,ABSTRACT,The title and available abstract identify deep learning applied to the in-scope task described in 'Mixed Supervision of Histopathology Improves Prostate Cancer Classification From MRI.'.
38643291,10.1038/s41597-024-03252-w,Tibrewala R,2024,"FastMRI Prostate: A public, biparametric MRI dataset to advance machine learning for prostate cancer imaging.",Scientific data,Dataset; Journal Article,Prostate Imaging,INCLUDE,,Prostate Imaging,INCLUDE,NOT_CONTEXT_ONLY,TEC01_TECHNICAL_ARTIFACT_WITHOUT_CLINICAL_CUE,ABSTRACT,"The title and available abstract identify machine learning applied to the in-scope task described in 'FastMRI Prostate: A public, biparametric MRI dataset to advance machine learning for prostate cancer imaging.'."
38702282,10.1067/j.cpradiol.2024.04.003,Maki JH,2024,Part II: Effect of different evaluation methods to the application of a computer-aided prostate MRI detection/diagnosis (CADe/CADx) device on reader performance.,Current problems in diagnostic radiology,Journal Article,Prostate Imaging,INCLUDE,,Prostate Imaging,INCLUDE,NOT_CONTEXT_ONLY,AI04_AI_ONLY_PATHWAY_WITHOUT_TITLE_AI,ABSTRACT,The title and available abstract identify machine learning applied to the in-scope task described in 'Part II: Effect of different evaluation methods to the application of a computer-aided prostate MRI detection/diagnosis (CADe/CADx) device on reader performance.'.
38704793,10.1007/s11548-024-03119-w,Wilson PFR,2024,Toward confident prostate cancer detection using ultrasound: a multi-center study.,International journal of computer assisted radiology and surgery,Journal Article; Multicenter Study,Prostate Imaging,INCLUDE,,Prostate Imaging,INCLUDE,NOT_CONTEXT_ONLY,AI04_AI_ONLY_PATHWAY_WITHOUT_TITLE_AI,ABSTRACT,The title and available abstract identify deep learning applied to the in-scope task described in 'Toward confident prostate cancer detection using ultrasound: a multi-center study.'.
38718224,10.1093/bjr/tqae093,Reinhardt C,2024,AI-accelerated prostate MRI: a systematic review.,The British journal of radiology,Journal Article; Systematic Review,Prostate Imaging,INCLUDE,,Prostate Imaging,INCLUDE,NOT_CONTEXT_ONLY,AI04_AI_ONLY_PATHWAY_WITHOUT_TITLE_AI,ABSTRACT,The title and available abstract identify a substantive synthesis of a substantive AI or machine-learning application in the in-scope Prostate Imaging area described in 'AI-accelerated prostate MRI: a systematic review.'.
38720867,10.21037/qims-23-1488,Jurka M,2024,Deep-learning-based reconstruction of T2-weighted magnetic resonance imaging of the prostate accelerated by compressed sensing provides improved image quality at half the acquisition time.,Quantitative imaging in medicine and surgery,Journal Article,Prostate Imaging,INCLUDE,,Prostate Imaging,INCLUDE,NOT_CONTEXT_ONLY,AI04_AI_ONLY_PATHWAY_WITHOUT_TITLE_AI;TEC01_TECHNICAL_ARTIFACT_WITHOUT_CLINICAL_CUE,ABSTRACT,The title and available abstract identify a substantive AI or machine-learning application applied to the in-scope task described in 'Deep-learning-based reconstruction of T2-weighted magnetic resonance imaging of the prostate accelerated by compressed sensing provides improved image quality at half the acquisition time.'.
38771180,10.1148/radiol.240401,Turkbey B,2024,Use of Molecular Imaging to Further Investigate PI-RADS 3 Lesions.,Radiology,Editorial,Prostate Imaging,EXCLUDE,E05_NO_SUBSTANTIVE_AI,Prostate Imaging,EXCLUDE,NOT_CONTEXT_ONLY,AI04_AI_ONLY_PATHWAY_WITHOUT_TITLE_AI,FULL_TEXT,"The available evidence for 'Use of Molecular Imaging to Further Investigate PI-RADS 3 Lesions' reports conventional imaging, statistics, digital/AR/VR technology, biomarkers, or automation without a substantive AI/ML method or application."
38780766,10.1007/s00330-024-10776-7,Oerther B,2024,Performance of an ultra-fast deep-learning accelerated MRI screening protocol for prostate cancer compared to a standard multiparametric protocol.,European radiology,Comparative Study; Journal Article,Prostate Imaging,INCLUDE,,Prostate Imaging,INCLUDE,NOT_CONTEXT_ONLY,AI04_AI_ONLY_PATHWAY_WITHOUT_TITLE_AI,ABSTRACT,The title and available abstract identify a substantive AI or machine-learning application applied to the in-scope task described in 'Performance of an ultra-fast deep-learning accelerated MRI screening protocol for prostate cancer compared to a standard multiparametric protocol.'.
38792005,10.3390/cancers16101926,Bellin MF,2024,Update on Renal Cell Carcinoma Diagnosis with Novel Imaging Approaches.,Cancers,Journal Article; Review,Prostate Imaging,OPERATIONAL_ANALYSIS_GROUP_CORRECTION,C01_OPERATIONAL_ANALYSIS_GROUP_CORRECTION,Renal/Kidney,INCLUDE,NOT_CONTEXT_ONLY,AI04_AI_ONLY_PATHWAY_WITHOUT_TITLE_AI,ABSTRACT,"Title/abstract review supports corpus eligibility for 'Update on Renal Cell Carcinoma Diagnosis with Novel Imaging Approaches'. Its recorded primary search stream was Prostate Imaging; its author-verified operational analysis group is Renal/Kidney."
38844661,10.1007/s11517-024-03131-x,Collado-Montanez J,2024,Automatic text classification of prostate cancer malignancy scores in radiology reports using NLP models.,Medical & biological engineering & computing,Journal Article,Prostate Imaging,INCLUDE,,Prostate Imaging,INCLUDE,NOT_CONTEXT_ONLY,AI04_AI_ONLY_PATHWAY_WITHOUT_TITLE_AI,ABSTRACT,The title and available abstract identify machine learning and natural-language processing applied to the in-scope task described in 'Automatic text classification of prostate cancer malignancy scores in radiology reports using NLP models.'.
38873254,10.3389/fonc.2024.1323247,Castaldo R,2024,Risk score model to automatically detect prostate cancer patients by integrating diagnostic parameters.,Frontiers in oncology,Journal Article,Prostate Imaging,INCLUDE,,Prostate Imaging,INCLUDE,NOT_CONTEXT_ONLY,AI03_GENERIC_PREDICTION_WITHOUT_EXPLICIT_AI;AI04_AI_ONLY_PATHWAY_WITHOUT_TITLE_AI,ABSTRACT,The title and available abstract identify radiomics or pathomics applied to the in-scope task described in 'Risk score model to automatically detect prostate cancer patients by integrating diagnostic parameters.'.
38896250,10.1007/s00261-024-04301-z,Kuanar S,2024,Transition-zone PSA-density calculated from MRI deep learning prostate zonal segmentation model for prediction of clinically significant prostate cancer.,Abdominal radiology (New York),Journal Article,Prostate Imaging,INCLUDE,,Prostate Imaging,INCLUDE,NOT_CONTEXT_ONLY,TEC01_TECHNICAL_ARTIFACT_WITHOUT_CLINICAL_CUE,ABSTRACT,The title and available abstract identify deep learning applied to the in-scope task described in 'Transition-zone PSA-density calculated from MRI deep learning prostate zonal segmentation model for prediction of clinically significant prostate cancer.'.
38900327,10.1007/s00261-024-04434-1,Spilseth B,2024,The importance and future of prostate MRI report templates: improving oncological care.,Abdominal radiology (New York),Journal Article; Review,Prostate Imaging,EXCLUDE,E05_NO_SUBSTANTIVE_AI,Prostate Imaging,EXCLUDE,NOT_CONTEXT_ONLY,DEEP_SCOPE_AI_SUBSTANCE,FULL_TEXT,"The review concerns prostate-MRI report templates; its short AI subsection describes integration and ChatGPT translation only as future steps and provides no evaluated AI method, dataset, comparator, or result."
38908295,10.1016/j.compmedimag.2024.102408,Magoulianitis V,2024,PCa-RadHop: A transparent and lightweight feed-forward method for clinically significant prostate cancer segmentation.,Computerized medical imaging and graphics : the official journal of the Computerized Medical Imaging Society,Journal Article,Prostate Imaging,INCLUDE,,Prostate Imaging,INCLUDE,NOT_CONTEXT_ONLY,AI04_AI_ONLY_PATHWAY_WITHOUT_TITLE_AI;TEC01_TECHNICAL_ARTIFACT_WITHOUT_CLINICAL_CUE,ABSTRACT,The title and available abstract identify deep learning and radiomics or pathomics applied to the in-scope task described in 'PCa-RadHop: A transparent and lightweight feed-forward method for clinically significant prostate cancer segmentation.'.
38940911,10.1007/s00261-024-04396-4,Coelho FMA,2024,Strategies for improving image quality in prostate MRI.,Abdominal radiology (New York),Journal Article; Review,Prostate Imaging,INCLUDE,,Prostate Imaging,INCLUDE,NOT_CONTEXT_ONLY,DEEP_SCOPE_FULLTEXT_CONFIRMATION,PUBLISHER_FULL_TEXT,"The prostate-MRI quality review contains a substantive deep-learning reconstruction section covering clinical acquisition and image-quality applications, including evidence of preserved diagnostic conspicuity with shorter acquisition times."
38948055,10.7150/thno.96738,Kuper AT,2024,PSMA-PET follow-up to assess response in patients not receiving PSMA therapy: Is there value beyond localization of disease?,Theranostics,Journal Article,Prostate Imaging,EXCLUDE,E05_NO_SUBSTANTIVE_AI,Prostate Imaging,EXCLUDE,NOT_CONTEXT_ONLY,AI04_AI_ONLY_PATHWAY_WITHOUT_TITLE_AI,ABSTRACT,"The available evidence for 'PSMA-PET follow-up to assess response in patients not receiving PSMA therapy: Is there value beyond localization of disease?' reports conventional imaging, statistics, digital/AR/VR technology, biomarkers, or automation without a substantive AI/ML method or application."
39032957,10.1016/bs.acr.2024.04.002,Trecarten S,2024,Prostate MRI for the detection of clinically significant prostate cancer: Update and future directions.,Advances in cancer research,Journal Article; Review,Prostate Imaging,EXCLUDE,E05_NO_SUBSTANTIVE_AI,Prostate Imaging,EXCLUDE,NOT_CONTEXT_ONLY,AI01_FUTURE_OR_INCIDENTAL_AI_RISK;AI04_AI_ONLY_PATHWAY_WITHOUT_TITLE_AI,ABSTRACT,"The abstract's main focus in 'Prostate MRI for the detection of clinically significant prostate cancer: Update and future directions' is not an AI/ML evaluation; AI is absent or limited to an incidental, emerging, or future possibility rather than a substantive method or application."
39050912,10.1016/j.euros.2024.06.012,van den Kroonenberg DL,2024,Clinical Validation of Multiparametric Ultrasound for Detecting Clinically Significant Prostate Cancer Using Computer-Aided Diagnosis: A Direct Comparison with the Magnetic Resonance Imaging Pathway.,European urology open science,Journal Article,Prostate Imaging,EXCLUDE,E05_NO_SUBSTANTIVE_AI,Prostate Imaging,EXCLUDE,NOT_CONTEXT_ONLY,AI04_AI_ONLY_PATHWAY_WITHOUT_TITLE_AI,ABSTRACT,"Study protocol; computer-aided diagnosis is planned, with no reported substantive AI evaluation or result in the available record."
39074400,10.1097/RLI.0000000000001102,Roest C,2024,Multimodal AI Combining Clinical and Imaging Inputs Improves Prostate Cancer Detection.,Investigative radiology,Journal Article; Multicenter Study,Prostate Imaging,INCLUDE,,Prostate Imaging,INCLUDE,NOT_CONTEXT_ONLY,AI04_AI_ONLY_PATHWAY_WITHOUT_TITLE_AI,ABSTRACT,The title and available abstract identify deep learning and machine learning applied to the in-scope task described in 'Multimodal AI Combining Clinical and Imaging Inputs Improves Prostate Cancer Detection.'.
39080735,10.1186/s13014-024-02471-0,Gunashekar DD,2024,Comparison of data fusion strategies for automated prostate lesion detection using mpMRI correlated with whole mount histology.,"Radiation oncology (London, England)",Comparative Study; Journal Article,Prostate Imaging,INCLUDE,,Prostate Imaging,INCLUDE,NOT_CONTEXT_ONLY,AI04_AI_ONLY_PATHWAY_WITHOUT_TITLE_AI,ABSTRACT,The title and available abstract identify deep learning applied to the in-scope task described in 'Comparison of data fusion strategies for automated prostate lesion detection using mpMRI correlated with whole mount histology.'.
39081575,10.1016/j.patter.2024.100992,Zaridis DI,2024,ProLesA-Net: A multi-channel 3D architecture for prostate MRI lesion segmentation with multi-scale channel and spatial attentions.,"Patterns (New York, N.Y.)",Journal Article,Prostate Imaging,INCLUDE,,Prostate Imaging,INCLUDE,NOT_CONTEXT_ONLY,AI04_AI_ONLY_PATHWAY_WITHOUT_TITLE_AI;TEC01_TECHNICAL_ARTIFACT_WITHOUT_CLINICAL_CUE,ABSTRACT,The title and available abstract identify a substantive AI or machine-learning application applied to the in-scope task described in 'ProLesA-Net: A multi-channel 3D architecture for prostate MRI lesion segmentation with multi-scale channel and spatial attentions.'.
39096356,10.1007/s11547-024-01861-4,Tsuboyama T,2024,Recent trends in AI applications for pelvic MRI: a comprehensive review.,La Radiologia medica,Journal Article; Review,Prostate Imaging,INCLUDE,,Prostate Imaging,INCLUDE,NOT_CONTEXT_ONLY,AI04_AI_ONLY_PATHWAY_WITHOUT_TITLE_AI,ABSTRACT,The title and available abstract identify a substantive synthesis of deep learning and machine learning in the in-scope Prostate Imaging area described in 'Recent trends in AI applications for pelvic MRI: a comprehensive review.'.
39097169,10.1016/j.remnie.2024.500032,Gulbahar Ates S,2024,Primary tumor heterogeneity on pre-treatment [68Ga]Ga-PSMA PET/CT for the prediction of biochemical recurrence in prostate cancer.,Revista espanola de medicina nuclear e imagen molecular,Journal Article,Prostate Imaging,INCLUDE,,Prostate Imaging,INCLUDE,NOT_CONTEXT_ONLY,AI03_GENERIC_PREDICTION_WITHOUT_EXPLICIT_AI;AI04_AI_ONLY_PATHWAY_WITHOUT_TITLE_AI,ABSTRACT,The title and available abstract identify a substantive AI or machine-learning application applied to the in-scope task described in 'Primary tumor heterogeneity on pre-treatment [68Ga]Ga-PSMA PET/CT for the prediction of biochemical recurrence in prostate cancer.'.
39299783,10.2967/jnumed.124.267723,Gafita A,2024,"Initial Experience with [(177)Lu]Lu-PSMA-617 After Regulatory Approval for Metastatic Castration-Resistant Prostate Cancer: Efficacy, Safety, and Outcome Prediction.","Journal of nuclear medicine : official publication, Society of Nuclear Medicine",Journal Article,Prostate Imaging,INCLUDE,,Prostate Imaging,INCLUDE,NOT_CONTEXT_ONLY,AI03_GENERIC_PREDICTION_WITHOUT_EXPLICIT_AI;AI04_AI_ONLY_PATHWAY_WITHOUT_TITLE_AI,ABSTRACT,"The title and available abstract identify machine learning applied to the in-scope task described in 'Initial Experience with [(177)Lu]Lu-PSMA-617 After Regulatory Approval for Metastatic Castration-Resistant Prostate Cancer: Efficacy, Safety, and Outcome Prediction.'."
39335784,10.3390/diagnostics14182105,Woon D,2024,Imaging in Renal Cell Carcinoma Detection.,"Diagnostics (Basel, Switzerland)",Journal Article; Review,Prostate Imaging,EXCLUDE,E05_NO_SUBSTANTIVE_AI,Prostate Imaging,EXCLUDE,NOT_CONTEXT_ONLY,AI04_AI_ONLY_PATHWAY_WITHOUT_TITLE_AI,ABSTRACT,Override to EXCLUDE (E05). RCC imaging review with a single incidental sentence on radiomics/AI interest; no substantive AI evaluated.
39472608,10.1038/s41598-024-76288-y,Burkle SL,2024,A student trained convolutional neural network competing with a commercial AI software and experts in organ at risk segmentation.,Scientific reports,Journal Article; Multicenter Study,Prostate Imaging,INCLUDE,,Prostate Imaging,INCLUDE,NOT_CONTEXT_ONLY,TEC01_TECHNICAL_ARTIFACT_WITHOUT_CLINICAL_CUE,ABSTRACT,The title and available abstract identify deep learning and machine learning applied to the in-scope task described in 'A student trained convolutional neural network competing with a commercial AI software and experts in organ at risk segmentation.'.
39520837,10.1016/j.ejrad.2024.111790,Bayerl N,2024,Assessment of a fully-automated diagnostic AI software in prostate MRI: Clinical evaluation and histopathological correlation.,European journal of radiology,Journal Article,Prostate Imaging,INCLUDE,,Prostate Imaging,INCLUDE,NOT_CONTEXT_ONLY,AI04_AI_ONLY_PATHWAY_WITHOUT_TITLE_AI,ABSTRACT,The title and available abstract identify machine learning applied to the in-scope task described in 'Assessment of a fully-automated diagnostic AI software in prostate MRI: Clinical evaluation and histopathological correlation.'.
37944934,10.1055/a-2175-4446,Bauerle T,2024,Identification of impactful imaging biomarker: Clinical applications for breast and prostate carcinoma.,RoFo : Fortschritte auf dem Gebiete der Rontgenstrahlen und der Nuklearmedizin,Journal Article; Review,Prostate Pathology,INCLUDE,,Prostate Pathology,INCLUDE,NOT_CONTEXT_ONLY,AI04_AI_ONLY_PATHWAY_WITHOUT_TITLE_AI,PRIOR_HUMAN_ABSTRACT_REVIEW,The title and available abstract identify a substantive synthesis of machine learning in the in-scope Prostate Pathology area described in 'Identification of impactful imaging biomarker: Clinical applications for breast and prostate carcinoma.'.
38226611,10.1177/15330338231222389,Balraj AS,2024,PRADclass: Hybrid Gleason Grade-Informed Computational Strategy Identifies Consensus Biomarker Features Predictive of Aggressive Prostate Adenocarcinoma.,Technology in cancer research & treatment,Journal Article,Prostate Pathology,INCLUDE,,Prostate Pathology,INCLUDE,NOT_CONTEXT_ONLY,AI03_GENERIC_PREDICTION_WITHOUT_EXPLICIT_AI;AI04_AI_ONLY_PATHWAY_WITHOUT_TITLE_AI,ABSTRACT,The title and available abstract identify a substantive AI or machine-learning application applied to the in-scope task described in 'PRADclass: Hybrid Gleason Grade-Informed Computational Strategy Identifies Consensus Biomarker Features Predictive of Aggressive Prostate Adenocarcinoma.'.
38258603,10.1002/smtd.202301684,Peng Z,2024,Identifying High Gleason Score Prostate Cancer by Prostate Fluid Metabolic Fingerprint-Based Multi-Modal Recognition.,Small methods,"Journal Article; Research Support, Non-U.S. Gov't",Prostate Pathology,INCLUDE,,Prostate Pathology,INCLUDE,NOT_CONTEXT_ONLY,AI04_AI_ONLY_PATHWAY_WITHOUT_TITLE_AI,ABSTRACT,The title and available abstract identify machine learning applied to the in-scope task described in 'Identifying High Gleason Score Prostate Cancer by Prostate Fluid Metabolic Fingerprint-Based Multi-Modal Recognition.'.
38459100,10.1038/s41598-024-56405-7,Zheng H,2024,AtPCa-Net: anatomical-aware prostate cancer detection network on multi-parametric MRI.,Scientific reports,Journal Article,Prostate Pathology,INCLUDE,,Prostate Pathology,INCLUDE,NOT_CONTEXT_ONLY,AI04_AI_ONLY_PATHWAY_WITHOUT_TITLE_AI,ABSTRACT,The title and available abstract identify deep learning applied to the in-scope task described in 'AtPCa-Net: anatomical-aware prostate cancer detection network on multi-parametric MRI.'.
38512615,10.1007/s11547-024-01758-2,Liu Y,2024,Diagnostic accuracy of qualitative and quantitative magnetic resonance imaging-guided contrast-enhanced ultrasound (MRI-guided CEUS) for the detection of prostate cancer: a prospective and multicenter study.,La Radiologia medica,Journal Article; Multicenter Study,Prostate Pathology,INCLUDE,,Prostate Pathology,INCLUDE,NOT_CONTEXT_ONLY,AI04_AI_ONLY_PATHWAY_WITHOUT_TITLE_AI,ABSTRACT,The title and available abstract identify machine learning applied to the in-scope task described in 'Diagnostic accuracy of qualitative and quantitative magnetic resonance imaging-guided contrast-enhanced ultrasound (MRI-guided CEUS) for the detection of prostate cancer: a prospective and multicenter study.'.
38598142,10.1007/s11548-024-03104-3,To MNN,2024,LensePro: label noise-tolerant prototype-based network for improving cancer detection in prostate ultrasound with limited annotations.,International journal of computer assisted radiology and surgery,Journal Article,Prostate Pathology,INCLUDE,,Prostate Pathology,INCLUDE,NOT_CONTEXT_ONLY,AI04_AI_ONLY_PATHWAY_WITHOUT_TITLE_AI,ABSTRACT,The title and available abstract identify a substantive AI or machine-learning application applied to the in-scope task described in 'LensePro: label noise-tolerant prototype-based network for improving cancer detection in prostate ultrasound with limited annotations.'.
38605339,10.1186/s12885-024-12071-6,Duan L,2024,Advantage of whole-mount histopathology in prostate cancer: current applications and future prospects.,BMC cancer,Journal Article; Review,Prostate Pathology,EXCLUDE,E05_NO_SUBSTANTIVE_AI,Prostate Pathology,EXCLUDE,NOT_CONTEXT_ONLY,AI01_FUTURE_OR_INCIDENTAL_AI_RISK;AI04_AI_ONLY_PATHWAY_WITHOUT_TITLE_AI,ABSTRACT,"The abstract's main focus in 'Advantage of whole-mount histopathology in prostate cancer: current applications and future prospects' is not an AI/ML evaluation; AI is absent or limited to an incidental, emerging, or future possibility rather than a substantive method or application."
38734528,10.1016/j.ultrasmedbio.2024.04.007,Chen P,2024,Can 3D Multiparametric Ultrasound Imaging Predict Prostate Biopsy Outcome?,Ultrasound in medicine & biology,"Journal Article; Research Support, Non-U.S. Gov't",Prostate Pathology,INCLUDE,,Prostate Pathology,INCLUDE,NOT_CONTEXT_ONLY,AI04_AI_ONLY_PATHWAY_WITHOUT_TITLE_AI,ABSTRACT,The title and available abstract identify radiomics or pathomics and machine learning applied to the in-scope task described in 'Can 3D Multiparametric Ultrasound Imaging Predict Prostate Biopsy Outcome?'.
38786288,10.3390/diagnostics14100990,Browning L,2024,Artificial Intelligence-Based Quality Assessment of Histopathology Whole-Slide Images within a Clinical Workflow: Assessment of 'PathProfiler' in a Diagnostic Pathology Setting.,"Diagnostics (Basel, Switzerland)",Journal Article,Prostate Pathology,INCLUDE,,Prostate Pathology,INCLUDE,NOT_CONTEXT_ONLY,SCP06_GENERAL_GOVERNANCE_WITHOUT_UROLOGY,ABSTRACT,The title and available abstract identify machine learning applied to the in-scope task described in 'Artificial Intelligence-Based Quality Assessment of Histopathology Whole-Slide Images within a Clinical Workflow: Assessment of 'PathProfiler' in a Diagnostic Pathology Setting.'.
38968206,10.1371/journal.pone.0304847,Butt MA,2024,Using multi-label ensemble CNN classifiers to mitigate labelling inconsistencies in patch-level Gleason grading.,PloS one,Journal Article,Prostate Pathology,INCLUDE,,Prostate Pathology,INCLUDE,NOT_CONTEXT_ONLY,AI04_AI_ONLY_PATHWAY_WITHOUT_TITLE_AI,ABSTRACT,The title and available abstract identify deep learning and machine learning applied to the in-scope task described in 'Using multi-label ensemble CNN classifiers to mitigate labelling inconsistencies in patch-level Gleason grading.'.
39083552,10.1371/journal.pone.0308181,Jeong S,2024,Deep-learning-based segmentation using individual patient data on prostate cancer radiation therapy.,PloS one,Journal Article,Prostate Pathology,INCLUDE,,Prostate Pathology,INCLUDE,NOT_CONTEXT_ONLY,AI04_AI_ONLY_PATHWAY_WITHOUT_TITLE_AI,ABSTRACT,The title and available abstract identify a substantive AI or machine-learning application applied to the in-scope task described in 'Deep-learning-based segmentation using individual patient data on prostate cancer radiation therapy.'.
39106117,10.1590/S1677-5538.IBJU.2024.0354,Ramacciotti LS,2024,"Transperineal versus Transrectal MRI/TRUS fusion-guided prostate biopsy in a large, ethnically diverse, and multiracial cohort.",International braz j urol : official journal of the Brazilian Society of Urology,Comparative Study; Journal Article,Prostate Pathology,EXCLUDE,E05_NO_SUBSTANTIVE_AI,Prostate Pathology,EXCLUDE,NOT_CONTEXT_ONLY,AI04_AI_ONLY_PATHWAY_WITHOUT_TITLE_AI,ABSTRACT,"The available evidence for 'Transperineal versus Transrectal MRI/TRUS fusion-guided prostate biopsy in a large, ethnically diverse, and multiracial cohort' reports conventional imaging, statistics, digital/AR/VR technology, biomarkers, or automation without a substantive AI/ML method or application."
39150810,10.1109/JBHI.2024.3444908,Schoop RAL,2024,Framework for Deep Learning Based Multi-Modality Image Registration of Snapshot and Pathology Images.,IEEE journal of biomedical and health informatics,"Journal Article; Research Support, Non-U.S. Gov't",Prostate Pathology,INCLUDE,,Prostate Pathology,INCLUDE,NOT_CONTEXT_ONLY,TEC01_TECHNICAL_ARTIFACT_WITHOUT_CLINICAL_CUE,ABSTRACT,"Override to INCLUDE. Deep-learning registration of prostate ex-vivo snapshot images to H&E with clinical metrics (DSC 0.96, TRE 2.4 mm). Substantive urological DL methods study."
39209114,10.1016/j.slast.2024.100184,Wang Z,2024,Feasibility and safety study of advanced prostate biopsy robot system based on MR-TRUS Image flexible fusion technology in animal experiments.,SLAS technology,Journal Article,Prostate Pathology,EXCLUDE,E04_PRECLINICAL_NONHUMAN,Prostate Pathology,EXCLUDE,NOT_CONTEXT_ONLY,AI04_AI_ONLY_PATHWAY_WITHOUT_TITLE_AI,ABSTRACT,"'Feasibility and safety study of advanced prostate biopsy robot system based on MR-TRUS Image flexible fusion technology in animal experiments' is limited to animal, xenograft, simulated, or other preclinical evidence without a qualifying patient-level clinical evaluation."
39262127,10.1002/jbio.202400233,Huang X,2024,Fast Multiphoton Microscopic Imaging Joint Image Super-Resolution for Automated Gleason Grading of Prostate Cancers.,Journal of biophotonics,"Journal Article; Research Support, Non-U.S. Gov't",Prostate Pathology,INCLUDE,,Prostate Pathology,INCLUDE,NOT_CONTEXT_ONLY,AI04_AI_ONLY_PATHWAY_WITHOUT_TITLE_AI,ABSTRACT,The title and available abstract identify deep learning applied to the in-scope task described in 'Fast Multiphoton Microscopic Imaging Joint Image Super-Resolution for Automated Gleason Grading of Prostate Cancers.'.
39466503,10.1007/s10916-024-02118-3,Saha S,2024,An Artificial Intelligent System for Prostate Cancer Diagnosis in Whole Slide Images.,Journal of medical systems,Journal Article,Prostate Pathology,INCLUDE,,Prostate Pathology,INCLUDE,NOT_CONTEXT_ONLY,AI04_AI_ONLY_PATHWAY_WITHOUT_TITLE_AI,ABSTRACT,The title and available abstract identify deep learning and machine learning applied to the in-scope task described in 'An Artificial Intelligent System for Prostate Cancer Diagnosis in Whole Slide Images.'.
39470422,10.1148/radiol.240041,Yang DD,2024,AI-derived Tumor Volume from Multiparametric MRI and Outcomes in Localized Prostate Cancer.,Radiology,Journal Article,Prostate Pathology,INCLUDE,,Prostate Pathology,INCLUDE,NOT_CONTEXT_ONLY,AI04_AI_ONLY_PATHWAY_WITHOUT_TITLE_AI,ABSTRACT,The title and available abstract identify machine learning applied to the in-scope task described in 'AI-derived Tumor Volume from Multiparametric MRI and Outcomes in Localized Prostate Cancer.'.
39748708,10.32074/1591-951X-1047,Cimadamore A,2024,The uropathologist of the future: getting ready with intelligence for the prostate cancer tsunami.,Pathologica,Editorial,Prostate Pathology,INCLUDE,,Prostate Pathology,INCLUDE,NOT_CONTEXT_ONLY,AI01_FUTURE_OR_INCIDENTAL_AI_RISK;AI04_AI_ONLY_PATHWAY_WITHOUT_TITLE_AI,ABSTRACT,The title and available abstract identify machine learning applied to the in-scope task described in 'The uropathologist of the future: getting ready with intelligence for the prostate cancer tsunami.'.
40783927,,Wang YJ,2024,[Updated techniques of guidance in prostatic biopsy puncture].,Zhonghua nan ke xue = National journal of andrology,English Abstract; Journal Article; Review,Prostate Pathology,EXCLUDE,E05_NO_SUBSTANTIVE_AI,Prostate Pathology,EXCLUDE,NOT_CONTEXT_ONLY,AI04_AI_ONLY_PATHWAY_WITHOUT_TITLE_AI,ABSTRACT,"The available evidence for '[Updated techniques of guidance in prostatic biopsy puncture]' reports conventional imaging, statistics, digital/AR/VR technology, biomarkers, or automation without a substantive AI/ML method or application."
38270726,10.1186/s13244-023-01601-8,Klontzas ME,2024,Convolutional neural networks for the differentiation between benign and malignant renal tumors with a multicenter international computed tomography dataset.,Insights into imaging,Journal Article,Renal/Kidney,INCLUDE,,Renal/Kidney,INCLUDE,NOT_CONTEXT_ONLY,TEC01_TECHNICAL_ARTIFACT_WITHOUT_CLINICAL_CUE,ABSTRACT,The title and available abstract identify deep learning applied to the in-scope task described in 'Convolutional neural networks for the differentiation between benign and malignant renal tumors with a multicenter international computed tomography dataset.'.
38299714,10.1002/jmri.29222,Zahergivar A,2024,Non-Invasive Tumor Grade Evaluation in Von Hippel-Lindau-Associated Clear Cell Renal Cell Carcinoma: A Magnetic Resonance Imaging-Based Study.,Journal of magnetic resonance imaging : JMRI,Journal Article,Renal/Kidney,INCLUDE,,Renal/Kidney,INCLUDE,NOT_CONTEXT_ONLY,AI04_AI_ONLY_PATHWAY_WITHOUT_TITLE_AI,ABSTRACT,The title and available abstract identify radiomics or pathomics and machine learning applied to the in-scope task described in 'Non-Invasive Tumor Grade Evaluation in Von Hippel-Lindau-Associated Clear Cell Renal Cell Carcinoma: A Magnetic Resonance Imaging-Based Study.'.
38343198,10.1111/bju.16276,Wood AM,2024,Fully Automated Versions of Clinically Validated Nephrometry Scores Demonstrate Superior Predictive Utility versus Human Scores.,BJU international,"Comparative Study; Journal Article; Research Support, Non-U.S. Gov't",Renal/Kidney,INCLUDE,,Renal/Kidney,INCLUDE,NOT_CONTEXT_ONLY,AI03_GENERIC_PREDICTION_WITHOUT_EXPLICIT_AI;AI04_AI_ONLY_PATHWAY_WITHOUT_TITLE_AI,ABSTRACT,The title and available abstract identify deep learning and machine learning applied to the in-scope task described in 'Fully Automated Versions of Clinically Validated Nephrometry Scores Demonstrate Superior Predictive Utility versus Human Scores.'.
38519947,10.1186/s12911-024-02473-8,Oh SW,2024,Machine learning models for predicting the onset of chronic kidney disease after surgery in patients with renal cell carcinoma.,BMC medical informatics and decision making,Journal Article,Renal/Kidney,INCLUDE,,Renal/Kidney,INCLUDE,NOT_CONTEXT_ONLY,RENAL_NEPHROLOGY_BOUNDARY_PASS,TITLE_METADATA,Chronic-kidney-disease prediction after surgery in renal-cell-carcinoma patients retains an eligible cancer-surgery population.
38534494,10.3390/bioengineering11030220,Gharahbagh AA,2024,Feature Extraction Based on Local Histogram with Unequal Bins and a Recurrent Neural Network for the Diagnosis of Kidney Diseases from CT Images.,"Bioengineering (Basel, Switzerland)",Journal Article,Renal/Kidney,INCLUDE,,Renal/Kidney,INCLUDE,NOT_CONTEXT_ONLY,RENAL_NEPHROLOGY_BOUNDARY_PASS,PUBMED_ABSTRACT,Computed-tomography models include kidney-cancer subgroup diagnosis.
38573065,10.1097/JS9.0000000000001358,Li S,2024,Incremental value of automatically segmented perirenal adipose tissue for pathological grading of clear cell renal cell carcinoma: a multicenter cohort study.,"International journal of surgery (London, England)",Journal Article; Multicenter Study,Renal/Kidney,INCLUDE,,Renal/Kidney,INCLUDE,NOT_CONTEXT_ONLY,AI04_AI_ONLY_PATHWAY_WITHOUT_TITLE_AI,ABSTRACT,The title and available abstract identify radiomics or pathomics and machine learning applied to the in-scope task described in 'Incremental value of automatically segmented perirenal adipose tissue for pathological grading of clear cell renal cell carcinoma: a multicenter cohort study.'.
38653593,10.1016/j.urolonc.2024.03.016,Ji J,2024,Network analysis of histopathological image features and genomics data improving prognosis performance in clear cell renal cell carcinoma.,Urologic oncology,"Journal Article; Research Support, Non-U.S. Gov't",Renal/Kidney,INCLUDE,,Renal/Kidney,INCLUDE,NOT_CONTEXT_ONLY,AI04_AI_ONLY_PATHWAY_WITHOUT_TITLE_AI,ABSTRACT,The title and available abstract identify machine learning applied to the in-scope task described in 'Network analysis of histopathological image features and genomics data improving prognosis performance in clear cell renal cell carcinoma.'.
38666933,10.3390/cimb46040203,Greco F,2024,Radiogenomics and Texture Analysis to Detect von Hippel-Lindau (VHL) Mutation in Clear Cell Renal Cell Carcinoma.,Current issues in molecular biology,Journal Article; Review,Renal/Kidney,INCLUDE,,Renal/Kidney,INCLUDE,NOT_CONTEXT_ONLY,AI04_AI_ONLY_PATHWAY_WITHOUT_TITLE_AI,PRIOR_HUMAN_ABSTRACT_REVIEW,The title and available abstract identify a substantive synthesis of radiomics or pathomics and machine learning in the in-scope Renal/Kidney area described in 'Radiogenomics and Texture Analysis to Detect von Hippel-Lindau (VHL) Mutation in Clear Cell Renal Cell Carcinoma.'.
38837683,10.1002/cnr2.2116,Deng J,2024,"Diagnostic, predictive and prognostic molecular biomarkers in clear cell renal cell carcinoma: A retrospective study.","Cancer reports (Hoboken, N.J.)",Journal Article; Review,Renal/Kidney,EXCLUDE,E05_NO_SUBSTANTIVE_AI,Renal/Kidney,EXCLUDE,NOT_CONTEXT_ONLY,AI03_GENERIC_PREDICTION_WITHOUT_EXPLICIT_AI;AI04_AI_ONLY_PATHWAY_WITHOUT_TITLE_AI,ABSTRACT,"The available evidence for 'Diagnostic, predictive and prognostic molecular biomarkers in clear cell renal cell carcinoma: A retrospective study' reports conventional imaging, statistics, digital/AR/VR technology, biomarkers, or automation without a substantive AI/ML method or application."
38893126,10.3390/cancers16112006,Hwang J,2024,Discovery and Validation of Survival-Specific Genes in Papillary Renal Cell Carcinoma Using a Customized Next-Generation Sequencing Gene Panel.,Cancers,Journal Article,Renal/Kidney,INCLUDE,,Renal/Kidney,INCLUDE,NOT_CONTEXT_ONLY,AI04_AI_ONLY_PATHWAY_WITHOUT_TITLE_AI,ABSTRACT,The title and available abstract identify machine learning applied to the in-scope task described in 'Discovery and Validation of Survival-Specific Genes in Papillary Renal Cell Carcinoma Using a Customized Next-Generation Sequencing Gene Panel.'.
38940889,10.1007/s10278-024-01180-0,Usuzaki T,2024,Predicting EGFR Status After Radical Nephrectomy or Partial Nephrectomy for Renal Cell Carcinoma on CT Using a Self-attention-based Model: Variable Vision Transformer (vViT).,Journal of imaging informatics in medicine,Journal Article,Renal/Kidney,INCLUDE,,Renal/Kidney,INCLUDE,NOT_CONTEXT_ONLY,RENAL_NEPHROLOGY_BOUNDARY_PASS,TITLE_METADATA,Computed-tomography prediction after radical or partial nephrectomy in renal-cell carcinoma is an eligible oncological task.
38999524,10.3390/jcm13133960,Greco F,2024,Advancements in Radiogenomics for Clear Cell Renal Cell Carcinoma: Understanding the Impact of BAP1 Mutation.,Journal of clinical medicine,Journal Article; Review,Renal/Kidney,INCLUDE,,Renal/Kidney,INCLUDE,NOT_CONTEXT_ONLY,AI04_AI_ONLY_PATHWAY_WITHOUT_TITLE_AI,ABSTRACT,The title and available abstract identify a substantive synthesis of radiomics or pathomics in the in-scope Renal/Kidney area described in 'Advancements in Radiogenomics for Clear Cell Renal Cell Carcinoma: Understanding the Impact of BAP1 Mutation.'.
39043664,10.1038/s41467-024-50369-y,Huang KB,2024,A multi-classifier system integrated by clinico-histology-genomic analysis for predicting recurrence of papillary renal cell carcinoma.,Nature communications,Journal Article,Renal/Kidney,INCLUDE,,Renal/Kidney,INCLUDE,NOT_CONTEXT_ONLY,AI03_GENERIC_PREDICTION_WITHOUT_EXPLICIT_AI,ABSTRACT,The title and available abstract identify deep learning applied to the in-scope task described in 'A multi-classifier system integrated by clinico-histology-genomic analysis for predicting recurrence of papillary renal cell carcinoma.'.
39351978,10.1002/mp.17439,Xue LF,2024,Multi-instance learning for identifying high-risk subregions associated with synchronous distant metastasis in clear cell renal cell carcinoma.,Medical physics,Journal Article,Renal/Kidney,INCLUDE,,Renal/Kidney,INCLUDE,NOT_CONTEXT_ONLY,AI04_AI_ONLY_PATHWAY_WITHOUT_TITLE_AI,ABSTRACT,The title and available abstract identify radiomics or pathomics and machine learning applied to the in-scope task described in 'Multi-instance learning for identifying high-risk subregions associated with synchronous distant metastasis in clear cell renal cell carcinoma.'.
39563539,,Sirota E S,2024,[Interpretation of the prognosis of early results of nephron-sparing surgery with consideration of surgical learning curve using clinical decision support systems].,"Urologiia (Moscow, Russia : 1999)",English Abstract; Journal Article,Renal/Kidney,EXCLUDE,E09_DATE_LANGUAGE_INDEXING,Renal/Kidney,EXCLUDE,NOT_CONTEXT_ONLY,DEEP_SCOPE_LANGUAGE_BOUNDARY,PUBMED_METADATA,Official PubMed XML metadata lists the publication language as Russian (rus) and does not include the English language code (eng). The record is therefore excluded under the prespecified English-language eligibility rule; an English-translated NLM title or abstract does not make the publication itself English-language eligible.
39564838,,Zholdubaev A A,2024,[Automated system for supporting medical decision-making in the treatment of patients with renal parenchyma neoplasms first experience of using the web-platform Sechenov.AI_nephro results of multicenter testing].,"Urologiia (Moscow, Russia : 1999)",English Abstract; Journal Article; Multicenter Study,Renal/Kidney,EXCLUDE,E09_DATE_LANGUAGE_INDEXING,Renal/Kidney,EXCLUDE,NOT_CONTEXT_ONLY,DEEP_SCOPE_LANGUAGE_BOUNDARY,PUBMED_METADATA,Official PubMed XML metadata lists the publication language as Russian (rus) and does not include the English language code (eng). The record is therefore excluded under the prespecified English-language eligibility rule; an English-translated NLM title or abstract does not make the publication itself English-language eligible.
39691372,10.3389/fmed.2024.1464589,Wang F,2024,Development and validation of a prediction model for the prognosis of renal cell carcinoma with liver metastases: a population-based cohort study.,Frontiers in medicine,Journal Article,Renal/Kidney,INCLUDE,,Renal/Kidney,INCLUDE,NOT_CONTEXT_ONLY,AI03_GENERIC_PREDICTION_WITHOUT_EXPLICIT_AI,ABSTRACT,The title and available abstract identify machine learning applied to the in-scope task described in 'Development and validation of a prediction model for the prognosis of renal cell carcinoma with liver metastases: a population-based cohort study.'.
39695479,10.1186/s12882-024-03907-1,Yan Y,2024,Machine learning models predict the progression of long-term renal insufficiency in patients with renal cancer after radical nephrectomy.,BMC nephrology,Journal Article,Renal/Kidney,INCLUDE,,Renal/Kidney,INCLUDE,NOT_CONTEXT_ONLY,RENAL_NEPHROLOGY_BOUNDARY_PASS,TITLE_METADATA,Renal-insufficiency prediction after radical nephrectomy for renal cancer retains an eligible cancer-surgery population.
38244130,10.1007/s11701-023-01807-4,Olsen RG,2024,Surgical gestures can be used to assess surgical competence in robot-assisted surgery : A validity investigating study of simulated RARP.,Journal of robotic surgery,Journal Article,Surgical AI,EXCLUDE,E05_NO_SUBSTANTIVE_AI,Surgical AI,EXCLUDE,NOT_CONTEXT_ONLY,SCP05_GENERAL_SURGERY_WITHOUT_UROLOGY;AI04_AI_ONLY_PATHWAY_WITHOUT_TITLE_AI,ABSTRACT,"The abstract's main focus in 'Surgical gestures can be used to assess surgical competence in robot-assisted surgery : A validity investigating study of simulated RARP' is not an AI/ML evaluation; AI is absent or limited to an incidental, emerging, or future possibility rather than a substantive method or application."
38585210,10.1016/j.euros.2024.02.005,Gon Park S,2024,Deep Learning Model for Real‑time Semantic Segmentation During Intraoperative Robotic Prostatectomy.,European urology open science,Journal Article,Surgical AI,INCLUDE,,Surgical AI,INCLUDE,NOT_CONTEXT_ONLY,TEC01_TECHNICAL_ARTIFACT_WITHOUT_CLINICAL_CUE,ABSTRACT,The title and available abstract identify deep learning and machine learning applied to the in-scope task described in 'Deep Learning Model for Real‑time Semantic Segmentation During Intraoperative Robotic Prostatectomy.'.
38874610,10.1007/s00464-024-10959-9,Li L,2024,Skill assessment based on clutch use in cross-platform robot-assisted surgery.,Surgical endoscopy,"Journal Article; Research Support, Non-U.S. Gov't",Surgical AI,EXCLUDE,E01_NON_UROLOGICAL,Surgical AI,EXCLUDE,NOT_CONTEXT_ONLY,AI04_AI_ONLY_PATHWAY_WITHOUT_TITLE_AI,ABSTRACT,"The substantive AI task in 'Skill assessment based on clutch use in cross-platform robot-assisted surgery' is general, multi-specialty, or another organ system without a separable urological, andrological, or male-reproductive result."
39121453,10.1089/end.2024.32789.pd,Dasgupta P,2024,The Rise of AI in Endourology and Robotic Surgery.,Journal of endourology,Editorial,Surgical AI,CONTEXT_ONLY,E10_CONTEXT_ONLY,Surgical AI,EXCLUDE,CONTEXT_ONLY,DEEP_SCOPE_CONTEXT_ONLY,PUBLISHER_FULL_TEXT,"This special-issue introduction discusses potential AI applications, regulation, implementation, and trustworthy reporting in endourology and robotic surgery but reports no search, evidence synthesis, evaluated model, cohort, comparator, or result."
39394622,10.3760/cma.j.cn112139-20240702-00326,Zhang XP,2024,[Emphasizing the innovation of urological robotic-assisted surgical instruments and technology driven by new quality productivity forces].,Zhonghua wai ke za zhi [Chinese journal of surgery],English Abstract; Journal Article,Surgical AI,EXCLUDE,E09_DATE_LANGUAGE_INDEXING,Surgical AI,EXCLUDE,NOT_CONTEXT_ONLY,DEEP_SCOPE_LANGUAGE_BOUNDARY,PUBMED_METADATA,Official PubMed XML metadata lists the publication language as Chinese (chi) and does not include the English language code (eng). The record is therefore excluded under the prespecified English-language eligibility rule; an English-translated NLM title or abstract does not make the publication itself English-language eligible.
39505514,10.4111/icu.20240159,Pak S,2024,Application of deep learning for semantic segmentation in robotic prostatectomy: Comparison of convolutional neural networks and visual transformers.,Investigative and clinical urology,Comparative Study; Journal Article,Surgical AI,INCLUDE,,Surgical AI,INCLUDE,NOT_CONTEXT_ONLY,TEC01_TECHNICAL_ARTIFACT_WITHOUT_CLINICAL_CUE,ABSTRACT,The title and available abstract identify deep learning and computer vision applied to the in-scope task described in 'Application of deep learning for semantic segmentation in robotic prostatectomy: Comparison of convolutional neural networks and visual transformers.'.
39527379,10.1007/s11701-024-02153-9,Li Y,2024,AI solutions for overcoming delays in telesurgery and telementoring to enhance surgical practice and education.,Journal of robotic surgery,Journal Article; Review,Surgical AI,EXCLUDE,E01_NON_UROLOGICAL,Surgical AI,EXCLUDE,NOT_CONTEXT_ONLY,AI04_AI_ONLY_PATHWAY_WITHOUT_TITLE_AI,ABSTRACT,"The substantive AI task in 'AI solutions for overcoming delays in telesurgery and telementoring to enhance surgical practice and education' is general, multi-specialty, or another organ system without a separable urological, andrological, or male-reproductive result."
39375288,10.1111/andr.13773,Ao N,2025,Rapid detection of mouse spermatogenic defects by testicular cellular composition analysis via enhanced deep learning model.,Andrology,Journal Article,Andrology,EXCLUDE,E04_PRECLINICAL_NONHUMAN,Andrology,EXCLUDE,NOT_CONTEXT_ONLY,SCP03_NONHUMAN_PRECLINICAL_EXPANDED,PUBMED_ABSTRACT,The model is developed and tested on histological sections from mouse reproductive mutants; no eligible human clinical task or result is reported.
39604250,10.1097/MOU.0000000000001252,Garabed LR,2025,The changing landscape of nonobstructive azoospermia.,Current opinion in urology,Journal Article; Review,Andrology,EXCLUDE,E05_NO_SUBSTANTIVE_AI,Andrology,EXCLUDE,NOT_CONTEXT_ONLY,AI04_AI_ONLY_PATHWAY_WITHOUT_TITLE_AI,ABSTRACT,"The available evidence for 'The changing landscape of nonobstructive azoospermia' reports conventional imaging, statistics, digital/AR/VR technology, biomarkers, or automation without a substantive AI/ML method or application."
39625636,10.23736/S2724-6051.24.05876-2,Ferro M,2025,Assessing the influence of smoking on inflammatory markers in bacillus Calmette Guerin response among bladder cancer patients: a novel machine-learning approach.,Minerva urology and nephrology,Journal Article; Multicenter Study,Andrology,INCLUDE,,Andrology,INCLUDE,NOT_CONTEXT_ONLY,AI04_AI_ONLY_PATHWAY_WITHOUT_TITLE_AI,ABSTRACT,The title and available abstract identify a substantive AI or machine-learning application applied to the in-scope task described in 'Assessing the influence of smoking on inflammatory markers in bacillus Calmette Guerin response among bladder cancer patients: a novel machine-learning approach.'.
39652237,10.1007/s10815-024-03338-9,Colaco S,2025,FertilitY Predictor-a machine learning-based web tool for the prediction of assisted reproduction outcomes in men with Y chromosome microdeletions.,Journal of assisted reproduction and genetics,Journal Article; Systematic Review,Andrology,INCLUDE,,Andrology,INCLUDE,NOT_CONTEXT_ONLY,SCP02_FEMALE_ART_WITHOUT_MALE_REPRO_EXPANDED,PUBMED_ABSTRACT,The tool predicts sperm retrieval and assisted-reproduction outcomes specifically in men with Y-chromosome microdeletions and is directly within the male-infertility scope.
39798834,10.1016/j.neuroscience.2025.01.015,Liu X,2025,Altered brain activity and functional connectivity in psychogenic erectile dysfunction: Combining findings from LOOCV-SVM-RFE and rs-fMRI.,Neuroscience,Journal Article,Andrology,INCLUDE,,Andrology,INCLUDE,NOT_CONTEXT_ONLY,AI04_AI_ONLY_PATHWAY_WITHOUT_TITLE_AI,ABSTRACT,The title and available abstract identify machine learning applied to the in-scope task described in 'Altered brain activity and functional connectivity in psychogenic erectile dysfunction: Combining findings from LOOCV-SVM-RFE and rs-fMRI.'.
39873458,10.5152/tud.2025.24098,Barlas IS,2025,Quality of Chatbot Responses to the Most Popular Questions Regarding Erectile Dysfunction.,Urology research & practice,Journal Article,Andrology,INCLUDE,,Andrology,INCLUDE,NOT_CONTEXT_ONLY,AI04_AI_ONLY_PATHWAY_WITHOUT_TITLE_AI,ABSTRACT,The title and available abstract identify large-language-model or chatbot evaluation applied to the in-scope task described in 'Quality of Chatbot Responses to the Most Popular Questions Regarding Erectile Dysfunction.'.
40004597,10.3390/jcm14041066,Tiptiri-Kourpeti A,2025,"A Narrative Review on the Sperm Selection Methods in Assisted Reproductive Technology: Out with the New, the Old Is Better?",Journal of clinical medicine,Journal Article; Review,Andrology,EXCLUDE,E05_NO_SUBSTANTIVE_AI,Andrology,EXCLUDE,NOT_CONTEXT_ONLY,AI04_AI_ONLY_PATHWAY_WITHOUT_TITLE_AI,ABSTRACT,"The available evidence for 'A Narrative Review on the Sperm Selection Methods in Assisted Reproductive Technology: Out with the New, the Old Is Better?' reports conventional imaging, statistics, digital/AR/VR technology, biomarkers, or automation without a substantive AI/ML method or application."
40114829,10.21037/tau-24-629,Yang C,2025,Seminal plasma PGK2 serves as a predictive biomarker for post-varicocelectomy sperm motility improvement in varicocele subjects.,Translational andrology and urology,Journal Article,Andrology,INCLUDE,,Andrology,INCLUDE,NOT_CONTEXT_ONLY,AI03_GENERIC_PREDICTION_WITHOUT_EXPLICIT_AI;AI04_AI_ONLY_PATHWAY_WITHOUT_TITLE_AI,ABSTRACT,The title and available abstract identify machine learning applied to the in-scope task described in 'Seminal plasma PGK2 serves as a predictive biomarker for post-varicocelectomy sperm motility improvement in varicocele subjects.'.
40227699,10.3390/cancers17071173,Manini C,2025,Hot Spots in Urogenital Basic Cancer Research and Clinics.,Cancers,Journal Article; Review,Andrology,INCLUDE,,Andrology,INCLUDE,NOT_CONTEXT_ONLY,AI04_AI_ONLY_PATHWAY_WITHOUT_TITLE_AI,ABSTRACT,The title and available abstract identify a substantive synthesis of machine learning in the in-scope Andrology area described in 'Hot Spots in Urogenital Basic Cancer Research and Clinics.'.
40277979,10.3390/membranes15040109,Gongora A,2025,"The Nexus Between Sperm Membrane Integrity, Sperm Motility, and DNA Fragmentation.",Membranes,Journal Article,Andrology,INCLUDE,,Andrology,INCLUDE,NOT_CONTEXT_ONLY,AI04_AI_ONLY_PATHWAY_WITHOUT_TITLE_AI,ABSTRACT,"The title and available abstract identify machine learning applied to the in-scope task described in 'The Nexus Between Sperm Membrane Integrity, Sperm Motility, and DNA Fragmentation.'."
40431886,10.3390/s25103093,Lei P,2025,Deep Learning Models for Multi-Part Morphological Segmentation and Evaluation of Live Unstained Human Sperm.,"Sensors (Basel, Switzerland)",Journal Article,Andrology,INCLUDE,,Andrology,INCLUDE,NOT_CONTEXT_ONLY,TEC01_TECHNICAL_ARTIFACT_WITHOUT_CLINICAL_CUE,ABSTRACT,The title and available abstract identify deep learning and computer vision applied to the in-scope task described in 'Deep Learning Models for Multi-Part Morphological Segmentation and Evaluation of Live Unstained Human Sperm.'.
40599296,10.12182/20250360401,Chen Y,2025,[Advances in the Application of Artificial Intelligence in the Field of Male Infertility].,Sichuan da xue xue bao. Yi xue ban = Journal of Sichuan University. Medical science edition,English Abstract; Journal Article; Review,Andrology,EXCLUDE,E09_DATE_LANGUAGE_INDEXING,Andrology,EXCLUDE,NOT_CONTEXT_ONLY,DEEP_SCOPE_LANGUAGE_BOUNDARY,PUBMED_METADATA,Official PubMed XML metadata lists the publication language as Chinese (chi) and does not include the English language code (eng). The record is therefore excluded under the prespecified English-language eligibility rule; an English-translated NLM title or abstract does not make the publication itself English-language eligible.
40615526,10.1038/s41598-025-09787-1,Li Y,2025,Sperm metabolomic signatures of asthenozoospermia and teratozoospermia in Chinese reproductive-age men.,Scientific reports,Journal Article,Andrology,INCLUDE,,Andrology,INCLUDE,NOT_CONTEXT_ONLY,AI04_AI_ONLY_PATHWAY_WITHOUT_TITLE_AI,ABSTRACT,The title and available abstract identify machine learning applied to the in-scope task described in 'Sperm metabolomic signatures of asthenozoospermia and teratozoospermia in Chinese reproductive-age men.'.
40675554,10.1016/j.xfss.2025.07.003,Borges E Jr,2025,Artificial intelligence-driven oocyte assessment for predicting blastulation and high-quality blastocyst formation in severe male factor infertility.,F&S science,Journal Article,Andrology,EXCLUDE,E02_EMBRYOLOGY_ONLY,Andrology,EXCLUDE,NOT_CONTEXT_ONLY,CTX02_ART_MALE_FACTOR_BOUNDARY,ABSTRACT,'Artificial intelligence-driven oocyte assessment for predicting blastulation and high-quality blastocyst formation in severe male factor infertility' evaluates IVF laboratory/embryologist outcomes without a substantive male-factor or sperm-specific task.
40717115,10.1038/s41598-025-12025-3,Hajimirzaie SS,2025,Predicting postpartum female sexual interest/arousal disorder via adiponectin and biopsychosocial factors: a cohort-based decision tree study.,Scientific reports,Journal Article,Andrology,EXCLUDE,E01_NON_UROLOGICAL,Andrology,EXCLUDE,NOT_CONTEXT_ONLY,AI03_GENERIC_PREDICTION_WITHOUT_EXPLICIT_AI;AI04_AI_ONLY_PATHWAY_WITHOUT_TITLE_AI,ABSTRACT,"The substantive AI task in 'Predicting postpartum female sexual interest/arousal disorder via adiponectin and biopsychosocial factors: a cohort-based decision tree study' is general, multi-specialty, or another organ system without a separable urological, andrological, or male-reproductive result."
40719805,10.1007/s10815-025-03589-0,Li C,2025,An efficient advanced YOLOv8 framework for sperm motility detection.,Journal of assisted reproduction and genetics,Journal Article,Andrology,INCLUDE,,Andrology,INCLUDE,NOT_CONTEXT_ONLY,AI04_AI_ONLY_PATHWAY_WITHOUT_TITLE_AI,ABSTRACT,The title and available abstract identify computer vision applied to the in-scope task described in 'An efficient advanced YOLOv8 framework for sperm motility detection.'.
40731851,10.3390/medicina61071222,Lau HM,2025,Advances in Techniques in Radical Prostatectomy.,"Medicina (Kaunas, Lithuania)",Journal Article; Review,Andrology,EXCLUDE,E05_NO_SUBSTANTIVE_AI,Andrology,EXCLUDE,NOT_CONTEXT_ONLY,AI04_AI_ONLY_PATHWAY_WITHOUT_TITLE_AI,ABSTRACT,"The available evidence for 'Advances in Techniques in Radical Prostatectomy' reports conventional imaging, statistics, digital/AR/VR technology, biomarkers, or automation without a substantive AI/ML method or application."
40764805,10.1038/s41598-025-14706-5,Tian Z,2025,Altered gray matter morphometry in psychogenic erectile dysfunction patients: A Surface-based morphometry study.,Scientific reports,Journal Article,Andrology,INCLUDE,,Andrology,INCLUDE,NOT_CONTEXT_ONLY,AI04_AI_ONLY_PATHWAY_WITHOUT_TITLE_AI,ABSTRACT,The title and available abstract identify a substantive AI or machine-learning application applied to the in-scope task described in 'Altered gray matter morphometry in psychogenic erectile dysfunction patients: A Surface-based morphometry study.'.
40765530,10.1097/CU9.0000000000000282,Ogbodo E,2025,Patient consent in the modern era: Novel tools and practical considerations in urology.,Current urology,Journal Article,Andrology,INCLUDE,,Andrology,INCLUDE,NOT_CONTEXT_ONLY,AI04_AI_ONLY_PATHWAY_WITHOUT_TITLE_AI,ABSTRACT,The title and available abstract identify large-language-model or chatbot evaluation and machine learning applied to the in-scope task described in 'Patient consent in the modern era: Novel tools and practical considerations in urology.'.
40780689,10.1016/j.reprotox.2025.109026,Li Y,2025,Identification of key genes involved in phthalate-induced male erectile dysfunction: Insights from network toxicology and bioinformatics analyses.,"Reproductive toxicology (Elmsford, N.Y.)","Journal Article; Research Support, Non-U.S. Gov't",Andrology,EXCLUDE,E04_PRECLINICAL_NONHUMAN,Andrology,EXCLUDE,NOT_CONTEXT_ONLY,AI04_AI_ONLY_PATHWAY_WITHOUT_TITLE_AI,ABSTRACT,"'Identification of key genes involved in phthalate-induced male erectile dysfunction: Insights from network toxicology and bioinformatics analyses' is limited to animal, xenograft, simulated, or other preclinical evidence without a qualifying patient-level clinical evaluation."
40783955,,Lin SB,2025,[Artificial intelligence fluorescence method versus traditional flow cytometry for detection of sperm DFI in oligospermia patients].,Zhonghua nan ke xue = National journal of andrology,Comparative Study; English Abstract; Journal Article,Andrology,EXCLUDE,E09_DATE_LANGUAGE_INDEXING,Andrology,EXCLUDE,NOT_CONTEXT_ONLY,DEEP_SCOPE_LANGUAGE_BOUNDARY,PUBMED_METADATA,Official PubMed XML metadata lists the publication language as Chinese (chi) and does not include the English language code (eng). The record is therefore excluded under the prespecified English-language eligibility rule; an English-translated NLM title or abstract does not make the publication itself English-language eligible.
40929291,10.1371/journal.pone.0330914,Kilic S,2025,Deep feature engineering for accurate sperm morphology classification using CBAM-enhanced ResNet50.,PloS one,Journal Article,Andrology,INCLUDE,,Andrology,INCLUDE,NOT_CONTEXT_ONLY,AI04_AI_ONLY_PATHWAY_WITHOUT_TITLE_AI,PRIOR_HUMAN_ABSTRACT_REVIEW,The title and available abstract identify deep learning and machine learning applied to the in-scope task described in 'Deep feature engineering for accurate sperm morphology classification using CBAM-enhanced ResNet50.'.
40941720,10.3390/diagnostics15172234,Turkoglu AK,2025,Category-Aware Two-Stage Divide-and-Ensemble Framework for Sperm Morphology Classification.,"Diagnostics (Basel, Switzerland)",Journal Article,Andrology,INCLUDE,,Andrology,INCLUDE,NOT_CONTEXT_ONLY,AI04_AI_ONLY_PATHWAY_WITHOUT_TITLE_AI,PRIOR_HUMAN_ABSTRACT_REVIEW,The title and available abstract identify deep learning applied to the in-scope task described in 'Category-Aware Two-Stage Divide-and-Ensemble Framework for Sperm Morphology Classification.'.
40962235,10.1016/j.reprotox.2025.109063,Zhu G,2025,Integrative computational dissection of monobenzyl phthalate spermatotoxicity: High-affinity binding disrupts ACE2-CYP17A1 coregulation in non-obstructive azoospermia.,"Reproductive toxicology (Elmsford, N.Y.)","Journal Article; Research Support, Non-U.S. Gov't",Andrology,EXCLUDE,E04_PRECLINICAL_NONHUMAN,Andrology,EXCLUDE,NOT_CONTEXT_ONLY,AI04_AI_ONLY_PATHWAY_WITHOUT_TITLE_AI,ABSTRACT,"'Integrative computational dissection of monobenzyl phthalate spermatotoxicity: High-affinity binding disrupts ACE2-CYP17A1 coregulation in non-obstructive azoospermia' is limited to animal, xenograft, simulated, or other preclinical evidence without a qualifying patient-level clinical evaluation."
41096028,10.3390/jcm14196948,Mauchart P,2025,Personal KPIs in IVF Laboratory: Are They Measurable or Distortable? A Case Study Using AI-Based Benchmarking.,Journal of clinical medicine,Journal Article,Andrology,EXCLUDE,E02_EMBRYOLOGY_ONLY,Andrology,EXCLUDE,NOT_CONTEXT_ONLY,TEC01_TECHNICAL_ARTIFACT_WITHOUT_CLINICAL_CUE,ABSTRACT,'Personal KPIs in IVF Laboratory: Are They Measurable or Distortable? A Case Study Using AI-Based Benchmarking' evaluates IVF laboratory/embryologist outcomes without a substantive male-factor or sperm-specific task.
41112797,10.1364/BOE.567655,Sokolovski L,2025,Label-free refractive index mapping of human sperm cells.,Biomedical optics express,Journal Article,Andrology,INCLUDE,,Andrology,INCLUDE,NOT_CONTEXT_ONLY,AI04_AI_ONLY_PATHWAY_WITHOUT_TITLE_AI,ABSTRACT,The title and available abstract identify machine learning applied to the in-scope task described in 'Label-free refractive index mapping of human sperm cells.'.
41139020,10.1016/j.jare.2025.10.040,Wen L,2025,Artificial intelligence-driven precision treatment of reproductive medicine-related diseases: the optimal protocol choice for IVF-ET.,Journal of advanced research,Journal Article,Andrology,EXCLUDE,E02_EMBRYOLOGY_ONLY,Andrology,EXCLUDE,NOT_CONTEXT_ONLY,SCP02_FEMALE_ART_WITHOUT_MALE_REPRO_EXPANDED,PUBMED_ABSTRACT,"The clinical decision-support system optimizes ovarian-stimulation protocols using ovarian reserve, hormone, oocyte, endometrial, pregnancy, and cost outcomes; no substantive male-factor task or result is reported."
41203404,10.1080/20565623.2025.2583010,Abdelkefi O,2025,Deep-learning based model for sperm morphology assessment using the SMD/MSS dataset.,Future science OA,Journal Article,Andrology,INCLUDE,,Andrology,INCLUDE,NOT_CONTEXT_ONLY,AI04_AI_ONLY_PATHWAY_WITHOUT_TITLE_AI,ABSTRACT,The title and available abstract identify deep learning and machine learning applied to the in-scope task described in 'Deep-learning based model for sperm morphology assessment using the SMD/MSS dataset.'.
41243616,10.1080/07853890.2025.2582245,Huang S,2025,Machine learning-based preliminary screening tool for clinical pregnancy prediction: towards management of IVF/ICSI stages.,Annals of medicine,Journal Article,Andrology,EXCLUDE,E02_EMBRYOLOGY_ONLY,Andrology,EXCLUDE,NOT_CONTEXT_ONLY,SCP02_FEMALE_ART_WITHOUT_MALE_REPRO_EXPANDED,PUBMED_ABSTRACT,"The models were developed in women and use female age, follicle count, BMI, progesterone, gonadotropin, and endometrial measures to predict pregnancy; no substantive male-factor AI task is reported."
41298875,10.1038/s41684-025-01647-9,Shapovalova N,2025,Beyond swimming: emerging parameters for predicting the fertility of mouse spermatozoa.,Lab animal,"Journal Article; Research Support, Non-U.S. Gov't; Review",Andrology,EXCLUDE,E04_PRECLINICAL_NONHUMAN,Andrology,EXCLUDE,NOT_CONTEXT_ONLY,AI03_GENERIC_PREDICTION_WITHOUT_EXPLICIT_AI;AI04_AI_ONLY_PATHWAY_WITHOUT_TITLE_AI,ABSTRACT,"'Beyond swimming: emerging parameters for predicting the fertility of mouse spermatozoa' is limited to animal, xenograft, simulated, or other preclinical evidence without a qualifying patient-level clinical evaluation."
41299699,10.1186/s12958-025-01479-9,Carrion-Sisternas L,2025,Automated AI for real-time sperm selection in ICSI: reducing variability and studying the role of sperm in embryo development.,Reproductive biology and endocrinology : RB&E,Journal Article; Observational Study,Andrology,INCLUDE,,Andrology,INCLUDE,NOT_CONTEXT_ONLY,AI04_AI_ONLY_PATHWAY_WITHOUT_TITLE_AI;CTX02_ART_MALE_FACTOR_BOUNDARY,ABSTRACT,The title and available abstract identify machine learning applied to the in-scope task described in 'Automated AI for real-time sperm selection in ICSI: reducing variability and studying the role of sperm in embryo development.'.
41301861,10.3390/biomedicines13112768,Bereczki K,2025,Machine Learning-Based Prediction of IVF Outcomes: The Central Role of Female Preprocedural Factors.,Biomedicines,Journal Article,Andrology,INCLUDE,,Andrology,INCLUDE,NOT_CONTEXT_ONLY,SCP02_FEMALE_ART_WITHOUT_MALE_REPRO_EXPANDED,PUBMED_ABSTRACT,The mixed-couple IVF model explicitly uses sperm concentration and motility and reports that male factors add incremental predictive value; this meets the substantive male-factor boundary despite female predictors dominating.
41415112,10.1093/sexmed/qfaf101,Geyik S,2025,Prediction of severe erectile dysfunction after penile fracture repair: machine learning analysis results from the reconstruction and trauma working group of the society of urological surgery (RAT-SUS).,Sexual medicine,Journal Article,Andrology,INCLUDE,,Andrology,INCLUDE,NOT_CONTEXT_ONLY,SCP03_NONHUMAN_PRECLINICAL_EXPANDED,PUBMED_ABSTRACT,The token RAT is part of the urological study-group acronym RAT-SUS; the study analyzes 547 human penile-fracture patients and is clearly in scope.
41656806,10.11817/j.issn.1672-7347.2025.240638,Li Q,2025,[Progress in the application of artificial intelligence in assisted reproduction].,Zhong nan da xue xue bao. Yi xue ban = Journal of Central South University. Medical sciences,English Abstract; Journal Article; Review,Andrology,EXCLUDE,E09_DATE_LANGUAGE_INDEXING,Andrology,EXCLUDE,NOT_CONTEXT_ONLY,DEEP_SCOPE_LANGUAGE_BOUNDARY,PUBMED_METADATA,Official PubMed XML metadata lists the publication language as Chinese (chi) and does not include the English language code (eng). The record is therefore excluded under the prespecified English-language eligibility rule; an English-translated NLM title or abstract does not make the publication itself English-language eligible.
39753897,10.1038/s41598-024-84978-w,Alvarez ML,2025,Flow prediction in sound-based uroflowmetry.,Scientific reports,"Journal Article; Research Support, Non-U.S. Gov't",Benign/Functional,INCLUDE,,Benign/Functional,INCLUDE,NOT_CONTEXT_ONLY,AI03_GENERIC_PREDICTION_WITHOUT_EXPLICIT_AI;AI04_AI_ONLY_PATHWAY_WITHOUT_TITLE_AI,ABSTRACT,The title and available abstract identify machine learning applied to the in-scope task described in 'Flow prediction in sound-based uroflowmetry.'.
39803866,10.1002/nau.25654,Cotterill N,2025,"Do We Have Sufficient Evidence to Derive Innovative Approaches to Assessing Unmet Need, Delivering Education on Bladder and Bowel Continence Health, and Providing a Better Environment for Joint Decision-Making? ICI-RS 2024.",Neurourology and urodynamics,Journal Article,Benign/Functional,CONTEXT_ONLY,E10_CONTEXT_ONLY,Benign/Functional,EXCLUDE,CONTEXT_ONLY,AI04_AI_ONLY_PATHWAY_WITHOUT_TITLE_AI,ABSTRACT,"'Do We Have Sufficient Evidence to Derive Innovative Approaches to Assessing Unmet Need, Delivering Education on Bladder and Bowel Continence Health, and Providing a Better Environment for Joint Decision-Making? ICI-RS 2024' provides AI reporting, governance, ethics, implementation, or research-agenda context without a primary corpus-eligible AI evaluation; it may be cited narratively but not counted."
40266674,10.1099/jmm.0.002008,Yamamoto K,2025,Accuracy of classification of urinary Gram-stain findings by a computer-aided diagnosis app compared with microbiology specialists.,Journal of medical microbiology,Comparative Study; Journal Article,Benign/Functional,INCLUDE,,Benign/Functional,INCLUDE,NOT_CONTEXT_ONLY,AI04_AI_ONLY_PATHWAY_WITHOUT_TITLE_AI,ABSTRACT,The title and available abstract identify machine learning applied to the in-scope task described in 'Accuracy of classification of urinary Gram-stain findings by a computer-aided diagnosis app compared with microbiology specialists.'.
40382094,10.1016/j.cnc.2025.02.005,Mitchell Tan K,2025,Point-of-Care Sensors and Medical Internet-of-Things Technologies to Manage Catheter-Associated Urinary Tract Infections in the Intensive Care Unit.,Critical care nursing clinics of North America,Journal Article; Review,Benign/Functional,EXCLUDE,E05_NO_SUBSTANTIVE_AI,Benign/Functional,EXCLUDE,NOT_CONTEXT_ONLY,DEEP_SCOPE_AI_SUBSTANCE,FULL_TEXT,"The substantive review concerns catheter sensors and medical Internet-of-Things technologies; AI and machine learning appear only as possible future enablers and are not applied, evaluated, or substantively synthesized."
40427144,10.3390/cancers17101647,Slusarczyk A,2025,Prediction of Glomerular Filtration Rate Following Partial Nephrectomy for Localized Renal Cell Carcinoma with Different Machine Learning Techniques.,Cancers,Journal Article,Benign/Functional,OPERATIONAL_ANALYSIS_GROUP_CORRECTION,C01_OPERATIONAL_ANALYSIS_GROUP_CORRECTION,Renal/Kidney,INCLUDE,NOT_CONTEXT_ONLY,RENAL_NEPHROLOGY_BOUNDARY_PASS,PUBMED_ABSTRACT,Glomerular-filtration prediction after partial nephrectomy for localized renal-cell carcinoma is eligible under Renal/Kidney.
40514381,10.1038/s41597-025-05358-1,Alvarez ML,2025,Annotated dataset of simulated voiding sound for urine flow estimation.,Scientific data,Dataset; Journal Article,Benign/Functional,EXCLUDE,E04_PRECLINICAL_NONHUMAN,Benign/Functional,EXCLUDE,NOT_CONTEXT_ONLY,AI04_AI_ONLY_PATHWAY_WITHOUT_TITLE_AI;TEC01_TECHNICAL_ARTIFACT_WITHOUT_CLINICAL_CUE,ABSTRACT,"'Annotated dataset of simulated voiding sound for urine flow estimation' is limited to animal, xenograft, simulated, or other preclinical evidence without a qualifying patient-level clinical evaluation."
40518703,10.1002/nau.70075,van Leersum CM,2025,Envisioning the Future of AI in Urodynamics: Exploratory Interviews With Experts.,Neurourology and urodynamics,Journal Article,Benign/Functional,INCLUDE,,Benign/Functional,INCLUDE,NOT_CONTEXT_ONLY,AI01_FUTURE_OR_INCIDENTAL_AI_RISK;AI04_AI_ONLY_PATHWAY_WITHOUT_TITLE_AI,ABSTRACT,The title and available abstract identify a substantive AI or machine-learning application applied to the in-scope task described in 'Envisioning the Future of AI in Urodynamics: Exploratory Interviews With Experts.'.
40618693,10.1016/j.compbiomed.2025.110721,Li Q,2025,Identification of inflammation-related biomarkers and therapeutic targets for neurogenic bladder fibrosis via multi-omics analysis.,Computers in biology and medicine,Journal Article,Benign/Functional,INCLUDE,,Benign/Functional,INCLUDE,NOT_CONTEXT_ONLY,AI04_AI_ONLY_PATHWAY_WITHOUT_TITLE_AI,ABSTRACT,The title and available abstract identify machine learning applied to the in-scope task described in 'Identification of inflammation-related biomarkers and therapeutic targets for neurogenic bladder fibrosis via multi-omics analysis.'.
40631435,10.1002/nau.70116,Nejad-Mansouri M,2025,Utilizing Predictive Analytics to Understand Neurogenic Bladder Symptom Score (NBSS) Variations in Adults With Acquired Spinal Cord Injury.,Neurourology and urodynamics,Journal Article,Benign/Functional,INCLUDE,,Benign/Functional,INCLUDE,NOT_CONTEXT_ONLY,AI03_GENERIC_PREDICTION_WITHOUT_EXPLICIT_AI;AI04_AI_ONLY_PATHWAY_WITHOUT_TITLE_AI,ABSTRACT,The title and available abstract identify machine learning applied to the in-scope task described in 'Utilizing Predictive Analytics to Understand Neurogenic Bladder Symptom Score (NBSS) Variations in Adults With Acquired Spinal Cord Injury.'.
40635415,10.5213/inj.2550110.055,Kim J,2025,Advancing Bladder Health Diagnostics: The Potential of Optical Techniques for Noninvasive Assessment of Lower Urinary Tract Disorders.,International neurourology journal,Journal Article,Benign/Functional,EXCLUDE,E05_NO_SUBSTANTIVE_AI,Benign/Functional,EXCLUDE,NOT_CONTEXT_ONLY,AI04_AI_ONLY_PATHWAY_WITHOUT_TITLE_AI,ABSTRACT,"The available evidence for 'Advancing Bladder Health Diagnostics: The Potential of Optical Techniques for Noninvasive Assessment of Lower Urinary Tract Disorders' reports conventional imaging, statistics, digital/AR/VR technology, biomarkers, or automation without a substantive AI/ML method or application."
40657535,10.1109/JTEHM.2025.3544486,Zhang W,2025,Automated Evaluation of Urodynamic Examinations Through Local Linear Models: Validation on Spinal Cord Injury Individuals.,IEEE journal of translational engineering in health and medicine,"Journal Article; Research Support, Non-U.S. Gov't",Benign/Functional,EXCLUDE,E05_NO_SUBSTANTIVE_AI,Benign/Functional,EXCLUDE,NOT_CONTEXT_ONLY,AI04_AI_ONLY_PATHWAY_WITHOUT_TITLE_AI,ABSTRACT,"The available evidence for 'Automated Evaluation of Urodynamic Examinations Through Local Linear Models: Validation on Spinal Cord Injury Individuals' reports conventional imaging, statistics, digital/AR/VR technology, biomarkers, or automation without a substantive AI/ML method or application."
40734612,10.13075/mp.5893.01623,Wrobel M,2025,[Micturition disorders in people aged 65 and more].,Medycyna pracy,English Abstract; Journal Article; Review,Benign/Functional,EXCLUDE,E05_NO_SUBSTANTIVE_AI,Benign/Functional,EXCLUDE,NOT_CONTEXT_ONLY,AI04_AI_ONLY_PATHWAY_WITHOUT_TITLE_AI,ABSTRACT,"The available evidence for '[Micturition disorders in people aged 65 and more]' reports conventional imaging, statistics, digital/AR/VR technology, biomarkers, or automation without a substantive AI/ML method or application."
40751187,10.1186/s12887-025-05936-7,He Y,2025,Development of a machine learning model for predicting renal damage in children with closed spinal dysraphism.,BMC pediatrics,Journal Article,Benign/Functional,INCLUDE,,Benign/Functional,INCLUDE,NOT_CONTEXT_ONLY,RENAL_NEPHROLOGY_BOUNDARY_PASS,PUBMED_ABSTRACT,Renal-damage prediction is driven by neurogenic bladder lower-urinary-tract dysfunction and vesicoureteral reflux in spinal dysraphism.
40782046,10.1080/21505594.2025.2546063,Bradley ES,2025,The urinary microbiome distinguishes symptomatic urinary tract infection from asymptomatic older adult patients presenting to the emergency department.,Virulence,Journal Article,Benign/Functional,INCLUDE,,Benign/Functional,INCLUDE,NOT_CONTEXT_ONLY,AI04_AI_ONLY_PATHWAY_WITHOUT_TITLE_AI,ABSTRACT,The title and available abstract identify machine learning applied to the in-scope task described in 'The urinary microbiome distinguishes symptomatic urinary tract infection from asymptomatic older adult patients presenting to the emergency department.'.
40852762,10.1002/nau.70131,Gan ZS,2025,Evaluation of Bladder Dysfunction Outcomes Among Standardized Bladder Shapes in Children With Spina Bifida.,Neurourology and urodynamics,Journal Article,Benign/Functional,INCLUDE,,Benign/Functional,INCLUDE,NOT_CONTEXT_ONLY,AI04_AI_ONLY_PATHWAY_WITHOUT_TITLE_AI,ABSTRACT,The title and available abstract identify machine learning applied to the in-scope task described in 'Evaluation of Bladder Dysfunction Outcomes Among Standardized Bladder Shapes in Children With Spina Bifida.'.
40891911,10.1097/JS9.0000000000003268,Liu X,2025,Research on the auxiliary diagnosis of male neurogenic lower urinary tract dysfunction based on a deep-learning algorithm.,"International journal of surgery (London, England)",Journal Article,Benign/Functional,INCLUDE,,Benign/Functional,INCLUDE,NOT_CONTEXT_ONLY,AI04_AI_ONLY_PATHWAY_WITHOUT_TITLE_AI,ABSTRACT,The title and available abstract identify a substantive AI or machine-learning application applied to the in-scope task described in 'Research on the auxiliary diagnosis of male neurogenic lower urinary tract dysfunction based on a deep-learning algorithm.'.
41030273,10.1002/btm2.70038,Ganguly A,2025,USENSE: A proof-of-concept self-screening tool for home-based recurrent urinary tract infection management.,Bioengineering & translational medicine,Journal Article,Benign/Functional,INCLUDE,,Benign/Functional,INCLUDE,NOT_CONTEXT_ONLY,AI04_AI_ONLY_PATHWAY_WITHOUT_TITLE_AI,ABSTRACT,The title and available abstract identify machine learning applied to the in-scope task described in 'USENSE: A proof-of-concept self-screening tool for home-based recurrent urinary tract infection management.'.
41181557,10.1177/20552076251393289,Tang R,2025,Personalized insights into urinary tract infection management: A text mining analysis of online consultation data.,Digital health,Journal Article,Benign/Functional,INCLUDE,,Benign/Functional,INCLUDE,NOT_CONTEXT_ONLY,AI04_AI_ONLY_PATHWAY_WITHOUT_TITLE_AI,ABSTRACT,The title and available abstract identify a substantive AI or machine-learning application applied to the in-scope task described in 'Personalized insights into urinary tract infection management: A text mining analysis of online consultation data.'.
41199746,10.3389/fgene.2025.1651917,Nayak DSK,2025,aiGeneR 3.0: an enhanced deep network model for resistant strain identification and multi-drug resistance prediction in Escherichia coli causing urinary tract infection using next-generation sequencing data.,Frontiers in genetics,Journal Article,Benign/Functional,INCLUDE,,Benign/Functional,INCLUDE,NOT_CONTEXT_ONLY,AI03_GENERIC_PREDICTION_WITHOUT_EXPLICIT_AI;AI04_AI_ONLY_PATHWAY_WITHOUT_TITLE_AI,ABSTRACT,The title and available abstract identify deep learning and machine learning applied to the in-scope task described in 'aiGeneR 3.0: an enhanced deep network model for resistant strain identification and multi-drug resistance prediction in Escherichia coli causing urinary tract infection using next-generation sequencing data.'.
41302181,10.3390/life15111757,Boschert AL,2025,Spaceflight and Medical Microbiology: Possible Implications for Standard Infection Diagnostics and Therapy.,"Life (Basel, Switzerland)",Journal Article,Benign/Functional,EXCLUDE,E05_NO_SUBSTANTIVE_AI,Benign/Functional,EXCLUDE,NOT_CONTEXT_ONLY,AI04_AI_ONLY_PATHWAY_WITHOUT_TITLE_AI,ABSTRACT,"The available evidence for 'Spaceflight and Medical Microbiology: Possible Implications for Standard Infection Diagnostics and Therapy' reports conventional imaging, statistics, digital/AR/VR technology, biomarkers, or automation without a substantive AI/ML method or application."
41342912,10.1007/s00345-025-06097-z,Batista-Miranda JE,2025,Artificial inteligence reading of cystometric traces provides good correlation with human diagnosis.,World journal of urology,Journal Article; Observational Study,Benign/Functional,INCLUDE,,Benign/Functional,INCLUDE,NOT_CONTEXT_ONLY,AI04_AI_ONLY_PATHWAY_WITHOUT_TITLE_AI,ABSTRACT,The title and available abstract identify deep learning and machine learning applied to the in-scope task described in 'Artificial inteligence reading of cystometric traces provides good correlation with human diagnosis.'.
41383132,10.1021/acs.analchem.5c05097,Wang X,2025,Orthogonal Biochemical Sensing for Concentration-Independent Bacterial Fingerprinting.,Analytical chemistry,Journal Article,Benign/Functional,INCLUDE,,Benign/Functional,INCLUDE,NOT_CONTEXT_ONLY,AI04_AI_ONLY_PATHWAY_WITHOUT_TITLE_AI,ABSTRACT,The title and available abstract identify machine learning applied to the in-scope task described in 'Orthogonal Biochemical Sensing for Concentration-Independent Bacterial Fingerprinting.'.
38978228,10.1080/10408347.2024.2373923,Cheng K,2025,Applications of Biosensors in Bladder Cancer.,Critical reviews in analytical chemistry,Journal Article; Review,Bladder Cancer,EXCLUDE,E05_NO_SUBSTANTIVE_AI,Bladder Cancer,EXCLUDE,NOT_CONTEXT_ONLY,AI04_AI_ONLY_PATHWAY_WITHOUT_TITLE_AI,ABSTRACT,"The available evidence for 'Applications of Biosensors in Bladder Cancer' reports conventional imaging, statistics, digital/AR/VR technology, biomarkers, or automation without a substantive AI/ML method or application."
39401682,10.1016/j.modpat.2024.100631,Lobo J,2025,Digital and Computational Pathology Applications in Bladder Cancer: Novel Tools Addressing Clinically Pressing Needs.,"Modern pathology : an official journal of the United States and Canadian Academy of Pathology, Inc",Journal Article; Review,Bladder Cancer,INCLUDE,,Bladder Cancer,INCLUDE,NOT_CONTEXT_ONLY,AI04_AI_ONLY_PATHWAY_WITHOUT_TITLE_AI,PRIOR_HUMAN_ABSTRACT_REVIEW,The title and available abstract identify a substantive synthesis of a substantive AI or machine-learning application in the in-scope Bladder Cancer area described in 'Digital and Computational Pathology Applications in Bladder Cancer: Novel Tools Addressing Clinically Pressing Needs.'.
39501515,10.1515/bmt-2024-0333,Zou Y,2025,Prediction of muscular-invasive bladder cancer using multi-view fusion self-distillation model based on 3D T2-Weighted images.,Biomedizinische Technik. Biomedical engineering,Journal Article,Bladder Cancer,INCLUDE,,Bladder Cancer,INCLUDE,NOT_CONTEXT_ONLY,AI03_GENERIC_PREDICTION_WITHOUT_EXPLICIT_AI;AI04_AI_ONLY_PATHWAY_WITHOUT_TITLE_AI,ABSTRACT,The title and available abstract identify deep learning applied to the in-scope task described in 'Prediction of muscular-invasive bladder cancer using multi-view fusion self-distillation model based on 3D T2-Weighted images.'.
39529480,10.1097/MOU.0000000000001249,Pastorino GL,2025,The role of MRI in muscle-invasive bladder cancer: an update from the last two years.,Current opinion in urology,Journal Article; Review,Bladder Cancer,EXCLUDE,E05_NO_SUBSTANTIVE_AI,Bladder Cancer,EXCLUDE,NOT_CONTEXT_ONLY,AI04_AI_ONLY_PATHWAY_WITHOUT_TITLE_AI,ABSTRACT,"The available evidence for 'The role of MRI in muscle-invasive bladder cancer: an update from the last two years' reports conventional imaging, statistics, digital/AR/VR technology, biomarkers, or automation without a substantive AI/ML method or application."
39841985,10.2196/56946,Cabon S,2025,Combining a Risk Factor Score Designed From Electronic Health Records With a Digital Cytology Image Scoring System to Improve Bladder Cancer Detection: Proof-of-Concept Study.,Journal of medical Internet research,Journal Article,Bladder Cancer,INCLUDE,,Bladder Cancer,INCLUDE,NOT_CONTEXT_ONLY,AI04_AI_ONLY_PATHWAY_WITHOUT_TITLE_AI,PRIOR_HUMAN_ABSTRACT_REVIEW,The title and available abstract identify machine learning applied to the in-scope task described in 'Combining a Risk Factor Score Designed From Electronic Health Records With a Digital Cytology Image Scoring System to Improve Bladder Cancer Detection: Proof-of-Concept Study.'.
39928162,10.1007/s00345-025-05485-9,Bardowska K,2025,Evaluation of six novel biomarkers for predicting recurrence of non-muscle invasive bladder cancer after endoscopic resection- a prospective observational study.,World journal of urology,Journal Article; Observational Study,Bladder Cancer,INCLUDE,,Bladder Cancer,INCLUDE,NOT_CONTEXT_ONLY,AI03_GENERIC_PREDICTION_WITHOUT_EXPLICIT_AI;AI04_AI_ONLY_PATHWAY_WITHOUT_TITLE_AI,ABSTRACT,The title and available abstract identify machine learning applied to the in-scope task described in 'Evaluation of six novel biomarkers for predicting recurrence of non-muscle invasive bladder cancer after endoscopic resection- a prospective observational study.'.
39954510,10.1016/j.cmpb.2025.108645,Xu J,2025,An accurate and trustworthy deep learning approach for bladder tumor segmentation with uncertainty estimation.,Computer methods and programs in biomedicine,Journal Article,Bladder Cancer,INCLUDE,,Bladder Cancer,INCLUDE,NOT_CONTEXT_ONLY,TEC01_TECHNICAL_ARTIFACT_WITHOUT_CLINICAL_CUE,ABSTRACT,The title and available abstract identify deep learning applied to the in-scope task described in 'An accurate and trustworthy deep learning approach for bladder tumor segmentation with uncertainty estimation.'.
40070785,10.3892/ol.2025.14946,Lee HY,2025,Prediction of post‑nephroureterectomy renal function in non‑dialysis upper tract urothelial carcinoma using machine learning with PyCaret and SHAP explanations.,Oncology letters,Journal Article,Bladder Cancer,INCLUDE,,Bladder Cancer,INCLUDE,NOT_CONTEXT_ONLY,RENAL_NEPHROLOGY_BOUNDARY_PASS,TITLE_METADATA,Renal-function prediction after nephroureterectomy for upper-tract urothelial carcinoma is an eligible urological task.
40080780,10.1200/CCI.24.00059,Shao W,2025,Novel Computational Pipeline Enables Reliable Diagnosis of Inverted Urothelial Papilloma and Distinguishes It From Urothelial Carcinoma.,JCO clinical cancer informatics,Journal Article,Bladder Cancer,INCLUDE,,Bladder Cancer,INCLUDE,NOT_CONTEXT_ONLY,AI04_AI_ONLY_PATHWAY_WITHOUT_TITLE_AI,ABSTRACT,The title and available abstract identify deep learning applied to the in-scope task described in 'Novel Computational Pipeline Enables Reliable Diagnosis of Inverted Urothelial Papilloma and Distinguishes It From Urothelial Carcinoma.'.
40104687,10.2147/RRU.S386026,Ben Muvhar R,2025,Recent Advances and Emerging Innovations in Transurethral Resection of Bladder Tumor (TURBT) for Non-Muscle Invasive Bladder Cancer: A Comprehensive Review of Current Literature.,Research and reports in urology,Journal Article; Review,Bladder Cancer,EXCLUDE,E05_NO_SUBSTANTIVE_AI,Bladder Cancer,EXCLUDE,NOT_CONTEXT_ONLY,AI04_AI_ONLY_PATHWAY_WITHOUT_TITLE_AI,ABSTRACT,"The available evidence for 'Recent Advances and Emerging Innovations in Transurethral Resection of Bladder Tumor (TURBT) for Non-Muscle Invasive Bladder Cancer: A Comprehensive Review of Current Literature' reports conventional imaging, statistics, digital/AR/VR technology, biomarkers, or automation without a substantive AI/ML method or application."
40234491,10.1038/s41598-025-95002-0,El-Atier RA,2025,Accurate bladder cancer diagnosis using ensemble deep leaning.,Scientific reports,Journal Article,Bladder Cancer,INCLUDE,,Bladder Cancer,INCLUDE,NOT_CONTEXT_ONLY,AI04_AI_ONLY_PATHWAY_WITHOUT_TITLE_AI,ABSTRACT,The title and available abstract identify deep learning and machine learning applied to the in-scope task described in 'Accurate bladder cancer diagnosis using ensemble deep leaning.'.
40391846,10.1002/advs.202416161,Li X,2025,Non-Invasive Tumor Budding Evaluation and Correlation with Treatment Response in Bladder Cancer: A Multi-Center Cohort Study.,"Advanced science (Weinheim, Baden-Wurttemberg, Germany)",Journal Article; Multicenter Study,Bladder Cancer,INCLUDE,,Bladder Cancer,INCLUDE,NOT_CONTEXT_ONLY,AI04_AI_ONLY_PATHWAY_WITHOUT_TITLE_AI,ABSTRACT,The title and available abstract identify deep learning applied to the in-scope task described in 'Non-Invasive Tumor Budding Evaluation and Correlation with Treatment Response in Bladder Cancer: A Multi-Center Cohort Study.'.
40427675,10.3390/biology14050486,Yang J,2025,Integration of Single-Cell and Bulk Transcriptome to Reveal an Endothelial Transition Signature Predicting Bladder Cancer Prognosis.,Biology,Journal Article,Bladder Cancer,INCLUDE,,Bladder Cancer,INCLUDE,NOT_CONTEXT_ONLY,AI03_GENERIC_PREDICTION_WITHOUT_EXPLICIT_AI,ABSTRACT,The title and available abstract identify a substantive AI or machine-learning application applied to the in-scope task described in 'Integration of Single-Cell and Bulk Transcriptome to Reveal an Endothelial Transition Signature Predicting Bladder Cancer Prognosis.'.
40456708,10.1002/jbio.202500161,Hu J,2025,Hyperspectral Imaging for Predicting Bladder Cancer Grading: A Novel Diagnostic Approach.,Journal of biophotonics,"Journal Article; Research Support, Non-U.S. Gov't",Bladder Cancer,INCLUDE,,Bladder Cancer,INCLUDE,NOT_CONTEXT_ONLY,AI03_GENERIC_PREDICTION_WITHOUT_EXPLICIT_AI;AI04_AI_ONLY_PATHWAY_WITHOUT_TITLE_AI,ABSTRACT,The title and available abstract identify deep learning applied to the in-scope task described in 'Hyperspectral Imaging for Predicting Bladder Cancer Grading: A Novel Diagnostic Approach.'.
40457401,10.1186/s12916-025-04163-2,Wang Y,2025,Unsupervised learning-based quantitative analysis of CT intratumoral subregions predicts risk stratification of bladder cancer patients.,BMC medicine,Journal Article,Bladder Cancer,INCLUDE,,Bladder Cancer,INCLUDE,NOT_CONTEXT_ONLY,AI04_AI_ONLY_PATHWAY_WITHOUT_TITLE_AI,ABSTRACT,The title and available abstract identify radiomics or pathomics applied to the in-scope task described in 'Unsupervised learning-based quantitative analysis of CT intratumoral subregions predicts risk stratification of bladder cancer patients.'.
40550189,10.1016/j.suronc.2025.102253,Vetsch T,2025,Preoperative prediction of severe short-term complications in patients with bladder cancer undergoing radical cystectomy.,Surgical oncology,Journal Article,Bladder Cancer,INCLUDE,,Bladder Cancer,INCLUDE,NOT_CONTEXT_ONLY,AI03_GENERIC_PREDICTION_WITHOUT_EXPLICIT_AI,ABSTRACT,The title and available abstract identify a substantive AI or machine-learning application applied to the in-scope task described in 'Preoperative prediction of severe short-term complications in patients with bladder cancer undergoing radical cystectomy.'.
40650155,10.3390/ijms26136378,Chung CM,2025,Integrative Analysis of GATA3 Expression and Variants as Prognostic Biomarkers in Urothelial Cancer.,International journal of molecular sciences,Journal Article,Bladder Cancer,INCLUDE,,Bladder Cancer,INCLUDE,NOT_CONTEXT_ONLY,AI04_AI_ONLY_PATHWAY_WITHOUT_TITLE_AI,ABSTRACT,The title and available abstract identify machine learning applied to the in-scope task described in 'Integrative Analysis of GATA3 Expression and Variants as Prognostic Biomarkers in Urothelial Cancer.'.
40687668,10.21037/tau-2025-28,Shen J,2025,Immune-related genes can accurately predict survival in bladder cancer: a retrospective study via two independent immunotherapy cohorts.,Translational andrology and urology,Journal Article,Bladder Cancer,INCLUDE,,Bladder Cancer,INCLUDE,NOT_CONTEXT_ONLY,AI04_AI_ONLY_PATHWAY_WITHOUT_TITLE_AI,ABSTRACT,The title and available abstract identify deep learning applied to the in-scope task described in 'Immune-related genes can accurately predict survival in bladder cancer: a retrospective study via two independent immunotherapy cohorts.'.
40762048,10.1080/14737140.2025.2543454,Membribes SC,2025,Established and emerging biomarkers approaches in urothelial carcinoma.,Expert review of anticancer therapy,Journal Article; Review,Bladder Cancer,INCLUDE,,Bladder Cancer,INCLUDE,NOT_CONTEXT_ONLY,AI04_AI_ONLY_PATHWAY_WITHOUT_TITLE_AI,ABSTRACT,The title and available abstract identify a substantive synthesis of machine learning in the in-scope Bladder Cancer area described in 'Established and emerging biomarkers approaches in urothelial carcinoma.'.
40817408,10.1038/s41598-025-15801-3,Veliskova M,2025,The role of spectral characteristics of urine in bladder cancer diagnostics.,Scientific reports,Journal Article,Bladder Cancer,INCLUDE,,Bladder Cancer,INCLUDE,NOT_CONTEXT_ONLY,AI04_AI_ONLY_PATHWAY_WITHOUT_TITLE_AI,ABSTRACT,The title and available abstract identify machine learning applied to the in-scope task described in 'The role of spectral characteristics of urine in bladder cancer diagnostics.'.
40955208,10.7759/cureus.90077,Ibraheem N,2025,Integrated Magnetic Resonance Imaging in Muscle-Invasive Bladder Cancer: A Comprehensive Review.,Cureus,Journal Article; Review,Bladder Cancer,INCLUDE,,Bladder Cancer,INCLUDE,NOT_CONTEXT_ONLY,AI04_AI_ONLY_PATHWAY_WITHOUT_TITLE_AI,PRIOR_HUMAN_ABSTRACT_REVIEW,The title and available abstract identify a substantive synthesis of machine learning in the in-scope Bladder Cancer area described in 'Integrated Magnetic Resonance Imaging in Muscle-Invasive Bladder Cancer: A Comprehensive Review.'.
40994220,10.1002/mc.70042,Zhang L,2025,RNA m(5)C Modifications in the Development and Prognosis of Muscle-Invasive Bladder Cancer.,Molecular carcinogenesis,Journal Article,Bladder Cancer,INCLUDE,,Bladder Cancer,INCLUDE,NOT_CONTEXT_ONLY,AI04_AI_ONLY_PATHWAY_WITHOUT_TITLE_AI,ABSTRACT,The title and available abstract identify machine learning applied to the in-scope task described in 'RNA m(5)C Modifications in the Development and Prognosis of Muscle-Invasive Bladder Cancer.'.
41001025,10.3389/fonc.2025.1607173,Tang Q,2025,Development and validation of a risk prediction model for distant metastasis in muscle-invasive bladder cancer: a retrospective study integrating SEER data with external validation cohort and biomarker analysis.,Frontiers in oncology,Journal Article,Bladder Cancer,INCLUDE,,Bladder Cancer,INCLUDE,NOT_CONTEXT_ONLY,AI03_GENERIC_PREDICTION_WITHOUT_EXPLICIT_AI;AI04_AI_ONLY_PATHWAY_WITHOUT_TITLE_AI,ABSTRACT,The title and available abstract identify machine learning applied to the in-scope task described in 'Development and validation of a risk prediction model for distant metastasis in muscle-invasive bladder cancer: a retrospective study integrating SEER data with external validation cohort and biomarker analysis.'.
41031178,10.2147/JIR.S529335,Liu Z,2025,Integrating Pre- and Postoperative Systemic Inflammatory Markers for Acute Kidney Injury Prediction Following Radical Cystectomy: A Multi-Center Retrospective Study.,Journal of inflammation research,Journal Article,Bladder Cancer,INCLUDE,,Bladder Cancer,INCLUDE,NOT_CONTEXT_ONLY,AI03_GENERIC_PREDICTION_WITHOUT_EXPLICIT_AI,PUBMED_ABSTRACT,Acute-kidney-injury prediction follows radical cystectomy with urinary diversion for bladder cancer.
41096834,10.3390/ijms26199570,Levy J,2025,Comparative Analysis of CT and MRI Combined with RNA Sequencing for Radiogenomic Staging of Bladder Cancer.,International journal of molecular sciences,Comparative Study; Journal Article,Bladder Cancer,INCLUDE,,Bladder Cancer,INCLUDE,NOT_CONTEXT_ONLY,AI04_AI_ONLY_PATHWAY_WITHOUT_TITLE_AI,PRIOR_HUMAN_ABSTRACT_REVIEW,The title and available abstract identify radiomics or pathomics and machine learning applied to the in-scope task described in 'Comparative Analysis of CT and MRI Combined with RNA Sequencing for Radiogenomic Staging of Bladder Cancer.'.
41097787,10.3390/cancers17193261,Albers Acosta E,2025,"Beyond Visualization: Advanced Imaging, Theragnostics and Biomarker Integration in Urothelial Bladder Cancer.",Cancers,Journal Article; Review,Bladder Cancer,EXCLUDE,E05_NO_SUBSTANTIVE_AI,Bladder Cancer,EXCLUDE,NOT_CONTEXT_ONLY,AI04_AI_ONLY_PATHWAY_WITHOUT_TITLE_AI,ABSTRACT,Narrative review; AI is contextual/future-looking and no substantive eligible AI application or evaluation is reported in the available record.
41136495,10.1038/s41598-025-21096-1,Park JY,2025,Multi-institutional validation of AI models for classifying urothelial neoplasms in digital pathology.,Scientific reports,Journal Article; Multicenter Study; Validation Study,Bladder Cancer,INCLUDE,,Bladder Cancer,INCLUDE,NOT_CONTEXT_ONLY,AI04_AI_ONLY_PATHWAY_WITHOUT_TITLE_AI,ABSTRACT,The title and available abstract identify deep learning and machine learning applied to the in-scope task described in 'Multi-institutional validation of AI models for classifying urothelial neoplasms in digital pathology.'.
41228219,10.3390/cancers17213425,Yang Z,2025,Urinary Biomarkers in Bladder Cancer: FDA-Approved Tests and Emerging Tools for Diagnosis and Surveillance.,Cancers,Journal Article; Review,Bladder Cancer,EXCLUDE,E05_NO_SUBSTANTIVE_AI,Bladder Cancer,EXCLUDE,NOT_CONTEXT_ONLY,AI04_AI_ONLY_PATHWAY_WITHOUT_TITLE_AI,ABSTRACT,"The available evidence for 'Urinary Biomarkers in Bladder Cancer: FDA-Approved Tests and Emerging Tools for Diagnosis and Surveillance' reports conventional imaging, statistics, digital/AR/VR technology, biomarkers, or automation without a substantive AI/ML method or application."
41420667,10.1007/s12672-025-04278-1,Jiang L,2025,Innovative AI model for bladder cancer diagnosis.,Discover oncology,Journal Article,Bladder Cancer,INCLUDE,,Bladder Cancer,INCLUDE,NOT_CONTEXT_ONLY,AI04_AI_ONLY_PATHWAY_WITHOUT_TITLE_AI,ABSTRACT,The title and available abstract identify deep learning and machine learning applied to the in-scope task described in 'Innovative AI model for bladder cancer diagnosis.'.
39227277,10.1016/j.beem.2024.101923,Tudos Z,2025,The current and upcoming era of radiomics in phaeochromocytoma and paraganglioma.,Best practice & research. Clinical endocrinology & metabolism,"Journal Article; Research Support, Non-U.S. Gov't; Review",Broad Reviews,EXCLUDE,E01_NON_UROLOGICAL,Broad Reviews,EXCLUDE,NOT_CONTEXT_ONLY,CTX01_BROAD_DOMAIN_WITHOUT_TITLE_UROLOGY,ABSTRACT,"The substantive AI task in 'The current and upcoming era of radiomics in phaeochromocytoma and paraganglioma' is general, multi-specialty, or another organ system without a separable urological, andrological, or male-reproductive result."
39304391,10.1016/j.urolonc.2024.08.014,Khene ZE,2025,Prognostic models for predicting oncological outcomes after surgical resection of a nonmetastatic renal cancer: A critical review of current literature.,Urologic oncology,"Journal Article; Research Support, Non-U.S. Gov't; Review",Broad Reviews,INCLUDE,,Broad Reviews,INCLUDE,NOT_CONTEXT_ONLY,AI03_GENERIC_PREDICTION_WITHOUT_EXPLICIT_AI;AI04_AI_ONLY_PATHWAY_WITHOUT_TITLE_AI,ABSTRACT,The title and available abstract identify a substantive synthesis of deep learning and machine learning in the in-scope Broad Reviews area described in 'Prognostic models for predicting oncological outcomes after surgical resection of a nonmetastatic renal cancer: A critical review of current literature.'.
39505676,10.1016/j.jasc.2024.09.001,Chukwudebe O,2025,"A review of the performance of urinary cytology with a focus on atypia, upper tract and updates on novel ancillary testing.",Journal of the American Society of Cytopathology,Journal Article; Review,Broad Reviews,EXCLUDE,E05_NO_SUBSTANTIVE_AI,Broad Reviews,EXCLUDE,NOT_CONTEXT_ONLY,AI04_AI_ONLY_PATHWAY_WITHOUT_TITLE_AI,ABSTRACT,"The available evidence for 'A review of the performance of urinary cytology with a focus on atypia, upper tract and updates on novel ancillary testing' reports conventional imaging, statistics, digital/AR/VR technology, biomarkers, or automation without a substantive AI/ML method or application."
39764557,10.1093/hropen/hoae070,Jamalirad H,2025,AI predictive models and advancements in microdissection testicular sperm extraction for non-obstructive azoospermia: a systematic scoping review.,Human reproduction open,Journal Article; Scoping Review,Broad Reviews,INCLUDE,,Broad Reviews,INCLUDE,NOT_CONTEXT_ONLY,AI03_GENERIC_PREDICTION_WITHOUT_EXPLICIT_AI;AI04_AI_ONLY_PATHWAY_WITHOUT_TITLE_AI,PRIOR_HUMAN_ABSTRACT_REVIEW,The title and available abstract identify a substantive synthesis of deep learning and machine learning in the in-scope Broad Reviews area described in 'AI predictive models and advancements in microdissection testicular sperm extraction for non-obstructive azoospermia: a systematic scoping review.'.
39776281,10.1007/s11701-024-02205-0,Wah JNK,2025,"Revolutionizing surgery: AI and robotics for precision, risk reduction, and innovation.",Journal of robotic surgery,Journal Article; Systematic Review,Broad Reviews,EXCLUDE,E01_NON_UROLOGICAL,Broad Reviews,EXCLUDE,NOT_CONTEXT_ONLY,AI04_AI_ONLY_PATHWAY_WITHOUT_TITLE_AI;CTX01_BROAD_DOMAIN_WITHOUT_TITLE_UROLOGY,ABSTRACT,"The substantive AI task in 'Revolutionizing surgery: AI and robotics for precision, risk reduction, and innovation' is general, multi-specialty, or another organ system without a separable urological, andrological, or male-reproductive result."
39926279,10.3389/fonc.2025.1516264,Li MY,2025,Digital pathology and artificial intelligence in renal cell carcinoma focusing on feature extraction: a literature review.,Frontiers in oncology,Journal Article; Systematic Review,Broad Reviews,INCLUDE,,Broad Reviews,INCLUDE,NOT_CONTEXT_ONLY,TEC01_TECHNICAL_ARTIFACT_WITHOUT_CLINICAL_CUE,ABSTRACT,The title and available abstract identify a substantive synthesis of deep learning and machine learning in the in-scope Broad Reviews area described in 'Digital pathology and artificial intelligence in renal cell carcinoma focusing on feature extraction: a literature review.'.
39945126,10.1097/MOU.0000000000001267,Paluszek O,2025,Artificial intelligence and patient education.,Current opinion in urology,Journal Article; Review,Broad Reviews,INCLUDE,,Broad Reviews,INCLUDE,NOT_CONTEXT_ONLY,CTX01_BROAD_DOMAIN_WITHOUT_TITLE_UROLOGY,ABSTRACT,The title and available abstract identify a substantive synthesis of large-language-model or chatbot evaluation and machine learning in the in-scope Broad Reviews area described in 'Artificial intelligence and patient education.'.
39970501,10.1016/j.surg.2025.109173,Hatcher AJ,2025,The evolution of surgical skills simulation education: Robotic skills.,Surgery,Journal Article; Review,Broad Reviews,EXCLUDE,E05_NO_SUBSTANTIVE_AI,Broad Reviews,EXCLUDE,NOT_CONTEXT_ONLY,AI04_AI_ONLY_PATHWAY_WITHOUT_TITLE_AI;CTX01_BROAD_DOMAIN_WITHOUT_TITLE_UROLOGY,ABSTRACT,"The available evidence for 'The evolution of surgical skills simulation education: Robotic skills' reports conventional imaging, statistics, digital/AR/VR technology, biomarkers, or automation without a substantive AI/ML method or application."
40002567,10.3390/diagnostics15040416,Bulai CA,2025,The Impact of Transurethral Enucleation Therapeutic Approach in All-Size Benign Prostatic Obstruction Pathology: From Contemporary Technological Advances to Evidence-Based Clinical Progresses.,"Diagnostics (Basel, Switzerland)",Journal Article; Review,Broad Reviews,EXCLUDE,E05_NO_SUBSTANTIVE_AI,Broad Reviews,EXCLUDE,NOT_CONTEXT_ONLY,AI04_AI_ONLY_PATHWAY_WITHOUT_TITLE_AI,ABSTRACT,"The available evidence for 'The Impact of Transurethral Enucleation Therapeutic Approach in All-Size Benign Prostatic Obstruction Pathology: From Contemporary Technological Advances to Evidence-Based Clinical Progresses' reports conventional imaging, statistics, digital/AR/VR technology, biomarkers, or automation without a substantive AI/ML method or application."
40017386,10.1097/MOU.0000000000001274,Panken EJ,2025,Man and machine: exploring the intersection of artificial intelligence and men's health.,Current opinion in urology,Journal Article; Review,Broad Reviews,INCLUDE,,Broad Reviews,INCLUDE,NOT_CONTEXT_ONLY,CTX01_BROAD_DOMAIN_WITHOUT_TITLE_UROLOGY,ABSTRACT,The title and available abstract identify a substantive synthesis of machine learning in the in-scope Broad Reviews area described in 'Man and machine: exploring the intersection of artificial intelligence and men's health.'.
40026054,10.1097/MOU.0000000000001272,Ganjavi C,2025,Generative artificial intelligence in oncology.,Current opinion in urology,Journal Article; Review,Broad Reviews,INCLUDE,,Broad Reviews,INCLUDE,NOT_CONTEXT_ONLY,CTX01_BROAD_DOMAIN_WITHOUT_TITLE_UROLOGY,ABSTRACT,The title and available abstract identify a substantive synthesis of large-language-model or chatbot evaluation and machine learning in the in-scope Broad Reviews area described in 'Generative artificial intelligence in oncology.'.
40050880,10.1186/s12894-025-01722-w,Garbas K,2025,Beyond urodynamics: non-invasive approaches to diagnosing detrusor underactivity in men with lower urinary tract symptoms - a systematic review.,BMC urology,Journal Article; Systematic Review,Broad Reviews,INCLUDE,,Broad Reviews,INCLUDE,NOT_CONTEXT_ONLY,AI04_AI_ONLY_PATHWAY_WITHOUT_TITLE_AI,ABSTRACT,The title and available abstract identify a substantive synthesis of machine learning in the in-scope Broad Reviews area described in 'Beyond urodynamics: non-invasive approaches to diagnosing detrusor underactivity in men with lower urinary tract symptoms - a systematic review.'.
40071089,10.3389/fonc.2025.1511880,Chai K,2025,Evolving paradigms in prostate cancer screening: a decade of bibliometric insights and technological advancements.,Frontiers in oncology,Journal Article; Systematic Review,Broad Reviews,EXCLUDE,E05_NO_SUBSTANTIVE_AI,Broad Reviews,EXCLUDE,NOT_CONTEXT_ONLY,AI01_FUTURE_OR_INCIDENTAL_AI_RISK;AI04_AI_ONLY_PATHWAY_WITHOUT_TITLE_AI,ABSTRACT,"The abstract's main focus in 'Evolving paradigms in prostate cancer screening: a decade of bibliometric insights and technological advancements' is not an AI/ML evaluation; AI is absent or limited to an incidental, emerging, or future possibility rather than a substantive method or application."
40121550,10.1093/sxmrev/qeaf009,Abou Chawareb E,2025,Sexual health in the era of artificial intelligence: a scoping review of the literature.,Sexual medicine reviews,Journal Article; Scoping Review,Broad Reviews,INCLUDE,,Broad Reviews,INCLUDE,NOT_CONTEXT_ONLY,CTX01_BROAD_DOMAIN_WITHOUT_TITLE_UROLOGY,ABSTRACT,The title and available abstract identify a substantive synthesis of large-language-model or chatbot evaluation and machine learning in the in-scope Broad Reviews area described in 'Sexual health in the era of artificial intelligence: a scoping review of the literature.'.
40167778,10.1007/s00345-025-05583-8,Li J,2025,Will artificial intelligence (AI) replace cytopathologists: a scoping review of current applications and evidence of A.I. in urine cytology.,World journal of urology,Journal Article; Scoping Review,Broad Reviews,INCLUDE,,Broad Reviews,INCLUDE,NOT_CONTEXT_ONLY,CTX01_BROAD_DOMAIN_WITHOUT_TITLE_UROLOGY,ABSTRACT,The title and available abstract identify a substantive synthesis of machine learning in the in-scope Broad Reviews area described in 'Will artificial intelligence (AI) replace cytopathologists: a scoping review of current applications and evidence of A.I. in urine cytology.'.
40243377,10.1111/iju.70075,Utsumi T,2025,"Development, Validation, and Clinical Utility of a Nomogram for Urological Tumors: How to Build the Best Predictive Model.",International journal of urology : official journal of the Japanese Urological Association,Journal Article; Review,Broad Reviews,EXCLUDE,E05_NO_SUBSTANTIVE_AI,Broad Reviews,EXCLUDE,NOT_CONTEXT_ONLY,AI03_GENERIC_PREDICTION_WITHOUT_EXPLICIT_AI;AI04_AI_ONLY_PATHWAY_WITHOUT_TITLE_AI,ABSTRACT,"The available evidence for 'Development, Validation, and Clinical Utility of a Nomogram for Urological Tumors: How to Build the Best Predictive Model' reports conventional imaging, statistics, digital/AR/VR technology, biomarkers, or automation without a substantive AI/ML method or application."
40275551,10.4103/aja20257,Rowaiee R,2025,Recent advances in the management of male infertility.,Asian journal of andrology,Journal Article; Review,Broad Reviews,INCLUDE,,Broad Reviews,INCLUDE,NOT_CONTEXT_ONLY,AI04_AI_ONLY_PATHWAY_WITHOUT_TITLE_AI,ABSTRACT,The title and available abstract identify a substantive synthesis of machine learning in the in-scope Broad Reviews area described in 'Recent advances in the management of male infertility.'.
40382217,10.1016/j.euf.2025.04.031,Bogaert W,2025,Bridging Vision and Text: Applications and Challenges of Vision-Language Models in Urological Surgery.,European urology focus,Journal Article; Review,Broad Reviews,INCLUDE,,Broad Reviews,INCLUDE,NOT_CONTEXT_ONLY,AI04_AI_ONLY_PATHWAY_WITHOUT_TITLE_AI,PRIOR_HUMAN_ABSTRACT_REVIEW,The title and available abstract identify a substantive synthesis of machine learning in the in-scope Broad Reviews area described in 'Bridging Vision and Text: Applications and Challenges of Vision-Language Models in Urological Surgery.'.
40383692,10.1016/j.jpurol.2025.05.004,Babu R,2025,Objective assessment of penile curvature in hypospadias: A narrative review.,Journal of pediatric urology,Journal Article; Systematic Review,Broad Reviews,INCLUDE,,Broad Reviews,INCLUDE,NOT_CONTEXT_ONLY,AI04_AI_ONLY_PATHWAY_WITHOUT_TITLE_AI,ABSTRACT,The title and available abstract identify a substantive synthesis of machine learning in the in-scope Broad Reviews area described in 'Objective assessment of penile curvature in hypospadias: A narrative review.'.
40396272,10.1111/bju.16757,Felemban S,2025,Current application of blockchain technology in healthcare and its potential roles in Urology.,BJU international,Journal Article; Systematic Review,Broad Reviews,EXCLUDE,E05_NO_SUBSTANTIVE_AI,Broad Reviews,EXCLUDE,NOT_CONTEXT_ONLY,AI04_AI_ONLY_PATHWAY_WITHOUT_TITLE_AI,ABSTRACT,"The available evidence for 'Current application of blockchain technology in healthcare and its potential roles in Urology' reports conventional imaging, statistics, digital/AR/VR technology, biomarkers, or automation without a substantive AI/ML method or application."
40402304,10.1007/s00120-025-02619-0,Willaschek T,2025,[Taking digital healthcare to the next level: what practices and clinics need for digitalization!].,"Urologie (Heidelberg, Germany)",English Abstract; Journal Article; Review,Broad Reviews,EXCLUDE,E09_DATE_LANGUAGE_INDEXING,Broad Reviews,EXCLUDE,NOT_CONTEXT_ONLY,DEEP_SCOPE_LANGUAGE_BOUNDARY,PUBMED_METADATA,Official PubMed XML metadata lists the publication language as German (ger) and does not include the English language code (eng). The record is therefore excluded under the prespecified English-language eligibility rule; an English-translated NLM title or abstract does not make the publication itself English-language eligible.
40423718,10.1007/s00345-025-05706-1,Moulaei K,2025,"Applications, benefits, and challenges of adopting teleurology: a scoping review.",World journal of urology,Journal Article; Scoping Review,Broad Reviews,EXCLUDE,E05_NO_SUBSTANTIVE_AI,Broad Reviews,EXCLUDE,NOT_CONTEXT_ONLY,AI04_AI_ONLY_PATHWAY_WITHOUT_TITLE_AI;CTX01_BROAD_DOMAIN_WITHOUT_TITLE_UROLOGY,ABSTRACT,"The available evidence for 'Applications, benefits, and challenges of adopting teleurology: a scoping review' reports conventional imaging, statistics, digital/AR/VR technology, biomarkers, or automation without a substantive AI/ML method or application."
40439780,10.1007/s11934-025-01277-1,Thompson RAM,2025,Artificial Intelligence Use in Medical Education: Best Practices and Future Directions.,Current urology reports,Journal Article; Review,Broad Reviews,CONTEXT_ONLY,E10_CONTEXT_ONLY,Broad Reviews,EXCLUDE,CONTEXT_ONLY,SCP06_GENERAL_GOVERNANCE_WITHOUT_UROLOGY;CTX01_BROAD_DOMAIN_WITHOUT_TITLE_UROLOGY,ABSTRACT,Override to CONTEXT_ONLY (E10). Current Urology Reports review on AI in medical education and urology training; narrative context without direct clinical patient task.
40553373,10.1007/s00120-025-02620-7,Rodler S,2025,"[Practical artificial intelligence for urology : Technical principles, current application and future implementation of AI in practice].","Urologie (Heidelberg, Germany)",English Abstract; Journal Article; Review,Broad Reviews,EXCLUDE,E09_DATE_LANGUAGE_INDEXING,Broad Reviews,EXCLUDE,NOT_CONTEXT_ONLY,DEEP_SCOPE_LANGUAGE_BOUNDARY,PUBMED_METADATA,Official PubMed XML metadata lists the publication language as German (ger) and does not include the English language code (eng). The record is therefore excluded under the prespecified English-language eligibility rule; an English-translated NLM title or abstract does not make the publication itself English-language eligible.
40569337,10.1007/s00345-025-05777-0,Minore A,2025,Non-conventional diagnostic tools for lower urinary tract symptoms and bladder outlet obstruction in men: a perspective review.,World journal of urology,Journal Article; Review,Broad Reviews,EXCLUDE,E05_NO_SUBSTANTIVE_AI,Broad Reviews,EXCLUDE,NOT_CONTEXT_ONLY,AI01_FUTURE_OR_INCIDENTAL_AI_RISK;AI04_AI_ONLY_PATHWAY_WITHOUT_TITLE_AI,ABSTRACT,"The abstract's main focus in 'Non-conventional diagnostic tools for lower urinary tract symptoms and bladder outlet obstruction in men: a perspective review' is not an AI/ML evaluation; AI is absent or limited to an incidental, emerging, or future possibility rather than a substantive method or application."
40579440,10.1038/s41443-025-01112-8,Clark H,2025,Utilization of artificial intelligence in Men's Health: Opportunities for innovation and quality improvement.,International journal of impotence research,Journal Article; Review,Broad Reviews,INCLUDE,,Broad Reviews,INCLUDE,NOT_CONTEXT_ONLY,CTX01_BROAD_DOMAIN_WITHOUT_TITLE_UROLOGY,ABSTRACT,The title and available abstract identify a substantive synthesis of large-language-model or chatbot evaluation and deep learning in the in-scope Broad Reviews area described in 'Utilization of artificial intelligence in Men's Health: Opportunities for innovation and quality improvement.'.
40643724,10.1007/s11934-025-01283-3,Wang VL,2025,Current Applications and Limitations of Augmented Reality in Urological Surgery: A Practical Primer and 'State of the Field'.,Current urology reports,Journal Article; Review,Broad Reviews,INCLUDE,,Broad Reviews,INCLUDE,NOT_CONTEXT_ONLY,AI04_AI_ONLY_PATHWAY_WITHOUT_TITLE_AI,ABSTRACT,The title and available abstract identify a substantive synthesis of deep learning and machine learning in the in-scope Broad Reviews area described in 'Current Applications and Limitations of Augmented Reality in Urological Surgery: A Practical Primer and 'State of the Field'.'.
40645505,10.1016/j.radonc.2025.111039,Zamboglou C,2025,oDigital pathology biomarkers for guiding radiotherapy-based treatment concepts in prostate cancer - a systematic review and expert consensus.,Radiotherapy and oncology : journal of the European Society for Therapeutic Radiology and Oncology,"Consensus Statement; Journal Article; Research Support, Non-U.S. Gov't; Systematic Review",Broad Reviews,INCLUDE,,Broad Reviews,INCLUDE,NOT_CONTEXT_ONLY,AI04_AI_ONLY_PATHWAY_WITHOUT_TITLE_AI,ABSTRACT,The title and available abstract identify a substantive synthesis of machine learning in the in-scope Broad Reviews area described in 'oDigital pathology biomarkers for guiding radiotherapy-based treatment concepts in prostate cancer - a systematic review and expert consensus.'.
40652109,10.1007/s11701-025-02555-3,Kok Wah JN,2025,"AI-driven robotic surgery in oncology: advancing precision, personalization, and patient outcomes.",Journal of robotic surgery,Journal Article; Review,Broad Reviews,INCLUDE,,Broad Reviews,INCLUDE,NOT_CONTEXT_ONLY,SCP05_GENERAL_SURGERY_WITHOUT_UROLOGY;CTX01_BROAD_DOMAIN_WITHOUT_TITLE_UROLOGY,FULL_TEXT,"PMC full text contains a separable urology-specific synthesis, including AI-guided robot-assisted partial nephrectomy for renal tumours and transfer-learning step recognition in transurethral bladder tumour resection. These explicit urological procedures and results support inclusion within Broad Reviews."
40659882,10.1007/s00120-025-02651-0,Rinderknecht E,2025,[Digital urology : Possible uses for artificial intelligence and digital health applications].,"Urologie (Heidelberg, Germany)",English Abstract; Journal Article; Review,Broad Reviews,EXCLUDE,E09_DATE_LANGUAGE_INDEXING,Broad Reviews,EXCLUDE,NOT_CONTEXT_ONLY,DEEP_SCOPE_LANGUAGE_BOUNDARY,PUBMED_METADATA,Official PubMed XML metadata lists the publication language as German (ger) and does not include the English language code (eng). The record is therefore excluded under the prespecified English-language eligibility rule; an English-translated NLM title or abstract does not make the publication itself English-language eligible.
40681874,10.1007/s00345-025-05834-8,Nedbal C,2025,Simulation-based training in minimally invasive surgical therapies (MIST): current evidence and future directions for artificial intelligence integration-a systematic review by EAU endourology.,World journal of urology,Journal Article; Systematic Review,Broad Reviews,EXCLUDE,E05_NO_SUBSTANTIVE_AI,Broad Reviews,EXCLUDE,NOT_CONTEXT_ONLY,DEEP_SCOPE_AI_SUBSTANCE,FULL_TEXT,The systematic review evaluates simulation training for minimally invasive BPH therapies; it found no evaluable AI integration and discusses AI and telementoring only as future possibilities.
40689969,10.1007/s00120-025-02637-y,Adler SO,2025,[Digital health: a green future for healthcare?].,"Urologie (Heidelberg, Germany)",English Abstract; Journal Article; Review,Broad Reviews,EXCLUDE,E05_NO_SUBSTANTIVE_AI,Broad Reviews,EXCLUDE,NOT_CONTEXT_ONLY,AI01_FUTURE_OR_INCIDENTAL_AI_RISK;SCP06_GENERAL_GOVERNANCE_WITHOUT_UROLOGY;AI04_AI_ONLY_PATHWAY_WITHOUT_TITLE_AI;CTX01_BROAD_DOMAIN_WITHOUT_TITLE_UROLOGY,ABSTRACT,"The abstract's main focus in '[Digital health: a green future for healthcare?]' is not an AI/ML evaluation; AI is absent or limited to an incidental, emerging, or future possibility rather than a substantive method or application."
40745595,10.1186/s12916-025-04274-w,Huo B,2025,Reporting guideline for Chatbot Health Advice studies: the CHART statement.,BMC medicine,Guideline; Journal Article,Broad Reviews,CONTEXT_ONLY,E10_CONTEXT_ONLY,Broad Reviews,EXCLUDE,CONTEXT_ONLY,SCP06_GENERAL_GOVERNANCE_WITHOUT_UROLOGY;AI04_AI_ONLY_PATHWAY_WITHOUT_TITLE_AI;CTX01_BROAD_DOMAIN_WITHOUT_TITLE_UROLOGY,ABSTRACT,"'Reporting guideline for Chatbot Health Advice studies: the CHART statement' addresses general healthcare AI reporting, governance, ethics, or implementation without a urology-specific task; it may support methods context but should not contribute to corpus counts."
40761430,10.1177/17562872251352553,Ferro M,2025,Artificial intelligence and radiomics applications in adrenal lesions: a systematic review.,Therapeutic advances in urology,Journal Article; Review,Broad Reviews,EXCLUDE,E01_NON_UROLOGICAL,Broad Reviews,EXCLUDE,NOT_CONTEXT_ONLY,CTX01_BROAD_DOMAIN_WITHOUT_TITLE_UROLOGY,ABSTRACT,"The substantive AI task in 'Artificial intelligence and radiomics applications in adrenal lesions: a systematic review' is general, multi-specialty, or another organ system without a separable urological, andrological, or male-reproductive result."
40843405,10.4103/ua.ua_88_25,Gradwell LEF,2025,Predictive tools and scoring systems for surgical intervention in antenatal hydronephrosis and pelviureteric junction obstruction: An ATLAS based on comprehensive review of literature.,Urology annals,Journal Article; Review,Broad Reviews,EXCLUDE,E05_NO_SUBSTANTIVE_AI,Broad Reviews,EXCLUDE,NOT_CONTEXT_ONLY,AI03_GENERIC_PREDICTION_WITHOUT_EXPLICIT_AI;AI04_AI_ONLY_PATHWAY_WITHOUT_TITLE_AI,ABSTRACT,"The available evidence for 'Predictive tools and scoring systems for surgical intervention in antenatal hydronephrosis and pelviureteric junction obstruction: An ATLAS based on comprehensive review of literature' reports conventional imaging, statistics, digital/AR/VR technology, biomarkers, or automation without a substantive AI/ML method or application."
40876359,10.1016/j.ejso.2025.110412,Pavone M,2025,Image-guided real-time optical biopsy in oncologic surgery: a systematic review of the role of confocal microscopy in the era of digital surgery.,European journal of surgical oncology : the journal of the European Society of Surgical Oncology and the British Association of Surgical Oncology,Journal Article; Systematic Review,Broad Reviews,EXCLUDE,E01_NON_UROLOGICAL,Broad Reviews,EXCLUDE,NOT_CONTEXT_ONLY,AI04_AI_ONLY_PATHWAY_WITHOUT_TITLE_AI;CTX01_BROAD_DOMAIN_WITHOUT_TITLE_UROLOGY,ABSTRACT,"The substantive AI task in 'Image-guided real-time optical biopsy in oncologic surgery: a systematic review of the role of confocal microscopy in the era of digital surgery' is general, multi-specialty, or another organ system without a separable urological, andrological, or male-reproductive result."
41106989,10.1016/j.ucl.2025.07.006,Sandhu JS,2025,Review of Current Guidelines and Innovations in Benign Prostatic Hyperplasia Evaluation and Management.,The Urologic clinics of North America,Journal Article; Review,Broad Reviews,EXCLUDE,E05_NO_SUBSTANTIVE_AI,Broad Reviews,EXCLUDE,NOT_CONTEXT_ONLY,AI04_AI_ONLY_PATHWAY_WITHOUT_TITLE_AI,ABSTRACT,"The available evidence for 'Review of Current Guidelines and Innovations in Benign Prostatic Hyperplasia Evaluation and Management' reports conventional imaging, statistics, digital/AR/VR technology, biomarkers, or automation without a substantive AI/ML method or application."
41111365,10.56434/j.arch.esp.urol.20257808.126,Alshammari D,2025,Recent Advances in Paediatric Vesicoureteral Reflux: Risk Assessment and Management Strategies.,Archivos espanoles de urologia,Journal Article; Review,Broad Reviews,INCLUDE,,Broad Reviews,INCLUDE,NOT_CONTEXT_ONLY,AI04_AI_ONLY_PATHWAY_WITHOUT_TITLE_AI;CTX01_BROAD_DOMAIN_WITHOUT_TITLE_UROLOGY,ABSTRACT,The title and available abstract identify a substantive synthesis of a substantive AI or machine-learning application in the in-scope Broad Reviews area described in 'Recent Advances in Paediatric Vesicoureteral Reflux: Risk Assessment and Management Strategies.'.
41229580,10.4103/ua.ua_31_25,Gradwell LEF,2025,Atlas of predictive tools and scoring systems for outcomes in patients with posterior urethral valves: A comprehensive review of the literature.,Urology annals,Journal Article; Review,Broad Reviews,INCLUDE,,Broad Reviews,INCLUDE,NOT_CONTEXT_ONLY,AI03_GENERIC_PREDICTION_WITHOUT_EXPLICIT_AI;AI04_AI_ONLY_PATHWAY_WITHOUT_TITLE_AI,PUBMED_ABSTRACT,Posterior urethral valves and bladder-outlet obstruction are direct urological disease contexts.
41239278,10.1186/s12882-025-04576-4,Firuzpour F,2025,"Artificial intelligence-driven kidney organ allocation: systematic review of clinical outcome prediction, ethical frameworks, and decision-making algorithms.",BMC nephrology,Journal Article; Systematic Review,Broad Reviews,EXCLUDE,E01_NON_UROLOGICAL,Broad Reviews,EXCLUDE,NOT_CONTEXT_ONLY,RENAL_NEPHROLOGY_BOUNDARY_PASS,PUBMED_ABSTRACT,Kidney allocation donor-recipient matching wait-list and graft-outcome review without a separable urological task.
41310306,10.1038/s41585-025-01111-w,Guer M,2025,Micro-ultrasound for prostate cancer.,Nature reviews. Urology,Journal Article; Review,Broad Reviews,EXCLUDE,E05_NO_SUBSTANTIVE_AI,Broad Reviews,EXCLUDE,NOT_CONTEXT_ONLY,AI04_AI_ONLY_PATHWAY_WITHOUT_TITLE_AI,ABSTRACT,"The available evidence for 'Micro-ultrasound for prostate cancer' reports conventional imaging, statistics, digital/AR/VR technology, biomarkers, or automation without a substantive AI/ML method or application."
41328689,10.1002/nau.70198,Finazzi Agro E,2025,How Could the Proposed International Continence Society (ICS) Global Urodynamics Data Repository (GUDRep) Demonstrate the Clinical Role and Cost Effectiveness of Urodynamics in Individual Patients? ICI-RS 2025.,Neurourology and urodynamics,Journal Article; Review,Broad Reviews,EXCLUDE,E05_NO_SUBSTANTIVE_AI,Broad Reviews,EXCLUDE,NOT_CONTEXT_ONLY,AI04_AI_ONLY_PATHWAY_WITHOUT_TITLE_AI,ABSTRACT,"The available evidence for 'How Could the Proposed International Continence Society (ICS) Global Urodynamics Data Repository (GUDRep) Demonstrate the Clinical Role and Cost Effectiveness of Urodynamics in Individual Patients? ICI-RS 2025' reports conventional imaging, statistics, digital/AR/VR technology, biomarkers, or automation without a substantive AI/ML method or application."
41369719,10.1007/s11934-025-01308-x,Khosla L,2025,"Models and Metrics for Medical Education in Urology: Medical Student Education, Resident Education, and Future Directions.",Current urology reports,Journal Article; Review,Broad Reviews,INCLUDE,,Broad Reviews,INCLUDE,NOT_CONTEXT_ONLY,AI01_FUTURE_OR_INCIDENTAL_AI_RISK;AI04_AI_ONLY_PATHWAY_WITHOUT_TITLE_AI,ABSTRACT,Abstract is a urology medical-education review that explicitly includes AI-supported content and feedback as future training infrastructure.
41403092,10.1080/0886022X.2025.2598080,Ding R,2025,AI-based pathomics in kidney diseases: progress and application.,Renal failure,Journal Article; Review,Broad Reviews,INCLUDE,,Broad Reviews,INCLUDE,NOT_CONTEXT_ONLY,RENAL_NEPHROLOGY_BOUNDARY_PASS,PUBMED_ABSTRACT,Kidney-disease pathomics review contains a separable renal-tumor application and outcome strand.
41589160,10.7759/cureus.100134,Anber A,2025,"Artificial Intelligence in Renal Transplantation Over the Past Decade: A Narrative Review of Clinical Applications, Current Limitations, and Future Directions.",Cureus,Journal Article; Review,Broad Reviews,INCLUDE,,Broad Reviews,INCLUDE,NOT_CONTEXT_ONLY,RENAL_NEPHROLOGY_BOUNDARY_PASS,PUBMED_ABSTRACT,Transplant review contains separable robotic-surgery augmented-reality anatomy guidance and three-dimensional planning applications.
39179437,10.1016/j.urolonc.2024.08.002,Ramacciotti LS,2025,The learning curve for transperineal MRI/TRUS fusion prostate biopsy: A prospective evaluation of a stepwise approach.,Urologic oncology,Journal Article,Implementation/ethics/reporting search stream,EXCLUDE,E05_NO_SUBSTANTIVE_AI,Implementation/ethics/reporting search stream,EXCLUDE,NOT_CONTEXT_ONLY,AI04_AI_ONLY_PATHWAY_WITHOUT_TITLE_AI,ABSTRACT,"The available evidence for 'The learning curve for transperineal MRI/TRUS fusion prostate biopsy: A prospective evaluation of a stepwise approach' reports conventional imaging, statistics, digital/AR/VR technology, biomarkers, or automation without a substantive AI/ML method or application."
39258420,10.1002/lary.31756,Alapati R,2025,Assessing the Reporting Quality of Machine Learning Algorithms in Head and Neck Oncology.,The Laryngoscope,Journal Article,Implementation/ethics/reporting search stream,EXCLUDE,E01_NON_UROLOGICAL,Implementation/ethics/reporting search stream,EXCLUDE,NOT_CONTEXT_ONLY,CTX01_BROAD_DOMAIN_WITHOUT_TITLE_UROLOGY,ABSTRACT,"The substantive AI task in 'Assessing the Reporting Quality of Machine Learning Algorithms in Head and Neck Oncology' is general, multi-specialty, or another organ system without a separable urological, andrological, or male-reproductive result."
39470660,10.5489/cuaj.8870,Elterman D,2025,Evaluation of proudP A sound-based approach to uroflowmetry.,Canadian Urological Association journal = Journal de l'Association des urologues du Canada,Journal Article,Implementation/ethics/reporting search stream,INCLUDE,,Implementation/ethics/reporting search stream,INCLUDE,NOT_CONTEXT_ONLY,AI04_AI_ONLY_PATHWAY_WITHOUT_TITLE_AI;CTX01_BROAD_DOMAIN_WITHOUT_TITLE_UROLOGY,PRIOR_HUMAN_ABSTRACT_REVIEW,The title and available abstract identify machine learning applied to the in-scope task described in 'Evaluation of proudP A sound-based approach to uroflowmetry.'.
39535999,10.1021/acssensors.4c02073,Jian Y,2025,TC-Sniffer: A Transformer-CNN Bibranch Framework Leveraging Auxiliary VOCs for Few-Shot UBC Diagnosis via Electronic Noses.,ACS sensors,"Journal Article; Research Support, Non-U.S. Gov't",Implementation/ethics/reporting search stream,INCLUDE,,Implementation/ethics/reporting search stream,INCLUDE,NOT_CONTEXT_ONLY,CTX01_BROAD_DOMAIN_WITHOUT_TITLE_UROLOGY,ABSTRACT,The title and available abstract identify deep learning and machine learning applied to the in-scope task described in 'TC-Sniffer: A Transformer-CNN Bibranch Framework Leveraging Auxiliary VOCs for Few-Shot UBC Diagnosis via Electronic Noses.'.
39687669,10.1016/j.lanepe.2024.101145,Wilhelm C,2025,Benefits and harms associated with the use of AI-related algorithmic decision-making systems by healthcare professionals: a systematic review.,The Lancet regional health. Europe,Journal Article,Implementation/ethics/reporting search stream,CONTEXT_ONLY,E10_CONTEXT_ONLY,Implementation/ethics/reporting search stream,EXCLUDE,CONTEXT_ONLY,SCP06_GENERAL_GOVERNANCE_WITHOUT_UROLOGY;AI04_AI_ONLY_PATHWAY_WITHOUT_TITLE_AI;CTX01_BROAD_DOMAIN_WITHOUT_TITLE_UROLOGY,ABSTRACT,"'Benefits and harms associated with the use of AI-related algorithmic decision-making systems by healthcare professionals: a systematic review' addresses general healthcare AI reporting, governance, ethics, or implementation without a urology-specific task; it may support methods context but should not contribute to corpus counts."
39710428,10.1111/bju.16626,Werneburg GT,2025,External validation of predictive models for antibiotic susceptibility of urine culture.,BJU international,Journal Article; Validation Study,Implementation/ethics/reporting search stream,INCLUDE,,Implementation/ethics/reporting search stream,INCLUDE,NOT_CONTEXT_ONLY,AI03_GENERIC_PREDICTION_WITHOUT_EXPLICIT_AI;AI04_AI_ONLY_PATHWAY_WITHOUT_TITLE_AI;CTX01_BROAD_DOMAIN_WITHOUT_TITLE_UROLOGY,ABSTRACT,The title and available abstract identify machine learning applied to the in-scope task described in 'External validation of predictive models for antibiotic susceptibility of urine culture.'.
39734143,10.1016/j.jpurol.2024.12.005,Abbas TO,2025,International consensus on research priorities in hypospadias using a Delphi study approach.,Journal of pediatric urology,Journal Article,Implementation/ethics/reporting search stream,EXCLUDE,E05_NO_SUBSTANTIVE_AI,Implementation/ethics/reporting search stream,EXCLUDE,NOT_CONTEXT_ONLY,DEEP_SCOPE_AI_SUBSTANCE,PUBMED_ABSTRACT,"ChatGPT was used only to supply ancillary questions for a human Delphi exercise on hypospadias research priorities; no AI method, output, comparator, or AI-specific result was evaluated."
39812861,10.1007/s00423-024-03598-0,Sato K,2025,Objective surgical skill assessment based on automatic recognition of dissection and exposure times in robot-assisted radical prostatectomy.,Langenbeck's archives of surgery,Journal Article; Multicenter Study,Implementation/ethics/reporting search stream,INCLUDE,,Implementation/ethics/reporting search stream,INCLUDE,NOT_CONTEXT_ONLY,AI04_AI_ONLY_PATHWAY_WITHOUT_TITLE_AI,ABSTRACT,The title and available abstract identify a substantive AI or machine-learning application applied to the in-scope task described in 'Objective surgical skill assessment based on automatic recognition of dissection and exposure times in robot-assisted radical prostatectomy.'.
39853655,10.1007/s13304-025-02106-3,Nabata KJ,2025,Evaluating human ability to distinguish between ChatGPT-generated and original scientific abstracts.,Updates in surgery,Journal Article; Observational Study,Implementation/ethics/reporting search stream,CONTEXT_ONLY,E10_CONTEXT_ONLY,Implementation/ethics/reporting search stream,EXCLUDE,CONTEXT_ONLY,DEEP_SCOPE_SEPARABLE_UROLOGY,PUBMED_ABSTRACT,The study evaluates recognition of AI-generated scientific abstracts across surgical specialties; urology is only one recruitment specialty and no urology-specific result is reported.
39871591,10.1093/ejendo/lvae162,Kong J,2025,More than meets the eye: predicting adrenocortical carcinoma outcomes with pathomics.,European journal of endocrinology,Journal Article,Implementation/ethics/reporting search stream,EXCLUDE,E01_NON_UROLOGICAL,Implementation/ethics/reporting search stream,EXCLUDE,NOT_CONTEXT_ONLY,AI03_GENERIC_PREDICTION_WITHOUT_EXPLICIT_AI;AI04_AI_ONLY_PATHWAY_WITHOUT_TITLE_AI;CTX01_BROAD_DOMAIN_WITHOUT_TITLE_UROLOGY,ABSTRACT,"The substantive AI task in 'More than meets the eye: predicting adrenocortical carcinoma outcomes with pathomics' is general, multi-specialty, or another organ system without a separable urological, andrological, or male-reproductive result."
39881216,10.1186/s12885-025-13582-6,Han JH,2025,Fully automated segmentation and classification of renal tumors on CT scans via machine learning.,BMC cancer,Journal Article,Implementation/ethics/reporting search stream,INCLUDE,,Implementation/ethics/reporting search stream,INCLUDE,NOT_CONTEXT_ONLY,TEC01_TECHNICAL_ARTIFACT_WITHOUT_CLINICAL_CUE,ABSTRACT,The title and available abstract identify deep learning and radiomics or pathomics applied to the in-scope task described in 'Fully automated segmentation and classification of renal tumors on CT scans via machine learning.'.
39909534,10.1136/bmj-2024-081554,Lekadir K,2025,FUTURE-AI: international consensus guideline for trustworthy and deployable artificial intelligence in healthcare.,BMJ (Clinical research ed.),Journal Article,Implementation/ethics/reporting search stream,CONTEXT_ONLY,E10_CONTEXT_ONLY,Implementation/ethics/reporting search stream,EXCLUDE,CONTEXT_ONLY,SCP06_GENERAL_GOVERNANCE_WITHOUT_UROLOGY;CTX01_BROAD_DOMAIN_WITHOUT_TITLE_UROLOGY,METADATA_ONLY,"'FUTURE-AI: international consensus guideline for trustworthy and deployable artificial intelligence in healthcare' addresses general healthcare AI reporting, governance, ethics, or implementation without a urology-specific task; it may support methods context but should not contribute to corpus counts."
39937033,10.4274/dir.2025.243182,Kocak B,2025,Adherence to the Checklist for Artificial Intelligence in Medical Imaging (CLAIM): an umbrella review with a comprehensive two-level analysis.,"Diagnostic and interventional radiology (Ankara, Turkey)",Journal Article,Implementation/ethics/reporting search stream,CONTEXT_ONLY,E10_CONTEXT_ONLY,Implementation/ethics/reporting search stream,EXCLUDE,CONTEXT_ONLY,DEEP_SCOPE_SEPARABLE_UROLOGY,PUBMED_ABSTRACT,This umbrella review evaluates CLAIM adherence across medical imaging without a urology-specific analysis or result; it is retained only as reporting-quality context.
39953261,10.1007/s10278-025-01438-1,Chen G,2025,Automated Grading of Vesicoureteral Reflux (VUR) Using a Dual-Stream CNN Model with Deep Supervision.,Journal of imaging informatics in medicine,Journal Article,Implementation/ethics/reporting search stream,INCLUDE,,Implementation/ethics/reporting search stream,INCLUDE,NOT_CONTEXT_ONLY,AI04_AI_ONLY_PATHWAY_WITHOUT_TITLE_AI;CTX01_BROAD_DOMAIN_WITHOUT_TITLE_UROLOGY,ABSTRACT,The title and available abstract identify deep learning applied to the in-scope task described in 'Automated Grading of Vesicoureteral Reflux (VUR) Using a Dual-Stream CNN Model with Deep Supervision.'.
39962886,10.1097/MOU.0000000000001268,Koett M,2025,Redefining prostate cancer care: innovations and future directions in active surveillance.,Current opinion in urology,Journal Article; Review,Implementation/ethics/reporting search stream,INCLUDE,,Implementation/ethics/reporting search stream,INCLUDE,NOT_CONTEXT_ONLY,DEEP_SCOPE_FULLTEXT_CONFIRMATION,ABSTRACT_PLUS_REFERENCE_LIST,"The prostate active-surveillance review maps concrete AI applications in biopsy grading, MRI detection, and risk stratification and supports them with prostate-specific studies rather than a lone future-facing mention."
39967059,10.1111/bju.16676,Carl N,2025,Evaluating interactions of patients with large language models for medical information.,BJU international,Journal Article,Implementation/ethics/reporting search stream,INCLUDE,,Implementation/ethics/reporting search stream,INCLUDE,NOT_CONTEXT_ONLY,CTX01_BROAD_DOMAIN_WITHOUT_TITLE_UROLOGY,ABSTRACT,The title and available abstract identify large-language-model or chatbot evaluation and deep learning applied to the in-scope task described in 'Evaluating interactions of patients with large language models for medical information.'.
40055071,10.1016/j.urolonc.2025.02.009,Chen F,2025,Molecular testing in urinary cytology specimens: Current status and future directions.,Urologic oncology,Journal Article; Review,Implementation/ethics/reporting search stream,EXCLUDE,E05_NO_SUBSTANTIVE_AI,Implementation/ethics/reporting search stream,EXCLUDE,NOT_CONTEXT_ONLY,AI01_FUTURE_OR_INCIDENTAL_AI_RISK;AI04_AI_ONLY_PATHWAY_WITHOUT_TITLE_AI,ABSTRACT,Override to EXCLUDE (E05). Urinary molecular-cytology review; AI is mentioned only in passing in background. Incidental AI mention without substantive algorithm evaluation.
40067913,10.1097/UPJ.0000000000000808,Nazzal EM,2025,Use and Usefulness of Risk Prediction Tools in Urologic Surgery: Current State and Path Forward.,Urology practice,"Journal Article; Research Support, N.I.H., Extramural; Research Support, Non-U.S. Gov't",Implementation/ethics/reporting search stream,EXCLUDE,E05_NO_SUBSTANTIVE_AI,Implementation/ethics/reporting search stream,EXCLUDE,NOT_CONTEXT_ONLY,AI03_GENERIC_PREDICTION_WITHOUT_EXPLICIT_AI;AI04_AI_ONLY_PATHWAY_WITHOUT_TITLE_AI,ABSTRACT,"The available evidence for 'Use and Usefulness of Risk Prediction Tools in Urologic Surgery: Current State and Path Forward' reports conventional imaging, statistics, digital/AR/VR technology, biomarkers, or automation without a substantive AI/ML method or application."
40148907,10.1186/s40001-025-02480-z,Liu K,2025,Detection of sperm DNA damage in male infertility patients and evaluation of Levocarnitine efficacy using sperm chromatin diffusion (SCD) and AI-DFI methods: a cross-sectional study.,European journal of medical research,Journal Article,Implementation/ethics/reporting search stream,INCLUDE,,Implementation/ethics/reporting search stream,INCLUDE,NOT_CONTEXT_ONLY,AI04_AI_ONLY_PATHWAY_WITHOUT_TITLE_AI,ABSTRACT,The title and available abstract identify machine learning applied to the in-scope task described in 'Detection of sperm DNA damage in male infertility patients and evaluation of Levocarnitine efficacy using sperm chromatin diffusion (SCD) and AI-DFI methods: a cross-sectional study.'.
40162930,10.4103/ijpm.ijpm_339_24,Caputo A,2025,Computer-assisted diagnosis to improve diagnostic pathology: A review.,Indian journal of pathology & microbiology,Journal Article; Review,Implementation/ethics/reporting search stream,EXCLUDE,E01_NON_UROLOGICAL,Implementation/ethics/reporting search stream,EXCLUDE,NOT_CONTEXT_ONLY,SCP06_GENERAL_GOVERNANCE_WITHOUT_UROLOGY;AI04_AI_ONLY_PATHWAY_WITHOUT_TITLE_AI;CTX01_BROAD_DOMAIN_WITHOUT_TITLE_UROLOGY,ABSTRACT,"The abstract's substantive task in 'Computer-assisted diagnosis to improve diagnostic pathology: A review' is general or multi-specialty and does not report a separable urological, andrological, or male-reproductive AI result."
40175990,10.1186/s12894-025-01736-4,Jager A,2025,Development and validation of a framework for registration of whole-mount radical prostatectomy histopathology with three-dimensional transrectal ultrasound.,BMC urology,Journal Article; Validation Study,Implementation/ethics/reporting search stream,EXCLUDE,E05_NO_SUBSTANTIVE_AI,Implementation/ethics/reporting search stream,EXCLUDE,NOT_CONTEXT_ONLY,AI04_AI_ONLY_PATHWAY_WITHOUT_TITLE_AI,ABSTRACT,Recode to EXCLUDE (E05). Whole-mount pathology to 3D TRUS registration using manual/FEM landmark methods without machine learning.
40192862,10.1186/s13244-025-01959-x,Wang Y,2025,AI-based automatic estimation of single-kidney glomerular filtration rate and split renal function using non-contrast CT.,Insights into imaging,Journal Article,Implementation/ethics/reporting search stream,OPERATIONAL_ANALYSIS_GROUP_CORRECTION,C01_OPERATIONAL_ANALYSIS_GROUP_CORRECTION,Benign/Functional,INCLUDE,NOT_CONTEXT_ONLY,RENAL_NEPHROLOGY_BOUNDARY_PASS,PUBMED_ABSTRACT,Single-kidney function estimation in atrophic-kidney and hydronephrosis cohorts is eligible. Its recorded primary search stream was Implementation/ethics/reporting; its author-verified operational analysis group is Benign/Functional.
40232163,10.23736/S2724-6051.25.06133-6,Cei F,2025,Awareness and use of generative AI-powered tools: results of one-year follow-up prospective cross-sectional global survey.,Minerva urology and nephrology,Journal Article,Implementation/ethics/reporting search stream,INCLUDE,,Implementation/ethics/reporting search stream,INCLUDE,NOT_CONTEXT_ONLY,DEEP_SCOPE_REVIEWER_PUSHBACK_CONFIRMATION,PUBMED_ABSTRACT,"This primary longitudinal survey reports urology-professional use of large language models in defined academic and clinical tasks, including treatment decisions and follow-up care, with urology-specific temporal results."
40240642,10.1007/s11547-025-02003-0,Engel H,2025,Diagnostic performance of a fully automated AI algorithm for lesion detection and PI-RADS classification in patients with suspected prostate cancer.,La Radiologia medica,Journal Article,Implementation/ethics/reporting search stream,INCLUDE,,Implementation/ethics/reporting search stream,INCLUDE,NOT_CONTEXT_ONLY,AI04_AI_ONLY_PATHWAY_WITHOUT_TITLE_AI,ABSTRACT,The title and available abstract identify a substantive AI or machine-learning application applied to the in-scope task described in 'Diagnostic performance of a fully automated AI algorithm for lesion detection and PI-RADS classification in patients with suspected prostate cancer.'.
40263578,10.1038/s41443-025-01056-z,Bahceci T,2025,"Comparative analysis of the effectiveness of microsoft copilot artificial intelligence chatbot and google search in answering patient inquiries about infertility: evaluating readability, understandability, and actionability.",International journal of impotence research,Comparative Study; Journal Article,Implementation/ethics/reporting search stream,EXCLUDE,E01_NON_UROLOGICAL,Implementation/ethics/reporting search stream,EXCLUDE,NOT_CONTEXT_ONLY,CTX01_BROAD_DOMAIN_WITHOUT_TITLE_UROLOGY,ABSTRACT,"The substantive AI task in 'Comparative analysis of the effectiveness of microsoft copilot artificial intelligence chatbot and google search in answering patient inquiries about infertility: evaluating readability, understandability, and actionability' is general, multi-specialty, or another organ system without a separable urological, andrological, or male-reproductive result."
40282460,10.3390/cancers17081283,Oyaert M,2025,Novel Urinary Biomarkers for the Detection of Bladder Cancer.,Cancers,Journal Article; Review,Implementation/ethics/reporting search stream,EXCLUDE,E05_NO_SUBSTANTIVE_AI,Implementation/ethics/reporting search stream,EXCLUDE,NOT_CONTEXT_ONLY,AI04_AI_ONLY_PATHWAY_WITHOUT_TITLE_AI,ABSTRACT,"The available evidence for 'Novel Urinary Biomarkers for the Detection of Bladder Cancer' reports conventional imaging, statistics, digital/AR/VR technology, biomarkers, or automation without a substantive AI/ML method or application."
40288021,10.1016/j.saa.2025.126274,Sarkees E,2025,Evaluation of the diagnostic potential of Fourier transform-infrared spectroscopy on urine for urothelial bladder cancer: an in-hospital field study.,"Spectrochimica acta. Part A, Molecular and biomolecular spectroscopy",Journal Article,Implementation/ethics/reporting search stream,INCLUDE,,Implementation/ethics/reporting search stream,INCLUDE,NOT_CONTEXT_ONLY,AI04_AI_ONLY_PATHWAY_WITHOUT_TITLE_AI,ABSTRACT,The title and available abstract identify machine learning applied to the in-scope task described in 'Evaluation of the diagnostic potential of Fourier transform-infrared spectroscopy on urine for urothelial bladder cancer: an in-hospital field study.'.
40297817,10.3389/fonc.2025.1555247,Smiley A,2025,"Methodological and reporting quality of machine learning studies on cancer diagnosis, treatment, and prognosis.",Frontiers in oncology,Journal Article; Review,Implementation/ethics/reporting search stream,CONTEXT_ONLY,E10_CONTEXT_ONLY,Implementation/ethics/reporting search stream,EXCLUDE,CONTEXT_ONLY,CTX01_BROAD_DOMAIN_WITHOUT_TITLE_UROLOGY,ABSTRACT,"'Methodological and reporting quality of machine learning studies on cancer diagnosis, treatment, and prognosis' provides AI reporting, governance, ethics, implementation, or research-agenda context without a primary corpus-eligible AI evaluation; it may be cited narratively but not counted."
40312898,10.4111/icu.20250040,Hacibey I,2025,Assessment of artificial intelligence performance in answering questions on onabotulinum toxin and sacral neuromodulation.,Investigative and clinical urology,Journal Article,Implementation/ethics/reporting search stream,INCLUDE,,Implementation/ethics/reporting search stream,INCLUDE,NOT_CONTEXT_ONLY,CTX01_BROAD_DOMAIN_WITHOUT_TITLE_UROLOGY,ABSTRACT,The title and available abstract identify large-language-model or chatbot evaluation and machine learning applied to the in-scope task described in 'Assessment of artificial intelligence performance in answering questions on onabotulinum toxin and sacral neuromodulation.'.
40377592,,Izmailova A A,2025,[Usage of artificial intelligence in the clinical practice of urologists in observations with renal parenchymal neoplasms].,"Urologiia (Moscow, Russia : 1999)",English Abstract; Journal Article,Implementation/ethics/reporting search stream,EXCLUDE,E09_DATE_LANGUAGE_INDEXING,Implementation/ethics/reporting search stream,EXCLUDE,NOT_CONTEXT_ONLY,DEEP_SCOPE_LANGUAGE_BOUNDARY,PUBMED_METADATA,Official PubMed XML metadata lists the publication language as Russian (rus) and does not include the English language code (eng). The record is therefore excluded under the prespecified English-language eligibility rule; an English-translated NLM title or abstract does not make the publication itself English-language eligible.
40379137,10.1016/j.idnow.2025.105090,Pinto A,2025,Evaluating the impact of artificial intelligence in antimicrobial stewardship: a comparative meta-analysis with traditional risk scoring systems.,Infectious diseases now,Comparative Study; Journal Article; Meta-Analysis; Systematic Review,Implementation/ethics/reporting search stream,EXCLUDE,E01_NON_UROLOGICAL,Implementation/ethics/reporting search stream,EXCLUDE,NOT_CONTEXT_ONLY,CTX01_BROAD_DOMAIN_WITHOUT_TITLE_UROLOGY,ABSTRACT,"The substantive AI task in 'Evaluating the impact of artificial intelligence in antimicrobial stewardship: a comparative meta-analysis with traditional risk scoring systems' is general, multi-specialty, or another organ system without a separable urological, andrological, or male-reproductive result."
40418294,10.1007/s11934-025-01276-2,Gavi F,2025,Multiomics in Renal Cell Carcinoma: Current Landscape and Future Directions for Precision Medicine.,Current urology reports,Journal Article; Review,Implementation/ethics/reporting search stream,EXCLUDE,E05_NO_SUBSTANTIVE_AI,Implementation/ethics/reporting search stream,EXCLUDE,NOT_CONTEXT_ONLY,AI01_FUTURE_OR_INCIDENTAL_AI_RISK;AI04_AI_ONLY_PATHWAY_WITHOUT_TITLE_AI,ABSTRACT,"The abstract's main focus in 'Multiomics in Renal Cell Carcinoma: Current Landscape and Future Directions for Precision Medicine' is not an AI/ML evaluation; AI is absent or limited to an incidental, emerging, or future possibility rather than a substantive method or application."
40421957,10.1093/oncolo/oyaf112,Chen D,2025,Concordance with SPIRIT-AI guidelines in reporting of randomized controlled trial protocols investigating artificial intelligence in oncology: a systematic review.,The oncologist,Journal Article; Systematic Review,Implementation/ethics/reporting search stream,CONTEXT_ONLY,E10_CONTEXT_ONLY,Implementation/ethics/reporting search stream,EXCLUDE,CONTEXT_ONLY,CTX01_BROAD_DOMAIN_WITHOUT_TITLE_UROLOGY,ABSTRACT,"'Concordance with SPIRIT-AI guidelines in reporting of randomized controlled trial protocols investigating artificial intelligence in oncology: a systematic review' provides AI reporting, governance, ethics, implementation, or research-agenda context without a primary corpus-eligible AI evaluation; it may be cited narratively but not counted."
40448800,10.1007/s11548-025-03383-4,Mezzina M,2025,Surgeons versus computer vision: a comparative analysis on surgical phase recognition capabilities.,International journal of computer assisted radiology and surgery,Comparative Study; Journal Article,Implementation/ethics/reporting search stream,INCLUDE,,Implementation/ethics/reporting search stream,INCLUDE,NOT_CONTEXT_ONLY,CTX01_BROAD_DOMAIN_WITHOUT_TITLE_UROLOGY,ABSTRACT,The title and available abstract identify machine learning and computer vision applied to the in-scope task described in 'Surgeons versus computer vision: a comparative analysis on surgical phase recognition capabilities.'.
40462792,10.7759/cureus.83389,Kato J,2025,"Efficacy, Satisfaction, and Safety of Low-Intensity, Large-Area Shock Wave Therapy With Dual-Probe Energy Delivery for Erectile Dysfunction.",Cureus,Journal Article,Implementation/ethics/reporting search stream,INCLUDE,,Implementation/ethics/reporting search stream,INCLUDE,NOT_CONTEXT_ONLY,AI04_AI_ONLY_PATHWAY_WITHOUT_TITLE_AI,ABSTRACT,"The title and available abstract identify machine learning applied to the in-scope task described in 'Efficacy, Satisfaction, and Safety of Low-Intensity, Large-Area Shock Wave Therapy With Dual-Probe Energy Delivery for Erectile Dysfunction.'."
40465696,10.1371/journal.pone.0324175,Rodler S,2025,GPT-4 generates accurate and readable patient education materials aligned with current oncological guidelines: A randomized assessment.,PloS one,Journal Article; Randomized Controlled Trial,Implementation/ethics/reporting search stream,INCLUDE,,Implementation/ethics/reporting search stream,INCLUDE,NOT_CONTEXT_ONLY,CTX01_BROAD_DOMAIN_WITHOUT_TITLE_UROLOGY,ABSTRACT,The title and available abstract identify large-language-model or chatbot evaluation and machine learning applied to the in-scope task described in 'GPT-4 generates accurate and readable patient education materials aligned with current oncological guidelines: A randomized assessment.'.
40474054,10.1186/s12880-025-01741-x,Qu J,2025,Development and validation of a CT algorithm based on intratumoral necrosis and tumor morphology to predict the nuclear grade of small (2-4 cm) solid clear cell renal cell carcinoma.,BMC medical imaging,Journal Article; Validation Study,Implementation/ethics/reporting search stream,EXCLUDE,E05_NO_SUBSTANTIVE_AI,Implementation/ethics/reporting search stream,EXCLUDE,NOT_CONTEXT_ONLY,AI04_AI_ONLY_PATHWAY_WITHOUT_TITLE_AI,ABSTRACT,"The available evidence for 'Development and validation of a CT algorithm based on intratumoral necrosis and tumor morphology to predict the nuclear grade of small (2-4 cm) solid clear cell renal cell carcinoma' reports conventional imaging, statistics, digital/AR/VR technology, biomarkers, or automation without a substantive AI/ML method or application."
40493367,10.1001/jamanetworkopen.2025.14452,Busch F,2025,Multinational Attitudes Toward AI in Health Care and Diagnostics Among Hospital Patients.,JAMA network open,"Journal Article; Research Support, Non-U.S. Gov't",Implementation/ethics/reporting search stream,CONTEXT_ONLY,E10_CONTEXT_ONLY,Implementation/ethics/reporting search stream,EXCLUDE,CONTEXT_ONLY,SCP06_GENERAL_GOVERNANCE_WITHOUT_UROLOGY;AI04_AI_ONLY_PATHWAY_WITHOUT_TITLE_AI;CTX01_BROAD_DOMAIN_WITHOUT_TITLE_UROLOGY,ABSTRACT,"'Multinational Attitudes Toward AI in Health Care and Diagnostics Among Hospital Patients' addresses general healthcare AI reporting, governance, ethics, or implementation without a urology-specific task; it may support methods context but should not contribute to corpus counts."
40532198,10.2196/69095,Bisset B,2025,Applications and Outcomes of Telehealth and Integrated Care in Men's Health Urology.,Journal of medical Internet research,Journal Article,Implementation/ethics/reporting search stream,CONTEXT_ONLY,E10_CONTEXT_ONLY,Implementation/ethics/reporting search stream,EXCLUDE,CONTEXT_ONLY,AI04_AI_ONLY_PATHWAY_WITHOUT_TITLE_AI,ABSTRACT,"'Applications and Outcomes of Telehealth and Integrated Care in Men's Health Urology' provides AI reporting, governance, ethics, implementation, or research-agenda context without a primary corpus-eligible AI evaluation; it may be cited narratively but not counted."
40627160,10.1007/s00259-025-07426-5,Hein SP,2025,AI lesion tracking in PET/CT imaging: a proposal for a Siamese-based CNN pipeline applied to PSMA PET/CT scans.,European journal of nuclear medicine and molecular imaging,Journal Article,Implementation/ethics/reporting search stream,INCLUDE,,Implementation/ethics/reporting search stream,INCLUDE,NOT_CONTEXT_ONLY,AI04_AI_ONLY_PATHWAY_WITHOUT_TITLE_AI,ABSTRACT,The title and available abstract identify deep learning applied to the in-scope task described in 'AI lesion tracking in PET/CT imaging: a proposal for a Siamese-based CNN pipeline applied to PSMA PET/CT scans.'.
40646490,10.1186/s12911-025-03098-1,Engesser C,2025,Accompanying the prostate cancer patient pathway: evaluation of novel clinical decision support software in patients with early diagnosis of prostate cancer.,BMC medical informatics and decision making,Journal Article,Implementation/ethics/reporting search stream,INCLUDE,,Implementation/ethics/reporting search stream,INCLUDE,NOT_CONTEXT_ONLY,AI04_AI_ONLY_PATHWAY_WITHOUT_TITLE_AI,ABSTRACT,The title and available abstract identify a substantive AI or machine-learning application applied to the in-scope task described in 'Accompanying the prostate cancer patient pathway: evaluation of novel clinical decision support software in patients with early diagnosis of prostate cancer.'.
40696357,10.1186/s12957-025-03948-2,Wang X,2025,Harnessing organoid technology in urological cancer: advances and applications in urinary system tumors.,World journal of surgical oncology,Journal Article; Review,Implementation/ethics/reporting search stream,EXCLUDE,E05_NO_SUBSTANTIVE_AI,Implementation/ethics/reporting search stream,EXCLUDE,NOT_CONTEXT_ONLY,SCP03_NONHUMAN_PRECLINICAL;AI04_AI_ONLY_PATHWAY_WITHOUT_TITLE_AI,ABSTRACT_OR_METADATA_PLUS_DUAL_HUMAN_REVIEW,This is a broad review of urological-cancer organoid technology; AI appears only as one enabling platform and is not a substantive method or evaluated application.
40698358,10.1016/j.jlb.2025.100310,Crocetto F,2025,Liquid Biopsy: Current advancements in clinical practice for bladder cancer.,The journal of liquid biopsy,Journal Article; Review,Implementation/ethics/reporting search stream,EXCLUDE,E05_NO_SUBSTANTIVE_AI,Implementation/ethics/reporting search stream,EXCLUDE,NOT_CONTEXT_ONLY,AI04_AI_ONLY_PATHWAY_WITHOUT_TITLE_AI,ABSTRACT,"The available evidence for 'Liquid Biopsy: Current advancements in clinical practice for bladder cancer' reports conventional imaging, statistics, digital/AR/VR technology, biomarkers, or automation without a substantive AI/ML method or application."
40706197,10.1016/j.ijmedinf.2025.106046,Kazlouski A,2025,Towards practical federated learning and evaluation for medical prediction models.,International journal of medical informatics,Journal Article,Implementation/ethics/reporting search stream,INCLUDE,,Implementation/ethics/reporting search stream,INCLUDE,NOT_CONTEXT_ONLY,AI03_GENERIC_PREDICTION_WITHOUT_EXPLICIT_AI;AI04_AI_ONLY_PATHWAY_WITHOUT_TITLE_AI;CTX01_BROAD_DOMAIN_WITHOUT_TITLE_UROLOGY,ABSTRACT,The title and available abstract identify a substantive AI or machine-learning application applied to the in-scope task described in 'Towards practical federated learning and evaluation for medical prediction models.'.
40712901,10.1016/j.critrevonc.2025.104862,Ferro M,2025,Emerging biomarkers in bladder cancer: Translating molecular advances into precision oncology.,Critical reviews in oncology/hematology,Journal Article; Review,Implementation/ethics/reporting search stream,EXCLUDE,E05_NO_SUBSTANTIVE_AI,Implementation/ethics/reporting search stream,EXCLUDE,NOT_CONTEXT_ONLY,AI04_AI_ONLY_PATHWAY_WITHOUT_TITLE_AI,ABSTRACT,"The available evidence for 'Emerging biomarkers in bladder cancer: Translating molecular advances into precision oncology' reports conventional imaging, statistics, digital/AR/VR technology, biomarkers, or automation without a substantive AI/ML method or application."
40739973,10.12771/emj.2025.00668,Collins GS,2025,TRIPOD+AI statement: updated guidance for reporting clinical prediction models that use regression or machine learning methods: a Korean translation.,Ewha medical journal,Guideline; Journal Article,Implementation/ethics/reporting search stream,CONTEXT_ONLY,E10_CONTEXT_ONLY,Implementation/ethics/reporting search stream,EXCLUDE,CONTEXT_ONLY,CTX01_BROAD_DOMAIN_WITHOUT_TITLE_UROLOGY,METADATA_ONLY,"'TRIPOD+AI statement: updated guidance for reporting clinical prediction models that use regression or machine learning methods: a Korean translation' provides AI reporting, governance, ethics, implementation, or research-agenda context without a primary corpus-eligible AI evaluation; it may be cited narratively but not counted."
40747475,10.1080/20905998.2024.2381972,Boeri L,2025,Idiopathic male infertility - what are we missing?,Arab journal of urology,Journal Article,Implementation/ethics/reporting search stream,EXCLUDE,E05_NO_SUBSTANTIVE_AI,Implementation/ethics/reporting search stream,EXCLUDE,NOT_CONTEXT_ONLY,AI04_AI_ONLY_PATHWAY_WITHOUT_TITLE_AI,ABSTRACT,"The available evidence for 'Idiopathic male infertility - what are we missing?' reports conventional imaging, statistics, digital/AR/VR technology, biomarkers, or automation without a substantive AI/ML method or application."
40761518,10.1136/bmjmed-2025-001632,,2025,Reporting guideline for chatbot health advice studies: the Chatbot Assessment Reporting Tool (CHART) statement.,BMJ medicine,Journal Article,Implementation/ethics/reporting search stream,CONTEXT_ONLY,E10_CONTEXT_ONLY,Implementation/ethics/reporting search stream,EXCLUDE,CONTEXT_ONLY,SCP06_GENERAL_GOVERNANCE_WITHOUT_UROLOGY;AI04_AI_ONLY_PATHWAY_WITHOUT_TITLE_AI;CTX01_BROAD_DOMAIN_WITHOUT_TITLE_UROLOGY,ABSTRACT,"'Reporting guideline for chatbot health advice studies: the Chatbot Assessment Reporting Tool (CHART) statement' addresses general healthcare AI reporting, governance, ethics, or implementation without a urology-specific task; it may support methods context but should not contribute to corpus counts."
40775975,10.3233/SHTI250957,Fan Z,2025,Predicting Nephrectomy Risk in Patients with Renal Cancer Using Real-World Electronic Health Records.,Studies in health technology and informatics,Journal Article,Implementation/ethics/reporting search stream,INCLUDE,,Implementation/ethics/reporting search stream,INCLUDE,NOT_CONTEXT_ONLY,AI03_GENERIC_PREDICTION_WITHOUT_EXPLICIT_AI;AI04_AI_ONLY_PATHWAY_WITHOUT_TITLE_AI,ABSTRACT,The title and available abstract identify machine learning applied to the in-scope task described in 'Predicting Nephrectomy Risk in Patients with Renal Cancer Using Real-World Electronic Health Records.'.
40790928,10.1002/mp.18025,Lenfant L,2025,Defining ground truth for prostate segmentation of transrectal ultrasound images: Inter- and intra-observer variability of manual versus semi-automatic methods.,Medical physics,Comparative Study; Journal Article,Implementation/ethics/reporting search stream,EXCLUDE,E05_NO_SUBSTANTIVE_AI,Implementation/ethics/reporting search stream,EXCLUDE,NOT_CONTEXT_ONLY,DEEP_SCOPE_AI_SUBSTANCE,PUBMED_ABSTRACT,The study explicitly states that it is not an AI study and compares manual with semi-automatic contours only to define a possible reference standard for future AI training.
40800089,10.21037/tau-2025-400,Tang H,2025,Automatic segmentation of clear cell renal cell carcinoma based on deep learning and a preliminary exploration of the tumor microenvironment.,Translational andrology and urology,Journal Article,Implementation/ethics/reporting search stream,INCLUDE,,Implementation/ethics/reporting search stream,INCLUDE,NOT_CONTEXT_ONLY,TEC01_TECHNICAL_ARTIFACT_WITHOUT_CLINICAL_CUE,ABSTRACT,The title and available abstract identify deep learning and machine learning applied to the in-scope task described in 'Automatic segmentation of clear cell renal cell carcinoma based on deep learning and a preliminary exploration of the tumor microenvironment.'.
40810905,10.1007/s00345-025-05872-2,Carl N,2025,"Patient insights into empathy, compassion and self-disclosure in medical large language models: results from the IPALLM III study.",World journal of urology,Journal Article,Implementation/ethics/reporting search stream,INCLUDE,,Implementation/ethics/reporting search stream,INCLUDE,NOT_CONTEXT_ONLY,CTX01_BROAD_DOMAIN_WITHOUT_TITLE_UROLOGY,ABSTRACT,"The title and available abstract identify large-language-model or chatbot evaluation applied to the in-scope task described in 'Patient insights into empathy, compassion and self-disclosure in medical large language models: results from the IPALLM III study.'."
40854776,10.3760/cma.j.cn112338-20241105-00692,Niu B,2025,[Interpretation of the Updated Guidance for Reporting Clinical Prediction Models that Use Regression or Machine Learning Methods].,Zhonghua liu xing bing xue za zhi = Zhonghua liuxingbingxue zazhi,English Abstract; Journal Article,Implementation/ethics/reporting search stream,CONTEXT_ONLY,E10_CONTEXT_ONLY,Implementation/ethics/reporting search stream,EXCLUDE,CONTEXT_ONLY,CTX01_BROAD_DOMAIN_WITHOUT_TITLE_UROLOGY,ABSTRACT,"'[Interpretation of the Updated Guidance for Reporting Clinical Prediction Models that Use Regression or Machine Learning Methods]' provides AI reporting, governance, ethics, implementation, or research-agenda context without a primary corpus-eligible AI evaluation; it may be cited narratively but not counted."
40863454,10.3390/jpm15080392,Yang J,2025,Comparison Between the Human-Sourced Ellipsoid Method and Kidney Volumetry Using Artificial Intelligence in Polycystic Kidney Disease.,Journal of personalized medicine,Journal Article,Implementation/ethics/reporting search stream,EXCLUDE,E01_NON_UROLOGICAL,Implementation/ethics/reporting search stream,EXCLUDE,NOT_CONTEXT_ONLY,RENAL_NEPHROLOGY_BOUNDARY_PASS,PUBMED_ABSTRACT,Polycystic-kidney total-volume and Mayo-classification study without a separable urological task.
40901472,10.3389/fimmu.2025.1467357,Dai Q,2025,Tumor associated neutrophils promote prostate cancer progression by mediating neutrophil trap secretion through PSMA1- NF-kappaB-HIF-1alpha signaling axis.,Frontiers in immunology,Journal Article,Implementation/ethics/reporting search stream,INCLUDE,,Implementation/ethics/reporting search stream,INCLUDE,NOT_CONTEXT_ONLY,AI04_AI_ONLY_PATHWAY_WITHOUT_TITLE_AI,ABSTRACT,The title and available abstract identify machine learning applied to the in-scope task described in 'Tumor associated neutrophils promote prostate cancer progression by mediating neutrophil trap secretion through PSMA1- NF-kappaB-HIF-1alpha signaling axis.'.
40923021,10.1136/bmjonc-2025-000891,Kwong JCC,2025,"Five years after CONSORT-AI, not much has changed: a call to action for artificial intelligence research in oncology.",BMJ oncology,Editorial,Implementation/ethics/reporting search stream,CONTEXT_ONLY,E10_CONTEXT_ONLY,Implementation/ethics/reporting search stream,EXCLUDE,CONTEXT_ONLY,CTX01_BROAD_DOMAIN_WITHOUT_TITLE_UROLOGY,METADATA_ONLY,"'Five years after CONSORT-AI, not much has changed: a call to action for artificial intelligence research in oncology' provides AI reporting, governance, ethics, implementation, or research-agenda context without a primary corpus-eligible AI evaluation; it may be cited narratively but not counted."
40923022,10.1136/bmjonc-2025-000733,Chen D,2025,Concordance with CONSORT-AI guidelines in reporting of randomised controlled trials investigating artificial intelligence in oncology: a systematic review.,BMJ oncology,Journal Article,Implementation/ethics/reporting search stream,CONTEXT_ONLY,E10_CONTEXT_ONLY,Implementation/ethics/reporting search stream,EXCLUDE,CONTEXT_ONLY,CTX01_BROAD_DOMAIN_WITHOUT_TITLE_UROLOGY,ABSTRACT,"'Concordance with CONSORT-AI guidelines in reporting of randomised controlled trials investigating artificial intelligence in oncology: a systematic review' provides AI reporting, governance, ethics, implementation, or research-agenda context without a primary corpus-eligible AI evaluation; it may be cited narratively but not counted."
40940944,10.3390/cancers17172847,Katsimperis S,2025,Single-Port vs. Multi-Port Robotic Surgery in Urologic Oncology: A Comparative Analysis of Current Evidence and Future Directions.,Cancers,Journal Article; Review,Implementation/ethics/reporting search stream,EXCLUDE,E05_NO_SUBSTANTIVE_AI,Implementation/ethics/reporting search stream,EXCLUDE,NOT_CONTEXT_ONLY,AI01_FUTURE_OR_INCIDENTAL_AI_RISK;AI04_AI_ONLY_PATHWAY_WITHOUT_TITLE_AI,ABSTRACT,"The abstract's main focus in 'Single-Port vs. Multi-Port Robotic Surgery in Urologic Oncology: A Comparative Analysis of Current Evidence and Future Directions' is not an AI/ML evaluation; AI is absent or limited to an incidental, emerging, or future possibility rather than a substantive method or application."
40952146,10.1080/19396368.2025.2551006,Filiponi M,2025,"Navigating male infertility through testicular biopsy: outcomes, predictive parameters, and surgical innovation.",Systems biology in reproductive medicine,Journal Article; Review,Implementation/ethics/reporting search stream,INCLUDE,,Implementation/ethics/reporting search stream,INCLUDE,NOT_CONTEXT_ONLY,AI03_GENERIC_PREDICTION_WITHOUT_EXPLICIT_AI;AI04_AI_ONLY_PATHWAY_WITHOUT_TITLE_AI,PRIOR_HUMAN_ABSTRACT_REVIEW,"The title and available abstract identify a substantive synthesis of machine learning within the implementation/ethics/reporting search stream described in 'Navigating male infertility through testicular biopsy: outcomes, predictive parameters, and surgical innovation.'."
40954311,10.1038/s41591-025-03953-8,Sounderajah V,2025,The STARD-AI reporting guideline for diagnostic accuracy studies using artificial intelligence.,Nature medicine,Journal Article; Review,Implementation/ethics/reporting search stream,CONTEXT_ONLY,E10_CONTEXT_ONLY,Implementation/ethics/reporting search stream,EXCLUDE,CONTEXT_ONLY,SCP06_GENERAL_GOVERNANCE_WITHOUT_UROLOGY;CTX01_BROAD_DOMAIN_WITHOUT_TITLE_UROLOGY,ABSTRACT,"'The STARD-AI reporting guideline for diagnostic accuracy studies using artificial intelligence' addresses general healthcare AI reporting, governance, ethics, or implementation without a urology-specific task; it may support methods context but should not contribute to corpus counts."
40998194,10.1016/j.canlet.2025.218059,Hammouda K,2025,AI-informed computational pathology classifier predicts outcomes across treatment modalities in muscle-invasive urothelial carcinoma.,Cancer letters,Journal Article,Implementation/ethics/reporting search stream,INCLUDE,,Implementation/ethics/reporting search stream,INCLUDE,NOT_CONTEXT_ONLY,AI04_AI_ONLY_PATHWAY_WITHOUT_TITLE_AI,ABSTRACT,The title and available abstract identify machine learning applied to the in-scope task described in 'AI-informed computational pathology classifier predicts outcomes across treatment modalities in muscle-invasive urothelial carcinoma.'.
41004321,10.2196/72412,Luo X,2025,Using Large Language Models to Assess the Consistency of Randomized Controlled Trials on AI Interventions With CONSORT-AI: Cross-Sectional Survey.,Journal of medical Internet research,Journal Article,Implementation/ethics/reporting search stream,CONTEXT_ONLY,E10_CONTEXT_ONLY,Implementation/ethics/reporting search stream,EXCLUDE,CONTEXT_ONLY,CTX01_BROAD_DOMAIN_WITHOUT_TITLE_UROLOGY,ABSTRACT,"'Using Large Language Models to Assess the Consistency of Randomized Controlled Trials on AI Interventions With CONSORT-AI: Cross-Sectional Survey' provides AI reporting, governance, ethics, implementation, or research-agenda context without a primary corpus-eligible AI evaluation; it may be cited narratively but not counted."
41008894,10.3390/cancers17183053,Santarelli V,2025,Latest Advancements and Future Directions in Prostate Cancer Surgery: Reducing Invasiveness and Expanding Indications.,Cancers,Journal Article; Review,Implementation/ethics/reporting search stream,INCLUDE,,Implementation/ethics/reporting search stream,INCLUDE,NOT_CONTEXT_ONLY,AI01_FUTURE_OR_INCIDENTAL_AI_RISK;AI04_AI_ONLY_PATHWAY_WITHOUT_TITLE_AI,ABSTRACT,The title and available abstract identify a substantive synthesis of machine learning within the implementation/ethics/reporting search stream described in 'Latest Advancements and Future Directions in Prostate Cancer Surgery: Reducing Invasiveness and Expanding Indications.'.
41079030,10.1016/j.eclinm.2025.103498,Feng X,2025,End-to-end deep learning model for the diagnosis and segmentation of primary retroperitoneal neoplasm: a multicenter cohort study.,EClinicalMedicine,Journal Article,Implementation/ethics/reporting search stream,EXCLUDE,E01_NON_UROLOGICAL,Implementation/ethics/reporting search stream,EXCLUDE,NOT_CONTEXT_ONLY,CTX01_BROAD_DOMAIN_WITHOUT_TITLE_UROLOGY,ABSTRACT,"The substantive AI task in 'End-to-end deep learning model for the diagnosis and segmentation of primary retroperitoneal neoplasm: a multicenter cohort study' is general, multi-specialty, or another organ system without a separable urological, andrological, or male-reproductive result."
41095855,10.3390/jcm14196775,Katsimperis S,2025,Beyond Da Vinci: Comparative Review of Next-Generation Robotic Platforms in Urologic Surgery.,Journal of clinical medicine,Journal Article; Review,Implementation/ethics/reporting search stream,EXCLUDE,E05_NO_SUBSTANTIVE_AI,Implementation/ethics/reporting search stream,EXCLUDE,NOT_CONTEXT_ONLY,AI04_AI_ONLY_PATHWAY_WITHOUT_TITLE_AI,ABSTRACT,"The available evidence for 'Beyond Da Vinci: Comparative Review of Next-Generation Robotic Platforms in Urologic Surgery' reports conventional imaging, statistics, digital/AR/VR technology, biomarkers, or automation without a substantive AI/ML method or application."
41111869,10.7759/cureus.92571,Frutuoso J,2025,Building a Safe and Transparent Workflow for Large Language Model (LLM)-Assisted Clinical Trials and Prediction Models: A Technical Report.,Cureus,Journal Article,Implementation/ethics/reporting search stream,CONTEXT_ONLY,E10_CONTEXT_ONLY,Implementation/ethics/reporting search stream,EXCLUDE,CONTEXT_ONLY,CTX01_BROAD_DOMAIN_WITHOUT_TITLE_UROLOGY,ABSTRACT,"'Building a Safe and Transparent Workflow for Large Language Model (LLM)-Assisted Clinical Trials and Prediction Models: A Technical Report' provides AI reporting, governance, ethics, implementation, or research-agenda context without a primary corpus-eligible AI evaluation; it may be cited narratively but not counted."
41113971,10.62347/GLJC3405,Fang H,2025,Prediction of pediatric Wilms tumor recurrence using interpretable machine learning models: insights from a 20-year real-world study and the prognostic value of Ki-67.,American journal of cancer research,Journal Article,Implementation/ethics/reporting search stream,INCLUDE,,Implementation/ethics/reporting search stream,INCLUDE,NOT_CONTEXT_ONLY,CTX01_BROAD_DOMAIN_WITHOUT_TITLE_UROLOGY,ABSTRACT,The title and available abstract identify machine learning applied to the in-scope task described in 'Prediction of pediatric Wilms tumor recurrence using interpretable machine learning models: insights from a 20-year real-world study and the prognostic value of Ki-67.'.
41117971,10.1007/s00345-025-05978-7,Cinar NB,2025,Evaluation of inflammatory markers in survival analysis of patients undergoing radical cystectomy using machine learning.,World journal of urology,Journal Article,Implementation/ethics/reporting search stream,INCLUDE,,Implementation/ethics/reporting search stream,INCLUDE,NOT_CONTEXT_ONLY,CTX01_BROAD_DOMAIN_WITHOUT_TITLE_UROLOGY,ABSTRACT,The title and available abstract identify machine learning applied to the in-scope task described in 'Evaluation of inflammatory markers in survival analysis of patients undergoing radical cystectomy using machine learning.'.
41193866,10.1038/s41443-025-01200-9,Sokmen D,2025,Artificial intelligence meets medical rarity: evaluating ChatGPT's responses on post-orgasmic illness syndrome.,International journal of impotence research,Journal Article,Implementation/ethics/reporting search stream,INCLUDE,,Implementation/ethics/reporting search stream,INCLUDE,NOT_CONTEXT_ONLY,CTX01_BROAD_DOMAIN_WITHOUT_TITLE_UROLOGY,PRIOR_HUMAN_ABSTRACT_REVIEW,The title and available abstract identify large-language-model or chatbot evaluation and machine learning applied to the in-scope task described in 'Artificial intelligence meets medical rarity: evaluating ChatGPT's responses on post-orgasmic illness syndrome.'.
41202191,10.1200/CCI-25-00086,Persily J,2025,"Development, External Validation, and Deployment of RFAN-ML: A Machine Learning Model to Estimate Renal Function After Nephrectomy.",JCO clinical cancer informatics,Journal Article; Validation Study,Implementation/ethics/reporting search stream,INCLUDE,,Implementation/ethics/reporting search stream,INCLUDE,NOT_CONTEXT_ONLY,RENAL_NEPHROLOGY_BOUNDARY_PASS,PUBMED_ABSTRACT,Post-nephrectomy renal-function model guides kidney-tumor surgery.
41203886,10.1038/s41746-025-02113-z,Huo B,2025,"Reporting guidelines for studies involving generative artificial intelligence applications: what do I use, and when?",NPJ digital medicine,Letter,Implementation/ethics/reporting search stream,CONTEXT_ONLY,E10_CONTEXT_ONLY,Implementation/ethics/reporting search stream,EXCLUDE,CONTEXT_ONLY,SCP06_GENERAL_GOVERNANCE_WITHOUT_UROLOGY;CTX01_BROAD_DOMAIN_WITHOUT_TITLE_UROLOGY,METADATA_ONLY,"'Reporting guidelines for studies involving generative artificial intelligence applications: what do I use, and when?' addresses general healthcare AI reporting, governance, ethics, or implementation without a urology-specific task; it may support methods context but should not contribute to corpus counts."
41229180,10.1002/nau.70186,Werneburg GT,2025,What Is Required for AI to Improve the Assessment and Treatment of Patients With Lower Urinary Tract Dysfunction? ICI-RS 2025.,Neurourology and urodynamics,Journal Article,Implementation/ethics/reporting search stream,CONTEXT_ONLY,E10_CONTEXT_ONLY,Implementation/ethics/reporting search stream,EXCLUDE,CONTEXT_ONLY,AI04_AI_ONLY_PATHWAY_WITHOUT_TITLE_AI,ABSTRACT,"'What Is Required for AI to Improve the Assessment and Treatment of Patients With Lower Urinary Tract Dysfunction? ICI-RS 2025' provides AI reporting, governance, ethics, implementation, or research-agenda context without a primary corpus-eligible AI evaluation; it may be cited narratively but not counted."
41248462,10.2196/68573,Wang L,2025,"Application of Narrative and AI-Assisted Follow-Up After Voluntary Medical Male Circumcision: Multicenter, Double-Blind, Prospective, Randomized Controlled Trial.",Journal of medical Internet research,Journal Article; Multicenter Study; Randomized Controlled Trial,Implementation/ethics/reporting search stream,INCLUDE,,Implementation/ethics/reporting search stream,INCLUDE,NOT_CONTEXT_ONLY,CTX01_BROAD_DOMAIN_WITHOUT_TITLE_UROLOGY,ABSTRACT,"The title and available abstract identify large-language-model or chatbot evaluation and machine learning applied to the in-scope task described in 'Application of Narrative and AI-Assisted Follow-Up After Voluntary Medical Male Circumcision: Multicenter, Double-Blind, Prospective, Randomized Controlled Trial.'."
41268028,10.7759/cureus.97176,Singh S,2025,Effect of TRIPOD+AI Guidelines on the Reporting Quality of Artificial Intelligence Prediction Models in Orthopaedic Surgery: An 18-Month Bibliometric Study.,Cureus,Journal Article; Review,Implementation/ethics/reporting search stream,EXCLUDE,E01_NON_UROLOGICAL,Implementation/ethics/reporting search stream,EXCLUDE,NOT_CONTEXT_ONLY,SCP04_OTHER_ORGAN_WITHOUT_UROLOGY;CTX01_BROAD_DOMAIN_WITHOUT_TITLE_UROLOGY,ABSTRACT_OR_METADATA_PLUS_DUAL_HUMAN_REVIEW,"The bibliometric evaluation concerns AI prediction-model reporting in orthopaedic surgery and has no substantive urology, andrology, or male-reproductive task."
41349639,10.1016/j.fjurol.2025.103062,Gumus K,2025,"Evaluating AI chatbots in enuresis nocturna information: A comparative analysis of readability, reliability and quality.",The French journal of urology,Journal Article,Implementation/ethics/reporting search stream,INCLUDE,,Implementation/ethics/reporting search stream,INCLUDE,NOT_CONTEXT_ONLY,AI04_AI_ONLY_PATHWAY_WITHOUT_TITLE_AI;CTX01_BROAD_DOMAIN_WITHOUT_TITLE_UROLOGY,ABSTRACT,"The title and available abstract identify large-language-model or chatbot evaluation and machine learning applied to the in-scope task described in 'Evaluating AI chatbots in enuresis nocturna information: A comparative analysis of readability, reliability and quality.'."
41370833,10.2196/80247,Holst D,2025,Transparent Reporting of AI in Systematic Literature Reviews: Development of the PRISMA-trAIce Checklist.,JMIR AI,Journal Article,Implementation/ethics/reporting search stream,CONTEXT_ONLY,E10_CONTEXT_ONLY,Implementation/ethics/reporting search stream,EXCLUDE,CONTEXT_ONLY,AI04_AI_ONLY_PATHWAY_WITHOUT_TITLE_AI;CTX01_BROAD_DOMAIN_WITHOUT_TITLE_UROLOGY,ABSTRACT,"'Transparent Reporting of AI in Systematic Literature Reviews: Development of the PRISMA-trAIce Checklist' provides AI reporting, governance, ethics, implementation, or research-agenda context without a primary corpus-eligible AI evaluation; it may be cited narratively but not counted."
41377844,10.3389/frai.2025.1678292,Chen X,2025,Explainable machine learning to predict postoperative ileus after radical cystectomy: an 11-year real-world cohort.,Frontiers in artificial intelligence,Journal Article,Implementation/ethics/reporting search stream,INCLUDE,,Implementation/ethics/reporting search stream,INCLUDE,NOT_CONTEXT_ONLY,CTX01_BROAD_DOMAIN_WITHOUT_TITLE_UROLOGY,ABSTRACT,The title and available abstract identify deep learning and machine learning applied to the in-scope task described in 'Explainable machine learning to predict postoperative ileus after radical cystectomy: an 11-year real-world cohort.'.
41381251,10.1016/j.euo.2025.11.016,Rinderknecht E,2025,"Benchmarking Large Language Models Against Multidisciplinary Tumor Boards in Urological Oncology: Results from the Blinded, Prospective CONCORDIA Study.",European urology oncology,Journal Article,Implementation/ethics/reporting search stream,INCLUDE,,Implementation/ethics/reporting search stream,INCLUDE,NOT_CONTEXT_ONLY,TEC01_TECHNICAL_ARTIFACT_WITHOUT_CLINICAL_CUE,ABSTRACT,"The title and available abstract identify large-language-model or chatbot evaluation applied to the in-scope task described in 'Benchmarking Large Language Models Against Multidisciplinary Tumor Boards in Urological Oncology: Results from the Blinded, Prospective CONCORDIA Study.'."
41381961,10.1007/s00345-025-06134-x,Gadzhiev N,2025,Smartphone-AI videouroflowmetry evaluation (SAVE study): a concordance study with standard uroflowmetry.,World journal of urology,Journal Article,Implementation/ethics/reporting search stream,OPERATIONAL_ANALYSIS_GROUP_CORRECTION,C01_OPERATIONAL_ANALYSIS_GROUP_CORRECTION,Benign/Functional,INCLUDE,NOT_CONTEXT_ONLY,AI02_DIGITAL_SENSOR_WITHOUT_EXPLICIT_AI;AI04_AI_ONLY_PATHWAY_WITHOUT_TITLE_AI;CTX01_BROAD_DOMAIN_WITHOUT_TITLE_UROLOGY,ABSTRACT,"Title and abstract support substantive AI/ML in a clinically recognizable urological task. Eligible. Its recorded primary search stream was Implementation/ethics/reporting; its author-verified operational analysis group is Benign/Functional."
41384684,10.1002/nau.70178,Ockrim J,2025,What Evidence Do We Need From Objective and Subjective Outcomes in Order to Recommend Specific Operative Procedures for Men to Relieve BPO and Women With SUI? ICI-RS 2025.,Neurourology and urodynamics,Journal Article; Review,Implementation/ethics/reporting search stream,EXCLUDE,E05_NO_SUBSTANTIVE_AI,Implementation/ethics/reporting search stream,EXCLUDE,NOT_CONTEXT_ONLY,AI04_AI_ONLY_PATHWAY_WITHOUT_TITLE_AI;CTX01_BROAD_DOMAIN_WITHOUT_TITLE_UROLOGY,ABSTRACT,"The available evidence for 'What Evidence Do We Need From Objective and Subjective Outcomes in Order to Recommend Specific Operative Procedures for Men to Relieve BPO and Women With SUI? ICI-RS 2025' reports conventional imaging, statistics, digital/AR/VR technology, biomarkers, or automation without a substantive AI/ML method or application."
41440224,10.3390/curroncol32120696,Cano I,2025,Readability Optimization of Layperson Summaries in Urological Oncology Clinical Trials: Outcomes from the BRIDGE-AI 8 Study.,"Current oncology (Toronto, Ont.)",Journal Article,Implementation/ethics/reporting search stream,INCLUDE,,Implementation/ethics/reporting search stream,INCLUDE,NOT_CONTEXT_ONLY,AI04_AI_ONLY_PATHWAY_WITHOUT_TITLE_AI,PRIOR_HUMAN_ABSTRACT_REVIEW,The title and available abstract identify machine learning applied to the in-scope task described in 'Readability Optimization of Layperson Summaries in Urological Oncology Clinical Trials: Outcomes from the BRIDGE-AI 8 Study.'.
41466327,10.1186/s40644-025-00961-2,Shengfa L,2025,CT-based AI score associates with perioperative outcomes in nephron-sparing surgery for renal cell carcinoma.,Cancer imaging : the official publication of the International Cancer Imaging Society,Journal Article,Implementation/ethics/reporting search stream,OPERATIONAL_ANALYSIS_GROUP_CORRECTION,C01_OPERATIONAL_ANALYSIS_GROUP_CORRECTION,Renal/Kidney,INCLUDE,NOT_CONTEXT_ONLY,AI04_AI_ONLY_PATHWAY_WITHOUT_TITLE_AI,ABSTRACT,"Title/abstract review supports corpus eligibility for 'CT-based AI score associates with perioperative outcomes in nephron-sparing surgery for renal cell carcinoma', but its clinical task aligns with Renal/Kidney rather than the recorded implementation/ethics/reporting search stream."
38228809,10.1038/s41391-024-00789-0,Lombardo R,2025,Quality of information and appropriateness of Open AI outputs for prostate cancer.,Prostate cancer and prostatic diseases,Journal Article,LLMs & GenAI,INCLUDE,,LLMs & GenAI,INCLUDE,NOT_CONTEXT_ONLY,AI04_AI_ONLY_PATHWAY_WITHOUT_TITLE_AI,ABSTRACT,The title and available abstract identify natural-language processing applied to the in-scope task described in 'Quality of information and appropriateness of Open AI outputs for prostate cancer.'.
39117164,10.1016/j.ijrobp.2024.07.2149,Rajendran P,2025,Autodelineation of Treatment Target Volume for Radiation Therapy Using Large Language Model-Aided Multimodal Learning.,"International journal of radiation oncology, biology, physics",Journal Article,LLMs & GenAI,INCLUDE,,LLMs & GenAI,INCLUDE,NOT_CONTEXT_ONLY,CTX01_BROAD_DOMAIN_WITHOUT_TITLE_UROLOGY,ABSTRACT,The title and available abstract identify large-language-model or chatbot evaluation and deep learning applied to the in-scope task described in 'Autodelineation of Treatment Target Volume for Radiation Therapy Using Large Language Model-Aided Multimodal Learning.'.
39513562,10.1002/pros.24814,Warren CJ,2025,Quality of Chatbot Information Related to Benign Prostatic Hyperplasia.,The Prostate,Journal Article,LLMs & GenAI,INCLUDE,,LLMs & GenAI,INCLUDE,NOT_CONTEXT_ONLY,AI04_AI_ONLY_PATHWAY_WITHOUT_TITLE_AI,ABSTRACT,The title and available abstract identify large-language-model or chatbot evaluation and machine learning applied to the in-scope task described in 'Quality of Chatbot Information Related to Benign Prostatic Hyperplasia.'.
39536769,10.5534/wjmh.240228,Ran B,2025,Unlocking the Potential of ChatGPT in Male Sexual Health and Dysfunction: A Hold Endeavor and Comprehensive Study.,The world journal of men's health,Journal Article,LLMs & GenAI,INCLUDE,,LLMs & GenAI,INCLUDE,NOT_CONTEXT_ONLY,DEEP_SCOPE_FULLTEXT_CONFIRMATION,FULL_TEXT,"This primary male-sexual-health study evaluates ChatGPT-4 on 30 guideline-derived questions covering erectile dysfunction, premature ejaculation, and libido, with independent senior-andrologist ratings and documented clinical errors."
39743220,10.5534/wjmh.240173,Yuan LH,2025,The In-depth Comparative Analysis of Four Large Language AI Models for Risk Assessment and Information Retrieval from Multi-Modality Prostate Cancer Work-up Reports.,The world journal of men's health,Journal Article,LLMs & GenAI,INCLUDE,,LLMs & GenAI,INCLUDE,NOT_CONTEXT_ONLY,AI04_AI_ONLY_PATHWAY_WITHOUT_TITLE_AI,ABSTRACT,The title and available abstract identify large-language-model or chatbot evaluation applied to the in-scope task described in 'The In-depth Comparative Analysis of Four Large Language AI Models for Risk Assessment and Information Retrieval from Multi-Modality Prostate Cancer Work-up Reports.'.
39814625,10.1016/j.transproceed.2024.12.028,Zhan Y,2025,Evaluating AI Chatbot Responses to Postkidney Transplant Inquiries.,Transplantation proceedings,Journal Article,LLMs & GenAI,EXCLUDE,E01_NON_UROLOGICAL,LLMs & GenAI,EXCLUDE,NOT_CONTEXT_ONLY,AI04_AI_ONLY_PATHWAY_WITHOUT_TITLE_AI;CTX01_BROAD_DOMAIN_WITHOUT_TITLE_UROLOGY,PUBMED_ABSTRACT,Chatbot responses address post-kidney-transplant inquiries without a separable urological task or result.
39823203,10.1097/SPV.0000000000001638,Johnson ES,2025,Use of ChatGPT to Generate Informed Consent for Surgery in Urogynecology.,"Urogynecology (Philadelphia, Pa.)",Journal Article,LLMs & GenAI,INCLUDE,,LLMs & GenAI,INCLUDE,NOT_CONTEXT_ONLY,CTX01_BROAD_DOMAIN_WITHOUT_TITLE_UROLOGY,ABSTRACT,The title and available abstract identify large-language-model or chatbot evaluation and deep learning applied to the in-scope task described in 'Use of ChatGPT to Generate Informed Consent for Surgery in Urogynecology.'.
39862490,10.1016/j.pec.2025.108677,Nickel B,2025,Are AI chatbots concordant with evidence-based cancer screening recommendations?,Patient education and counseling,Journal Article,LLMs & GenAI,INCLUDE,,LLMs & GenAI,INCLUDE,NOT_CONTEXT_ONLY,DEEP_SCOPE_FULLTEXT_CONFIRMATION,FULL_TEXT,"The study evaluates three prostate-screening prompts against 30 prostate-specific criteria and reports separate prostate concordance, missing-benefit, age-specific, and hallucination results."
39914668,10.1016/j.urology.2025.01.054,Stapleton P,2025,Quality of Information on Wilms Tumor From Artificial Intelligence Chatbots: What Are Your Patients and Their Families Reading?,Urology,Journal Article,LLMs & GenAI,INCLUDE,,LLMs & GenAI,INCLUDE,NOT_CONTEXT_ONLY,CTX01_BROAD_DOMAIN_WITHOUT_TITLE_UROLOGY,PRIOR_HUMAN_ABSTRACT_REVIEW,The title and available abstract identify large-language-model or chatbot evaluation and machine learning applied to the in-scope task described in 'Quality of Information on Wilms Tumor From Artificial Intelligence Chatbots: What Are Your Patients and Their Families Reading?'.
39939234,10.1016/j.jpurol.2025.01.026,Adriansyah IA,2025,Evaluating the utility of ChatGPT in enhancing parental education and clinical support in hypospadias care.,Journal of pediatric urology,Journal Article,LLMs & GenAI,INCLUDE,,LLMs & GenAI,INCLUDE,NOT_CONTEXT_ONLY,CTX01_BROAD_DOMAIN_WITHOUT_TITLE_UROLOGY,ABSTRACT,The title and available abstract identify large-language-model or chatbot evaluation applied to the in-scope task described in 'Evaluating the utility of ChatGPT in enhancing parental education and clinical support in hypospadias care.'.
40031953,10.5489/cuaj.9020,Kim JK,2025,Use of artificial intelligence-generated multiple-choice questions for the examination of surgical subspecialty residents Report of feasibility and psychometric analysis.,Canadian Urological Association journal = Journal de l'Association des urologues du Canada,Journal Article,LLMs & GenAI,INCLUDE,,LLMs & GenAI,INCLUDE,NOT_CONTEXT_ONLY,CTX01_BROAD_DOMAIN_WITHOUT_TITLE_UROLOGY,ABSTRACT,The title and available abstract identify large-language-model or chatbot evaluation and machine learning applied to the in-scope task described in 'Use of artificial intelligence-generated multiple-choice questions for the examination of surgical subspecialty residents Report of feasibility and psychometric analysis.'.
40120697,10.1016/j.urology.2025.03.027,Patel HV,2025,Exploring Vacuum Erection Device User Feedback: A GPT-4 Thematic Analysis.,Urology,Journal Article,LLMs & GenAI,INCLUDE,,LLMs & GenAI,INCLUDE,NOT_CONTEXT_ONLY,CTX01_BROAD_DOMAIN_WITHOUT_TITLE_UROLOGY,ABSTRACT,The title and available abstract identify large-language-model or chatbot evaluation applied to the in-scope task described in 'Exploring Vacuum Erection Device User Feedback: A GPT-4 Thematic Analysis.'.
40185842,10.1038/s41746-025-01519-z,Ke YH,2025,Retrieval augmented generation for 10 large language models and its generalizability in assessing medical fitness.,NPJ digital medicine,Journal Article,LLMs & GenAI,EXCLUDE,E01_NON_UROLOGICAL,LLMs & GenAI,EXCLUDE,NOT_CONTEXT_ONLY,CTX01_BROAD_DOMAIN_WITHOUT_TITLE_UROLOGY,ABSTRACT,"The substantive AI task in 'Retrieval augmented generation for 10 large language models and its generalizability in assessing medical fitness' is general, multi-specialty, or another organ system without a separable urological, andrological, or male-reproductive result."
40192830,10.1007/s00120-025-02558-w,Haas M,2025,[Making prostate cancer research accessible: chatGPT-4 as a tool to enhance lay communication].,"Urologie (Heidelberg, Germany)",English Abstract; Journal Article,LLMs & GenAI,EXCLUDE,E09_DATE_LANGUAGE_INDEXING,LLMs & GenAI,EXCLUDE,NOT_CONTEXT_ONLY,DEEP_SCOPE_LANGUAGE_BOUNDARY,PUBMED_METADATA,Official PubMed XML metadata lists the publication language as German (ger) and does not include the English language code (eng). The record is therefore excluded under the prespecified English-language eligibility rule; an English-translated NLM title or abstract does not make the publication itself English-language eligible.
40217829,10.3390/jcm14072378,Sarikaya M,2025,Use of Artificial Intelligence in Vesicoureteral Reflux Disease: A Comparative Study of Guideline Compliance.,Journal of clinical medicine,Journal Article,LLMs & GenAI,INCLUDE,,LLMs & GenAI,INCLUDE,NOT_CONTEXT_ONLY,CTX01_BROAD_DOMAIN_WITHOUT_TITLE_UROLOGY,ABSTRACT,The title and available abstract identify large-language-model or chatbot evaluation and machine learning applied to the in-scope task described in 'Use of Artificial Intelligence in Vesicoureteral Reflux Disease: A Comparative Study of Guideline Compliance.'.
40262653,10.1097/RCT.0000000000001709,Reyes C,2025,Beyond Human Limits: The Promise and Pitfalls of Large Language Models in Radiology Research.,Journal of computer assisted tomography,Journal Article; Review,LLMs & GenAI,EXCLUDE,E01_NON_UROLOGICAL,LLMs & GenAI,EXCLUDE,NOT_CONTEXT_ONLY,CTX01_BROAD_DOMAIN_WITHOUT_TITLE_UROLOGY,ABSTRACT,"The substantive AI task in 'Beyond Human Limits: The Promise and Pitfalls of Large Language Models in Radiology Research' is general, multi-specialty, or another organ system without a separable urological, andrological, or male-reproductive result."
40397820,10.2196/72522,Owens OL,2025,"Evaluating an AI Chatbot ""Prostate Cancer Info"" for Providing Quality Prostate Cancer Screening Information: Cross-Sectional Study.",JMIR cancer,Journal Article,LLMs & GenAI,INCLUDE,,LLMs & GenAI,INCLUDE,NOT_CONTEXT_ONLY,AI04_AI_ONLY_PATHWAY_WITHOUT_TITLE_AI,ABSTRACT,"The title and available abstract identify large-language-model or chatbot evaluation and machine learning applied to the in-scope task described in 'Evaluating an AI Chatbot ""Prostate Cancer Info"" for Providing Quality Prostate Cancer Screening Information: Cross-Sectional Study.'."
40652730,10.1016/j.jss.2025.06.026,Ahmed HS,2025,Evaluating the Performance of Large Language Models on Multispecialty FRCS Section 1 Questions.,The Journal of surgical research,Evaluation Study; Journal Article,LLMs & GenAI,INCLUDE,,LLMs & GenAI,INCLUDE,NOT_CONTEXT_ONLY,DEEP_SCOPE_REVIEWER_PUSHBACK_CONFIRMATION,PUBMED_ABSTRACT,"The multispecialty FRCS study includes a separable urological professional-assessment task and reports an explicit urology-specific model result, including 20% accuracy for Gemini on the urology questions."
40664228,10.1088/1361-6560/adf02c,Liu S,2025,Automated radiotherapy treatment planning guided by GPT-4Vision.,Physics in medicine and biology,Journal Article,LLMs & GenAI,INCLUDE,,LLMs & GenAI,INCLUDE,NOT_CONTEXT_ONLY,CTX01_BROAD_DOMAIN_WITHOUT_TITLE_UROLOGY,ABSTRACT,The title and available abstract identify large-language-model or chatbot evaluation and machine learning applied to the in-scope task described in 'Automated radiotherapy treatment planning guided by GPT-4Vision.'.
40741907,10.1111/bju.16873,Asker OF,2025,"Chatbots in urology: accuracy, calibration, and comprehensibility; is DeepSeek taking over the throne?",BJU international,Journal Article,LLMs & GenAI,INCLUDE,,LLMs & GenAI,INCLUDE,NOT_CONTEXT_ONLY,AI04_AI_ONLY_PATHWAY_WITHOUT_TITLE_AI,ABSTRACT,"The title and available abstract identify large-language-model or chatbot evaluation applied to the in-scope task described in 'Chatbots in urology: accuracy, calibration, and comprehensibility; is DeepSeek taking over the throne?'."
40753506,10.1093/sxmrev/qeaf042,Tong W,2025,"Letter to the Editor on ""Exploring the potential of DeepSeek-R1 in sexual and reproductive"".",Sexual medicine reviews,Journal Article,LLMs & GenAI,CONTEXT_ONLY,E10_CONTEXT_ONLY,LLMs & GenAI,EXCLUDE,CONTEXT_ONLY,AI04_AI_ONLY_PATHWAY_WITHOUT_TITLE_AI;CTX01_BROAD_DOMAIN_WITHOUT_TITLE_UROLOGY,PUBLISHER_EXTRACT,"'Letter to the Editor on ""Exploring the potential of DeepSeek-R1 in sexual and reproductive""' provides AI reporting, governance, ethics, implementation, or research-agenda context without a primary corpus-eligible AI evaluation; it may be cited narratively but not counted."
40776057,10.3233/SHTI251039,Das A,2025,Efficient Training Corpus Retrieval for Large Language Model Fine Tuning: A Case Study in Cancer.,Studies in health technology and informatics,Journal Article,LLMs & GenAI,EXCLUDE,E06_TECHNICAL_NO_INTENDED_USE,LLMs & GenAI,EXCLUDE,NOT_CONTEXT_ONLY,CTX01_BROAD_DOMAIN_WITHOUT_TITLE_UROLOGY,ABSTRACT,'Efficient Training Corpus Retrieval for Large Language Model Fine Tuning: A Case Study in Cancer' reports a technical or engineering artifact without sufficient clinical intended-use or validation context.
40776397,10.1080/10410236.2025.2537807,Chou WS,2025,Portrayal of Cancer Patients in the Era of AI: A Content Analysis of Images Produced by Generative AI Tools.,Health communication,Journal Article,LLMs & GenAI,EXCLUDE,E01_NON_UROLOGICAL,LLMs & GenAI,EXCLUDE,NOT_CONTEXT_ONLY,CTX01_BROAD_DOMAIN_WITHOUT_TITLE_UROLOGY,ABSTRACT,"The substantive AI task in 'Portrayal of Cancer Patients in the Era of AI: A Content Analysis of Images Produced by Generative AI Tools' is general, multi-specialty, or another organ system without a separable urological, andrological, or male-reproductive result."
40875232,10.1001/jamanetworkopen.2025.29418,Srinivasan A,2025,Large Language Model Analysis of Reporting Quality of Randomized Clinical Trial Articles: A Systematic Review.,JAMA network open,Journal Article; Systematic Review,LLMs & GenAI,CONTEXT_ONLY,E10_CONTEXT_ONLY,LLMs & GenAI,EXCLUDE,CONTEXT_ONLY,CTX01_BROAD_DOMAIN_WITHOUT_TITLE_UROLOGY,ABSTRACT,"'Large Language Model Analysis of Reporting Quality of Randomized Clinical Trial Articles: A Systematic Review' provides AI reporting, governance, ethics, implementation, or research-agenda context without a primary corpus-eligible AI evaluation; it may be cited narratively but not counted."
40993200,10.1038/s41443-025-01179-3,Gonultas S,2025,"Chatbots' performance in premature ejaculation questions: a comparative analysis of reliability, readability, and understandability.",International journal of impotence research,Comparative Study; Journal Article,LLMs & GenAI,INCLUDE,,LLMs & GenAI,INCLUDE,NOT_CONTEXT_ONLY,AI04_AI_ONLY_PATHWAY_WITHOUT_TITLE_AI,PRIOR_HUMAN_ABSTRACT_REVIEW,"The title and available abstract identify large-language-model or chatbot evaluation and machine learning applied to the in-scope task described in 'Chatbots' performance in premature ejaculation questions: a comparative analysis of reliability, readability, and understandability.'."
40999290,10.1007/s10815-025-03679-z,Li W,2025,The potential of large language models in the field of infertility: a systematic review.,Journal of assisted reproduction and genetics,Journal Article; Systematic Review,LLMs & GenAI,INCLUDE,,LLMs & GenAI,INCLUDE,NOT_CONTEXT_ONLY,CTX01_BROAD_DOMAIN_WITHOUT_TITLE_UROLOGY,ABSTRACT,The title and available abstract identify a substantive synthesis of large-language-model or chatbot evaluation in the in-scope LLMs & GenAI area described in 'The potential of large language models in the field of infertility: a systematic review.'.
41085611,10.1007/s11701-025-02871-8,Davuluri T,2025,Quality assessment of patient-facing urologic telesurgery content using validated tools.,Journal of robotic surgery,Journal Article,LLMs & GenAI,INCLUDE,,LLMs & GenAI,INCLUDE,NOT_CONTEXT_ONLY,AI04_AI_ONLY_PATHWAY_WITHOUT_TITLE_AI,PRIOR_HUMAN_ABSTRACT_REVIEW,The title and available abstract identify large-language-model or chatbot evaluation and machine learning applied to the in-scope task described in 'Quality assessment of patient-facing urologic telesurgery content using validated tools.'.
41149502,10.3390/curroncol32100582,Maywald L,2025,Readability of Chatbot Responses in Prostate Cancer and Urological Care: Objective Metrics Versus Patient Perceptions.,"Current oncology (Toronto, Ont.)",Journal Article,LLMs & GenAI,INCLUDE,,LLMs & GenAI,INCLUDE,NOT_CONTEXT_ONLY,AI04_AI_ONLY_PATHWAY_WITHOUT_TITLE_AI,ABSTRACT,The title and available abstract identify large-language-model or chatbot evaluation applied to the in-scope task described in 'Readability of Chatbot Responses in Prostate Cancer and Urological Care: Objective Metrics Versus Patient Perceptions.'.
41272253,10.1038/s43856-025-01194-x,Prenosil GA,2025,Neuro-symbolic AI for auditable cognitive information extraction from medical reports.,Communications medicine,Journal Article,LLMs & GenAI,INCLUDE,,LLMs & GenAI,INCLUDE,NOT_CONTEXT_ONLY,AI04_AI_ONLY_PATHWAY_WITHOUT_TITLE_AI;CTX01_BROAD_DOMAIN_WITHOUT_TITLE_UROLOGY,ABSTRACT,The title and available abstract identify large-language-model or chatbot evaluation and machine learning applied to the in-scope task described in 'Neuro-symbolic AI for auditable cognitive information extraction from medical reports.'.
41406331,10.5489/cuaj.9302,Ahmet H,2025,Comparative assessment of AI models in addressing questions on priapism: An evaluation of response quality and clinical utility.,Canadian Urological Association journal = Journal de l'Association des urologues du Canada,Journal Article,LLMs & GenAI,INCLUDE,,LLMs & GenAI,INCLUDE,NOT_CONTEXT_ONLY,AI04_AI_ONLY_PATHWAY_WITHOUT_TITLE_AI;CTX01_BROAD_DOMAIN_WITHOUT_TITLE_UROLOGY,ABSTRACT,The title and available abstract identify large-language-model or chatbot evaluation and machine learning applied to the in-scope task described in 'Comparative assessment of AI models in addressing questions on priapism: An evaluation of response quality and clinical utility.'.
41438399,10.18502/ijrm.v23i10.20316,Sajjadi H,2025,Presenting a conceptual model for decision support systems in infertility: A developmental study.,International journal of reproductive biomedicine,Journal Article,LLMs & GenAI,EXCLUDE,E05_NO_SUBSTANTIVE_AI,LLMs & GenAI,EXCLUDE,NOT_CONTEXT_ONLY,AI04_AI_ONLY_PATHWAY_WITHOUT_TITLE_AI;CTX01_BROAD_DOMAIN_WITHOUT_TITLE_UROLOGY,ABSTRACT,"The available evidence for 'Presenting a conceptual model for decision support systems in infertility: A developmental study' reports conventional imaging, statistics, digital/AR/VR technology, biomarkers, or automation without a substantive AI/ML method or application."
39129080,10.1016/j.urolonc.2024.05.012,Launer BM,2025,A contemporary review: mpMRI in prostate cancer screening and diagnosis.,Urologic oncology,Journal Article; Review,Prostate Imaging,EXCLUDE,E05_NO_SUBSTANTIVE_AI,Prostate Imaging,EXCLUDE,NOT_CONTEXT_ONLY,AI04_AI_ONLY_PATHWAY_WITHOUT_TITLE_AI,ABSTRACT,"The available evidence for 'A contemporary review: mpMRI in prostate cancer screening and diagnosis' reports conventional imaging, statistics, digital/AR/VR technology, biomarkers, or automation without a substantive AI/ML method or application."
39349172,10.1016/j.remnie.2024.500065,Aydinbelge-Dizdar N,2025,Reliability and Readability evaluation of chatbots responses as a patient information resource for the most common PET/CT scans.,Revista espanola de medicina nuclear e imagen molecular,Journal Article,Prostate Imaging,INCLUDE,,Prostate Imaging,INCLUDE,NOT_CONTEXT_ONLY,AI04_AI_ONLY_PATHWAY_WITHOUT_TITLE_AI,ABSTRACT,The title and available abstract identify large-language-model or chatbot evaluation applied to the in-scope task described in 'Reliability and Readability evaluation of chatbots responses as a patient information resource for the most common PET/CT scans.'.
39356481,10.2214/AJR.24.31715,Margolis DJA,2025,"Quantitative Prostate MRI, From the AJR Special Series on Quantitative Imaging.",AJR. American journal of roentgenology,Journal Article; Review,Prostate Imaging,EXCLUDE,E05_NO_SUBSTANTIVE_AI,Prostate Imaging,EXCLUDE,NOT_CONTEXT_ONLY,AI04_AI_ONLY_PATHWAY_WITHOUT_TITLE_AI,ABSTRACT,"The available evidence for 'Quantitative Prostate MRI, From the AJR Special Series on Quantitative Imaging' reports conventional imaging, statistics, digital/AR/VR technology, biomarkers, or automation without a substantive AI/ML method or application."
39414421,10.1016/j.euo.2024.09.017,Fazekas T,2025,Molecular Correlates of Prostate Cancer Visibility on Multiparametric Magnetic Resonance Imaging: A Systematic Review.,European urology oncology,Journal Article; Systematic Review,Prostate Imaging,EXCLUDE,E05_NO_SUBSTANTIVE_AI,Prostate Imaging,EXCLUDE,NOT_CONTEXT_ONLY,AI04_AI_ONLY_PATHWAY_WITHOUT_TITLE_AI,ABSTRACT,"The available evidence for 'Molecular Correlates of Prostate Cancer Visibility on Multiparametric Magnetic Resonance Imaging: A Systematic Review' reports conventional imaging, statistics, digital/AR/VR technology, biomarkers, or automation without a substantive AI/ML method or application."
39521638,10.1016/j.euo.2024.10.011,Benitez CM,2025,"Treatment Response Assessment According to Updated PROMISE Criteria in Patients with Metastatic Prostate Cancer Using an Automated Imaging Platform for Identification, Measurement, and Temporal Tracking of Disease.",European urology oncology,Journal Article,Prostate Imaging,INCLUDE,,Prostate Imaging,INCLUDE,NOT_CONTEXT_ONLY,AI04_AI_ONLY_PATHWAY_WITHOUT_TITLE_AI,ABSTRACT,"The title and available abstract identify machine learning applied to the in-scope task described in 'Treatment Response Assessment According to Updated PROMISE Criteria in Patients with Metastatic Prostate Cancer Using an Automated Imaging Platform for Identification, Measurement, and Temporal Tracking of Disease.'."
39579754,10.1016/j.clinimag.2024.110363,Esengur OT,2025,Multimodal approach to optimize biopsy decision-making for PI-RADS 3 lesions on multiparametric MRI.,Clinical imaging,Journal Article,Prostate Imaging,INCLUDE,,Prostate Imaging,INCLUDE,NOT_CONTEXT_ONLY,AI04_AI_ONLY_PATHWAY_WITHOUT_TITLE_AI,ABSTRACT,The title and available abstract identify machine learning applied to the in-scope task described in 'Multimodal approach to optimize biopsy decision-making for PI-RADS 3 lesions on multiparametric MRI.'.
39698957,10.1002/jmrs.841,Zou Y,2025,A two-stage model for precise identification and Gleason grading of clinically significant prostate cancer: a hybrid approach.,Journal of medical radiation sciences,Journal Article,Prostate Imaging,INCLUDE,,Prostate Imaging,INCLUDE,NOT_CONTEXT_ONLY,AI04_AI_ONLY_PATHWAY_WITHOUT_TITLE_AI,PRIOR_HUMAN_ABSTRACT_REVIEW,The title and available abstract identify radiomics or pathomics applied to the in-scope task described in 'A two-stage model for precise identification and Gleason grading of clinically significant prostate cancer: a hybrid approach.'.
39729944,10.1016/j.ejrad.2024.111897,Walter-Rittel TC,2025,Automated 24-sector grid-map algorithm for prostate mpMRI improves precision and efficacy of prostate lesion location reporting.,European journal of radiology,Journal Article,Prostate Imaging,INCLUDE,,Prostate Imaging,INCLUDE,NOT_CONTEXT_ONLY,AI04_AI_ONLY_PATHWAY_WITHOUT_TITLE_AI,ABSTRACT,The title and available abstract identify deep learning applied to the in-scope task described in 'Automated 24-sector grid-map algorithm for prostate mpMRI improves precision and efficacy of prostate lesion location reporting.'.
39794510,10.1007/s00259-024-07060-7,Kersting D,2025,Staging of prostate Cancer with ultra-fast PSMA-PET scans enhanced by AI.,European journal of nuclear medicine and molecular imaging,Journal Article,Prostate Imaging,INCLUDE,,Prostate Imaging,INCLUDE,NOT_CONTEXT_ONLY,AI04_AI_ONLY_PATHWAY_WITHOUT_TITLE_AI,ABSTRACT,The title and available abstract identify a substantive AI or machine-learning application applied to the in-scope task described in 'Staging of prostate Cancer with ultra-fast PSMA-PET scans enhanced by AI.'.
39795634,10.3390/diagnostics15010106,Telecan T,2025,Automatic Characterization of Prostate Suspect Lesions on T2-Weighted Image Acquisitions Using Texture Features and Machine-Learning Methods: A Pilot Study.,"Diagnostics (Basel, Switzerland)",Journal Article,Prostate Imaging,INCLUDE,,Prostate Imaging,INCLUDE,NOT_CONTEXT_ONLY,AI04_AI_ONLY_PATHWAY_WITHOUT_TITLE_AI,ABSTRACT,The title and available abstract identify radiomics or pathomics and machine learning applied to the in-scope task described in 'Automatic Characterization of Prostate Suspect Lesions on T2-Weighted Image Acquisitions Using Texture Features and Machine-Learning Methods: A Pilot Study.'.
39881076,10.1186/s13244-024-01896-1,Bao J,2025,3D-AttenNet model can predict clinically significant prostate cancer in PI-RADS category 3 patients: a retrospective multicenter study.,Insights into imaging,Journal Article,Prostate Imaging,INCLUDE,,Prostate Imaging,INCLUDE,NOT_CONTEXT_ONLY,AI04_AI_ONLY_PATHWAY_WITHOUT_TITLE_AI,ABSTRACT,The title and available abstract identify deep learning applied to the in-scope task described in '3D-AttenNet model can predict clinically significant prostate cancer in PI-RADS category 3 patients: a retrospective multicenter study.'.
39906153,10.1016/j.ejro.2025.100635,Pausch AM,2025,Ultra-fast biparametric MRI in prostate cancer assessment: Diagnostic performance and image quality compared to conventional multiparametric MRI.,European journal of radiology open,Journal Article,Prostate Imaging,INCLUDE,,Prostate Imaging,INCLUDE,NOT_CONTEXT_ONLY,AI04_AI_ONLY_PATHWAY_WITHOUT_TITLE_AI,PRIOR_HUMAN_ABSTRACT_REVIEW,The title and available abstract identify a substantive AI or machine-learning application applied to the in-scope task described in 'Ultra-fast biparametric MRI in prostate cancer assessment: Diagnostic performance and image quality compared to conventional multiparametric MRI.'.
39948672,10.1186/s12935-025-03677-2,Hu J,2025,An online clustering algorithm predicting model for prostate cancer based on PHI-related variables and PI-RADS in different PSA populations.,Cancer cell international,Journal Article,Prostate Imaging,INCLUDE,,Prostate Imaging,INCLUDE,NOT_CONTEXT_ONLY,AI03_GENERIC_PREDICTION_WITHOUT_EXPLICIT_AI,ABSTRACT,The title and available abstract identify a substantive AI or machine-learning application applied to the in-scope task described in 'An online clustering algorithm predicting model for prostate cancer based on PHI-related variables and PI-RADS in different PSA populations.'.
40055229,10.1007/s00330-025-11498-0,Padhani AR,2025,AI and human interactions in prostate cancer diagnosis using MRI.,European radiology,Journal Article; Review,Prostate Imaging,INCLUDE,,Prostate Imaging,INCLUDE,NOT_CONTEXT_ONLY,AI04_AI_ONLY_PATHWAY_WITHOUT_TITLE_AI,ABSTRACT,The title and available abstract identify a substantive synthesis of machine learning in the in-scope Prostate Imaging area described in 'AI and human interactions in prostate cancer diagnosis using MRI.'.
40143433,10.1002/jmri.29754,Esengur OT,2025,Toward a Refined PI-RADS: The Feasibility and Limitations of More Informative Metrics in Reviewing MRI Scans.,Journal of magnetic resonance imaging : JMRI,Journal Article; Review,Prostate Imaging,INCLUDE,,Prostate Imaging,INCLUDE,NOT_CONTEXT_ONLY,AI04_AI_ONLY_PATHWAY_WITHOUT_TITLE_AI,ABSTRACT,The title and available abstract identify a substantive synthesis of machine learning in the in-scope Prostate Imaging area described in 'Toward a Refined PI-RADS: The Feasibility and Limitations of More Informative Metrics in Reviewing MRI Scans.'.
40154847,10.1016/j.ijrobp.2025.03.024,Song Y,2025,Multidisciplinary Consensus Prostate Contours on Magnetic Resonance Imaging: Educational Atlas and Reference Standard for Artificial Intelligence Benchmarking.,"International journal of radiation oncology, biology, physics",Consensus Statement; Journal Article,Prostate Imaging,INCLUDE,,Prostate Imaging,INCLUDE,NOT_CONTEXT_ONLY,TEC01_TECHNICAL_ARTIFACT_WITHOUT_CLINICAL_CUE,ABSTRACT,The title and available abstract identify machine learning applied to the in-scope task described in 'Multidisciplinary Consensus Prostate Contours on Magnetic Resonance Imaging: Educational Atlas and Reference Standard for Artificial Intelligence Benchmarking.'.
40159133,10.1556/650.2025.33214,Poth S,2025,[Artificial intelligence-based fusion prostate biopsy].,Orvosi hetilap,Journal Article,Prostate Imaging,EXCLUDE,E09_DATE_LANGUAGE_INDEXING,Prostate Imaging,EXCLUDE,NOT_CONTEXT_ONLY,DEEP_SCOPE_LANGUAGE_BOUNDARY,PUBMED_METADATA,Official PubMed XML metadata lists the publication language as Hungarian (hun) and does not include the English language code (eng). The record is therefore excluded under the prespecified English-language eligibility rule; an English-translated NLM title or abstract does not make the publication itself English-language eligible.
40160627,10.21037/qims-24-1263,Long H,2025,Improved prostate cancer diagnosis: upgraded prostate imaging reporting and data system (PI-RADS) scores by zoomed diffusion-weighted imaging enhance deep-learning-based computer-aided diagnosis accuracy.,Quantitative imaging in medicine and surgery,Journal Article,Prostate Imaging,INCLUDE,,Prostate Imaging,INCLUDE,NOT_CONTEXT_ONLY,AI04_AI_ONLY_PATHWAY_WITHOUT_TITLE_AI,ABSTRACT,The title and available abstract identify a substantive AI or machine-learning application applied to the in-scope task described in 'Improved prostate cancer diagnosis: upgraded prostate imaging reporting and data system (PI-RADS) scores by zoomed diffusion-weighted imaging enhance deep-learning-based computer-aided diagnosis accuracy.'.
40232134,10.1148/radiol.240140,Turkbey B,2025,"Requirements for AI Development and Reporting for MRI Prostate Cancer Detection in Biopsy-Naive Men: PI-RADS Steering Committee, Version 1.0.",Radiology,Journal Article; Review,Prostate Imaging,INCLUDE,,Prostate Imaging,INCLUDE,NOT_CONTEXT_ONLY,DEEP_SCOPE_REVIEWER_PUSHBACK_CONFIRMATION,PUBMED_ABSTRACT,"This prostate-specific guidance defines AI development, dataset, reference-standard, performance, and reporting requirements for MRI detection of clinically significant prostate cancer and therefore provides a substantive separable urological AI contribution."
40278014,10.3390/jimaging11040098,Dimitriadis A,2025,Assessing Cancer Presence in Prostate MRI Using Multi-Encoder Cross-Attention Networks.,Journal of imaging,Journal Article,Prostate Imaging,INCLUDE,,Prostate Imaging,INCLUDE,NOT_CONTEXT_ONLY,AI04_AI_ONLY_PATHWAY_WITHOUT_TITLE_AI,ABSTRACT,The title and available abstract identify deep learning applied to the in-scope task described in 'Assessing Cancer Presence in Prostate MRI Using Multi-Encoder Cross-Attention Networks.'.
40293532,10.1007/s00345-025-05649-7,Deniffel D,2025,Optimizing biopsy decisions in PI-RADS 3 lesions: cross-institutional validation of a local clinical risk model.,World journal of urology,Journal Article; Multicenter Study; Validation Study,Prostate Imaging,EXCLUDE,E05_NO_SUBSTANTIVE_AI,Prostate Imaging,EXCLUDE,NOT_CONTEXT_ONLY,AI04_AI_ONLY_PATHWAY_WITHOUT_TITLE_AI,ABSTRACT,"The available evidence for 'Optimizing biopsy decisions in PI-RADS 3 lesions: cross-institutional validation of a local clinical risk model' reports conventional imaging, statistics, digital/AR/VR technology, biomarkers, or automation without a substantive AI/ML method or application."
40312897,10.4111/icu.20240456,Chung Y,2025,Evaluating prostate cancer diagnostic methods: The role and relevance of digital rectal examination in modern era.,Investigative and clinical urology,Journal Article; Review,Prostate Imaging,EXCLUDE,E05_NO_SUBSTANTIVE_AI,Prostate Imaging,EXCLUDE,NOT_CONTEXT_ONLY,AI04_AI_ONLY_PATHWAY_WITHOUT_TITLE_AI,ABSTRACT,"The available evidence for 'Evaluating prostate cancer diagnostic methods: The role and relevance of digital rectal examination in modern era' reports conventional imaging, statistics, digital/AR/VR technology, biomarkers, or automation without a substantive AI/ML method or application."
40319443,10.1007/s00432-025-06184-z,Shen Z,2025,PSMA PET/CT for prostate cancer diagnosis: current applications and future directions.,Journal of cancer research and clinical oncology,Journal Article; Review,Prostate Imaging,INCLUDE,,Prostate Imaging,INCLUDE,NOT_CONTEXT_ONLY,AI01_FUTURE_OR_INCIDENTAL_AI_RISK;AI04_AI_ONLY_PATHWAY_WITHOUT_TITLE_AI,ABSTRACT,The title and available abstract identify a substantive synthesis of machine learning in the in-scope Prostate Imaging area described in 'PSMA PET/CT for prostate cancer diagnosis: current applications and future directions.'.
40320939,10.4274/dir.2025.243102,Basar Y,2025,Pix2Pix generative-adversarial network in improving the quality of T2-weighted prostate magnetic resonance imaging: a multi-reader study.,"Diagnostic and interventional radiology (Ankara, Turkey)",Journal Article,Prostate Imaging,INCLUDE,,Prostate Imaging,INCLUDE,NOT_CONTEXT_ONLY,AI04_AI_ONLY_PATHWAY_WITHOUT_TITLE_AI,ABSTRACT,The title and available abstract identify deep learning and machine learning applied to the in-scope task described in 'Pix2Pix generative-adversarial network in improving the quality of T2-weighted prostate magnetic resonance imaging: a multi-reader study.'.
40361490,10.3390/cancers17091563,Toosi A,2025,Computer-Aided Detection (CADe) of Small Metastatic Prostate Cancer Lesions on 3D PSMA PET Volumes Using Multi-Angle Maximum Intensity Projections.,Cancers,Journal Article,Prostate Imaging,INCLUDE,,Prostate Imaging,INCLUDE,NOT_CONTEXT_ONLY,AI04_AI_ONLY_PATHWAY_WITHOUT_TITLE_AI,ABSTRACT,The title and available abstract identify computer vision applied to the in-scope task described in 'Computer-Aided Detection (CADe) of Small Metastatic Prostate Cancer Lesions on 3D PSMA PET Volumes Using Multi-Angle Maximum Intensity Projections.'.
40361959,10.3390/diagnostics15091141,Boellaard TN,2025,Comparing AI and Manual Segmentation of Prostate MRI: Towards AI-Driven 3D-Model-Guided Prostatectomy.,"Diagnostics (Basel, Switzerland)",Journal Article,Prostate Imaging,INCLUDE,,Prostate Imaging,INCLUDE,NOT_CONTEXT_ONLY,TEC01_TECHNICAL_ARTIFACT_WITHOUT_CLINICAL_CUE,ABSTRACT,The title and available abstract identify a substantive AI or machine-learning application applied to the in-scope task described in 'Comparing AI and Manual Segmentation of Prostate MRI: Towards AI-Driven 3D-Model-Guided Prostatectomy.'.
40399853,10.1186/s12885-025-14301-x,Chai L,2025,Synthesizing [(18)F]PSMA-1007 PET bone images from CT images with GAN for early detection of prostate cancer bone metastases: a pilot validation study.,BMC cancer,Journal Article; Validation Study,Prostate Imaging,INCLUDE,,Prostate Imaging,INCLUDE,NOT_CONTEXT_ONLY,AI04_AI_ONLY_PATHWAY_WITHOUT_TITLE_AI,ABSTRACT,The title and available abstract identify deep learning applied to the in-scope task described in 'Synthesizing [(18)F]PSMA-1007 PET bone images from CT images with GAN for early detection of prostate cancer bone metastases: a pilot validation study.'.
40445307,10.1007/s00261-025-05019-2,Grabke EP,2025,Using AI to triage patients without clinically significant prostate cancer using biparametric MRI and PSA.,Abdominal radiology (New York),Journal Article,Prostate Imaging,INCLUDE,,Prostate Imaging,INCLUDE,NOT_CONTEXT_ONLY,AI04_AI_ONLY_PATHWAY_WITHOUT_TITLE_AI,ABSTRACT,The title and available abstract identify deep learning and machine learning applied to the in-scope task described in 'Using AI to triage patients without clinically significant prostate cancer using biparametric MRI and PSA.'.
40473460,10.2967/jnumed.124.268071,Gafita A,2025,Treatment Response Evaluation in Prostate Cancer Using PSMA PET/CT.,"Journal of nuclear medicine : official publication, Society of Nuclear Medicine",Journal Article; Review,Prostate Imaging,EXCLUDE,E05_NO_SUBSTANTIVE_AI,Prostate Imaging,EXCLUDE,NOT_CONTEXT_ONLY,AI04_AI_ONLY_PATHWAY_WITHOUT_TITLE_AI,ABSTRACT,"The available evidence for 'Treatment Response Evaluation in Prostate Cancer Using PSMA PET/CT' reports conventional imaging, statistics, digital/AR/VR technology, biomarkers, or automation without a substantive AI/ML method or application."
40503095,10.1016/j.redii.2025.100059,Dana J,2025,Deep learning reconstruction in biparametric prostate MRI: Impact on qualitative and radiomics analyses.,Research in diagnostic and interventional imaging,Journal Article,Prostate Imaging,INCLUDE,,Prostate Imaging,INCLUDE,NOT_CONTEXT_ONLY,TEC01_TECHNICAL_ARTIFACT_WITHOUT_CLINICAL_CUE,ABSTRACT,The title and available abstract identify deep learning and radiomics or pathomics applied to the in-scope task described in 'Deep learning reconstruction in biparametric prostate MRI: Impact on qualitative and radiomics analyses.'.
40506972,10.3390/diagnostics15111400,Dorri Giv M,2025,Optimizing Attenuation Correction in (68)Ga-PSMA PET Imaging Using Deep Learning and Artifact-Free Dataset Refinement.,"Diagnostics (Basel, Switzerland)",Journal Article,Prostate Imaging,INCLUDE,,Prostate Imaging,INCLUDE,NOT_CONTEXT_ONLY,TEC01_TECHNICAL_ARTIFACT_WITHOUT_CLINICAL_CUE,ABSTRACT,The title and available abstract identify deep learning applied to the in-scope task described in 'Optimizing Attenuation Correction in (68)Ga-PSMA PET Imaging Using Deep Learning and Artifact-Free Dataset Refinement.'.
40508192,10.3390/ijms26115386,Vakili S,2025,"Transforming Prostate Cancer Care: Innovations in Diagnosis, Treatment, and Future Directions.",International journal of molecular sciences,Journal Article; Review,Prostate Imaging,EXCLUDE,E05_NO_SUBSTANTIVE_AI,Prostate Imaging,EXCLUDE,NOT_CONTEXT_ONLY,AI01_FUTURE_OR_INCIDENTAL_AI_RISK;AI04_AI_ONLY_PATHWAY_WITHOUT_TITLE_AI,ABSTRACT,"The abstract's main focus in 'Transforming Prostate Cancer Care: Innovations in Diagnosis, Treatment, and Future Directions' is not an AI/ML evaluation; AI is absent or limited to an incidental, emerging, or future possibility rather than a substantive method or application."
40518464,10.1186/s41824-025-00254-8,Valind K,2025,AI based automatic measurement of split renal function in [(18)F]PSMA-1007 PET/CT.,EJNMMI reports,Journal Article,Prostate Imaging,INCLUDE,,Prostate Imaging,INCLUDE,NOT_CONTEXT_ONLY,RENAL_NEPHROLOGY_BOUNDARY_PASS,PUBMED_ABSTRACT,Split-renal-function measurement from PSMA PET/CT is linked to renal impairment in prostate-cancer treatment patients.
40526126,10.1007/s00259-025-07404-x,Gauthe M,2025,Deep-learning-based software versus experienced nuclear medicine physician to read [(18)F]-piflufolastat used for PSMA-PET/CT imaging in prostate cancer patients presenting with first biochemical recurrence: A comparative study of detection rate.,European journal of nuclear medicine and molecular imaging,Journal Article,Prostate Imaging,INCLUDE,,Prostate Imaging,INCLUDE,NOT_CONTEXT_ONLY,AI04_AI_ONLY_PATHWAY_WITHOUT_TITLE_AI,ABSTRACT,The title and available abstract identify a substantive AI or machine-learning application applied to the in-scope task described in 'Deep-learning-based software versus experienced nuclear medicine physician to read [(18)F]-piflufolastat used for PSMA-PET/CT imaging in prostate cancer patients presenting with first biochemical recurrence: A comparative study of detection rate.'.
40580320,10.1007/s00259-025-07416-7,Roll W,2025,Prognostic value of body composition out of PSMA-PET/CT in prostate cancer patients undergoing PSMA-therapy.,European journal of nuclear medicine and molecular imaging,Journal Article,Prostate Imaging,INCLUDE,,Prostate Imaging,INCLUDE,NOT_CONTEXT_ONLY,AI04_AI_ONLY_PATHWAY_WITHOUT_TITLE_AI,ABSTRACT,The title and available abstract identify deep learning applied to the in-scope task described in 'Prognostic value of body composition out of PSMA-PET/CT in prostate cancer patients undergoing PSMA-therapy.'.
40593911,10.1038/s41598-025-02973-1,Orman M,2025,Multicenter analysis for inter reader agreement of PIQUAL score v2 for basic readers in prostate MRI.,Scientific reports,Journal Article; Multicenter Study,Prostate Imaging,EXCLUDE,E05_NO_SUBSTANTIVE_AI,Prostate Imaging,EXCLUDE,NOT_CONTEXT_ONLY,AI04_AI_ONLY_PATHWAY_WITHOUT_TITLE_AI,ABSTRACT,"The available evidence for 'Multicenter analysis for inter reader agreement of PIQUAL score v2 for basic readers in prostate MRI' reports conventional imaging, statistics, digital/AR/VR technology, biomarkers, or automation without a substantive AI/ML method or application."
40665093,10.1007/s12149-025-02086-9,Enei Y,2025,Comparison of diagnostic performance between manual diagnosis following PROMISE V2 and aPROMISE utilizing Ga/F-PSMA PET/CT.,Annals of nuclear medicine,Comparative Study; Journal Article,Prostate Imaging,INCLUDE,,Prostate Imaging,INCLUDE,NOT_CONTEXT_ONLY,AI04_AI_ONLY_PATHWAY_WITHOUT_TITLE_AI,ABSTRACT,The title and available abstract identify machine learning applied to the in-scope task described in 'Comparison of diagnostic performance between manual diagnosis following PROMISE V2 and aPROMISE utilizing Ga/F-PSMA PET/CT.'.
40723170,10.3390/cancers17142285,Wybranska JM,2025,Integrating (68)Ga-PSMA-11 PET/CT with Clinical Risk Factors for Enhanced Prostate Cancer Progression Prediction.,Cancers,Journal Article,Prostate Imaging,INCLUDE,,Prostate Imaging,INCLUDE,NOT_CONTEXT_ONLY,AI03_GENERIC_PREDICTION_WITHOUT_EXPLICIT_AI;AI04_AI_ONLY_PATHWAY_WITHOUT_TITLE_AI,ABSTRACT,The title and available abstract identify machine learning applied to the in-scope task described in 'Integrating (68)Ga-PSMA-11 PET/CT with Clinical Risk Factors for Enhanced Prostate Cancer Progression Prediction.'.
40735490,10.1016/j.ejro.2025.100671,Nishioka N,2025,"Comparative evaluation of four reconstruction techniques for prostate T2-weighted MRI: Sensitivity encoding, compressed sensing, deep learning, and super-resolution.",European journal of radiology open,Journal Article,Prostate Imaging,INCLUDE,,Prostate Imaging,INCLUDE,NOT_CONTEXT_ONLY,TEC01_TECHNICAL_ARTIFACT_WITHOUT_CLINICAL_CUE,ABSTRACT,"The title and available abstract identify deep learning applied to the in-scope task described in 'Comparative evaluation of four reconstruction techniques for prostate T2-weighted MRI: Sensitivity encoding, compressed sensing, deep learning, and super-resolution.'."
40788246,,Ma Y,2025,[Research progress on screening prostate cancer in the PSA＂gray zone＂and PI-RADS 3 lesions].,Zhonghua nan ke xue = National journal of andrology,English Abstract; Journal Article; Review,Prostate Imaging,EXCLUDE,E09_DATE_LANGUAGE_INDEXING,Prostate Imaging,EXCLUDE,NOT_CONTEXT_ONLY,DEEP_SCOPE_LANGUAGE_BOUNDARY,PUBMED_METADATA,Official PubMed XML metadata lists the publication language as Chinese (chi) and does not include the English language code (eng). The record is therefore excluded under the prespecified English-language eligibility rule; an English-translated NLM title or abstract does not make the publication itself English-language eligible.
40805290,10.3390/cancers17152595,Pasecinic V,2025,"Predictors of ISUP Grade Group Discrepancies Between Biopsy and Radical Prostatectomy: A Single-Center Analysis of Clinical, Imaging, and Histopathological Parameters.",Cancers,Journal Article,Prostate Imaging,INCLUDE,,Prostate Imaging,INCLUDE,NOT_CONTEXT_ONLY,AI03_GENERIC_PREDICTION_WITHOUT_EXPLICIT_AI;AI04_AI_ONLY_PATHWAY_WITHOUT_TITLE_AI,ABSTRACT,"The title and available abstract identify machine learning applied to the in-scope task described in 'Predictors of ISUP Grade Group Discrepancies Between Biopsy and Radical Prostatectomy: A Single-Center Analysis of Clinical, Imaging, and Histopathological Parameters.'."
40819603,10.1016/j.compmedimag.2025.102625,Bashkanov O,2025,Multimodal data fusion with irregular PSA kinetics for automated prostate cancer grading.,Computerized medical imaging and graphics : the official journal of the Computerized Medical Imaging Society,Journal Article,Prostate Imaging,INCLUDE,,Prostate Imaging,INCLUDE,NOT_CONTEXT_ONLY,AI04_AI_ONLY_PATHWAY_WITHOUT_TITLE_AI,ABSTRACT,The title and available abstract identify deep learning applied to the in-scope task described in 'Multimodal data fusion with irregular PSA kinetics for automated prostate cancer grading.'.
40935613,10.2967/jnumed.125.269584,Beintner-Skawran S,2025,[(68)Ga]Ga-PSMA-11 PET Tumor Volume Predicts Overall Survival of Patients with Metastatic Prostate Cancer Undergoing Taxane-Based Chemotherapy.,"Journal of nuclear medicine : official publication, Society of Nuclear Medicine",Journal Article,Prostate Imaging,INCLUDE,,Prostate Imaging,INCLUDE,NOT_CONTEXT_ONLY,AI04_AI_ONLY_PATHWAY_WITHOUT_TITLE_AI,ABSTRACT,The title and available abstract identify machine learning applied to the in-scope task described in '[(68)Ga]Ga-PSMA-11 PET Tumor Volume Predicts Overall Survival of Patients with Metastatic Prostate Cancer Undergoing Taxane-Based Chemotherapy.'.
41081880,10.1007/s00261-025-05231-0,Su Z,2025,Development and validation of a nomogram combining PI-RADS v2.1 and clinical indicators for the diagnosis of prostate cancer in patients with PSA </= 20 ng/mL.,Abdominal radiology (New York),Journal Article,Prostate Imaging,INCLUDE,,Prostate Imaging,INCLUDE,NOT_CONTEXT_ONLY,AI03_GENERIC_PREDICTION_WITHOUT_EXPLICIT_AI;AI04_AI_ONLY_PATHWAY_WITHOUT_TITLE_AI,ABSTRACT,The title and available abstract identify machine learning applied to the in-scope task described in 'Development and validation of a nomogram combining PI-RADS v2.1 and clinical indicators for the diagnosis of prostate cancer in patients with PSA </= 20 ng/mL.'.
41109951,10.12659/MSM.949996,Cai H,2025,Automated Multimodal Image Registration for Prostate Cancer Using Squeeze-and-Excitation ResNet with Thin Plate Spline Transformation: A Deep Learning Approach.,Medical science monitor : international medical journal of experimental and clinical research,Journal Article,Prostate Imaging,INCLUDE,,Prostate Imaging,INCLUDE,NOT_CONTEXT_ONLY,TEC01_TECHNICAL_ARTIFACT_WITHOUT_CLINICAL_CUE,ABSTRACT,The title and available abstract identify deep learning applied to the in-scope task described in 'Automated Multimodal Image Registration for Prostate Cancer Using Squeeze-and-Excitation ResNet with Thin Plate Spline Transformation: A Deep Learning Approach.'.
41170469,10.3389/fonc.2025.1640159,Yang J,2025,Multimodal integration of [(18)F]PSMA-1007 PET/CT semiquantitative parameters and clinicopathological data for predicting prostate cancer metastasis.,Frontiers in oncology,Journal Article,Prostate Imaging,INCLUDE,,Prostate Imaging,INCLUDE,NOT_CONTEXT_ONLY,AI03_GENERIC_PREDICTION_WITHOUT_EXPLICIT_AI;AI04_AI_ONLY_PATHWAY_WITHOUT_TITLE_AI,PRIOR_HUMAN_ABSTRACT_REVIEW,The title and available abstract identify machine learning applied to the in-scope task described in 'Multimodal integration of [(18)F]PSMA-1007 PET/CT semiquantitative parameters and clinicopathological data for predicting prostate cancer metastasis.'.
41272268,10.1038/s41391-025-01053-9,Xie XR,2025,AI-aided diagnostic performance for prostate MRI: systematic review and meta-analysis.,Prostate cancer and prostatic diseases,Journal Article; Review,Prostate Imaging,INCLUDE,,Prostate Imaging,INCLUDE,NOT_CONTEXT_ONLY,AI04_AI_ONLY_PATHWAY_WITHOUT_TITLE_AI,PRIOR_HUMAN_ABSTRACT_REVIEW,The title and available abstract identify a substantive synthesis of machine learning in the in-scope Prostate Imaging area described in 'AI-aided diagnostic performance for prostate MRI: systematic review and meta-analysis.'.
41286063,10.1038/s41598-025-28767-z,Liu L,2025,Human level information extraction from clinical reports with finetuned language models.,Scientific reports,Journal Article,Prostate Imaging,INCLUDE,,Prostate Imaging,INCLUDE,NOT_CONTEXT_ONLY,AI04_AI_ONLY_PATHWAY_WITHOUT_TITLE_AI,PUBMED_ABSTRACT,Generic report-extraction study contains a separable prostate-MRI evaluation dataset and result.
41301079,10.3390/cancers17223717,Sandhu K,2025,PSMA Theranostics in Prostate Cancer and Beyond: Current and Future Perspectives.,Cancers,Journal Article; Review,Prostate Imaging,INCLUDE,,Prostate Imaging,INCLUDE,NOT_CONTEXT_ONLY,AI01_FUTURE_OR_INCIDENTAL_AI_RISK;AI04_AI_ONLY_PATHWAY_WITHOUT_TITLE_AI,ABSTRACT,The title and available abstract identify a substantive synthesis of radiomics or pathomics in the in-scope Prostate Imaging area described in 'PSMA Theranostics in Prostate Cancer and Beyond: Current and Future Perspectives.'.
41305024,10.3390/s25226815,Al-Qurri A,2025,Enhanced Deep Neural Network for Prostate Segmentation in Micro-Ultrasound Images.,"Sensors (Basel, Switzerland)",Journal Article,Prostate Imaging,INCLUDE,,Prostate Imaging,INCLUDE,NOT_CONTEXT_ONLY,TEC01_TECHNICAL_ARTIFACT_WITHOUT_CLINICAL_CUE,ABSTRACT,The title and available abstract identify deep learning and computer vision applied to the in-scope task described in 'Enhanced Deep Neural Network for Prostate Segmentation in Micro-Ultrasound Images.'.
41353223,10.1038/s41598-025-26189-5,Alqarni M,2025,An investigation of race bias in deep learning-based segmentation of prostate MRI images.,Scientific reports,Journal Article,Prostate Imaging,INCLUDE,,Prostate Imaging,INCLUDE,NOT_CONTEXT_ONLY,TEC01_TECHNICAL_ARTIFACT_WITHOUT_CLINICAL_CUE,ABSTRACT,The title and available abstract identify deep learning applied to the in-scope task described in 'An investigation of race bias in deep learning-based segmentation of prostate MRI images.'.
41359160,10.1007/s00330-025-12198-5,Langkilde F,2025,Evaluation of AI for prostate cancer detection in biparametric-MRI screening population data.,European radiology,Journal Article,Prostate Imaging,INCLUDE,,Prostate Imaging,INCLUDE,NOT_CONTEXT_ONLY,AI04_AI_ONLY_PATHWAY_WITHOUT_TITLE_AI,ABSTRACT,The title and available abstract identify deep learning and machine learning applied to the in-scope task described in 'Evaluation of AI for prostate cancer detection in biparametric-MRI screening population data.'.
41370657,10.2214/AJR.25.33846,Abreu-Gomez J,2025,MRI for Prostate Cancer Local Staging: AJR Expert Panel Narrative Review.,AJR. American journal of roentgenology,Journal Article; Review,Prostate Imaging,EXCLUDE,E05_NO_SUBSTANTIVE_AI,Prostate Imaging,EXCLUDE,NOT_CONTEXT_ONLY,AI04_AI_ONLY_PATHWAY_WITHOUT_TITLE_AI,ABSTRACT,"The available evidence for 'MRI for Prostate Cancer Local Staging: AJR Expert Panel Narrative Review' reports conventional imaging, statistics, digital/AR/VR technology, biomarkers, or automation without a substantive AI/ML method or application."
41415635,10.3348/jksr.2025.0075,Song JS,2025,Prostate MRI Quality Assessment: PI-QUAL and Factors Influencing Image Quality.,Journal of the Korean Society of Radiology,Journal Article; Review,Prostate Imaging,INCLUDE,,Prostate Imaging,INCLUDE,NOT_CONTEXT_ONLY,AI04_AI_ONLY_PATHWAY_WITHOUT_TITLE_AI,PRIOR_HUMAN_ABSTRACT_REVIEW,The title and available abstract identify a substantive synthesis of machine learning in the in-scope Prostate Imaging area described in 'Prostate MRI Quality Assessment: PI-QUAL and Factors Influencing Image Quality.'.
41415644,10.3348/jksr.2025.0062,Choi MH,2025,AI in Prostate MRI: A Task-Based Review.,Journal of the Korean Society of Radiology,Journal Article; Review,Prostate Imaging,INCLUDE,,Prostate Imaging,INCLUDE,NOT_CONTEXT_ONLY,AI04_AI_ONLY_PATHWAY_WITHOUT_TITLE_AI,ABSTRACT,The title and available abstract identify a substantive synthesis of deep learning in the in-scope Prostate Imaging area described in 'AI in Prostate MRI: A Task-Based Review.'.
41696070,10.3389/fonc.2025.1700447,Gong H,2025,Robust prostate cancer risk stratification from unregistered mpMRI via learned cross-modal correspondence.,Frontiers in oncology,Journal Article,Prostate Imaging,INCLUDE,,Prostate Imaging,INCLUDE,NOT_CONTEXT_ONLY,AI04_AI_ONLY_PATHWAY_WITHOUT_TITLE_AI,ABSTRACT,The title and available abstract identify deep learning applied to the in-scope task described in 'Robust prostate cancer risk stratification from unregistered mpMRI via learned cross-modal correspondence.'.
39129081,10.1016/j.urolonc.2024.06.023,Mannas MP,2025,Intraoperative margin assessment with near real time pathology during partial gland ablation of prostate cancer: A feasibility study.,Urologic oncology,Journal Article,Prostate Pathology,INCLUDE,,Prostate Pathology,INCLUDE,NOT_CONTEXT_ONLY,AI04_AI_ONLY_PATHWAY_WITHOUT_TITLE_AI,ABSTRACT,The title and available abstract identify machine learning applied to the in-scope task described in 'Intraoperative margin assessment with near real time pathology during partial gland ablation of prostate cancer: A feasibility study.'.
39860459,10.3390/jcm14020453,Giannakodimos I,2025,Fusion MRI/Ultrasound-Guided Transperineal Biopsy: A Game Changer in Prostate Cancer Diagnosis.,Journal of clinical medicine,Journal Article; Review,Prostate Pathology,EXCLUDE,E05_NO_SUBSTANTIVE_AI,Prostate Pathology,EXCLUDE,NOT_CONTEXT_ONLY,AI04_AI_ONLY_PATHWAY_WITHOUT_TITLE_AI,ABSTRACT,"The available evidence for 'Fusion MRI/Ultrasound-Guided Transperineal Biopsy: A Game Changer in Prostate Cancer Diagnosis' reports conventional imaging, statistics, digital/AR/VR technology, biomarkers, or automation without a substantive AI/ML method or application."
39907585,10.1148/ryai.240167,Gundogdu B,2025,Physics-Informed Autoencoder for Prostate Tissue Microstructure Profiling with Hybrid Multidimensional MRI.,Radiology. Artificial intelligence,"Journal Article; Research Support, N.I.H., Extramural",Prostate Pathology,INCLUDE,,Prostate Pathology,INCLUDE,NOT_CONTEXT_ONLY,AI04_AI_ONLY_PATHWAY_WITHOUT_TITLE_AI,PRIOR_HUMAN_ABSTRACT_REVIEW,The title and available abstract identify deep learning applied to the in-scope task described in 'Physics-Informed Autoencoder for Prostate Tissue Microstructure Profiling with Hybrid Multidimensional MRI.'.
40121537,10.1001/jama.2025.3579,Kinnaird A,2025,Microultrasonography-Guided vs MRI-Guided Biopsy for Prostate Cancer Diagnosis: The OPTIMUM Randomized Clinical Trial.,JAMA,"Clinical Trial, Phase III; Comparative Study; Equivalence Trial; Journal Article; Multicenter Study; Research Support, Non-U.S. Gov't",Prostate Pathology,EXCLUDE,E05_NO_SUBSTANTIVE_AI,Prostate Pathology,EXCLUDE,NOT_CONTEXT_ONLY,AI04_AI_ONLY_PATHWAY_WITHOUT_TITLE_AI,ABSTRACT,"The available evidence for 'Microultrasonography-Guided vs MRI-Guided Biopsy for Prostate Cancer Diagnosis: The OPTIMUM Randomized Clinical Trial' reports conventional imaging, statistics, digital/AR/VR technology, biomarkers, or automation without a substantive AI/ML method or application."
40149340,10.3390/cancers17061006,Najjar S,2025,Comparative Analysis of Diagnostic Accuracy and Complication Rate of Transperineal Versus Transrectal Prostate Biopsy in Prostate Cancer Diagnosis.,Cancers,Journal Article; Review,Prostate Pathology,EXCLUDE,E05_NO_SUBSTANTIVE_AI,Prostate Pathology,EXCLUDE,NOT_CONTEXT_ONLY,AI04_AI_ONLY_PATHWAY_WITHOUT_TITLE_AI,ABSTRACT,"The available evidence for 'Comparative Analysis of Diagnostic Accuracy and Complication Rate of Transperineal Versus Transrectal Prostate Biopsy in Prostate Cancer Diagnosis' reports conventional imaging, statistics, digital/AR/VR technology, biomarkers, or automation without a substantive AI/ML method or application."
40152893,10.1089/cmb.2024.0872,Qiu J,2025,Multichannel Contribution Aware Network for Prostate Cancer Grading in Histopathology Images.,Journal of computational biology : a journal of computational molecular cell biology,Journal Article,Prostate Pathology,INCLUDE,,Prostate Pathology,INCLUDE,NOT_CONTEXT_ONLY,AI04_AI_ONLY_PATHWAY_WITHOUT_TITLE_AI,ABSTRACT,The title and available abstract identify deep learning applied to the in-scope task described in 'Multichannel Contribution Aware Network for Prostate Cancer Grading in Histopathology Images.'.
40273559,10.1016/j.radi.2025.102961,Onwuharine EN,2025,Predictive modelling for prostate cancer aggressiveness using non-invasive MRI techniques.,"Radiography (London, England : 1995)",Journal Article,Prostate Pathology,EXCLUDE,E05_NO_SUBSTANTIVE_AI,Prostate Pathology,EXCLUDE,NOT_CONTEXT_ONLY,AI03_GENERIC_PREDICTION_WITHOUT_EXPLICIT_AI;AI04_AI_ONLY_PATHWAY_WITHOUT_TITLE_AI,ABSTRACT,"The available evidence for 'Predictive modelling for prostate cancer aggressiveness using non-invasive MRI techniques' reports conventional imaging, statistics, digital/AR/VR technology, biomarkers, or automation without a substantive AI/ML method or application."
40314071,10.1097/MOU.0000000000001294,Gnanapragasam VJ,2025,Optimizing clinical risk stratification of localized prostate cancer.,Current opinion in urology,Journal Article; Review,Prostate Pathology,INCLUDE,,Prostate Pathology,INCLUDE,NOT_CONTEXT_ONLY,AI04_AI_ONLY_PATHWAY_WITHOUT_TITLE_AI,PRIOR_HUMAN_ABSTRACT_REVIEW,The title and available abstract identify a substantive synthesis of radiomics or pathomics and machine learning in the in-scope Prostate Pathology area described in 'Optimizing clinical risk stratification of localized prostate cancer.'.
40341520,10.1038/s41598-025-00048-9,Ren M,2025,Enhanced hierarchical attention mechanism for mixed MIL in automatic Gleason grading and scoring.,Scientific reports,Journal Article,Prostate Pathology,INCLUDE,,Prostate Pathology,INCLUDE,NOT_CONTEXT_ONLY,AI04_AI_ONLY_PATHWAY_WITHOUT_TITLE_AI,ABSTRACT,The title and available abstract identify a substantive AI or machine-learning application applied to the in-scope task described in 'Enhanced hierarchical attention mechanism for mixed MIL in automatic Gleason grading and scoring.'.
40371496,10.1097/MOU.0000000000001305,Falkenbach F,2025,Recent advancements in personalized management of prostate cancer biochemical recurrence after radical prostatectomy.,Current opinion in urology,Journal Article; Review,Prostate Pathology,EXCLUDE,E05_NO_SUBSTANTIVE_AI,Prostate Pathology,EXCLUDE,NOT_CONTEXT_ONLY,AI04_AI_ONLY_PATHWAY_WITHOUT_TITLE_AI,ABSTRACT,"The available evidence for 'Recent advancements in personalized management of prostate cancer biochemical recurrence after radical prostatectomy' reports conventional imaging, statistics, digital/AR/VR technology, biomarkers, or automation without a substantive AI/ML method or application."
40449047,10.1016/j.compbiomed.2025.110459,Islam Sumon MS,2025,Multiclass ensemble framework for enhanced prostate gland Segmentation: Integrating Self-ONN decoders with EfficientNet.,Computers in biology and medicine,Journal Article,Prostate Pathology,INCLUDE,,Prostate Pathology,INCLUDE,NOT_CONTEXT_ONLY,AI04_AI_ONLY_PATHWAY_WITHOUT_TITLE_AI;TEC01_TECHNICAL_ARTIFACT_WITHOUT_CLINICAL_CUE,ABSTRACT,The title and available abstract identify deep learning applied to the in-scope task described in 'Multiclass ensemble framework for enhanced prostate gland Segmentation: Integrating Self-ONN decoders with EfficientNet.'.
40525301,10.1111/his.15481,Deman F,2025,"Practical implementation of AI in a non-academic, non-commercial Pathology laboratory: Real world experience and lessons learned.",Histopathology,Journal Article; Review,Prostate Pathology,INCLUDE,,Prostate Pathology,INCLUDE,NOT_CONTEXT_ONLY,AI04_AI_ONLY_PATHWAY_WITHOUT_TITLE_AI,ABSTRACT,"The title and available abstract identify a substantive synthesis of machine learning in the in-scope Prostate Pathology area described in 'Practical implementation of AI in a non-academic, non-commercial Pathology laboratory: Real world experience and lessons learned.'."
40614658,10.1016/j.ejrad.2025.112274,Natali T,2025,Automatic prostate volume estimation in transabdominal ultrasound images.,European journal of radiology,Journal Article,Prostate Pathology,INCLUDE,,Prostate Pathology,INCLUDE,NOT_CONTEXT_ONLY,AI04_AI_ONLY_PATHWAY_WITHOUT_TITLE_AI,ABSTRACT,The title and available abstract identify deep learning applied to the in-scope task described in 'Automatic prostate volume estimation in transabdominal ultrasound images.'.
40622095,10.1111/iju.70161,Escande R,2025,External Validation on a Japanese Cohort of a Computer-Aided Diagnosis System Aimed at Characterizing ISUP >/= 2 Prostate Cancers at Multiparametric MRI.,International journal of urology : official journal of the Japanese Urological Association,Journal Article; Validation Study,Prostate Pathology,INCLUDE,,Prostate Pathology,INCLUDE,NOT_CONTEXT_ONLY,AI04_AI_ONLY_PATHWAY_WITHOUT_TITLE_AI,ABSTRACT,The title and available abstract identify a substantive AI or machine-learning application applied to the in-scope task described in 'External Validation on a Japanese Cohort of a Computer-Aided Diagnosis System Aimed at Characterizing ISUP >/= 2 Prostate Cancers at Multiparametric MRI.'.
40722142,10.1186/s12880-025-01841-8,Brancato V,2025,Unveiling key pathomic features for automated diagnosis and Gleason grade estimation in prostate cancer.,BMC medical imaging,Journal Article,Prostate Pathology,INCLUDE,,Prostate Pathology,INCLUDE,NOT_CONTEXT_ONLY,AI04_AI_ONLY_PATHWAY_WITHOUT_TITLE_AI,ABSTRACT,The title and available abstract identify radiomics or pathomics and machine learning applied to the in-scope task described in 'Unveiling key pathomic features for automated diagnosis and Gleason grade estimation in prostate cancer.'.
40738054,10.1016/j.compbiomed.2025.110777,Soormally C,2025,Deep sensorless tracking of ultrasound probe orientation during freehand transperineal biopsy with spatial context for symmetry disambiguation.,Computers in biology and medicine,Journal Article,Prostate Pathology,INCLUDE,,Prostate Pathology,INCLUDE,NOT_CONTEXT_ONLY,AI02_DIGITAL_SENSOR_WITHOUT_EXPLICIT_AI;AI04_AI_ONLY_PATHWAY_WITHOUT_TITLE_AI,ABSTRACT,The title and available abstract identify deep learning applied to the in-scope task described in 'Deep sensorless tracking of ultrasound probe orientation during freehand transperineal biopsy with spatial context for symmetry disambiguation.'.
40841408,10.1038/s41598-025-15105-6,Chelebian E,2025,Discovery of tumour indicating morphological changes in benign prostate biopsies through AI.,Scientific reports,Journal Article,Prostate Pathology,INCLUDE,,Prostate Pathology,INCLUDE,NOT_CONTEXT_ONLY,AI04_AI_ONLY_PATHWAY_WITHOUT_TITLE_AI,ABSTRACT,The title and available abstract identify machine learning applied to the in-scope task described in 'Discovery of tumour indicating morphological changes in benign prostate biopsies through AI.'.
40903321,10.1016/j.urolonc.2025.08.008,Maisch P,2025,"Stimulated Raman histology as a novel method for rapid pathologic examination of unprocessed, fresh testicular biopsies to determine seminoma.",Urologic oncology,Journal Article,Prostate Pathology,EXCLUDE,E05_NO_SUBSTANTIVE_AI,Prostate Pathology,EXCLUDE,NOT_CONTEXT_ONLY,AI04_AI_ONLY_PATHWAY_WITHOUT_TITLE_AI,ABSTRACT,"The available evidence for 'Stimulated Raman histology as a novel method for rapid pathologic examination of unprocessed, fresh testicular biopsies to determine seminoma' reports conventional imaging, statistics, digital/AR/VR technology, biomarkers, or automation without a substantive AI/ML method or application."
40971958,10.1371/journal.pone.0331613,Damkliang K,2025,Detection and score grading for prostate adenocarcinoma using semantic segmentation.,PloS one,Journal Article,Prostate Pathology,INCLUDE,,Prostate Pathology,INCLUDE,NOT_CONTEXT_ONLY,AI04_AI_ONLY_PATHWAY_WITHOUT_TITLE_AI,ABSTRACT,The title and available abstract identify deep learning and computer vision applied to the in-scope task described in 'Detection and score grading for prostate adenocarcinoma using semantic segmentation.'.
41028766,10.1038/s41598-025-10420-4,Bennett RD,2025,Automating prostate volume acquisition using abdominal ultrasound scans for prostate-specific antigen density calculations.,Scientific reports,Comparative Study; Journal Article,Prostate Pathology,INCLUDE,,Prostate Pathology,INCLUDE,NOT_CONTEXT_ONLY,AI04_AI_ONLY_PATHWAY_WITHOUT_TITLE_AI,ABSTRACT,The title and available abstract identify machine learning applied to the in-scope task described in 'Automating prostate volume acquisition using abdominal ultrasound scans for prostate-specific antigen density calculations.'.
41037000,10.1158/1078-0432.CCR-25-2186,Ku AT,2025,Radiogenomic Profiling of Prostate Tumors prior to External Beam Radiotherapy Converges on a Transcriptomic Signature of TGF-beta Activity Driving Tumor Recurrence.,Clinical cancer research : an official journal of the American Association for Cancer Research,Journal Article; Observational Study,Prostate Pathology,EXCLUDE,E05_NO_SUBSTANTIVE_AI,Prostate Pathology,EXCLUDE,NOT_CONTEXT_ONLY,AI04_AI_ONLY_PATHWAY_WITHOUT_TITLE_AI,ABSTRACT,"The available evidence for 'Radiogenomic Profiling of Prostate Tumors prior to External Beam Radiotherapy Converges on a Transcriptomic Signature of TGF-beta Activity Driving Tumor Recurrence' reports conventional imaging, statistics, digital/AR/VR technology, biomarkers, or automation without a substantive AI/ML method or application."
41081157,10.21037/qims-2025-439,Xie Z,2025,Multiscale Fourier transform multiple instance learning for the Gleason grading of prostate cancer from whole-slide images.,Quantitative imaging in medicine and surgery,Journal Article,Prostate Pathology,INCLUDE,,Prostate Pathology,INCLUDE,NOT_CONTEXT_ONLY,AI04_AI_ONLY_PATHWAY_WITHOUT_TITLE_AI,PRIOR_HUMAN_ABSTRACT_REVIEW,The title and available abstract identify deep learning applied to the in-scope task described in 'Multiscale Fourier transform multiple instance learning for the Gleason grading of prostate cancer from whole-slide images.'.
41098618,10.1117/1.JMI.12.6.061408,Winzell F,2025,Longitudinal outcome prediction of prostate cancer patients on active surveillance using multiple instance learning.,"Journal of medical imaging (Bellingham, Wash.)",Journal Article,Prostate Pathology,INCLUDE,,Prostate Pathology,INCLUDE,NOT_CONTEXT_ONLY,AI03_GENERIC_PREDICTION_WITHOUT_EXPLICIT_AI;AI04_AI_ONLY_PATHWAY_WITHOUT_TITLE_AI,ABSTRACT,The title and available abstract identify machine learning applied to the in-scope task described in 'Longitudinal outcome prediction of prostate cancer patients on active surveillance using multiple instance learning.'.
41328465,10.17116/patol20258706134,Popov GV,2025,[Using the PathVision.ai model of medical decision support in morphological diagnostics of prostate cancer in biopsy material].,Arkhiv patologii,English Abstract; Journal Article,Prostate Pathology,EXCLUDE,E09_DATE_LANGUAGE_INDEXING,Prostate Pathology,EXCLUDE,NOT_CONTEXT_ONLY,DEEP_SCOPE_LANGUAGE_BOUNDARY,PUBMED_METADATA,Official PubMed XML metadata lists the publication language as Russian (rus) and does not include the English language code (eng). The record is therefore excluded under the prespecified English-language eligibility rule; an English-translated NLM title or abstract does not make the publication itself English-language eligible.
39447001,10.1002/mp.17476,Bhattacharya I,2025,Aggressiveness classification of clear cell renal cell carcinoma using registration-independent radiology-pathology correlation learning.,Medical physics,Journal Article,Renal/Kidney,INCLUDE,,Renal/Kidney,INCLUDE,NOT_CONTEXT_ONLY,AI04_AI_ONLY_PATHWAY_WITHOUT_TITLE_AI;TEC01_TECHNICAL_ARTIFACT_WITHOUT_CLINICAL_CUE,ABSTRACT,The title and available abstract identify deep learning and machine learning applied to the in-scope task described in 'Aggressiveness classification of clear cell renal cell carcinoma using registration-independent radiology-pathology correlation learning.'.
39466875,10.1109/JBHI.2024.3487004,Cho H,2025,A Nuclei-Focused Strategy for Automated Histopathology Grading of Renal Cell Carcinoma.,IEEE journal of biomedical and health informatics,Journal Article,Renal/Kidney,INCLUDE,,Renal/Kidney,INCLUDE,NOT_CONTEXT_ONLY,AI04_AI_ONLY_PATHWAY_WITHOUT_TITLE_AI,ABSTRACT,The title and available abstract identify deep learning applied to the in-scope task described in 'A Nuclei-Focused Strategy for Automated Histopathology Grading of Renal Cell Carcinoma.'.
39516081,10.1016/j.urolonc.2024.10.020,Belladelli F,2025,A machine learning-based analysis for the definition of an optimal renal biopsy for kidney cancer.,Urologic oncology,Journal Article,Renal/Kidney,INCLUDE,,Renal/Kidney,INCLUDE,NOT_CONTEXT_ONLY,RENAL_NEPHROLOGY_BOUNDARY_PASS,TITLE_METADATA,Machine-learning optimization of renal biopsy for kidney cancer is an eligible oncological task.
39673207,10.1177/03915603241304604,Jeyananthan P,2025,On integrative analysis of multi-level gene expression data in Kidney cancer subgrouping.,Urologia,Journal Article,Renal/Kidney,INCLUDE,,Renal/Kidney,INCLUDE,NOT_CONTEXT_ONLY,AI04_AI_ONLY_PATHWAY_WITHOUT_TITLE_AI,ABSTRACT,The title and available abstract identify machine learning applied to the in-scope task described in 'On integrative analysis of multi-level gene expression data in Kidney cancer subgrouping.'.
39799164,10.1038/s41598-025-85857-8,Moon SW,2025,Leveraging explainable AI and large-scale datasets for comprehensive classification of renal histologic types.,Scientific reports,"Journal Article; Research Support, Non-U.S. Gov't",Renal/Kidney,INCLUDE,,Renal/Kidney,INCLUDE,NOT_CONTEXT_ONLY,RENAL_NEPHROLOGY_BOUNDARY_PASS,PUBMED_ABSTRACT,Benign and malignant renal-tumor histology classification from nephrectomy material is in scope.
39852683,10.3390/tomography11010003,Karunanayake N,2025,Dual-Stage AI Model for Enhanced CT Imaging: Precision Segmentation of Kidney and Tumors.,"Tomography (Ann Arbor, Mich.)",Journal Article,Renal/Kidney,INCLUDE,,Renal/Kidney,INCLUDE,NOT_CONTEXT_ONLY,TEC01_TECHNICAL_ARTIFACT_WITHOUT_CLINICAL_CUE,ABSTRACT,The title and available abstract identify deep learning applied to the in-scope task described in 'Dual-Stage AI Model for Enhanced CT Imaging: Precision Segmentation of Kidney and Tumors.'.
39939018,10.3760/cma.j.cn112152-20240615-00257,Zhao CY,2025,[Establishment of nuclear grade prediction model for T1 clear cell renal cell carcinoma based on CT features and radiomics].,Zhonghua zhong liu za zhi [Chinese journal of oncology],English Abstract; Journal Article,Renal/Kidney,EXCLUDE,E09_DATE_LANGUAGE_INDEXING,Renal/Kidney,EXCLUDE,NOT_CONTEXT_ONLY,DEEP_SCOPE_LANGUAGE_BOUNDARY,PUBMED_METADATA,Official PubMed XML metadata lists the publication language as Chinese (chi) and does not include the English language code (eng). The record is therefore excluded under the prespecified English-language eligibility rule; an English-translated NLM title or abstract does not make the publication itself English-language eligible.
40051609,10.15586/jkc.v12i1.366,Haghshenas Z,2025,"Identification of BCL11A, NTN5, and OGN as Diagnosis Biomarker of Papillary Renal Cell Carcinomas by Bioinformatic Analysis.",Journal of kidney cancer and VHL,Journal Article,Renal/Kidney,INCLUDE,,Renal/Kidney,INCLUDE,NOT_CONTEXT_ONLY,AI04_AI_ONLY_PATHWAY_WITHOUT_TITLE_AI,ABSTRACT,"The title and available abstract identify deep learning and machine learning applied to the in-scope task described in 'Identification of BCL11A, NTN5, and OGN as Diagnosis Biomarker of Papillary Renal Cell Carcinomas by Bioinformatic Analysis.'."
40099255,10.3389/fendo.2025.1521940,Chang Q,2025,Identification of a novel prognostic and therapeutic prediction model in clear cell renal carcinoma based on Renin-angiotensin system related genes.,Frontiers in endocrinology,Journal Article,Renal/Kidney,INCLUDE,,Renal/Kidney,INCLUDE,NOT_CONTEXT_ONLY,AI03_GENERIC_PREDICTION_WITHOUT_EXPLICIT_AI,ABSTRACT,The title and available abstract identify machine learning applied to the in-scope task described in 'Identification of a novel prognostic and therapeutic prediction model in clear cell renal carcinoma based on Renin-angiotensin system related genes.'.
40142250,10.3390/medicina61030438,Chan VW,2025,"Percutaneous Image-Guided Ablation of Renal Cancer: Traditional and Emerging Indications, Energy Sources, Techniques, and Future Developments.","Medicina (Kaunas, Lithuania)",Journal Article; Review,Renal/Kidney,EXCLUDE,E05_NO_SUBSTANTIVE_AI,Renal/Kidney,EXCLUDE,NOT_CONTEXT_ONLY,AI01_FUTURE_OR_INCIDENTAL_AI_RISK;AI04_AI_ONLY_PATHWAY_WITHOUT_TITLE_AI,ABSTRACT,"The abstract's main focus in 'Percutaneous Image-Guided Ablation of Renal Cancer: Traditional and Emerging Indications, Energy Sources, Techniques, and Future Developments' is not an AI/ML evaluation; AI is absent or limited to an incidental, emerging, or future possibility rather than a substantive method or application."
40169443,10.1007/s11255-025-04467-5,Javid M,2025,Role of artificial intelligence in predicting the renal function after nephrectomy in renal cell carcinoma: a systematic review and meta-analysis.,International urology and nephrology,Journal Article; Meta-Analysis; Systematic Review,Renal/Kidney,INCLUDE,,Renal/Kidney,INCLUDE,NOT_CONTEXT_ONLY,RENAL_NEPHROLOGY_BOUNDARY_PASS,TITLE_METADATA,Systematic review of renal-function prediction after nephrectomy for renal-cell carcinoma is in scope.
40293518,10.1007/s00261-025-04963-3,Sheikhy A,2025,State of the art review of AI in renal imaging.,Abdominal radiology (New York),Journal Article; Review,Renal/Kidney,INCLUDE,,Renal/Kidney,INCLUDE,NOT_CONTEXT_ONLY,AI01_FUTURE_OR_INCIDENTAL_AI_RISK;AI04_AI_ONLY_PATHWAY_WITHOUT_TITLE_AI,PUBMED_ABSTRACT,Renal-imaging review includes renal-lesion and tumor detection classification and treatment planning.
40295487,10.1038/s41467-025-58436-8,Wray R,2025,Angiogenic and immune predictors of neoadjuvant axitinib response in renal cell carcinoma with venous tumour thrombus.,Nature communications,Journal Article,Renal/Kidney,INCLUDE,,Renal/Kidney,INCLUDE,NOT_CONTEXT_ONLY,AI03_GENERIC_PREDICTION_WITHOUT_EXPLICIT_AI,ABSTRACT,The title and available abstract identify machine learning applied to the in-scope task described in 'Angiogenic and immune predictors of neoadjuvant axitinib response in renal cell carcinoma with venous tumour thrombus.'.
40319322,10.1186/s40644-025-00875-z,Chen Z,2025,Preoperative prediction of WHO/ISUP grade of ccRCC using intratumoral and peritumoral habitat imaging: multicenter study.,Cancer imaging : the official publication of the International Cancer Imaging Society,Journal Article; Multicenter Study,Renal/Kidney,INCLUDE,,Renal/Kidney,INCLUDE,NOT_CONTEXT_ONLY,AI03_GENERIC_PREDICTION_WITHOUT_EXPLICIT_AI;AI04_AI_ONLY_PATHWAY_WITHOUT_TITLE_AI,ABSTRACT,The title and available abstract identify radiomics or pathomics and machine learning applied to the in-scope task described in 'Preoperative prediction of WHO/ISUP grade of ccRCC using intratumoral and peritumoral habitat imaging: multicenter study.'.
40348282,10.1016/j.spinee.2025.05.025,Li Z,2025,Predicting survival outcomes in renal cell carcinoma spinal metastases: a multicenter evaluation of existing prognostic systems.,The spine journal : official journal of the North American Spine Society,Evaluation Study; Journal Article; Multicenter Study; Validation Study,Renal/Kidney,INCLUDE,,Renal/Kidney,INCLUDE,NOT_CONTEXT_ONLY,AI03_GENERIC_PREDICTION_WITHOUT_EXPLICIT_AI,ABSTRACT,The title and available abstract identify machine learning applied to the in-scope task described in 'Predicting survival outcomes in renal cell carcinoma spinal metastases: a multicenter evaluation of existing prognostic systems.'.
40369234,10.1186/s13244-025-01980-0,Yang H,2025,CT-based AI framework leveraging multi-scale features for predicting pathological grade and Ki67 index in clear cell renal cell carcinoma: a multicenter study.,Insights into imaging,Journal Article,Renal/Kidney,INCLUDE,,Renal/Kidney,INCLUDE,NOT_CONTEXT_ONLY,AI03_GENERIC_PREDICTION_WITHOUT_EXPLICIT_AI;AI04_AI_ONLY_PATHWAY_WITHOUT_TITLE_AI,ABSTRACT,The title and available abstract identify deep learning and radiomics or pathomics applied to the in-scope task described in 'CT-based AI framework leveraging multi-scale features for predicting pathological grade and Ki67 index in clear cell renal cell carcinoma: a multicenter study.'.
40450502,10.1016/j.euf.2025.05.014,Gulati S,2025,Strategies for Treatment De-escalation in Metastatic Renal Cell Carcinoma.,European urology focus,Journal Article; Review,Renal/Kidney,EXCLUDE,E05_NO_SUBSTANTIVE_AI,Renal/Kidney,EXCLUDE,NOT_CONTEXT_ONLY,AI04_AI_ONLY_PATHWAY_WITHOUT_TITLE_AI,ABSTRACT,"The available evidence for 'Strategies for Treatment De-escalation in Metastatic Renal Cell Carcinoma' reports conventional imaging, statistics, digital/AR/VR technology, biomarkers, or automation without a substantive AI/ML method or application."
40500522,10.1007/s00432-025-06240-8,Shao Y,2025,Radiogenomic correlation of hypoxia-related biomarkers in clear cell renal cell carcinoma.,Journal of cancer research and clinical oncology,Journal Article,Renal/Kidney,INCLUDE,,Renal/Kidney,INCLUDE,NOT_CONTEXT_ONLY,AI04_AI_ONLY_PATHWAY_WITHOUT_TITLE_AI,ABSTRACT,The title and available abstract identify radiomics or pathomics and machine learning applied to the in-scope task described in 'Radiogenomic correlation of hypoxia-related biomarkers in clear cell renal cell carcinoma.'.
40558790,10.3390/jimaging11060191,Wu Y,2025,Prediction of PD-L1 and CD68 in Clear Cell Renal Cell Carcinoma with Green Learning.,Journal of imaging,Journal Article,Renal/Kidney,INCLUDE,,Renal/Kidney,INCLUDE,NOT_CONTEXT_ONLY,AI03_GENERIC_PREDICTION_WITHOUT_EXPLICIT_AI;AI04_AI_ONLY_PATHWAY_WITHOUT_TITLE_AI,ABSTRACT,The title and available abstract identify radiomics or pathomics applied to the in-scope task described in 'Prediction of PD-L1 and CD68 in Clear Cell Renal Cell Carcinoma with Green Learning.'.
40597030,10.1186/s12882-025-04268-z,Wu C,2025,A predictive model for WHO/ISUP pathologic grading of renal clear cell carcinoma based on CT radiomics: a multicenter study.,BMC nephrology,Journal Article; Multicenter Study,Renal/Kidney,INCLUDE,,Renal/Kidney,INCLUDE,NOT_CONTEXT_ONLY,RENAL_NEPHROLOGY_BOUNDARY_PASS,PUBMED_ABSTRACT,Multicentre computed-tomography radiomics grading of clear-cell renal-cell carcinoma is in scope.
40661946,10.3389/fimmu.2025.1572580,Wang F,2025,A novel nomogram for survival prediction in renal cell carcinoma patients with brain metastases: an analysis of the SEER database.,Frontiers in immunology,Journal Article,Renal/Kidney,INCLUDE,,Renal/Kidney,INCLUDE,NOT_CONTEXT_ONLY,AI03_GENERIC_PREDICTION_WITHOUT_EXPLICIT_AI,ABSTRACT,The title and available abstract identify machine learning applied to the in-scope task described in 'A novel nomogram for survival prediction in renal cell carcinoma patients with brain metastases: an analysis of the SEER database.'.
40740488,10.1016/j.isci.2025.113061,Yin L,2025,Sample-specific network analysis identifies gene co-expression patterns of immunotherapy response in clear cell renal cell carcinoma.,iScience,Journal Article,Renal/Kidney,INCLUDE,,Renal/Kidney,INCLUDE,NOT_CONTEXT_ONLY,AI04_AI_ONLY_PATHWAY_WITHOUT_TITLE_AI,ABSTRACT,The title and available abstract identify machine learning applied to the in-scope task described in 'Sample-specific network analysis identifies gene co-expression patterns of immunotherapy response in clear cell renal cell carcinoma.'.
40802824,10.1371/journal.pdig.0000970,Rich J,2025,Image Imputation with conditional generative adversarial networks captures clinically relevant imaging features on computed tomography.,PLOS digital health,Journal Article,Renal/Kidney,INCLUDE,,Renal/Kidney,INCLUDE,NOT_CONTEXT_ONLY,AI04_AI_ONLY_PATHWAY_WITHOUT_TITLE_AI,PUBMED_ABSTRACT,Computed-tomography image imputation is evaluated for kidney-cancer diagnosis and treatment planning.
40862694,10.1148/ryai.240798,Lee SW,2025,Development of Privacy-preserving Deep Learning Model with Homomorphic Encryption: A Technical Feasibility Study in Kidney CT Imaging.,Radiology. Artificial intelligence,"Journal Article; Research Support, Non-U.S. Gov't",Renal/Kidney,INCLUDE,,Renal/Kidney,INCLUDE,NOT_CONTEXT_ONLY,RENAL_NEPHROLOGY_BOUNDARY_PASS,PUBMED_ABSTRACT,Privacy-preserving computed-tomography model addresses kidney masses cysts and tumors.
40912513,10.1016/j.ejphar.2025.178120,Xu X,2025,KPNA2 expression as a biomarker for immunosuppressive microenvironment predicting response to TKI and immunotherapy in metastatic renal cell carcinoma.,European journal of pharmacology,Journal Article,Renal/Kidney,INCLUDE,,Renal/Kidney,INCLUDE,NOT_CONTEXT_ONLY,AI03_GENERIC_PREDICTION_WITHOUT_EXPLICIT_AI,ABSTRACT,The title and available abstract identify machine learning applied to the in-scope task described in 'KPNA2 expression as a biomarker for immunosuppressive microenvironment predicting response to TKI and immunotherapy in metastatic renal cell carcinoma.'.
40939817,10.1016/j.modpat.2025.100884,Papanicolau-Sengos A,2025,DNA Methylation-Based Classification of Kidney Neoplasms.,"Modern pathology : an official journal of the United States and Canadian Academy of Pathology, Inc",Journal Article,Renal/Kidney,INCLUDE,,Renal/Kidney,INCLUDE,NOT_CONTEXT_ONLY,AI04_AI_ONLY_PATHWAY_WITHOUT_TITLE_AI,ABSTRACT,The title and available abstract identify machine learning applied to the in-scope task described in 'DNA Methylation-Based Classification of Kidney Neoplasms.'.
41046684,10.1016/j.compbiomed.2025.111177,Anusha C,2025,A systematic review on automatic segmentation of renal tumors and cysts using various convolutional neural network architectures in radiological images.,Computers in biology and medicine,Journal Article; Systematic Review,Renal/Kidney,INCLUDE,,Renal/Kidney,INCLUDE,NOT_CONTEXT_ONLY,TEC01_TECHNICAL_ARTIFACT_WITHOUT_CLINICAL_CUE,ABSTRACT,The title and available abstract identify a substantive synthesis of deep learning in the in-scope Renal/Kidney area described in 'A systematic review on automatic segmentation of renal tumors and cysts using various convolutional neural network architectures in radiological images.'.
41067863,10.2967/jnumed.125.271332,Rowe SP,2025,SNMMI/EANM/ACNM Procedure Standard/Procedure Guideline on the Use of Molecular Imaging for Renal Mass Characterization.,"Journal of nuclear medicine : official publication, Society of Nuclear Medicine",Journal Article; Practice Guideline,Renal/Kidney,EXCLUDE,E05_NO_SUBSTANTIVE_AI,Renal/Kidney,EXCLUDE,NOT_CONTEXT_ONLY,AI04_AI_ONLY_PATHWAY_WITHOUT_TITLE_AI,ABSTRACT,"The available evidence for 'SNMMI/EANM/ACNM Procedure Standard/Procedure Guideline on the Use of Molecular Imaging for Renal Mass Characterization' reports conventional imaging, statistics, digital/AR/VR technology, biomarkers, or automation without a substantive AI/ML method or application."
41085922,10.1007/s12672-025-03664-z,Chen J,2025,Single-cell transcriptomic insights into ccRCC: a stemness gene signature for prognosis and treatment response prediction.,Discover oncology,Journal Article,Renal/Kidney,INCLUDE,,Renal/Kidney,INCLUDE,NOT_CONTEXT_ONLY,AI03_GENERIC_PREDICTION_WITHOUT_EXPLICIT_AI;AI04_AI_ONLY_PATHWAY_WITHOUT_TITLE_AI,ABSTRACT,The title and available abstract identify machine learning applied to the in-scope task described in 'Single-cell transcriptomic insights into ccRCC: a stemness gene signature for prognosis and treatment response prediction.'.
41171407,10.1007/s00261-025-05259-2,Cui M,2025,"Artificial intelligence-based segmentation of small renal masses: a multi-center, multi-scanner, multi-sequence study.",Abdominal radiology (New York),Journal Article,Renal/Kidney,INCLUDE,,Renal/Kidney,INCLUDE,NOT_CONTEXT_ONLY,TEC01_TECHNICAL_ARTIFACT_WITHOUT_CLINICAL_CUE,ABSTRACT,"The title and available abstract identify deep learning and machine learning applied to the in-scope task described in 'Artificial intelligence-based segmentation of small renal masses: a multi-center, multi-scanner, multi-sequence study.'."
41217528,10.1007/s10238-025-01907-5,Sun X,2025,Identification of plasma cell infiltration-related gene signatures as a novel prognostic model for clear cell renal cell carcinoma.,Clinical and experimental medicine,Journal Article,Renal/Kidney,INCLUDE,,Renal/Kidney,INCLUDE,NOT_CONTEXT_ONLY,AI03_GENERIC_PREDICTION_WITHOUT_EXPLICIT_AI,ABSTRACT,The title and available abstract identify machine learning applied to the in-scope task described in 'Identification of plasma cell infiltration-related gene signatures as a novel prognostic model for clear cell renal cell carcinoma.'.
41276585,10.1038/s41598-025-29742-4,Akram Z,2025,A novel hybrid approach for multi stage kidney cancer diagnosis using RCC ProbNet.,Scientific reports,Journal Article,Renal/Kidney,INCLUDE,,Renal/Kidney,INCLUDE,NOT_CONTEXT_ONLY,AI04_AI_ONLY_PATHWAY_WITHOUT_TITLE_AI,ABSTRACT,The title and available abstract identify deep learning applied to the in-scope task described in 'A novel hybrid approach for multi stage kidney cancer diagnosis using RCC ProbNet.'.
41310187,10.1038/s43856-025-01264-0,Petryshak B,2025,A clinically validated AI framework for kidney cancer detection and characterization.,Communications medicine,Journal Article,Renal/Kidney,INCLUDE,,Renal/Kidney,INCLUDE,NOT_CONTEXT_ONLY,AI04_AI_ONLY_PATHWAY_WITHOUT_TITLE_AI,ABSTRACT,The title and available abstract identify deep learning and machine learning applied to the in-scope task described in 'A clinically validated AI framework for kidney cancer detection and characterization.'.
41370731,10.1200/PO-25-00709,Filho VOC,2025,Development and Validation of an Intratumor Heterogeneity-Based Prognostic Model for Clear Cell Renal Cell Carcinoma.,JCO precision oncology,Journal Article; Validation Study,Renal/Kidney,INCLUDE,,Renal/Kidney,INCLUDE,NOT_CONTEXT_ONLY,AI03_GENERIC_PREDICTION_WITHOUT_EXPLICIT_AI,ABSTRACT,The title and available abstract identify machine learning applied to the in-scope task described in 'Development and Validation of an Intratumor Heterogeneity-Based Prognostic Model for Clear Cell Renal Cell Carcinoma.'.
41584840,10.3389/fcell.2025.1755318,Wang W,2025,Development of a novel prognostic model based on TRPM4-Induced sodium overload-mediated cell death in kidney cancer.,Frontiers in cell and developmental biology,Journal Article,Renal/Kidney,INCLUDE,,Renal/Kidney,INCLUDE,NOT_CONTEXT_ONLY,AI03_GENERIC_PREDICTION_WITHOUT_EXPLICIT_AI;AI04_AI_ONLY_PATHWAY_WITHOUT_TITLE_AI,ABSTRACT,The title and available abstract identify machine learning applied to the in-scope task described in 'Development of a novel prognostic model based on TRPM4-Induced sodium overload-mediated cell death in kidney cancer.'.
41684639,10.3389/fdgth.2025.1709277,Alsaafin A,2025,Multimodal learning for scalable representation of high-dimensional medical data.,Frontiers in digital health,Journal Article,Renal/Kidney,INCLUDE,,Renal/Kidney,INCLUDE,NOT_CONTEXT_ONLY,AI04_AI_ONLY_PATHWAY_WITHOUT_TITLE_AI,PUBMED_ABSTRACT,Multimodal representation study contains a separable kidney-cancer evaluation and result.
40042659,10.1007/s11701-025-02225-4,Zuluaga L,2025,Assessing operative variability in robot-assisted radical prostatectomy (RARP) through AI.,Journal of robotic surgery,Journal Article,Surgical AI,INCLUDE,,Surgical AI,INCLUDE,NOT_CONTEXT_ONLY,AI04_AI_ONLY_PATHWAY_WITHOUT_TITLE_AI,ABSTRACT,The title and available abstract identify machine learning applied to the in-scope task described in 'Assessing operative variability in robot-assisted radical prostatectomy (RARP) through AI.'.
40681897,10.1007/s11701-025-02556-2,Olsen RG,2025,Development of an artificial intelligence algorithm for automated surgical gestures annotation.,Journal of robotic surgery,Journal Article,Surgical AI,INCLUDE,,Surgical AI,INCLUDE,NOT_CONTEXT_ONLY,SCP05_GENERAL_SURGERY_WITHOUT_UROLOGY,ABSTRACT,Abstract develops a neural-network gesture-annotation model using simulated robot-assisted radical prostatectomy videos.
41168440,10.1038/s41585-025-01098-4,Egger M,2025,Optimizing local control in the surgical management of bladder cancer.,Nature reviews. Urology,Journal Article; Review,Surgical AI,EXCLUDE,E05_NO_SUBSTANTIVE_AI,Surgical AI,EXCLUDE,NOT_CONTEXT_ONLY,AI04_AI_ONLY_PATHWAY_WITHOUT_TITLE_AI,ABSTRACT,"The available evidence for 'Optimizing local control in the surgical management of bladder cancer' reports conventional imaging, statistics, digital/AR/VR technology, biomarkers, or automation without a substantive AI/ML method or application."
41452786,10.1159/000550223,Santodirocco L,2025,Single-Port Partial Nephrectomy: State of the Art and Future Directions.,Urologia internationalis,Journal Article; Review,Surgical AI,EXCLUDE,E05_NO_SUBSTANTIVE_AI,Surgical AI,EXCLUDE,NOT_CONTEXT_ONLY,AI01_FUTURE_OR_INCIDENTAL_AI_RISK;AI04_AI_ONLY_PATHWAY_WITHOUT_TITLE_AI,ABSTRACT,"The abstract's main focus in 'Single-Port Partial Nephrectomy: State of the Art and Future Directions' is not an AI/ML evaluation; AI is absent or limited to an incidental, emerging, or future possibility rather than a substantive method or application."
41172583,10.1016/j.cmpb.2025.109132,Hernandez-Ferrandiz D,2026,AndroGen: Open-source synthetic data generation for automated sperm analysis.,Computer methods and programs in biomedicine,Journal Article,Andrology,INCLUDE,,Andrology,INCLUDE,NOT_CONTEXT_ONLY,AI04_AI_ONLY_PATHWAY_WITHOUT_TITLE_AI,PRIOR_HUMAN_ABSTRACT_REVIEW,The title and available abstract identify machine learning applied to the in-scope task described in 'AndroGen: Open-source synthetic data generation for automated sperm analysis.'.
41406322,10.1071/RD25028,Stasczak A,2026,Advancements in sperm selection and assessment: traditional to cutting-edge methods in assisted reproductive techniques - a narrative review.,"Reproduction, fertility, and development",Journal Article; Review,Andrology,INCLUDE,,Andrology,INCLUDE,NOT_CONTEXT_ONLY,AI04_AI_ONLY_PATHWAY_WITHOUT_TITLE_AI,ABSTRACT,The title and available abstract identify a substantive synthesis of machine learning in the in-scope Andrology area described in 'Advancements in sperm selection and assessment: traditional to cutting-edge methods in assisted reproductive techniques - a narrative review.'.
41513919,10.1007/s10815-025-03793-y,Dinc C,2026,Study of comparative performance of general-purpose LLM-based systems in predicting IVF outcomes.,Journal of assisted reproduction and genetics,Journal Article,Andrology,EXCLUDE,E02_EMBRYOLOGY_ONLY,Andrology,EXCLUDE,NOT_CONTEXT_ONLY,SCP02_FEMALE_ART_WITHOUT_MALE_REPRO_EXPANDED,PUBMED_ABSTRACT,"The LLMs predict stimulation protocol, oocyte and embryo counts, and pregnancy in autologous IVF/ICSI cycles; no separable sperm-specific or male-factor AI task or result is reported."
41520226,10.1093/bib/bbaf712,Bosch I,2026,Benchmarking knowledge graph embedding models for the prediction of oligogenic combinations.,Briefings in bioinformatics,Journal Article,Andrology,INCLUDE,,Andrology,INCLUDE,NOT_CONTEXT_ONLY,DEEP_SCOPE_FULLTEXT_CONFIRMATION,FULL_TEXT,The knowledge-graph models are evaluated on a dedicated male-infertility cohort of 521 men with spermatogenic failure and 323 controls and report patient-derived digenic and trigenic classification results.
41582390,10.2174/0118715303419738251111055407,Miao D,2026,Analysis of the Relationship Between Early Estrogen Response and Cryptorchidism.,"Endocrine, metabolic & immune disorders drug targets",Journal Article,Andrology,INCLUDE,,Andrology,INCLUDE,NOT_CONTEXT_ONLY,AI04_AI_ONLY_PATHWAY_WITHOUT_TITLE_AI,PRIOR_HUMAN_ABSTRACT_REVIEW,The title and available abstract identify machine learning applied to the in-scope task described in 'Analysis of the Relationship Between Early Estrogen Response and Cryptorchidism.'.
41619611,10.1016/j.saa.2026.127498,Gao B,2026,Label-free Raman spectroscopy combined with artificial intelligence for functional subtyping of human sperm and prediction of embryo development outcomes.,"Spectrochimica acta. Part A, Molecular and biomolecular spectroscopy",Journal Article,Andrology,INCLUDE,,Andrology,INCLUDE,NOT_CONTEXT_ONLY,CTX02_ART_MALE_FACTOR_BOUNDARY,ABSTRACT,The title and available abstract identify machine learning applied to the in-scope task described in 'Label-free Raman spectroscopy combined with artificial intelligence for functional subtyping of human sperm and prediction of embryo development outcomes.'.
41620505,10.1038/s41598-025-31013-1,Alson S,2026,Machine learning prediction of live birth after IVF using the morphological uterus sonographic assessment group features of adenomyosis.,Scientific reports,Journal Article,Andrology,EXCLUDE,E02_EMBRYOLOGY_ONLY,Andrology,EXCLUDE,NOT_CONTEXT_ONLY,SCP02_FEMALE_ART_WITHOUT_MALE_REPRO_EXPANDED,PUBMED_ABSTRACT,The model predicts live birth in women using ovarian-reserve and uterine adenomyosis features and reports no substantive sperm-specific or male-factor task.
41640904,10.7759/cureus.100734,Mohamed Salih EL,2026,Clinical Predictors of Successful Pregnancy After In Vitro Fertilization (IVF): A Comprehensive Systematic Review of Evidence.,Cureus,Journal Article; Review,Andrology,EXCLUDE,E02_EMBRYOLOGY_ONLY,Andrology,EXCLUDE,NOT_CONTEXT_ONLY,AI03_GENERIC_PREDICTION_WITHOUT_EXPLICIT_AI;AI04_AI_ONLY_PATHWAY_WITHOUT_TITLE_AI,ABSTRACT,'Clinical Predictors of Successful Pregnancy After In Vitro Fertilization (IVF): A Comprehensive Systematic Review of Evidence' evaluates IVF laboratory/embryologist outcomes without a substantive male-factor or sperm-specific task.
41642175,10.1093/sxmrev/qeaf075,Wang C,2026,Central neural mechanisms of lifelong premature ejaculation: a narrative synthesis of neuroimaging and electrophysiological evidence.,Sexual medicine reviews,Journal Article; Review,Andrology,EXCLUDE,E05_NO_SUBSTANTIVE_AI,Andrology,EXCLUDE,NOT_CONTEXT_ONLY,AI04_AI_ONLY_PATHWAY_WITHOUT_TITLE_AI;TEC01_TECHNICAL_ARTIFACT_WITHOUT_CLINICAL_CUE,ABSTRACT,"The available evidence for 'Central neural mechanisms of lifelong premature ejaculation: a narrative synthesis of neuroimaging and electrophysiological evidence' reports conventional imaging, statistics, digital/AR/VR technology, biomarkers, or automation without a substantive AI/ML method or application."
41643045,10.1097/MOU.0000000000001359,Cimadamore A,2026,Intraoperative assessment of surgical margins during radical prostatectomy: advances and challenges.,Current opinion in urology,Journal Article; Review,Andrology,EXCLUDE,E05_NO_SUBSTANTIVE_AI,Andrology,EXCLUDE,NOT_CONTEXT_ONLY,AI04_AI_ONLY_PATHWAY_WITHOUT_TITLE_AI,ABSTRACT,"The available evidence for 'Intraoperative assessment of surgical margins during radical prostatectomy: advances and challenges' reports conventional imaging, statistics, digital/AR/VR technology, biomarkers, or automation without a substantive AI/ML method or application."
41688827,10.1007/s12015-026-11074-z,Karoii DH,2026,Identifying Mouse Undifferentiated To Differentiated Spermatogonia Stem Cells at the Single-Cell Level Using Machine Learning Approaches.,Stem cell reviews and reports,Journal Article,Andrology,EXCLUDE,E04_PRECLINICAL_NONHUMAN,Andrology,EXCLUDE,NOT_CONTEXT_ONLY,SCP03_NONHUMAN_PRECLINICAL_EXPANDED,PUBMED_ABSTRACT,"The transcriptomic, single-cell, and immunohistochemical analyses use mouse datasets and mouse testicular tissues without an eligible human clinical task or result."
41712191,10.1002/mp.70357,Hizam DA,2026,Learning anatomy from unlabelled CT volumes: A self-supervised framework for improving prostate radiotherapy segmentation.,Medical physics,Journal Article,Andrology,OPERATIONAL_ANALYSIS_GROUP_CORRECTION,C01_OPERATIONAL_ANALYSIS_GROUP_CORRECTION,Prostate Imaging,INCLUDE,NOT_CONTEXT_ONLY,DEEP_SCOPE_DOMAIN_CORRECTION,PUBMED_ABSTRACT,"The self-supervised CT model performs prostate segmentation for radiotherapy, so the record belongs in Prostate Imaging rather than Andrology."
41713522,10.1016/j.reprotox.2026.109191,Meng C,2026,Artificial sweeteners and male infertility: Network toxicology and experimental evidence reveal FGFR1 as the critical target.,"Reproductive toxicology (Elmsford, N.Y.)",Journal Article,Andrology,EXCLUDE,E04_PRECLINICAL_NONHUMAN,Andrology,EXCLUDE,NOT_CONTEXT_ONLY,AI04_AI_ONLY_PATHWAY_WITHOUT_TITLE_AI,ABSTRACT,"'Artificial sweeteners and male infertility: Network toxicology and experimental evidence reveal FGFR1 as the critical target' is limited to animal, xenograft, simulated, or other preclinical evidence without a qualifying patient-level clinical evaluation."
41752764,10.3390/medicina62020364,Minano Masip J,2026,Pregnancy AI: Development and Internal Validation of an Artificial Intelligence Tool to Predict Live Births in ICSI and IVF Cycles Using Clinical Features and Embryo Images.,"Medicina (Kaunas, Lithuania)",Journal Article,Andrology,EXCLUDE,E02_EMBRYOLOGY_ONLY,Andrology,EXCLUDE,NOT_CONTEXT_ONLY,SCP02_EMBRYO_ART_WITHOUT_MALE_REPRO,ABSTRACT_OR_METADATA_PLUS_DUAL_HUMAN_REVIEW,The AI tool predicts live birth and pregnancy from IVF/ICSI clinical features and embryo images; no substantive male-factor or sperm-specific task is evaluated.
41825691,10.1016/j.xfss.2026.03.002,Setti A,2026,Artificial intelligence unlocks oocyte competence: MAGENTA outperforms clinical predictors and boosts euploidy modeling.,F&S science,Journal Article,Andrology,EXCLUDE,E02_EMBRYOLOGY_ONLY,Andrology,EXCLUDE,NOT_CONTEXT_ONLY,SCP02_EMBRYO_ART_WITHOUT_MALE_REPRO;SCP04_OTHER_ORGAN_WITHOUT_UROLOGY,ABSTRACT_OR_METADATA_PLUS_DUAL_HUMAN_REVIEW,"MAGENTA predicts oocyte competence, embryo development, and euploidy; the task is oocyte/embryology focused without substantive male-factor relevance."
41900957,10.3390/life16030438,Ozge EC,2026,Adaptive Logit Fusion for Mitigating Class Imbalance in Multi-Category Sperm Morphology Assessment.,"Life (Basel, Switzerland)",Journal Article,Andrology,INCLUDE,,Andrology,INCLUDE,NOT_CONTEXT_ONLY,AI04_AI_ONLY_PATHWAY_WITHOUT_TITLE_AI,PRIOR_HUMAN_ABSTRACT_REVIEW,The title and available abstract identify deep learning applied to the in-scope task described in 'Adaptive Logit Fusion for Mitigating Class Imbalance in Multi-Category Sperm Morphology Assessment.'.
41916845,10.1016/j.jpurol.2026.105877,Babu R,2026,CurvAssist: An AI assisted pipeline for penile shaft segmentation/ curvature measurement in children with hypospadias.,Journal of pediatric urology,Journal Article,Andrology,INCLUDE,,Andrology,INCLUDE,NOT_CONTEXT_ONLY,TEC01_TECHNICAL_ARTIFACT_WITHOUT_CLINICAL_CUE,PRIOR_HUMAN_ABSTRACT_REVIEW,The title and available abstract identify deep learning applied to the in-scope task described in 'CurvAssist: An AI assisted pipeline for penile shaft segmentation/ curvature measurement in children with hypospadias.'.
41932402,10.1016/j.ijrobp.2026.03.031,Cote N,2026,Simulation-Free Adaptive Prostate SBRT on MR-Linac: Technical Feasibility and Clinical Experience.,"International journal of radiation oncology, biology, physics",Journal Article,Andrology,OPERATIONAL_ANALYSIS_GROUP_CORRECTION,C01_OPERATIONAL_ANALYSIS_GROUP_CORRECTION,Prostate Imaging,INCLUDE,NOT_CONTEXT_ONLY,DEEP_SCOPE_DOMAIN_CORRECTION,PUBMED_ABSTRACT,"The evaluated AI contouring workflow concerns prostate stereotactic radiotherapy on an MR-Linac, so the record belongs in Prostate Imaging rather than Andrology."
40365799,10.1002/nau.70074,Chew LE,2026,"The Future of Urodynamics: Innovations, Challenges, and Possibilities.",Neurourology and urodynamics,Journal Article; Review,Benign/Functional,INCLUDE,,Benign/Functional,INCLUDE,NOT_CONTEXT_ONLY,AI01_FUTURE_OR_INCIDENTAL_AI_RISK;AI04_AI_ONLY_PATHWAY_WITHOUT_TITLE_AI,ABSTRACT,"The title and available abstract identify a substantive synthesis of machine learning in the in-scope Benign/Functional area described in 'The Future of Urodynamics: Innovations, Challenges, and Possibilities.'."
40919823,10.1002/adhm.202502811,Liu C,2026,Recent Technological Advances in Monitoring and Neuromodulation of Non-Malignant and Neurogenic Bladder Conditions.,Advanced healthcare materials,Journal Article; Review,Benign/Functional,EXCLUDE,E05_NO_SUBSTANTIVE_AI,Benign/Functional,EXCLUDE,NOT_CONTEXT_ONLY,AI04_AI_ONLY_PATHWAY_WITHOUT_TITLE_AI,ABSTRACT,"The available evidence for 'Recent Technological Advances in Monitoring and Neuromodulation of Non-Malignant and Neurogenic Bladder Conditions' reports conventional imaging, statistics, digital/AR/VR technology, biomarkers, or automation without a substantive AI/ML method or application."
40932342,10.1097/JS9.0000000000003431,Zhou Z,2026,Fully end-to-end automated bladder segmentation and risk assessment based on bladder morphology features for predicting upper urinary tract dysfunction.,"International journal of surgery (London, England)",Journal Article,Benign/Functional,INCLUDE,,Benign/Functional,INCLUDE,NOT_CONTEXT_ONLY,AI03_GENERIC_PREDICTION_WITHOUT_EXPLICIT_AI;AI04_AI_ONLY_PATHWAY_WITHOUT_TITLE_AI,ABSTRACT,The title and available abstract identify machine learning applied to the in-scope task described in 'Fully end-to-end automated bladder segmentation and risk assessment based on bladder morphology features for predicting upper urinary tract dysfunction.'.
41061568,10.1016/j.diagmicrobio.2025.117125,Bhimani A,2026,"Multidrug-resistant pathogens in UTIs: A concise review of epidemiology, diagnostics, and patent landscaping for precision healthcare.",Diagnostic microbiology and infectious disease,Journal Article; Review,Benign/Functional,EXCLUDE,E05_NO_SUBSTANTIVE_AI,Benign/Functional,EXCLUDE,NOT_CONTEXT_ONLY,SCP06_GENERAL_GOVERNANCE_WITHOUT_UROLOGY;AI04_AI_ONLY_PATHWAY_WITHOUT_TITLE_AI,ABSTRACT,"The abstract's main focus in 'Multidrug-resistant pathogens in UTIs: A concise review of epidemiology, diagnostics, and patent landscaping for precision healthcare' is not an AI/ML evaluation; AI is absent or limited to an incidental, emerging, or future possibility rather than a substantive method or application."
41517569,10.3390/jcm15010320,Gradwell LEF,2026,"An Atlas of Nomograms, Scoring Systems, and Predictive Tools to Guide Investigation or Management in Patients with Suspected or Confirmed Vesicoureteral Reflux: A Comprehensive Review of the Literature.",Journal of clinical medicine,Journal Article; Review,Benign/Functional,EXCLUDE,E05_NO_SUBSTANTIVE_AI,Benign/Functional,EXCLUDE,NOT_CONTEXT_ONLY,AI03_GENERIC_PREDICTION_WITHOUT_EXPLICIT_AI;AI04_AI_ONLY_PATHWAY_WITHOUT_TITLE_AI,ABSTRACT,"The available evidence for 'An Atlas of Nomograms, Scoring Systems, and Predictive Tools to Guide Investigation or Management in Patients with Suspected or Confirmed Vesicoureteral Reflux: A Comprehensive Review of the Literature' reports conventional imaging, statistics, digital/AR/VR technology, biomarkers, or automation without a substantive AI/ML method or application."
41855067,10.1109/JBHI.2026.3675965,Saini M,2026,BWS-Net: An Optimal Deep Learning Architecture for the Anterior Bladder Wall Segmentation using Ultrasound Imaging.,IEEE journal of biomedical and health informatics,Journal Article,Benign/Functional,INCLUDE,,Benign/Functional,INCLUDE,NOT_CONTEXT_ONLY,TEC01_TECHNICAL_ARTIFACT_WITHOUT_CLINICAL_CUE,ABSTRACT,The title and available abstract identify deep learning applied to the in-scope task described in 'BWS-Net: An Optimal Deep Learning Architecture for the Anterior Bladder Wall Segmentation using Ultrasound Imaging.'.
41442462,10.1093/bjr/tqaf315,Liu H,2026,Low-dose corticomedullary phase CT urography with artificial intelligence iterative reconstruction for bladder cancer evaluation.,The British journal of radiology,Journal Article,Bladder Cancer,INCLUDE,,Bladder Cancer,INCLUDE,NOT_CONTEXT_ONLY,TEC01_TECHNICAL_ARTIFACT_WITHOUT_CLINICAL_CUE,PRIOR_HUMAN_ABSTRACT_REVIEW,The title and available abstract identify machine learning applied to the in-scope task described in 'Low-dose corticomedullary phase CT urography with artificial intelligence iterative reconstruction for bladder cancer evaluation.'.
41445362,10.1111/cas.70311,Xue Z,2026,Urinary Tumor DNA to Identify Candidates for Repeat Transurethral Resection in Non-Muscle-Invasive Bladder Cancer.,Cancer science,Journal Article,Bladder Cancer,INCLUDE,,Bladder Cancer,INCLUDE,NOT_CONTEXT_ONLY,AI04_AI_ONLY_PATHWAY_WITHOUT_TITLE_AI,ABSTRACT,The title and available abstract identify machine learning applied to the in-scope task described in 'Urinary Tumor DNA to Identify Candidates for Repeat Transurethral Resection in Non-Muscle-Invasive Bladder Cancer.'.
41540546,10.2174/0115748928396718251104075645,Zhang J,2026,Single-cell and Bulk RNA-Seq Analyses Reveal TOMM7-mediated Multi-cell Death Mechanisms Driving Muscle-invasive Bladder Cancer Progression.,Recent patents on anti-cancer drug discovery,Journal Article,Bladder Cancer,INCLUDE,,Bladder Cancer,INCLUDE,NOT_CONTEXT_ONLY,AI04_AI_ONLY_PATHWAY_WITHOUT_TITLE_AI,ABSTRACT,The title and available abstract identify machine learning applied to the in-scope task described in 'Single-cell and Bulk RNA-Seq Analyses Reveal TOMM7-mediated Multi-cell Death Mechanisms Driving Muscle-invasive Bladder Cancer Progression.'.
41587322,10.1093/bib/bbaf728,Gui J,2026,BiChemoCLAM: a weakly supervised multimodal framework for chemotherapy response prediction.,Briefings in bioinformatics,Journal Article,Bladder Cancer,INCLUDE,,Bladder Cancer,INCLUDE,NOT_CONTEXT_ONLY,AI03_GENERIC_PREDICTION_WITHOUT_EXPLICIT_AI;AI04_AI_ONLY_PATHWAY_WITHOUT_TITLE_AI,PRIOR_HUMAN_ABSTRACT_REVIEW,The title and available abstract identify deep learning applied to the in-scope task described in 'BiChemoCLAM: a weakly supervised multimodal framework for chemotherapy response prediction.'.
41735763,10.1007/s10565-026-10164-5,Liu Y,2026,Toxicogenomic Characterization of Perfluorooctanoic Acid-Associated Bladder Carcinogenesis.,Cell biology and toxicology,Journal Article,Bladder Cancer,EXCLUDE,E04_PRECLINICAL_NONHUMAN,Bladder Cancer,EXCLUDE,NOT_CONTEXT_ONLY,AI04_AI_ONLY_PATHWAY_WITHOUT_TITLE_AI,ABSTRACT,"'Toxicogenomic Characterization of Perfluorooctanoic Acid-Associated Bladder Carcinogenesis' is limited to animal, xenograft, simulated, or other preclinical evidence without a qualifying patient-level clinical evaluation."
41741147,10.2463/mrms.rev.2025-0213,Takeuchi M,2026,Current Status and Future Perspective for Bladder Cancer MR Imaging and the Vesical Imaging-Reporting and Data System (VI-RADS) in Japan: Challenges and Solutions.,Magnetic resonance in medical sciences : MRMS : an official journal of Japan Society of Magnetic Resonance in Medicine,Journal Article,Bladder Cancer,INCLUDE,,Bladder Cancer,INCLUDE,NOT_CONTEXT_ONLY,AI01_FUTURE_OR_INCIDENTAL_AI_RISK;AI04_AI_ONLY_PATHWAY_WITHOUT_TITLE_AI,ABSTRACT,The title and available abstract identify deep learning and radiomics or pathomics applied to the in-scope task described in 'Current Status and Future Perspective for Bladder Cancer MR Imaging and the Vesical Imaging-Reporting and Data System (VI-RADS) in Japan: Challenges and Solutions.'.
41768416,10.1177/23523735251413333,Superdock M,2026,Computational pathology in bladder cancer: A scoping review.,"Bladder cancer (Amsterdam, Netherlands)",Journal Article; Review,Bladder Cancer,INCLUDE,,Bladder Cancer,INCLUDE,NOT_CONTEXT_ONLY,AI04_AI_ONLY_PATHWAY_WITHOUT_TITLE_AI,ABSTRACT,The title and available abstract identify a substantive synthesis of machine learning in the in-scope Bladder Cancer area described in 'Computational pathology in bladder cancer: A scoping review.'.
41775548,10.1053/j.semnuclmed.2026.02.004,Mena E,2026,Advances and challenges of PET imaging in bladder cancer-An update and future trends.,Seminars in nuclear medicine,Journal Article; Review,Bladder Cancer,INCLUDE,,Bladder Cancer,INCLUDE,NOT_CONTEXT_ONLY,AI01_FUTURE_OR_INCIDENTAL_AI_RISK;AI04_AI_ONLY_PATHWAY_WITHOUT_TITLE_AI,ABSTRACT,Abstract reviews bladder-cancer PET imaging and explicitly includes radiomics and AI-driven analysis.
41780445,10.1016/j.compbiolchem.2026.108987,Liu T,2026,Elucidating the mechanisms of aristolochic acid-induced upper tract urothelial carcinoma: A multi-omics approach combining bioinformatics and computational modeling.,Computational biology and chemistry,Journal Article,Bladder Cancer,EXCLUDE,E04_PRECLINICAL_NONHUMAN,Bladder Cancer,EXCLUDE,NOT_CONTEXT_ONLY,AI04_AI_ONLY_PATHWAY_WITHOUT_TITLE_AI,ABSTRACT,"'Elucidating the mechanisms of aristolochic acid-induced upper tract urothelial carcinoma: A multi-omics approach combining bioinformatics and computational modeling' is limited to animal, xenograft, simulated, or other preclinical evidence without a qualifying patient-level clinical evaluation."
41794187,10.1016/j.taap.2026.117784,Yan H,2026,"Unraveling the connection between PFOA and bladder cancer: A study integrating network toxicology, molecular docking, and experimental validation.",Toxicology and applied pharmacology,Journal Article,Bladder Cancer,INCLUDE,,Bladder Cancer,INCLUDE,NOT_CONTEXT_ONLY,AI04_AI_ONLY_PATHWAY_WITHOUT_TITLE_AI,ABSTRACT,"The title and available abstract identify machine learning applied to the in-scope task described in 'Unraveling the connection between PFOA and bladder cancer: A study integrating network toxicology, molecular docking, and experimental validation.'."
41804750,10.1002/ctm2.70638,van Creij NCH,2026,Multi-omic profiling defines three distinct molecular subtypes of urothelial carcinoma with implications for precision therapy.,Clinical and translational medicine,Journal Article,Bladder Cancer,INCLUDE,,Bladder Cancer,INCLUDE,NOT_CONTEXT_ONLY,AI04_AI_ONLY_PATHWAY_WITHOUT_TITLE_AI,ABSTRACT,The title and available abstract identify machine learning applied to the in-scope task described in 'Multi-omic profiling defines three distinct molecular subtypes of urothelial carcinoma with implications for precision therapy.'.
41809777,10.21037/tau-2025-1-970,Liu J,2026,Development and validation of a gemcitabine sensitivity-related long noncoding RNA signature for predicting the prognosis and subtypes of bladder cancer.,Translational andrology and urology,Journal Article,Bladder Cancer,INCLUDE,,Bladder Cancer,INCLUDE,NOT_CONTEXT_ONLY,AI03_GENERIC_PREDICTION_WITHOUT_EXPLICIT_AI,ABSTRACT,The title and available abstract identify machine learning applied to the in-scope task described in 'Development and validation of a gemcitabine sensitivity-related long noncoding RNA signature for predicting the prognosis and subtypes of bladder cancer.'.
41892063,10.3390/bios16030171,Hao Z,2026,Non-Invasive Urine-Based Diagnostic Technologies for Early Bladder Cancer.,Biosensors,Journal Article; Review,Bladder Cancer,INCLUDE,,Bladder Cancer,INCLUDE,NOT_CONTEXT_ONLY,AI04_AI_ONLY_PATHWAY_WITHOUT_TITLE_AI,ABSTRACT,The title and available abstract identify a substantive synthesis of a substantive AI or machine-learning application in the in-scope Bladder Cancer area described in 'Non-Invasive Urine-Based Diagnostic Technologies for Early Bladder Cancer.'.
41907632,10.3389/fonc.2026.1784501,Russo F,2026,Identification of a weighted urinary microbial signature for bladder cancer discrimination.,Frontiers in oncology,Journal Article,Bladder Cancer,INCLUDE,,Bladder Cancer,INCLUDE,NOT_CONTEXT_ONLY,AI04_AI_ONLY_PATHWAY_WITHOUT_TITLE_AI,ABSTRACT,The title and available abstract identify machine learning applied to the in-scope task described in 'Identification of a weighted urinary microbial signature for bladder cancer discrimination.'.
41915371,10.1007/s11547-026-02203-2,Borrelli A,2026,AI-assessed sarcopenia as an independent predictor of neoadjuvant chemotherapy outcomes in muscle-invasive bladder cancer.,La Radiologia medica,Journal Article,Bladder Cancer,INCLUDE,,Bladder Cancer,INCLUDE,NOT_CONTEXT_ONLY,AI03_GENERIC_PREDICTION_WITHOUT_EXPLICIT_AI,ABSTRACT,The title and available abstract identify machine learning applied to the in-scope task described in 'AI-assessed sarcopenia as an independent predictor of neoadjuvant chemotherapy outcomes in muscle-invasive bladder cancer.'.
39349948,10.1038/s41585-024-00941-4,Checcucci E,2026,Metaverse in surgery - origins and future potential.,Nature reviews. Urology,Journal Article; Review,Broad Reviews,EXCLUDE,E05_NO_SUBSTANTIVE_AI,Broad Reviews,EXCLUDE,NOT_CONTEXT_ONLY,AI01_FUTURE_OR_INCIDENTAL_AI_RISK;AI04_AI_ONLY_PATHWAY_WITHOUT_TITLE_AI;CTX01_BROAD_DOMAIN_WITHOUT_TITLE_UROLOGY,ABSTRACT,"The abstract's main focus in 'Metaverse in surgery - origins and future potential' is not an AI/ML evaluation; AI is absent or limited to an incidental, emerging, or future possibility rather than a substantive method or application."
40765212,10.1002/nau.70120,Kowalik C,2026,Considerations for Videourodynamics and How It Impacts Practice.,Neurourology and urodynamics,Journal Article; Review,Broad Reviews,EXCLUDE,E05_NO_SUBSTANTIVE_AI,Broad Reviews,EXCLUDE,NOT_CONTEXT_ONLY,DEEP_SCOPE_AI_SUBSTANCE,PUBMED_ABSTRACT,"The videourodynamics review evaluates contemporary diagnostic practice, while AI is mentioned only as having future transformative potential and no AI method or evidence is evaluated."
40790847,10.1177/00031348251367031,Emile SH,2026,Assessment of the Utility of Artificial Intelligence-Based Chatbots in Patient Education: A Systematic Review and Meta-Analysis.,The American surgeon,Journal Article; Meta-Analysis; Systematic Review,Broad Reviews,INCLUDE,,Broad Reviews,INCLUDE,NOT_CONTEXT_ONLY,DEEP_SCOPE_FULLTEXT_CONFIRMATION,PUBLISHER_FULL_TEXT_PLUS_PRIMARY_STUDY,The patient-education meta-analysis includes separable urological studies on robotic radical prostatectomy and urological malignancy enquiries and reports a radical-prostatectomy-specific 78.6% guideline-concordance result.
41073794,10.1038/s41585-025-01096-6,Gortz M,2026,Digital twins for personalized treatment in uro-oncology in the era of artificial intelligence.,Nature reviews. Urology,Journal Article; Review,Broad Reviews,INCLUDE,,Broad Reviews,INCLUDE,NOT_CONTEXT_ONLY,CTX01_BROAD_DOMAIN_WITHOUT_TITLE_UROLOGY,ABSTRACT,The title and available abstract identify a substantive synthesis of machine learning in the in-scope Broad Reviews area described in 'Digital twins for personalized treatment in uro-oncology in the era of artificial intelligence.'.
41117525,10.1097/MOU.0000000000001348,Ghnatios C,2026,"Demystifying machine learning in endourology - understanding models, applications, and clinical impact: a review from EAU endourology.",Current opinion in urology,Journal Article; Review,Broad Reviews,INCLUDE,,Broad Reviews,INCLUDE,NOT_CONTEXT_ONLY,CTX01_BROAD_DOMAIN_WITHOUT_TITLE_UROLOGY,ABSTRACT,"The title and available abstract identify a substantive synthesis of machine learning in the in-scope Broad Reviews area described in 'Demystifying machine learning in endourology - understanding models, applications, and clinical impact: a review from EAU endourology.'."
41313232,10.1080/14737140.2025.2597526,Zhang Y,2026,From macroscopic clearance to molecular eradication: paradigm shift and future perspectives in the detecting of residual lesions after transurethral resection of bladder tumors.,Expert review of anticancer therapy,Journal Article; Review; Systematic Review,Broad Reviews,INCLUDE,,Broad Reviews,INCLUDE,NOT_CONTEXT_ONLY,AI01_FUTURE_OR_INCIDENTAL_AI_RISK;AI04_AI_ONLY_PATHWAY_WITHOUT_TITLE_AI,ABSTRACT,The title and available abstract identify a substantive synthesis of machine learning in the in-scope Broad Reviews area described in 'From macroscopic clearance to molecular eradication: paradigm shift and future perspectives in the detecting of residual lesions after transurethral resection of bladder tumors.'.
41314862,10.1177/08927790251394738,Zhang M,2026,The Science of Surgical Force: A New Field of Study in Urology.,Journal of endourology,Journal Article; Review; Systematic Review,Broad Reviews,EXCLUDE,E05_NO_SUBSTANTIVE_AI,Broad Reviews,EXCLUDE,NOT_CONTEXT_ONLY,AI04_AI_ONLY_PATHWAY_WITHOUT_TITLE_AI,ABSTRACT,"The available evidence for 'The Science of Surgical Force: A New Field of Study in Urology' reports conventional imaging, statistics, digital/AR/VR technology, biomarkers, or automation without a substantive AI/ML method or application."
41373109,10.1097/MOU.0000000000001361,Grobholz R,2026,Modern integrative prostate cancer diagnostics.,Current opinion in urology,Journal Article; Review,Broad Reviews,INCLUDE,,Broad Reviews,INCLUDE,NOT_CONTEXT_ONLY,AI04_AI_ONLY_PATHWAY_WITHOUT_TITLE_AI,ABSTRACT,The title and available abstract identify a substantive synthesis of machine learning in the in-scope Broad Reviews area described in 'Modern integrative prostate cancer diagnostics.'.
41419150,10.1016/j.gene.2025.149966,Rahman S,2026,Navigating the winding road toward precision prostate cancer care.,Gene,Journal Article; Review,Broad Reviews,CONTEXT_ONLY,E10_CONTEXT_ONLY,Broad Reviews,EXCLUDE,CONTEXT_ONLY,AI04_AI_ONLY_PATHWAY_WITHOUT_TITLE_AI,ABSTRACT,"'Navigating the winding road toward precision prostate cancer care' provides AI reporting, governance, ethics, implementation, or research-agenda context without a primary corpus-eligible AI evaluation; it may be cited narratively but not counted."
41577500,10.1016/j.euf.2026.01.005,Gabriel PE,2026,The Future of Non-muscle-invasive Bladder Cancer: Towards a Molecular-Digital Paradigm for Personalized Management.,European urology focus,Journal Article; Review,Broad Reviews,INCLUDE,,Broad Reviews,INCLUDE,NOT_CONTEXT_ONLY,AI01_FUTURE_OR_INCIDENTAL_AI_RISK;AI04_AI_ONLY_PATHWAY_WITHOUT_TITLE_AI,ABSTRACT,The title and available abstract identify a substantive synthesis of machine learning in the in-scope Broad Reviews area described in 'The Future of Non-muscle-invasive Bladder Cancer: Towards a Molecular-Digital Paradigm for Personalized Management.'.
41590518,10.3390/jpm16010025,Alberca-Del Arco F,2026,"Emerging Molecular and Computational Biomarkers in Urothelial Carcinoma: Innovations in Diagnosis, Prognosis, and Therapeutic Response Prediction.",Journal of personalized medicine,Journal Article; Review,Broad Reviews,INCLUDE,,Broad Reviews,INCLUDE,NOT_CONTEXT_ONLY,AI03_GENERIC_PREDICTION_WITHOUT_EXPLICIT_AI;AI04_AI_ONLY_PATHWAY_WITHOUT_TITLE_AI,ABSTRACT,"The title and available abstract identify a substantive synthesis of radiomics or pathomics and machine learning in the in-scope Broad Reviews area described in 'Emerging Molecular and Computational Biomarkers in Urothelial Carcinoma: Innovations in Diagnosis, Prognosis, and Therapeutic Response Prediction.'."
41636843,10.1007/s00120-026-02771-1,Kohler J,2026,[Innovative imaging techniques for urothelial carcinoma].,"Urologie (Heidelberg, Germany)",English Abstract; Journal Article; Review,Broad Reviews,EXCLUDE,E05_NO_SUBSTANTIVE_AI,Broad Reviews,EXCLUDE,NOT_CONTEXT_ONLY,AI04_AI_ONLY_PATHWAY_WITHOUT_TITLE_AI,ABSTRACT,"The available evidence for '[Innovative imaging techniques for urothelial carcinoma]' reports conventional imaging, statistics, digital/AR/VR technology, biomarkers, or automation without a substantive AI/ML method or application."
41664829,10.1007/s11884-025-00800-x,Paudel R,2026,"Shared Decision Making, Decision Aids and Patient Reported Outcome Measures for Overactive Bladder Care: A Review.",Current bladder dysfunction reports,Journal Article; Review,Broad Reviews,EXCLUDE,E05_NO_SUBSTANTIVE_AI,Broad Reviews,EXCLUDE,NOT_CONTEXT_ONLY,AI04_AI_ONLY_PATHWAY_WITHOUT_TITLE_AI,ABSTRACT,"The available evidence for 'Shared Decision Making, Decision Aids and Patient Reported Outcome Measures for Overactive Bladder Care: A Review' reports conventional imaging, statistics, digital/AR/VR technology, biomarkers, or automation without a substantive AI/ML method or application."
41681930,10.3390/cancers18030456,Stepka J,2026,Contemporary Preoperative Detection of Extraprostatic Extension in Prostate Cancer.,Cancers,Journal Article; Review,Broad Reviews,INCLUDE,,Broad Reviews,INCLUDE,NOT_CONTEXT_ONLY,AI04_AI_ONLY_PATHWAY_WITHOUT_TITLE_AI,ABSTRACT,The title and available abstract identify a substantive synthesis of deep learning and radiomics or pathomics in the in-scope Broad Reviews area described in 'Contemporary Preoperative Detection of Extraprostatic Extension in Prostate Cancer.'.
41684950,10.1177/17562872261419592,Nedbal C,2026,Digital twins in urology: a vision for the future of urological practice.,Therapeutic advances in urology,Journal Article; Review,Broad Reviews,INCLUDE,,Broad Reviews,INCLUDE,NOT_CONTEXT_ONLY,AI01_FUTURE_OR_INCIDENTAL_AI_RISK;AI04_AI_ONLY_PATHWAY_WITHOUT_TITLE_AI,ABSTRACT,The title and available abstract identify a substantive synthesis of a substantive AI or machine-learning application in the in-scope Broad Reviews area described in 'Digital twins in urology: a vision for the future of urological practice.'.
41686838,10.1371/journal.pdig.0001237,Khondker A,2026,Predicting vesicoureteral reflux outcomes using artificial intelligence: A critical appraisal using APPRAISE-AI.,PLOS digital health,Journal Article; Review,Broad Reviews,INCLUDE,,Broad Reviews,INCLUDE,NOT_CONTEXT_ONLY,CTX01_BROAD_DOMAIN_WITHOUT_TITLE_UROLOGY,ABSTRACT,The title and available abstract identify a substantive synthesis of machine learning in the in-scope Broad Reviews area described in 'Predicting vesicoureteral reflux outcomes using artificial intelligence: A critical appraisal using APPRAISE-AI.'.
41697205,10.23736/S2724-6051.25.06559-0,DI Bello F,2026,The role of artificial intelligence in predicting graft survival in kidney transplantation: a systematic review.,Minerva urology and nephrology,Journal Article; Systematic Review,Broad Reviews,EXCLUDE,E01_NON_UROLOGICAL,Broad Reviews,EXCLUDE,NOT_CONTEXT_ONLY,RENAL_NEPHROLOGY_BOUNDARY_PASS,PUBMED_ABSTRACT,Kidney-transplant graft-survival systematic review without a separable urological task.
41724393,10.1016/j.urology.2026.02.026,Nelson B,2026,Emerging Diagnostics Tools for Severe Male Infertility and Non-Obstructive Azoospermia.,Urology,Journal Article; Review,Broad Reviews,EXCLUDE,E05_NO_SUBSTANTIVE_AI,Broad Reviews,EXCLUDE,NOT_CONTEXT_ONLY,AI04_AI_ONLY_PATHWAY_WITHOUT_TITLE_AI,ABSTRACT,"The available evidence for 'Emerging Diagnostics Tools for Severe Male Infertility and Non-Obstructive Azoospermia' reports conventional imaging, statistics, digital/AR/VR technology, biomarkers, or automation without a substantive AI/ML method or application."
41749918,10.3390/cancers18040665,Cella L,2026,AI in High-Frequency Micro-Ultrasound: Advancing Prostate Imaging from Segmentation to Cancer Detection.,Cancers,Journal Article; Review,Broad Reviews,INCLUDE,,Broad Reviews,INCLUDE,NOT_CONTEXT_ONLY,AI04_AI_ONLY_PATHWAY_WITHOUT_TITLE_AI,ABSTRACT,The title and available abstract identify a substantive synthesis of deep learning and machine learning in the in-scope Broad Reviews area described in 'AI in High-Frequency Micro-Ultrasound: Advancing Prostate Imaging from Segmentation to Cancer Detection.'.
41764677,10.1007/s00345-026-06322-3,Ghnatios C,2026,From data to decision: integrating causality AI and predictive analytics in endourological practice-a descriptive guide for clinicians from EAU Endourology.,World journal of urology,Journal Article; Review,Broad Reviews,INCLUDE,,Broad Reviews,INCLUDE,NOT_CONTEXT_ONLY,AI03_GENERIC_PREDICTION_WITHOUT_EXPLICIT_AI;AI04_AI_ONLY_PATHWAY_WITHOUT_TITLE_AI;CTX01_BROAD_DOMAIN_WITHOUT_TITLE_UROLOGY,ABSTRACT,The title and available abstract identify a substantive synthesis of machine learning in the in-scope Broad Reviews area described in 'From data to decision: integrating causality AI and predictive analytics in endourological practice-a descriptive guide for clinicians from EAU Endourology.'.
41800506,10.32604/cju.2026.071284,Barakat B,2026,"Artificial intelligence assisted 3D in the robotic urooncology? A systematic review and narrative synthesis of current applications, challenges and future directions.",The Canadian journal of urology,Journal Article; Review; Systematic Review,Broad Reviews,INCLUDE,,Broad Reviews,INCLUDE,NOT_CONTEXT_ONLY,CTX01_BROAD_DOMAIN_WITHOUT_TITLE_UROLOGY;TEC01_TECHNICAL_ARTIFACT_WITHOUT_CLINICAL_CUE,ABSTRACT,"The title and available abstract identify a substantive synthesis of machine learning in the in-scope Broad Reviews area described in 'Artificial intelligence assisted 3D in the robotic urooncology? A systematic review and narrative synthesis of current applications, challenges and future directions.'."
41817162,10.1111/bju.70229,Lin J,2026,Artificial intelligence-based approaches to augmenting and automating surgical training.,BJU international,Journal Article; Review,Broad Reviews,EXCLUDE,E01_NON_UROLOGICAL,Broad Reviews,EXCLUDE,NOT_CONTEXT_ONLY,CTX01_BROAD_DOMAIN_WITHOUT_TITLE_UROLOGY,ABSTRACT,"The substantive AI task in 'Artificial intelligence-based approaches to augmenting and automating surgical training' is general, multi-specialty, or another organ system without a separable urological, andrological, or male-reproductive result."
41844851,10.1007/s00330-026-12465-z,Andrade MA,2026,Artificial-intelligence models vs. radiologists in the detection of clinically significant prostate cancer on mpMRI: a meta-analysis.,European radiology,Journal Article; Review,Broad Reviews,INCLUDE,,Broad Reviews,INCLUDE,NOT_CONTEXT_ONLY,AI04_AI_ONLY_PATHWAY_WITHOUT_TITLE_AI,ABSTRACT,The title and available abstract identify a substantive synthesis of deep learning and machine learning in the in-scope Broad Reviews area described in 'Artificial-intelligence models vs. radiologists in the detection of clinically significant prostate cancer on mpMRI: a meta-analysis.'.
41021959,10.1109/JBHI.2025.3614546,Kondylakis H,2026,A Review of Methods for Trustworthy AI in Medical Imaging: The FUTURE-AI Guidelines.,IEEE journal of biomedical and health informatics,Journal Article; Review,Implementation/ethics/reporting search stream,CONTEXT_ONLY,E10_CONTEXT_ONLY,Implementation/ethics/reporting search stream,EXCLUDE,CONTEXT_ONLY,AI01_FUTURE_OR_INCIDENTAL_AI_RISK;AI04_AI_ONLY_PATHWAY_WITHOUT_TITLE_AI;CTX01_BROAD_DOMAIN_WITHOUT_TITLE_UROLOGY,ABSTRACT,"'A Review of Methods for Trustworthy AI in Medical Imaging: The FUTURE-AI Guidelines' addresses general healthcare AI reporting, governance, ethics, or implementation without a urology-specific task; it may support methods context but should not contribute to corpus counts."
41066017,10.1007/s13246-025-01651-w,Guo R,2026,Artificial intelligence-based method for renal function automatic assessment of each kidney using plain computed tomography (CT) scans.,Physical and engineering sciences in medicine,Journal Article,Implementation/ethics/reporting search stream,OPERATIONAL_ANALYSIS_GROUP_CORRECTION,C01_OPERATIONAL_ANALYSIS_GROUP_CORRECTION,Benign/Functional,INCLUDE,NOT_CONTEXT_ONLY,RENAL_NEPHROLOGY_BOUNDARY_PASS,PUBMED_ABSTRACT,Per-kidney function assessment in atrophic-kidney and hydronephrosis cohorts is eligible under Benign/Functional.
41120774,10.1245/s10434-025-18590-1,Konnai Y,2026,Artificial-Intelligence-based Surgical Phase Recognition in Robot-Assisted Radical Prostatectomy and Cross-Surgeon Validation.,Annals of surgical oncology,Journal Article; Validation Study,Implementation/ethics/reporting search stream,INCLUDE,,Implementation/ethics/reporting search stream,INCLUDE,NOT_CONTEXT_ONLY,AI04_AI_ONLY_PATHWAY_WITHOUT_TITLE_AI,ABSTRACT,The title and available abstract identify machine learning applied to the in-scope task described in 'Artificial-Intelligence-based Surgical Phase Recognition in Robot-Assisted Radical Prostatectomy and Cross-Surgeon Validation.'.
41165777,10.1007/s00192-025-06385-7,Shi K,2026,Artificial Intelligence Supported Analysis of Anal Sphincter and Levator Ani Muscle Using Medical Imaging Techniques: A Systematic Review.,International urogynecology journal,Journal Article; Review; Systematic Review,Implementation/ethics/reporting search stream,EXCLUDE,E01_NON_UROLOGICAL,Implementation/ethics/reporting search stream,EXCLUDE,NOT_CONTEXT_ONLY,CTX01_BROAD_DOMAIN_WITHOUT_TITLE_UROLOGY,ABSTRACT,"The substantive AI task in 'Artificial Intelligence Supported Analysis of Anal Sphincter and Levator Ani Muscle Using Medical Imaging Techniques: A Systematic Review' is general, multi-specialty, or another organ system without a separable urological, andrological, or male-reproductive result."
41429726,10.1016/j.radonc.2025.111231,Song Y,2026,Urethra contours on MRI: Multidisciplinary consensus educational atlas and reference standard for artificial intelligence benchmarking.,Radiotherapy and oncology : journal of the European Society for Therapeutic Radiology and Oncology,"Journal Article; Research Support, N.I.H., Extramural; Research Support, Non-U.S. Gov't; Research Support, U.S. Gov't, Non-P.H.S.",Implementation/ethics/reporting search stream,INCLUDE,,Implementation/ethics/reporting search stream,INCLUDE,NOT_CONTEXT_ONLY,TEC01_TECHNICAL_ARTIFACT_WITHOUT_CLINICAL_CUE,ABSTRACT,The title and available abstract identify machine learning applied to the in-scope task described in 'Urethra contours on MRI: Multidisciplinary consensus educational atlas and reference standard for artificial intelligence benchmarking.'.
41448505,10.1016/j.jclinepi.2025.112118,de Kanter E,2026,Adherence to TRIPOD+AI guideline: an updated reporting assessment tool.,Journal of clinical epidemiology,Journal Article,Implementation/ethics/reporting search stream,CONTEXT_ONLY,E10_CONTEXT_ONLY,Implementation/ethics/reporting search stream,EXCLUDE,CONTEXT_ONLY,AI04_AI_ONLY_PATHWAY_WITHOUT_TITLE_AI;CTX01_BROAD_DOMAIN_WITHOUT_TITLE_UROLOGY,ABSTRACT,"'Adherence to TRIPOD+AI guideline: an updated reporting assessment tool' provides AI reporting, governance, ethics, implementation, or research-agenda context without a primary corpus-eligible AI evaluation; it may be cited narratively but not counted."
41475300,10.1016/j.rbmo.2025.105237,Alcalay I,2026,Can artificial intelligence models provide reliable medical counselling to fertility patients?,Reproductive biomedicine online,Journal Article,Implementation/ethics/reporting search stream,INCLUDE,,Implementation/ethics/reporting search stream,INCLUDE,NOT_CONTEXT_ONLY,CTX01_BROAD_DOMAIN_WITHOUT_TITLE_UROLOGY,ABSTRACT,The title and available abstract identify large-language-model or chatbot evaluation and machine learning applied to the in-scope task described in 'Can artificial intelligence models provide reliable medical counselling to fertility patients?'.
41488388,10.1177/17562872251407371,Kadakia YH,2026,Comparative evaluation of AI language models in educating patients on women's sexual health.,Therapeutic advances in urology,Journal Article,Implementation/ethics/reporting search stream,EXCLUDE,E01_NON_UROLOGICAL,Implementation/ethics/reporting search stream,EXCLUDE,NOT_CONTEXT_ONLY,AI04_AI_ONLY_PATHWAY_WITHOUT_TITLE_AI;CTX01_BROAD_DOMAIN_WITHOUT_TITLE_UROLOGY,ABSTRACT,"The substantive AI task in 'Comparative evaluation of AI language models in educating patients on women's sexual health' is general, multi-specialty, or another organ system without a separable urological, andrological, or male-reproductive result."
41500909,10.1016/j.soncn.2025.152088,Zacharias L,2026,Evaluation of the INCISIVE Services in Cancer Imaging: A Feasibility Study.,Seminars in oncology nursing,Journal Article,Implementation/ethics/reporting search stream,INCLUDE,,Implementation/ethics/reporting search stream,INCLUDE,NOT_CONTEXT_ONLY,DEEP_SCOPE_FULLTEXT_CONFIRMATION,FULL_TEXT,"The feasibility study evaluates the INCISIVE AI toolbox in 1,205 cases across five countries; the full text identifies 28 AI/deep-learning models and a separable set of 140 assessed prostate-cancer cases and diagnostic services."
41507902,10.1186/s12894-026-02048-x,Taskiran AT,2026,Clinical reasoning with machines: evaluating the interpretive depth of AI in urological case assessments.,BMC urology,Journal Article,Implementation/ethics/reporting search stream,INCLUDE,,Implementation/ethics/reporting search stream,INCLUDE,NOT_CONTEXT_ONLY,AI04_AI_ONLY_PATHWAY_WITHOUT_TITLE_AI,PRIOR_HUMAN_ABSTRACT_REVIEW,The title and available abstract identify large-language-model or chatbot evaluation applied to the in-scope task described in 'Clinical reasoning with machines: evaluating the interpretive depth of AI in urological case assessments.'.
41519750,10.1186/s12935-025-04155-5,Li G,2026,Comprehensive analysis of key palmitoylation-modifying enzymes in clear cell renal cell carcinoma: implications for prognosis and therapy.,Cancer cell international,Journal Article,Implementation/ethics/reporting search stream,OPERATIONAL_ANALYSIS_GROUP_CORRECTION,C01_OPERATIONAL_ANALYSIS_GROUP_CORRECTION,Renal/Kidney,INCLUDE,NOT_CONTEXT_ONLY,AI04_AI_ONLY_PATHWAY_WITHOUT_TITLE_AI,ABSTRACT,"Title/abstract review supports corpus eligibility for 'Comprehensive analysis of key palmitoylation-modifying enzymes in clear cell renal cell carcinoma: implications for prognosis and therapy', but its clinical task aligns with Renal/Kidney rather than the recorded implementation/ethics/reporting search stream."
41535603,10.1038/s41585-025-01122-7,Al-Sattar H,2026,A multi-modal approach for decision making in bladder cancer.,Nature reviews. Urology,Journal Article; Review,Implementation/ethics/reporting search stream,INCLUDE,,Implementation/ethics/reporting search stream,INCLUDE,NOT_CONTEXT_ONLY,AI04_AI_ONLY_PATHWAY_WITHOUT_TITLE_AI,ABSTRACT,The title and available abstract identify a substantive synthesis of radiomics or pathomics and machine learning within the implementation/ethics/reporting search stream described in 'A multi-modal approach for decision making in bladder cancer.'.
41540385,10.1186/s12894-026-02052-1,Liu Z,2026,Day surgery mode of multi-modal image AI fusion targeted transperineal biopsy technique using electromagnetic navigation tracking system under local anesthesia.,BMC urology,Journal Article,Implementation/ethics/reporting search stream,INCLUDE,,Implementation/ethics/reporting search stream,INCLUDE,NOT_CONTEXT_ONLY,AI04_AI_ONLY_PATHWAY_WITHOUT_TITLE_AI;CTX01_BROAD_DOMAIN_WITHOUT_TITLE_UROLOGY,ABSTRACT,The title and available abstract identify machine learning applied to the in-scope task described in 'Day surgery mode of multi-modal image AI fusion targeted transperineal biopsy technique using electromagnetic navigation tracking system under local anesthesia.'.
41555309,10.1186/s12894-026-02054-z,Bae H,2026,Estimation of IPSS and OABSS scores using ChatGPT-4o: a comparative validation study in Korea.,BMC urology,Journal Article,Implementation/ethics/reporting search stream,INCLUDE,,Implementation/ethics/reporting search stream,INCLUDE,NOT_CONTEXT_ONLY,CTX01_BROAD_DOMAIN_WITHOUT_TITLE_UROLOGY,ABSTRACT,The title and available abstract identify large-language-model or chatbot evaluation applied to the in-scope task described in 'Estimation of IPSS and OABSS scores using ChatGPT-4o: a comparative validation study in Korea.'.
41586851,10.1186/s13244-025-02199-9,Sunoqrot MRS,2026,Prospective validation of an AI software for detecting clinically significant prostate cancer on biparametric MRI.,Insights into imaging,Journal Article,Implementation/ethics/reporting search stream,INCLUDE,,Implementation/ethics/reporting search stream,INCLUDE,NOT_CONTEXT_ONLY,AI04_AI_ONLY_PATHWAY_WITHOUT_TITLE_AI,ABSTRACT,The title and available abstract identify radiomics or pathomics and machine learning applied to the in-scope task described in 'Prospective validation of an AI software for detecting clinically significant prostate cancer on biparametric MRI.'.
41595169,10.3390/cancers18020249,Packiam VT,2026,Impact of Computational Histology AI Biomarkers on Clinical Management Decisions in Non-Muscle Invasive Bladder Cancer: A Multi-Center Real-World Study.,Cancers,Journal Article,Implementation/ethics/reporting search stream,INCLUDE,,Implementation/ethics/reporting search stream,INCLUDE,NOT_CONTEXT_ONLY,AI04_AI_ONLY_PATHWAY_WITHOUT_TITLE_AI,ABSTRACT,The title and available abstract identify machine learning applied to the in-scope task described in 'Impact of Computational Histology AI Biomarkers on Clinical Management Decisions in Non-Muscle Invasive Bladder Cancer: A Multi-Center Real-World Study.'.
41615435,10.1007/s00120-026-02778-8,Duwe G,2026,"[Artificial intelligence in surgical disciplines: Clinical application, advantages, and potential-a Delphi expert consensus].","Urologie (Heidelberg, Germany)",English Abstract; Journal Article,Implementation/ethics/reporting search stream,CONTEXT_ONLY,E10_CONTEXT_ONLY,Implementation/ethics/reporting search stream,EXCLUDE,CONTEXT_ONLY,CTX01_BROAD_DOMAIN_WITHOUT_TITLE_UROLOGY,ABSTRACT,"'[Artificial intelligence in surgical disciplines: Clinical application, advantages, and potential-a Delphi expert consensus]' provides AI reporting, governance, ethics, implementation, or research-agenda context without a primary corpus-eligible AI evaluation; it may be cited narratively but not counted."
41619549,10.1016/j.phymed.2026.157884,Tian Y,2026,Celastrol induces ferroptosis in ccRCC through TEF-Driven ACOX2 upregulation and metabolic reprogramming.,Phytomedicine : international journal of phytotherapy and phytopharmacology,Journal Article,Implementation/ethics/reporting search stream,EXCLUDE,E04_PRECLINICAL_NONHUMAN,Implementation/ethics/reporting search stream,EXCLUDE,NOT_CONTEXT_ONLY,AI04_AI_ONLY_PATHWAY_WITHOUT_TITLE_AI;CTX01_BROAD_DOMAIN_WITHOUT_TITLE_UROLOGY,ABSTRACT,"'Celastrol induces ferroptosis in ccRCC through TEF-Driven ACOX2 upregulation and metabolic reprogramming' is limited to animal, xenograft, simulated, or other preclinical evidence without a qualifying patient-level clinical evaluation."
41637020,10.1245/s10434-026-19090-6,Wang Y,2026,Prognostic Significance of Lymph Node Ratio for Overall Survival in Patients with Lymph Node-Positive Bladder Cancer Post-Radical Cystectomy and Chemotherapy: A Multicenter Cohort Analysis.,Annals of surgical oncology,Journal Article,Implementation/ethics/reporting search stream,INCLUDE,,Implementation/ethics/reporting search stream,INCLUDE,NOT_CONTEXT_ONLY,AI04_AI_ONLY_PATHWAY_WITHOUT_TITLE_AI,ABSTRACT,The title and available abstract identify machine learning applied to the in-scope task described in 'Prognostic Significance of Lymph Node Ratio for Overall Survival in Patients with Lymph Node-Positive Bladder Cancer Post-Radical Cystectomy and Chemotherapy: A Multicenter Cohort Analysis.'.
41645002,10.1038/s41585-026-01127-w,Pannu AS,2026,Leveraging generative AI to enhance doctor-patient communication.,Nature reviews. Urology,Journal Article,Implementation/ethics/reporting search stream,CONTEXT_ONLY,E10_CONTEXT_ONLY,Implementation/ethics/reporting search stream,EXCLUDE,CONTEXT_ONLY,CTX01_BROAD_DOMAIN_WITHOUT_TITLE_UROLOGY,METADATA_ONLY,"'Leveraging generative AI to enhance doctor-patient communication' provides AI reporting, governance, ethics, implementation, or research-agenda context without a primary corpus-eligible AI evaluation; it may be cited narratively but not counted."
41698427,10.1016/j.urology.2026.02.014,Nathan KK,2026,From Lichtleiter to Laser: A 200-Year Odyssey of Transurethral Resection of Bladder Tumors.,Urology,Journal Article,Implementation/ethics/reporting search stream,EXCLUDE,E05_NO_SUBSTANTIVE_AI,Implementation/ethics/reporting search stream,EXCLUDE,NOT_CONTEXT_ONLY,AI04_AI_ONLY_PATHWAY_WITHOUT_TITLE_AI,ABSTRACT,"The available evidence for 'From Lichtleiter to Laser: A 200-Year Odyssey of Transurethral Resection of Bladder Tumors' reports conventional imaging, statistics, digital/AR/VR technology, biomarkers, or automation without a substantive AI/ML method or application."
41718862,10.1007/s00330-026-12361-6,Sushentsev N,2026,"AI decision support for increasing prostate biopsy efficiency: a retrospective multicentre, multiscanner study.",European radiology,Journal Article,Implementation/ethics/reporting search stream,INCLUDE,,Implementation/ethics/reporting search stream,INCLUDE,NOT_CONTEXT_ONLY,AI04_AI_ONLY_PATHWAY_WITHOUT_TITLE_AI,ABSTRACT,"The title and available abstract identify machine learning applied to the in-scope task described in 'AI decision support for increasing prostate biopsy efficiency: a retrospective multicentre, multiscanner study.'."
41742713,10.4274/dir.2026.263812,Mese I,2026,Reporting checklist for foundation and large language models in medical research (REFINE): an international consensus guideline.,"Diagnostic and interventional radiology (Ankara, Turkey)",Journal Article,Implementation/ethics/reporting search stream,CONTEXT_ONLY,E10_CONTEXT_ONLY,Implementation/ethics/reporting search stream,EXCLUDE,CONTEXT_ONLY,SCP06_GENERAL_GOVERNANCE_WITHOUT_UROLOGY;CTX01_BROAD_DOMAIN_WITHOUT_TITLE_UROLOGY,ABSTRACT,"'Reporting checklist for foundation and large language models in medical research (REFINE): an international consensus guideline' addresses general healthcare AI reporting, governance, ethics, or implementation without a urology-specific task; it may support methods context but should not contribute to corpus counts."
41749362,10.1186/s40001-026-04118-0,Tai Y,2026,Construction of interpretable machine-learning diagnostic models for erectile dysfunction based on routine blood and biochemical detection data.,European journal of medical research,Journal Article,Implementation/ethics/reporting search stream,INCLUDE,,Implementation/ethics/reporting search stream,INCLUDE,NOT_CONTEXT_ONLY,AI04_AI_ONLY_PATHWAY_WITHOUT_TITLE_AI,PRIOR_HUMAN_ABSTRACT_REVIEW,The title and available abstract identify machine learning applied to the in-scope task described in 'Construction of interpretable machine-learning diagnostic models for erectile dysfunction based on routine blood and biochemical detection data.'.
41753318,10.3390/jcm15041631,Shahinyan GK,2026,Contemporary Evidence for Optimization of Robotic Radical Prostatectomy Outcomes Using Advanced Imaging Techniques.,Journal of clinical medicine,Journal Article; Review,Implementation/ethics/reporting search stream,INCLUDE,,Implementation/ethics/reporting search stream,INCLUDE,NOT_CONTEXT_ONLY,AI04_AI_ONLY_PATHWAY_WITHOUT_TITLE_AI,ABSTRACT,The title and available abstract identify a substantive synthesis of machine learning within the implementation/ethics/reporting search stream described in 'Contemporary Evidence for Optimization of Robotic Radical Prostatectomy Outcomes Using Advanced Imaging Techniques.'.
41775791,10.1038/s41746-026-02499-4,Huang J,2026,A domain-adaptive deep contrastive network for magnetic resonance imaging-driven bladder cancer classification.,NPJ digital medicine,Journal Article,Implementation/ethics/reporting search stream,INCLUDE,,Implementation/ethics/reporting search stream,INCLUDE,NOT_CONTEXT_ONLY,AI04_AI_ONLY_PATHWAY_WITHOUT_TITLE_AI,ABSTRACT,The title and available abstract identify deep learning applied to the in-scope task described in 'A domain-adaptive deep contrastive network for magnetic resonance imaging-driven bladder cancer classification.'.
41786088,10.1016/j.fjurol.2026.103092,Bazir AM,2026,Artificial intelligence and infertility: A systematic review.,The French journal of urology,Journal Article,Implementation/ethics/reporting search stream,INCLUDE,,Implementation/ethics/reporting search stream,INCLUDE,NOT_CONTEXT_ONLY,CTX01_BROAD_DOMAIN_WITHOUT_TITLE_UROLOGY,ABSTRACT,The title and available abstract identify machine learning applied to the in-scope task described in 'Artificial intelligence and infertility: A systematic review.'.
41854090,10.1002/nau.70265,Dolek EK,2026,Comparison of Written and Visual Patient Education Methods Before Urodynamic Studies: A Randomized Controlled Trial.,Neurourology and urodynamics,Journal Article,Implementation/ethics/reporting search stream,INCLUDE,,Implementation/ethics/reporting search stream,INCLUDE,NOT_CONTEXT_ONLY,AI04_AI_ONLY_PATHWAY_WITHOUT_TITLE_AI,ABSTRACT,The title and available abstract identify machine learning applied to the in-scope task described in 'Comparison of Written and Visual Patient Education Methods Before Urodynamic Studies: A Randomized Controlled Trial.'.
41866253,10.1016/j.diii.2026.03.002,Cherrak C,2026,Prostatic artery embolization for benign prostatic hyperplasia: State of the art.,Diagnostic and interventional imaging,Journal Article; Review,Implementation/ethics/reporting search stream,EXCLUDE,E05_NO_SUBSTANTIVE_AI,Implementation/ethics/reporting search stream,EXCLUDE,NOT_CONTEXT_ONLY,AI01_FUTURE_OR_INCIDENTAL_AI_RISK;AI04_AI_ONLY_PATHWAY_WITHOUT_TITLE_AI,ABSTRACT,Override to EXCLUDE (E05). Prostatic artery embolization review; AI is described purely as early-stage future aspiration without performed AI evaluation.
41893833,10.3390/tomography12030038,Islam MZ,2026,Repeatability of Semi-Quantitative and Volumetric Features from Artificial-Intelligence-Guided Lesion Segmentation on (18)F-DCFPyL PSMA-PET/CT Images: Results from a Test-Retest Cohort.,"Tomography (Ann Arbor, Mich.)",Journal Article,Implementation/ethics/reporting search stream,INCLUDE,,Implementation/ethics/reporting search stream,INCLUDE,NOT_CONTEXT_ONLY,AI04_AI_ONLY_PATHWAY_WITHOUT_TITLE_AI;TEC01_TECHNICAL_ARTIFACT_WITHOUT_CLINICAL_CUE,ABSTRACT,The title and available abstract identify machine learning applied to the in-scope task described in 'Repeatability of Semi-Quantitative and Volumetric Features from Artificial-Intelligence-Guided Lesion Segmentation on (18)F-DCFPyL PSMA-PET/CT Images: Results from a Test-Retest Cohort.'.
41907293,10.3389/fmed.2026.1792243,Urso L,2026,Diagnostic accuracy of (18)F-FDG PET/CT in muscle-invasive bladder cancer: rationale and design of the MIBC-PET study.,Frontiers in medicine,Journal Article,Implementation/ethics/reporting search stream,EXCLUDE,E05_NO_SUBSTANTIVE_AI,Implementation/ethics/reporting search stream,EXCLUDE,NOT_CONTEXT_ONLY,AI04_AI_ONLY_PATHWAY_WITHOUT_TITLE_AI,ABSTRACT,"The available evidence for 'Diagnostic accuracy of (18)F-FDG PET/CT in muscle-invasive bladder cancer: rationale and design of the MIBC-PET study' reports conventional imaging, statistics, digital/AR/VR technology, biomarkers, or automation without a substantive AI/ML method or application."
41915319,10.1007/s11912-026-01776-5,Najdawi F,2026,Testosterone-Sparing Treatment Strategies for Biochemically Recurrent Prostate Cancer After Radical Prostatectomy.,Current oncology reports,Journal Article; Review,Implementation/ethics/reporting search stream,EXCLUDE,E05_NO_SUBSTANTIVE_AI,Implementation/ethics/reporting search stream,EXCLUDE,NOT_CONTEXT_ONLY,AI04_AI_ONLY_PATHWAY_WITHOUT_TITLE_AI,ABSTRACT,"The available evidence for 'Testosterone-Sparing Treatment Strategies for Biochemically Recurrent Prostate Cancer After Radical Prostatectomy' reports conventional imaging, statistics, digital/AR/VR technology, biomarkers, or automation without a substantive AI/ML method or application."
41929609,10.3389/fdgth.2026.1726517,Albaz AC,2026,Can ChatGPT-5 educate the public about vasectomy?: a Google Trends-based expert panel assessment.,Frontiers in digital health,Journal Article,Implementation/ethics/reporting search stream,INCLUDE,,Implementation/ethics/reporting search stream,INCLUDE,NOT_CONTEXT_ONLY,CTX01_BROAD_DOMAIN_WITHOUT_TITLE_UROLOGY,ABSTRACT,The title and available abstract identify large-language-model or chatbot evaluation applied to the in-scope task described in 'Can ChatGPT-5 educate the public about vasectomy?: a Google Trends-based expert panel assessment.'.
41401634,10.1016/j.ejca.2025.116168,Carl N,2026,Enhancing clinicians' trust in large language models via transparent source attribution: A randomized controlled evaluation in uro-oncology.,"European journal of cancer (Oxford, England : 1990)",Journal Article; Randomized Controlled Trial,LLMs & GenAI,INCLUDE,,LLMs & GenAI,INCLUDE,NOT_CONTEXT_ONLY,CTX01_BROAD_DOMAIN_WITHOUT_TITLE_UROLOGY,PRIOR_HUMAN_ABSTRACT_REVIEW,The title and available abstract identify large-language-model or chatbot evaluation applied to the in-scope task described in 'Enhancing clinicians' trust in large language models via transparent source attribution: A randomized controlled evaluation in uro-oncology.'.
41447749,10.1016/j.ejmp.2025.105705,Wang W,2026,Intrafractional rectum anatomy shape prediction based on 3D point cloud representation in online adaptive radiation therapy.,Physica medica : PM : an international journal devoted to the applications of physics to medicine and biology : official journal of the Italian Association of Biomedical Physics (AIFB),Journal Article,LLMs & GenAI,INCLUDE,,LLMs & GenAI,INCLUDE,NOT_CONTEXT_ONLY,AI03_GENERIC_PREDICTION_WITHOUT_EXPLICIT_AI;AI04_AI_ONLY_PATHWAY_WITHOUT_TITLE_AI;CTX01_BROAD_DOMAIN_WITHOUT_TITLE_UROLOGY,ABSTRACT,The title and available abstract identify deep learning applied to the in-scope task described in 'Intrafractional rectum anatomy shape prediction based on 3D point cloud representation in online adaptive radiation therapy.'.
41663287,10.1016/j.jpurol.2026.105723,Raharja PAR,2026,"Response to Letter to the Editor re: ""Evaluating the utility of ChatGPT in enhancing parental education and clinical support in hypospadias care"".",Journal of pediatric urology,Letter,LLMs & GenAI,EXCLUDE,E05_NO_SUBSTANTIVE_AI,LLMs & GenAI,EXCLUDE,NOT_CONTEXT_ONLY,DEEP_SCOPE_AI_SUBSTANCE,PUBLISHER_METADATA,"Available publisher metadata identify a response letter about an earlier ChatGPT-hypospadias study but do not establish an independent AI method, analysis, result, or substantive evidence synthesis."
41667933,10.3760/cma.j.cn112139-20250814-00402,Qiu L,2026,[The application of large language models in the diagnosis of clinically significant prostate cancer].,Zhonghua wai ke za zhi [Chinese journal of surgery],English Abstract; Journal Article,LLMs & GenAI,EXCLUDE,E09_DATE_LANGUAGE_INDEXING,LLMs & GenAI,EXCLUDE,NOT_CONTEXT_ONLY,DEEP_SCOPE_LANGUAGE_BOUNDARY,PUBMED_METADATA,Official PubMed XML metadata lists the publication language as Chinese (chi) and does not include the English language code (eng). The record is therefore excluded under the prespecified English-language eligibility rule; an English-translated NLM title or abstract does not make the publication itself English-language eligible.
41680573,10.1007/s10278-025-01835-6,Komenda A,2026,Development and Evaluation of a Retrieval-Augmented Generation System for Radiology Guidelines.,Journal of imaging informatics in medicine,Journal Article,LLMs & GenAI,EXCLUDE,E01_NON_UROLOGICAL,LLMs & GenAI,EXCLUDE,NOT_CONTEXT_ONLY,AI04_AI_ONLY_PATHWAY_WITHOUT_TITLE_AI;CTX01_BROAD_DOMAIN_WITHOUT_TITLE_UROLOGY,ABSTRACT,"The substantive AI task in 'Development and Evaluation of a Retrieval-Augmented Generation System for Radiology Guidelines' is general, multi-specialty, or another organ system without a separable urological, andrological, or male-reproductive result."
41746783,10.1093/jamia/ocag026,Deng R,2026,CPGPrompt: translating clinical guidelines into large language model-executable decision support.,Journal of the American Medical Informatics Association : JAMIA,Journal Article,LLMs & GenAI,INCLUDE,,LLMs & GenAI,INCLUDE,NOT_CONTEXT_ONLY,CTX01_BROAD_DOMAIN_WITHOUT_TITLE_UROLOGY,ABSTRACT,The title and available abstract identify large-language-model or chatbot evaluation and machine learning applied to the in-scope task described in 'CPGPrompt: translating clinical guidelines into large language model-executable decision support.'.
41747240,10.2196/81900,Andersen SM,2026,Using AI in Forward-Backward Translation of Questionnaires for Men Invited to Prostate Cancer Screening: Methodological Study.,JMIR formative research,Journal Article,LLMs & GenAI,INCLUDE,,LLMs & GenAI,INCLUDE,NOT_CONTEXT_ONLY,AI04_AI_ONLY_PATHWAY_WITHOUT_TITLE_AI,ABSTRACT,The title and available abstract identify large-language-model or chatbot evaluation and machine learning applied to the in-scope task described in 'Using AI in Forward-Backward Translation of Questionnaires for Men Invited to Prostate Cancer Screening: Methodological Study.'.
41748988,10.1111/bju.70192,Fuligni D,2026,Legal and ethical considerations of artificial intelligence for trainees.,BJU international,Journal Article,LLMs & GenAI,CONTEXT_ONLY,E10_CONTEXT_ONLY,LLMs & GenAI,EXCLUDE,CONTEXT_ONLY,SCP06_GENERAL_GOVERNANCE_WITHOUT_UROLOGY;CTX01_BROAD_DOMAIN_WITHOUT_TITLE_UROLOGY,METADATA_ONLY,"'Legal and ethical considerations of artificial intelligence for trainees' addresses general healthcare AI reporting, governance, ethics, or implementation without a urology-specific task; it may support methods context but should not contribute to corpus counts."
41836610,10.1177/20552076261434052,Jiang X,2026,The performance boundaries of knowledge prompts: A study on injection strategies and scale effects for ICD coding tasks in large language models.,Digital health,Journal Article,LLMs & GenAI,INCLUDE,,LLMs & GenAI,INCLUDE,NOT_CONTEXT_ONLY,CTX01_BROAD_DOMAIN_WITHOUT_TITLE_UROLOGY,ABSTRACT,The title and available abstract identify large-language-model or chatbot evaluation applied to the in-scope task described in 'The performance boundaries of knowledge prompts: A study on injection strategies and scale effects for ICD coding tasks in large language models.'.
41838807,10.1080/19396368.2026.2627889,M Jamil H,2026,Future directions in infertility research: the role of generative AI and large language models.,Systems biology in reproductive medicine,Journal Article; Review,LLMs & GenAI,INCLUDE,,LLMs & GenAI,INCLUDE,NOT_CONTEXT_ONLY,CTX01_BROAD_DOMAIN_WITHOUT_TITLE_UROLOGY,ABSTRACT,The title and available abstract identify a substantive synthesis of large-language-model or chatbot evaluation and machine learning in the in-scope LLMs & GenAI area described in 'Future directions in infertility research: the role of generative AI and large language models.'.
41871224,10.1159/000551610,He N,2026,Comparative Evaluation of Advanced Reasoning Models for Clinical Decision Support in Urology.,Urologia internationalis,Journal Article,LLMs & GenAI,INCLUDE,,LLMs & GenAI,INCLUDE,NOT_CONTEXT_ONLY,AI04_AI_ONLY_PATHWAY_WITHOUT_TITLE_AI,ABSTRACT,The title and available abstract identify large-language-model or chatbot evaluation and machine learning applied to the in-scope task described in 'Comparative Evaluation of Advanced Reasoning Models for Clinical Decision Support in Urology.'.
41875785,10.1016/j.pec.2026.109594,Ozturk GA,2026,AI chatbots for patient education in localized prostate cancer radiotherapy: A comparative quality and readability analysis.,Patient education and counseling,Journal Article,LLMs & GenAI,INCLUDE,,LLMs & GenAI,INCLUDE,NOT_CONTEXT_ONLY,AI04_AI_ONLY_PATHWAY_WITHOUT_TITLE_AI,ABSTRACT,The title and available abstract identify large-language-model or chatbot evaluation and machine learning applied to the in-scope task described in 'AI chatbots for patient education in localized prostate cancer radiotherapy: A comparative quality and readability analysis.'.
39261564,10.1038/s41585-024-00940-5,Turkbey B,2026,AI in prostate MRI: enhancing accuracy and reducing overdiagnosis.,Nature reviews. Urology,Journal Article,Prostate Imaging,INCLUDE,,Prostate Imaging,INCLUDE,NOT_CONTEXT_ONLY,DEEP_SCOPE_FULLTEXT_CONFIRMATION,PUBLISHER_FULL_TEXT,"The article is devoted to current AI-assisted prostate-MRI detection and overdiagnosis, including the PI-CAI confirmatory study and clearly defined prostate-imaging AI tasks."
40586610,10.1097/RLI.0000000000001218,Umapathy L,2026,Leveraging Representation Learning for Bi-parametric Prostate MRI to Disambiguate PI-RADS 3 and Improve Biopsy Decision Strategies.,Investigative radiology,Journal Article,Prostate Imaging,INCLUDE,,Prostate Imaging,INCLUDE,NOT_CONTEXT_ONLY,AI04_AI_ONLY_PATHWAY_WITHOUT_TITLE_AI,PRIOR_HUMAN_ABSTRACT_REVIEW,The title and available abstract identify deep learning applied to the in-scope task described in 'Leveraging Representation Learning for Bi-parametric Prostate MRI to Disambiguate PI-RADS 3 and Improve Biopsy Decision Strategies.'.
41046708,10.1016/j.cmpb.2025.109086,Wu X,2026,"Multimodal Nomogram Combining Multiparametric MRI, Functional Subsets of Peripheral Lymphocytes and PI-RADS Can Predict Risk Stratification of Prostate Cancer.",Computer methods and programs in biomedicine,Journal Article,Prostate Imaging,INCLUDE,,Prostate Imaging,INCLUDE,NOT_CONTEXT_ONLY,AI03_GENERIC_PREDICTION_WITHOUT_EXPLICIT_AI,ABSTRACT,"The title and available abstract identify deep learning and radiomics or pathomics applied to the in-scope task described in 'Multimodal Nomogram Combining Multiparametric MRI, Functional Subsets of Peripheral Lymphocytes and PI-RADS Can Predict Risk Stratification of Prostate Cancer.'."
41166032,10.1007/s11547-025-02137-1,Kendrick J,2026,"Deep learning-based PSMA PET segmentation repeatability: A post-hoc analysis of a single-center, prospective, test-retest trial.",La Radiologia medica,Journal Article; Randomized Controlled Trial,Prostate Imaging,INCLUDE,,Prostate Imaging,INCLUDE,NOT_CONTEXT_ONLY,TEC01_TECHNICAL_ARTIFACT_WITHOUT_CLINICAL_CUE,ABSTRACT,"The title and available abstract identify deep learning and machine learning applied to the in-scope task described in 'Deep learning-based PSMA PET segmentation repeatability: A post-hoc analysis of a single-center, prospective, test-retest trial.'."
41177076,10.1016/j.media.2025.103848,Zhang Z,2026,AdverIN: Monotonic adversarial intensity attack for domain generalization in medical image segmentation.,Medical image analysis,Journal Article,Prostate Imaging,EXCLUDE,E01_NON_UROLOGICAL,Prostate Imaging,EXCLUDE,NOT_CONTEXT_ONLY,AI04_AI_ONLY_PATHWAY_WITHOUT_TITLE_AI;TEC01_TECHNICAL_ARTIFACT_WITHOUT_CLINICAL_CUE,ABSTRACT,"The substantive AI task in 'AdverIN: Monotonic adversarial intensity attack for domain generalization in medical image segmentation' is general, multi-specialty, or another organ system without a separable urological, andrological, or male-reproductive result."
41193908,10.1007/s00330-025-12089-9,Woo S,2026,ESUR: Opportunities for PSMA-PET/CT and whole-body MRI in advanced prostate cancer.,European radiology,Journal Article; Review,Prostate Imaging,EXCLUDE,E05_NO_SUBSTANTIVE_AI,Prostate Imaging,EXCLUDE,NOT_CONTEXT_ONLY,AI04_AI_ONLY_PATHWAY_WITHOUT_TITLE_AI,ABSTRACT,"The available evidence for 'ESUR: Opportunities for PSMA-PET/CT and whole-body MRI in advanced prostate cancer' reports conventional imaging, statistics, digital/AR/VR technology, biomarkers, or automation without a substantive AI/ML method or application."
41202669,10.1016/j.radi.2025.103214,Onwuharine EN,2026,"Clinical and MRI variables in decision support systems for prostate MRI: A systematic review of decision support tools, nomograms, and risk models.","Radiography (London, England : 1995)","Journal Article; Research Support, Non-U.S. Gov't; Systematic Review",Prostate Imaging,EXCLUDE,E05_NO_SUBSTANTIVE_AI,Prostate Imaging,EXCLUDE,NOT_CONTEXT_ONLY,AI04_AI_ONLY_PATHWAY_WITHOUT_TITLE_AI,ABSTRACT,"The available evidence for 'Clinical and MRI variables in decision support systems for prostate MRI: A systematic review of decision support tools, nomograms, and risk models' reports conventional imaging, statistics, digital/AR/VR technology, biomarkers, or automation without a substantive AI/ML method or application."
41343296,10.1148/rg.250094,Purysko AS,2026,Improving Prostate MRI: Lessons Learned from the American College of Radiology's Prostate MR Image Quality Improvement Collaborative.,"Radiographics : a review publication of the Radiological Society of North America, Inc","Journal Article; Research Support, Non-U.S. Gov't",Prostate Imaging,EXCLUDE,E05_NO_SUBSTANTIVE_AI,Prostate Imaging,EXCLUDE,NOT_CONTEXT_ONLY,AI04_AI_ONLY_PATHWAY_WITHOUT_TITLE_AI,ABSTRACT,"The available evidence for 'Improving Prostate MRI: Lessons Learned from the American College of Radiology's Prostate MR Image Quality Improvement Collaborative' reports conventional imaging, statistics, digital/AR/VR technology, biomarkers, or automation without a substantive AI/ML method or application."
41389905,10.1016/j.mri.2025.110593,Wu D,2026,Application value of prostate-specific antigen density combined with multiparametric MRI in early diagnosis of prostate cancer.,Magnetic resonance imaging,Journal Article,Prostate Imaging,INCLUDE,,Prostate Imaging,INCLUDE,NOT_CONTEXT_ONLY,AI04_AI_ONLY_PATHWAY_WITHOUT_TITLE_AI,ABSTRACT,The title and available abstract identify a substantive AI or machine-learning application applied to the in-scope task described in 'Application value of prostate-specific antigen density combined with multiparametric MRI in early diagnosis of prostate cancer.'.
41412927,10.1053/j.semnuclmed.2025.11.020,Torricelli C,2026,Assessing therapeutic response to Radium-223.,Seminars in nuclear medicine,Journal Article; Review,Prostate Imaging,EXCLUDE,E05_NO_SUBSTANTIVE_AI,Prostate Imaging,EXCLUDE,NOT_CONTEXT_ONLY,AI04_AI_ONLY_PATHWAY_WITHOUT_TITLE_AI,ABSTRACT,"The available evidence for 'Assessing therapeutic response to Radium-223' reports conventional imaging, statistics, digital/AR/VR technology, biomarkers, or automation without a substantive AI/ML method or application."
41420971,10.1016/j.crad.2025.107189,Cochran RL,2026,"Comparing conventional, peripheral, and transition zone prostate-specific antigen densities for the detection of clinically significant prostate cancer.",Clinical radiology,Comparative Study; Journal Article,Prostate Imaging,EXCLUDE,E05_NO_SUBSTANTIVE_AI,Prostate Imaging,EXCLUDE,NOT_CONTEXT_ONLY,AI04_AI_ONLY_PATHWAY_WITHOUT_TITLE_AI,ABSTRACT,"The available evidence for 'Comparing conventional, peripheral, and transition zone prostate-specific antigen densities for the detection of clinically significant prostate cancer' reports conventional imaging, statistics, digital/AR/VR technology, biomarkers, or automation without a substantive AI/ML method or application."
41454834,10.1002/mp.70232,Niu Y,2026,Global and local information-based prostate image registration of prostate-specific membrane antigen PET/CT and enhanced MRI.,Medical physics,Journal Article,Prostate Imaging,INCLUDE,,Prostate Imaging,INCLUDE,NOT_CONTEXT_ONLY,AI04_AI_ONLY_PATHWAY_WITHOUT_TITLE_AI;TEC01_TECHNICAL_ARTIFACT_WITHOUT_CLINICAL_CUE,ABSTRACT,The title and available abstract identify deep learning applied to the in-scope task described in 'Global and local information-based prostate image registration of prostate-specific membrane antigen PET/CT and enhanced MRI.'.
41543663,10.1186/s13244-025-02151-x,Ranjan A,2026,"The role of multimodality imaging in selection, response assessment, and follow-up of patients receiving (177)Lutetium-PSMA-therapy.",Insights into imaging,Journal Article,Prostate Imaging,EXCLUDE,E05_NO_SUBSTANTIVE_AI,Prostate Imaging,EXCLUDE,NOT_CONTEXT_ONLY,AI04_AI_ONLY_PATHWAY_WITHOUT_TITLE_AI,ABSTRACT,"The available evidence for 'The role of multimodality imaging in selection, response assessment, and follow-up of patients receiving (177)Lutetium-PSMA-therapy' reports conventional imaging, statistics, digital/AR/VR technology, biomarkers, or automation without a substantive AI/ML method or application."
41595153,10.3390/cancers18020234,Civelek AC,2026,"PSMA-Based Radiopharmaceuticals in Prostate Cancer Theranostics: Imaging, Clinical Advances, and Future Directions.",Cancers,Journal Article; Review,Prostate Imaging,EXCLUDE,E05_NO_SUBSTANTIVE_AI,Prostate Imaging,EXCLUDE,NOT_CONTEXT_ONLY,AI01_FUTURE_OR_INCIDENTAL_AI_RISK;AI04_AI_ONLY_PATHWAY_WITHOUT_TITLE_AI,ABSTRACT,"The abstract's main focus in 'PSMA-Based Radiopharmaceuticals in Prostate Cancer Theranostics: Imaging, Clinical Advances, and Future Directions' is not an AI/ML evaluation; AI is absent or limited to an incidental, emerging, or future possibility rather than a substantive method or application."
41647483,10.1002/bco2.70172,Tung JYM,2026,Cost-effectiveness analysis of a biopsy-free diagnostic strategy for prostate cancer using mpMRI and PSMA-PET/CT.,BJUI compass,Journal Article,Prostate Imaging,EXCLUDE,E05_NO_SUBSTANTIVE_AI,Prostate Imaging,EXCLUDE,NOT_CONTEXT_ONLY,AI04_AI_ONLY_PATHWAY_WITHOUT_TITLE_AI,ABSTRACT,"The available evidence for 'Cost-effectiveness analysis of a biopsy-free diagnostic strategy for prostate cancer using mpMRI and PSMA-PET/CT' reports conventional imaging, statistics, digital/AR/VR technology, biomarkers, or automation without a substantive AI/ML method or application."
41669866,10.1002/cncr.70304,McKay RR,2026,Evolving strategies in prostate cancer: Emerging approaches and unmet needs from the Bridging the Gaps in Prostate Cancer expert panel.,Cancer,Journal Article; Review,Prostate Imaging,CONTEXT_ONLY,E10_CONTEXT_ONLY,Prostate Imaging,EXCLUDE,CONTEXT_ONLY,AI04_AI_ONLY_PATHWAY_WITHOUT_TITLE_AI,ABSTRACT,"'Evolving strategies in prostate cancer: Emerging approaches and unmet needs from the Bridging the Gaps in Prostate Cancer expert panel' provides AI reporting, governance, ethics, implementation, or research-agenda context without a primary corpus-eligible AI evaluation; it may be cited narratively but not counted."
41749494,10.1111/bju.70203,Kaneko M,2026,"A transparent, lightweight and sustainable Green Learning AI model for prostate cancer detection on MRI.",BJU international,Journal Article,Prostate Imaging,INCLUDE,,Prostate Imaging,INCLUDE,NOT_CONTEXT_ONLY,AI04_AI_ONLY_PATHWAY_WITHOUT_TITLE_AI,ABSTRACT,"The title and available abstract identify deep learning and machine learning applied to the in-scope task described in 'A transparent, lightweight and sustainable Green Learning AI model for prostate cancer detection on MRI.'."
41826767,10.1007/s00330-026-12395-w,Dias AB,2026,Prostate MRI quality improvement: a Roadmap from the ESUR Prostate MRI Working Group.,European radiology,Journal Article,Prostate Imaging,EXCLUDE,E05_NO_SUBSTANTIVE_AI,Prostate Imaging,EXCLUDE,NOT_CONTEXT_ONLY,AI04_AI_ONLY_PATHWAY_WITHOUT_TITLE_AI,ABSTRACT,"The available evidence for 'Prostate MRI quality improvement: a Roadmap from the ESUR Prostate MRI Working Group' reports conventional imaging, statistics, digital/AR/VR technology, biomarkers, or automation without a substantive AI/ML method or application."
41827775,10.3390/cancers18050842,Wallaengen V,2026,mpMRI-Based Risk Estimation to Optimize Prostate Cancer Patient Selection for Active Surveillance.,Cancers,Journal Article,Prostate Imaging,INCLUDE,,Prostate Imaging,INCLUDE,NOT_CONTEXT_ONLY,AI04_AI_ONLY_PATHWAY_WITHOUT_TITLE_AI,ABSTRACT,The title and available abstract identify radiomics or pathomics applied to the in-scope task described in 'mpMRI-Based Risk Estimation to Optimize Prostate Cancer Patient Selection for Active Surveillance.'.
41839937,10.1038/s41598-026-43589-3,Qin J,2026,ProSeg: multi-scale context fusion for high-precision prostate segmentation in MRI.,Scientific reports,Journal Article,Prostate Imaging,INCLUDE,,Prostate Imaging,INCLUDE,NOT_CONTEXT_ONLY,AI04_AI_ONLY_PATHWAY_WITHOUT_TITLE_AI;TEC01_TECHNICAL_ARTIFACT_WITHOUT_CLINICAL_CUE,ABSTRACT,The title and available abstract identify deep learning applied to the in-scope task described in 'ProSeg: multi-scale context fusion for high-precision prostate segmentation in MRI.'.
41846146,10.1016/j.media.2026.104033,Zhao K,2026,PCa-Mamba: Spatiotemporal state space models for prostate cancer detection in multi-parametric MRI.,Medical image analysis,Journal Article,Prostate Imaging,INCLUDE,,Prostate Imaging,INCLUDE,NOT_CONTEXT_ONLY,AI04_AI_ONLY_PATHWAY_WITHOUT_TITLE_AI,ABSTRACT,The title and available abstract identify deep learning applied to the in-scope task described in 'PCa-Mamba: Spatiotemporal state space models for prostate cancer detection in multi-parametric MRI.'.
41910833,10.1186/s41747-026-00695-1,Ponsiglione A,2026,Concurrent AI-human interaction in prostate cancer MRI interpretation: More hype than help?,European radiology experimental,Journal Article,Prostate Imaging,INCLUDE,,Prostate Imaging,INCLUDE,NOT_CONTEXT_ONLY,AI04_AI_ONLY_PATHWAY_WITHOUT_TITLE_AI,PRIOR_HUMAN_ABSTRACT_REVIEW,The title and available abstract identify machine learning applied to the in-scope task described in 'Concurrent AI-human interaction in prostate cancer MRI interpretation: More hype than help?'.
41920961,10.1093/molecular-omics/aaiag013,Kumar A,2026,Prostate Cancer: Metabolic Remodelling in Expressed Prostatic Secretions Reveals Cellular Structural Changes Measured by mpMRI.,Molecular omics,Journal Article,Prostate Imaging,INCLUDE,,Prostate Imaging,INCLUDE,NOT_CONTEXT_ONLY,AI04_AI_ONLY_PATHWAY_WITHOUT_TITLE_AI,ABSTRACT,The title and available abstract identify deep learning applied to the in-scope task described in 'Prostate Cancer: Metabolic Remodelling in Expressed Prostatic Secretions Reveals Cellular Structural Changes Measured by mpMRI.'.
41927282,10.2967/jnumed.125.271467,Ells Z,2026,Dosimetry Analysis of (177)Lu-PSMA-I&T in Patients with Low-Volume Oligometastatic Hormone-Sensitive Prostate Cancer: A Secondary Analysis of the LUNAR Trial.,"Journal of nuclear medicine : official publication, Society of Nuclear Medicine",Journal Article,Prostate Imaging,EXCLUDE,E05_NO_SUBSTANTIVE_AI,Prostate Imaging,EXCLUDE,NOT_CONTEXT_ONLY,AI04_AI_ONLY_PATHWAY_WITHOUT_TITLE_AI,ABSTRACT,"The available evidence for 'Dosimetry Analysis of (177)Lu-PSMA-I&T in Patients with Low-Volume Oligometastatic Hormone-Sensitive Prostate Cancer: A Secondary Analysis of the LUNAR Trial' reports conventional imaging, statistics, digital/AR/VR technology, biomarkers, or automation without a substantive AI/ML method or application."
41932854,10.1002/acm2.70563,Dionne P,2026,Assessing inter-observer variability in prostate and GTV segmentation on mpMRI: A comparison between radiation oncologists and AI-based method.,Journal of applied clinical medical physics,Comparative Study; Journal Article,Prostate Imaging,INCLUDE,,Prostate Imaging,INCLUDE,NOT_CONTEXT_ONLY,TEC01_TECHNICAL_ARTIFACT_WITHOUT_CLINICAL_CUE,ABSTRACT,The title and available abstract identify a substantive AI or machine-learning application applied to the in-scope task described in 'Assessing inter-observer variability in prostate and GTV segmentation on mpMRI: A comparison between radiation oncologists and AI-based method.'.
40970770,10.1002/pros.70052,Rahbar K,2026,"PROSTest, a Multigene Liquid Biopsy Signature, Effectively Stratifies Patients With High PSA for Prostate Biopsy.",The Prostate,Journal Article,Prostate Pathology,INCLUDE,,Prostate Pathology,INCLUDE,NOT_CONTEXT_ONLY,AI04_AI_ONLY_PATHWAY_WITHOUT_TITLE_AI,ABSTRACT,"The title and available abstract identify machine learning applied to the in-scope task described in 'PROSTest, a Multigene Liquid Biopsy Signature, Effectively Stratifies Patients With High PSA for Prostate Biopsy.'."
41386185,10.1016/j.media.2025.103894,Li J,2026,Diagnostic text-guided representation learning in hierarchical classification for pathological whole slide image.,Medical image analysis,Journal Article,Prostate Pathology,INCLUDE,,Prostate Pathology,INCLUDE,NOT_CONTEXT_ONLY,AI04_AI_ONLY_PATHWAY_WITHOUT_TITLE_AI,ABSTRACT,The title and available abstract identify deep learning applied to the in-scope task described in 'Diagnostic text-guided representation learning in hierarchical classification for pathological whole slide image.'.
41520474,10.1016/j.compbiomed.2025.111423,Ho TT,2026,Automating prostate biopsy guidance: A robust CNN approach for non-rigid 3D/3D MR-TRUS image registration.,Computers in biology and medicine,Journal Article,Prostate Pathology,INCLUDE,,Prostate Pathology,INCLUDE,NOT_CONTEXT_ONLY,AI04_AI_ONLY_PATHWAY_WITHOUT_TITLE_AI,ABSTRACT,The title and available abstract identify deep learning applied to the in-scope task described in 'Automating prostate biopsy guidance: A robust CNN approach for non-rigid 3D/3D MR-TRUS image registration.'.
41621833,10.1002/jbio.70233,He J,2026,Prostate Cancer Characterization Based on Rapid SHG Imaging of Collagen Fiber Combined With Denoising Algorithm.,Journal of biophotonics,Journal Article,Prostate Pathology,INCLUDE,,Prostate Pathology,INCLUDE,NOT_CONTEXT_ONLY,AI04_AI_ONLY_PATHWAY_WITHOUT_TITLE_AI,ABSTRACT,The title and available abstract identify a substantive AI or machine-learning application applied to the in-scope task described in 'Prostate Cancer Characterization Based on Rapid SHG Imaging of Collagen Fiber Combined With Denoising Algorithm.'.
41623733,10.1016/j.jpi.2025.100540,Hopson S,2026,PANDA-PLUS: Improved dataset of prostate whole slide images from PANDA Challenge with pixel-level expert annotations.,Journal of pathology informatics,Journal Article,Prostate Pathology,INCLUDE,,Prostate Pathology,INCLUDE,NOT_CONTEXT_ONLY,AI04_AI_ONLY_PATHWAY_WITHOUT_TITLE_AI;TEC01_TECHNICAL_ARTIFACT_WITHOUT_CLINICAL_CUE,ABSTRACT,The title and available abstract identify machine learning applied to the in-scope task described in 'PANDA-PLUS: Improved dataset of prostate whole slide images from PANDA Challenge with pixel-level expert annotations.'.
41650626,10.1016/j.ejmp.2026.105745,Ravanelli D,2026,Ensuring reliable digital pathology: a comparative analysis of HistoQC and PathProfiler for artefacts detection in prostate whole-slide images.,Physica medica : PM : an international journal devoted to the applications of physics to medicine and biology : official journal of the Italian Association of Biomedical Physics (AIFB),Comparative Study; Journal Article,Prostate Pathology,INCLUDE,,Prostate Pathology,INCLUDE,NOT_CONTEXT_ONLY,AI04_AI_ONLY_PATHWAY_WITHOUT_TITLE_AI,ABSTRACT,The title and available abstract identify machine learning applied to the in-scope task described in 'Ensuring reliable digital pathology: a comparative analysis of HistoQC and PathProfiler for artefacts detection in prostate whole-slide images.'.
41688286,10.1016/j.annpat.2026.01.011,Kammerer-Jacquet SF,2026,"[The Digital Lab: Practical digital workflow and integration of AI for routine in pathology, through the example of prostate cancer].",Annales de pathologie,English Abstract; Journal Article,Prostate Pathology,EXCLUDE,E09_DATE_LANGUAGE_INDEXING,Prostate Pathology,EXCLUDE,NOT_CONTEXT_ONLY,DEEP_SCOPE_LANGUAGE_BOUNDARY,PUBMED_METADATA,Official PubMed XML metadata lists the publication language as French (fre) and does not include the English language code (eng). The record is therefore excluded under the prespecified English-language eligibility rule; an English-translated NLM title or abstract does not make the publication itself English-language eligible.
41762944,10.1016/j.media.2026.104005,Hao X,2026,Dual selective gleason pattern-aware multiple instance learning with uncertainty regularization for grade group prediction in histopathology images.,Medical image analysis,Journal Article,Prostate Pathology,INCLUDE,,Prostate Pathology,INCLUDE,NOT_CONTEXT_ONLY,AI03_GENERIC_PREDICTION_WITHOUT_EXPLICIT_AI;AI04_AI_ONLY_PATHWAY_WITHOUT_TITLE_AI,ABSTRACT,The title and available abstract identify a substantive AI or machine-learning application applied to the in-scope task described in 'Dual selective gleason pattern-aware multiple instance learning with uncertainty regularization for grade group prediction in histopathology images.'.
41807867,10.1007/s12672-026-04777-9,Lou J,2026,Meta learning optimized TabNet for small sample repeat prostate biopsy prediction.,Discover oncology,Journal Article,Prostate Pathology,INCLUDE,,Prostate Pathology,INCLUDE,NOT_CONTEXT_ONLY,AI03_GENERIC_PREDICTION_WITHOUT_EXPLICIT_AI;AI04_AI_ONLY_PATHWAY_WITHOUT_TITLE_AI,ABSTRACT,The title and available abstract identify machine learning applied to the in-scope task described in 'Meta learning optimized TabNet for small sample repeat prostate biopsy prediction.'.
41886726,10.1371/journal.pone.0345014,Papachristos MG,2026,Prostate cancer tissue mapping and stratification using DRAQ5 and Eosin fluorescent labels integrated with AI classification and segmentation algorithms.,PloS one,Journal Article,Prostate Pathology,INCLUDE,,Prostate Pathology,INCLUDE,NOT_CONTEXT_ONLY,AI04_AI_ONLY_PATHWAY_WITHOUT_TITLE_AI;TEC01_TECHNICAL_ARTIFACT_WITHOUT_CLINICAL_CUE,ABSTRACT,The title and available abstract identify deep learning applied to the in-scope task described in 'Prostate cancer tissue mapping and stratification using DRAQ5 and Eosin fluorescent labels integrated with AI classification and segmentation algorithms.'.
41920569,10.1097/CCO.0000000000001229,Rooney MK,2026,Optimal management of oligometastatic prostate cancer: current state and future directions.,Current opinion in oncology,Journal Article; Review,Prostate Pathology,INCLUDE,,Prostate Pathology,INCLUDE,NOT_CONTEXT_ONLY,DEEP_SCOPE_FULLTEXT_CONFIRMATION,ABSTRACT_PLUS_REFERENCE_LIST,"The prostate-specific review substantively discusses ArteraAI and machine-learning prediction for selecting patients for metastasis-directed therapy, supported by multimodal deep-learning and oligometastatic-prostate-cancer validation studies."
41207171,10.1016/j.cmpb.2025.109155,Mohamad M,2026,Renal Cell Carcinoma subtyping: Learning from multi-resolution localization.,Computer methods and programs in biomedicine,Journal Article,Renal/Kidney,INCLUDE,,Renal/Kidney,INCLUDE,NOT_CONTEXT_ONLY,AI04_AI_ONLY_PATHWAY_WITHOUT_TITLE_AI,ABSTRACT,The title and available abstract identify machine learning applied to the in-scope task described in 'Renal Cell Carcinoma subtyping: Learning from multi-resolution localization.'.
41269543,10.1007/s11604-025-01912-4,Kang H,2026,Machine learning pipeline for automated segmentation and classification of complicated cystic renal masses on MRI: comparison with radiologists' assessments.,Japanese journal of radiology,Comparative Study; Journal Article; Multicenter Study,Renal/Kidney,INCLUDE,,Renal/Kidney,INCLUDE,NOT_CONTEXT_ONLY,TEC01_TECHNICAL_ARTIFACT_WITHOUT_CLINICAL_CUE,ABSTRACT,The title and available abstract identify machine learning applied to the in-scope task described in 'Machine learning pipeline for automated segmentation and classification of complicated cystic renal masses on MRI: comparison with radiologists' assessments.'.
41497560,10.1117/1.JMI.13.1.014001,Rastegarpoor M,2026,Attention-driven framework to segment renal ablation zone in posttreatment CT images: a step toward ablation margin evaluation.,"Journal of medical imaging (Bellingham, Wash.)",Journal Article,Renal/Kidney,INCLUDE,,Renal/Kidney,INCLUDE,NOT_CONTEXT_ONLY,AI04_AI_ONLY_PATHWAY_WITHOUT_TITLE_AI,PUBMED_ABSTRACT,Renal-cell-carcinoma ablation-zone segmentation is a tumor-treatment task.
41524985,10.1007/s00261-025-05362-4,Xiao Y,2026,A nomogram model for challenging cases: differentiating fat-poor angiomyolipoma from clear cell renal cell carcinoma in uncertain or misdiagnosed tumors.,Abdominal radiology (New York),Journal Article,Renal/Kidney,INCLUDE,,Renal/Kidney,INCLUDE,NOT_CONTEXT_ONLY,AI03_GENERIC_PREDICTION_WITHOUT_EXPLICIT_AI;AI04_AI_ONLY_PATHWAY_WITHOUT_TITLE_AI,ABSTRACT,The title and available abstract identify radiomics or pathomics and machine learning applied to the in-scope task described in 'A nomogram model for challenging cases: differentiating fat-poor angiomyolipoma from clear cell renal cell carcinoma in uncertain or misdiagnosed tumors.'.
41579564,10.1016/j.tranon.2026.102665,Wang R,2026,An exploratory study on the relationship between renal cell carcinoma and CAFs infiltration by integrating Pathomics and collagen features.,Translational oncology,Journal Article,Renal/Kidney,INCLUDE,,Renal/Kidney,INCLUDE,NOT_CONTEXT_ONLY,AI04_AI_ONLY_PATHWAY_WITHOUT_TITLE_AI,ABSTRACT,The title and available abstract identify radiomics or pathomics and machine learning applied to the in-scope task described in 'An exploratory study on the relationship between renal cell carcinoma and CAFs infiltration by integrating Pathomics and collagen features.'.
41586593,10.1097/JS9.0000000000004782,Chen SH,2026,Computed tomography radiomics-derived nomogram for prediciting early renal function decline after partial nephrectomy in renal cell carcinoma: a multicenter development/validation study.,"International journal of surgery (London, England)",Journal Article,Renal/Kidney,INCLUDE,,Renal/Kidney,INCLUDE,NOT_CONTEXT_ONLY,RENAL_NEPHROLOGY_BOUNDARY_PASS,PUBMED_ABSTRACT,Multicentre renal-function-decline model after partial nephrectomy for localized renal-cell carcinoma is in scope.
41607507,10.1016/j.mcpdig.2025.100332,Rassoulinejad-Mousavi SM,2026,Granular Machine Learning-Based Computed Tomography Contrast Phase Prediction.,Mayo Clinic proceedings. Digital health,Journal Article,Renal/Kidney,INCLUDE,,Renal/Kidney,INCLUDE,NOT_CONTEXT_ONLY,RENAL_NEPHROLOGY_BOUNDARY_PASS,PUBMED_ABSTRACT,Computed-tomography contrast-phase prediction is evaluated in a renal-cell-carcinoma cohort.
41634348,10.1038/s41698-026-01315-2,Li S,2026,Noninvasive prediction of occult pT3a upstaging in localized ccRCC with radiogenomic insights and prognostic relevance.,NPJ precision oncology,Journal Article,Renal/Kidney,INCLUDE,,Renal/Kidney,INCLUDE,NOT_CONTEXT_ONLY,AI03_GENERIC_PREDICTION_WITHOUT_EXPLICIT_AI;AI04_AI_ONLY_PATHWAY_WITHOUT_TITLE_AI,ABSTRACT,The title and available abstract identify deep learning and radiomics or pathomics applied to the in-scope task described in 'Noninvasive prediction of occult pT3a upstaging in localized ccRCC with radiogenomic insights and prognostic relevance.'.
41636335,10.1002/jemt.70127,Chanchal AK,2026,Lightweight Truncated Fused-MirrorNet for Classification and Analysis of Histopathology Images.,Microscopy research and technique,Journal Article,Renal/Kidney,INCLUDE,,Renal/Kidney,INCLUDE,NOT_CONTEXT_ONLY,AI04_AI_ONLY_PATHWAY_WITHOUT_TITLE_AI,PUBMED_ABSTRACT,Histopathology model reports renal-cell-carcinoma classification.
41693513,10.1177/08927790251408826,Yuan Y,2026,Development and Validation of Predictive Models for Trifecta Achievement in Robot-Assisted Partial Nephrectomy for Renal Hilar Tumors: Preliminary Application of the Modified R.E.N.A.L. Score.,Journal of endourology,Journal Article; Validation Study,Renal/Kidney,INCLUDE,,Renal/Kidney,INCLUDE,NOT_CONTEXT_ONLY,AI03_GENERIC_PREDICTION_WITHOUT_EXPLICIT_AI;AI04_AI_ONLY_PATHWAY_WITHOUT_TITLE_AI,ABSTRACT,The title and available abstract identify machine learning applied to the in-scope task described in 'Development and Validation of Predictive Models for Trifecta Achievement in Robot-Assisted Partial Nephrectomy for Renal Hilar Tumors: Preliminary Application of the Modified R.E.N.A.L. Score.'.
41701890,10.5489/cuaj.9476,McAlpine K,2026,Automated vs. manual segmentation for small renal mass imaging.,Canadian Urological Association journal = Journal de l'Association des urologues du Canada,Journal Article,Renal/Kidney,INCLUDE,,Renal/Kidney,INCLUDE,NOT_CONTEXT_ONLY,AI04_AI_ONLY_PATHWAY_WITHOUT_TITLE_AI;TEC01_TECHNICAL_ARTIFACT_WITHOUT_CLINICAL_CUE,ABSTRACT,The title and available abstract identify radiomics or pathomics and machine learning applied to the in-scope task described in 'Automated vs. manual segmentation for small renal mass imaging.'.
41714356,10.1007/s00261-026-05381-9,Wu Z,2026,Preoperative prediction of preserved renal parenchymal volume via multilevel CT feature fusion: a proof-of-concept study.,Abdominal radiology (New York),Journal Article,Renal/Kidney,INCLUDE,,Renal/Kidney,INCLUDE,NOT_CONTEXT_ONLY,AI03_GENERIC_PREDICTION_WITHOUT_EXPLICIT_AI,PUBMED_ABSTRACT,Preserved renal-parenchymal-volume prediction after partial nephrectomy for renal tumors is directly surgical and urological.
41811638,10.1007/s12672-026-04484-5,Duan H,2026,Multi-omics integration constructs a senescence-based prognostic model and identifies EIF4EBP1 as a therapeutic target in clear cell renal cell carcinoma.,Discover oncology,Journal Article,Renal/Kidney,INCLUDE,,Renal/Kidney,INCLUDE,NOT_CONTEXT_ONLY,AI03_GENERIC_PREDICTION_WITHOUT_EXPLICIT_AI,ABSTRACT,The title and available abstract identify machine learning applied to the in-scope task described in 'Multi-omics integration constructs a senescence-based prognostic model and identifies EIF4EBP1 as a therapeutic target in clear cell renal cell carcinoma.'.
41827703,10.3390/cancers18050768,Zheng Y,2026,Angiogenesis-Informed Preoperative CT Radiogenomics Predicts Overall Survival in Clear Cell Renal Cell Carcinoma: Development and External Validation.,Cancers,Journal Article,Renal/Kidney,INCLUDE,,Renal/Kidney,INCLUDE,NOT_CONTEXT_ONLY,AI04_AI_ONLY_PATHWAY_WITHOUT_TITLE_AI,ABSTRACT,The title and available abstract identify radiomics or pathomics and machine learning applied to the in-scope task described in 'Angiogenesis-Informed Preoperative CT Radiogenomics Predicts Overall Survival in Clear Cell Renal Cell Carcinoma: Development and External Validation.'.
41856377,10.1016/j.urology.2026.02.039,Wang B,2026,Generation of automated nephrometry scores through direct prediction of each component.,Urology,Journal Article,Renal/Kidney,INCLUDE,,Renal/Kidney,INCLUDE,NOT_CONTEXT_ONLY,AI03_GENERIC_PREDICTION_WITHOUT_EXPLICIT_AI;AI04_AI_ONLY_PATHWAY_WITHOUT_TITLE_AI,ABSTRACT,The title and available abstract identify deep learning applied to the in-scope task described in 'Generation of automated nephrometry scores through direct prediction of each component.'.
41641419,10.1007/s13193-025-02296-7,Hemmatyar A,2026,Ethical Considerations in the Use of the da Vinci Surgical System in Modern Surgery.,Indian journal of surgical oncology,Journal Article; Review,Surgical AI,EXCLUDE,E01_NON_UROLOGICAL,Surgical AI,EXCLUDE,NOT_CONTEXT_ONLY,SCP06_GENERAL_GOVERNANCE_WITHOUT_UROLOGY;AI04_AI_ONLY_PATHWAY_WITHOUT_TITLE_AI,ABSTRACT,"The abstract's substantive task in 'Ethical Considerations in the Use of the da Vinci Surgical System in Modern Surgery' is general or multi-specialty and does not report a separable urological, andrological, or male-reproductive AI result."
