"PMID","DOI","First_Author","Year","Title","Journal","Journal_Abbrev","Publication_Type","Domain_Group","Priority_Translational_Evidence","Priority_Use_Case"
"33167009","10.1093/humrep/deaa258","Boitrelle F","2020","Predicting sperm extraction in non-obstructive azoospermia patients.","Human reproduction (Oxford, England)","Hum Reprod","Comment; Letter","Andrology","No",""
"32753627","10.1038/s41598-020-69857-4","Butola A","2020","High spatially sensitive quantitative phase imaging assisted with deep neural network for classification of human spermatozoa under stressed condition.","Scientific reports","Sci Rep","Journal Article; Research Support, Non-U.S. Gov't","Andrology","No",""
"32654105","10.1007/s10815-020-01881-9","Fernandez EI","2020","Artificial intelligence in the IVF laboratory: overview through the application of different types of algorithms for the classification of reproductive data.","Journal of assisted reproduction and genetics","J Assist Reprod Genet","Journal Article; Review","Andrology","No",""
"32829415","10.1093/humrep/deaa181","Ferrick L","2020","Metabolic activity of human blastocysts correlates with their morphokinetics, morphological grade, KIDScore and artificial intelligence ranking.","Human reproduction (Oxford, England)","Hum Reprod","Journal Article; Research Support, Non-U.S. Gov't","Andrology","No",""
"32144650","10.1007/s11517-019-02101-y","Ilhan HO","2020","A fully automated hybrid human sperm detection and classification system based on mobile-net and the performance comparison with conventional methods.","Medical & biological engineering & computing","Med Biol Eng Comput","Journal Article","Andrology","No",""
"32443809","10.3390/diagnostics10050325","Iqbal I","2020","Deep Learning-Based Morphological Classification of Human Sperm Heads.","Diagnostics (Basel, Switzerland)","Diagnostics (Basel)","Journal Article","Andrology","No",""
"32690677","10.1073/pnas.2001754117","Kandel ME","2020","Reproductive outcomes predicted by phase imaging with computational specificity of spermatozoon ultrastructure.","Proceedings of the National Academy of Sciences of the United States of America","Proc Natl Acad Sci U S A","Journal Article; Research Support, N.I.H., Extramural; Research Support, Non-U.S. Gov't; Research Support, U.S. Gov't, Non-P.H.S.","Andrology","No",""
"31976600","10.1002/jmri.27060","Krishna S","2020","Role of MRI in Staging of Penile Cancer.","Journal of magnetic resonance imaging : JMRI","J Magn Reson Imaging","Journal Article","Andrology","No",""
"33126127","10.1016/j.compbiomed.2020.104061","Lesani A","2020","Quantification of human sperm concentration using machine learning-based spectrophotometry.","Computers in biology and medicine","Comput Biol Med","Journal Article; Research Support, Non-U.S. Gov't","Andrology","No",""
"32516073","10.1097/JU.0000000000001183","Masterson TA","2020","Using Artificial Intelligence to Predict Surgical Shunts in Men with Ischemic Priapism.","The Journal of urology","J Urol","Journal Article","Andrology","No",""
"32155013","10.5935/1518-0557.20190081","Pedrosa ML","2020","Sperm selection in IVF: the long and winding road from bench to bedside.","JBRA assisted reproduction","JBRA Assist Reprod","Journal Article; Review","Andrology","No",""
"32449608","10.1111/andr.12826","Santi D","2020","Multilevel approach to male fertility by machine learning highlights a hidden link between haematological and spermatogenetic cells.","Andrology","Andrology","Journal Article; Observational Study; Research Support, Non-U.S. Gov't","Andrology","No",""
"33211025","10.2196/20031","Tsai VF","2020","Web- and Artificial Intelligence-Based Image Recognition For Sperm Motility Analysis: Verification Study.","JMIR medical informatics","JMIR Med Inform","Journal Article","Andrology","No",""
"33374461","10.3390/s21010072","Valiuskaite V","2020","Deep Learning Based Evaluation of Spermatozoid Motility for Artificial Insemination.","Sensors (Basel, Switzerland)","Sensors (Basel)","Journal Article","Andrology","No",""
"32240301","10.1093/humrep/deaa013","VerMilyea M","2020","Development of an artificial intelligence-based assessment model for prediction of embryo viability using static images captured by optical light microscopy during IVF.","Human reproduction (Oxford, England)","Hum Reprod","Journal Article; Research Support, Non-U.S. Gov't","Andrology","No",""
"32538428","10.1093/humrep/deaa109","Zeadna A","2020","Prediction of sperm extraction in non-obstructive azoospermia patients: a machine-learning perspective.","Human reproduction (Oxford, England)","Hum Reprod","Journal Article; Research Support, Non-U.S. Gov't","Andrology","No",""
"33167007","10.1093/humrep/deaa259","Zeadna A","2020","Reply: Predicting sperm extraction in non-obstructive azoospermia patients: a machine-learning perspective.","Human reproduction (Oxford, England)","Hum Reprod","Comment; Letter","Andrology","No",""
"32676406","10.21037/tau.2020.03.45","Zhu K","2020","Acute kidney injury in solitary kidney patients after partial nephrectomy: incidence, risk factors and prediction.","Translational andrology and urology","Transl Androl Urol","Journal Article","Andrology","No",""
"32727146","10.3390/s20154175","Akkus Z","2020","Fully Automated Segmentation of Bladder Sac and Measurement of Detrusor Wall Thickness from Transabdominal Ultrasound Images.","Sensors (Basel, Switzerland)","Sensors (Basel)","Letter","Benign/Functional","No",""
"32153047","10.1002/pros.23968","Connell SP","2020","Development of a multivariable risk model integrating urinary cell DNA methylation and cell-free RNA data for the detection of significant prostate cancer.","The Prostate","Prostate","Journal Article; Research Support, Non-U.S. Gov't","Benign/Functional","No",""
"32628701","10.1371/journal.pone.0235328","Dong L","2020","Aptamer based proteomic pilot study reveals a urine signature indicative of pediatric urinary tract infections.","PloS one","PLoS One","Journal Article; Research Support, N.I.H., Extramural; Research Support, Non-U.S. Gov't; Validation Study","Benign/Functional","No",""
"32521550","10.1055/a-1171-1137","Hennig MJP","2020","[Potential for improvement by new resection and imaging techniques in TUR-B].","Aktuelle Urologie","Aktuelle Urol","Journal Article","Benign/Functional","No",""
"33148625","10.1126/scitranslmed.aay5067","Kanjilal S","2020","A decision algorithm to promote outpatient antimicrobial stewardship for uncomplicated urinary tract infection.","Science translational medicine","Sci Transl Med","Journal Article; Research Support, Non-U.S. Gov't","Benign/Functional","No",""
"32838752","10.1186/s12859-020-03566-7","Mancini A","2020","Machine learning models predicting multidrug resistant urinary tract infections using ""DsaaS"".","BMC bioinformatics","BMC Bioinformatics","Journal Article","Benign/Functional","No",""
"31977788","10.1097/AOG.0000000000003687","Rahman SN","2020","Development and Validation of a Machine Learning Algorithm for Predicting Response to Anticholinergic Medications for Overactive Bladder Syndrome.","Obstetrics and gynecology","Obstet Gynecol","Comment; Journal Article","Benign/Functional","No",""
"31570249","10.1016/j.urolonc.2019.08.019","Alanee S","2020","Using adaptive genetic algorithms combined with high sensitivity single cell-based technology to detect bladder cancer in urine and provide a potential noninvasive marker for response to anti-PD1 immunotherapy.","Urologic oncology","Urol Oncol","Journal Article","Bladder Cancer","No",""
"32548296","10.18383/j.tom.2020.00013","Hadjiiski LM","2020","Intraobserver Variability in Bladder Cancer Treatment Response Assessment With and Without Computerized Decision Support.","Tomography (Ann Arbor, Mich.)","Tomography","Journal Article; Research Support, N.I.H., Extramural","Bladder Cancer","No",""
"32330067","10.1200/CCI.19.00155","Harmon SA","2020","Multiresolution Application of Artificial Intelligence in Digital Pathology for Prediction of Positive Lymph Nodes From Primary Tumors in Bladder Cancer.","JCO clinical cancer informatics","JCO Clin Cancer Inform","Journal Article; Research Support, N.I.H., Extramural","Bladder Cancer","No",""
"32195366","10.1038/s41746-020-0238-2","Kalra S","2020","Pan-cancer diagnostic consensus through searching archival histopathology images using artificial intelligence.","NPJ digital medicine","NPJ Digit Med","Journal Article","Bladder Cancer","No",""
"33127883","10.1038/s41467-020-19313-8","Kong J","2020","Network-based machine learning in colorectal and bladder organoid models predicts anti-cancer drug efficacy in patients.","Nature communications","Nat Commun","Journal Article; Research Support, Non-U.S. Gov't","Bladder Cancer","No",""
"31396730","10.1007/s00330-019-06371-w","Lin P","2020","A radiogenomics signature for predicting the clinical outcome of bladder urothelial carcinoma.","European radiology","Eur Radiol","Journal Article","Bladder Cancer","No",""
"31980088","10.1016/j.artmed.2019.101746","Lorencin I","2020","Using multi-layer perceptron with Laplacian edge detector for bladder cancer diagnosis.","Artificial intelligence in medicine","Artif Intell Med","Journal Article; Research Support, Non-U.S. Gov't","Bladder Cancer","No",""
"32677978","10.1186/s13000-020-01002-1","Niazi MKK","2020","Semantic segmentation to identify bladder layers from H&E Images.","Diagnostic pathology","Diagn Pathol","Journal Article","Bladder Cancer","No",""
"33115513","10.1186/s13287-020-01973-4","Tang C","2020","Development and validation of a novel stem cell subtype for bladder cancer based on stem genomic profiling.","Stem cell research & therapy","Stem Cell Res Ther","Journal Article; Research Support, Non-U.S. Gov't","Bladder Cancer","No",""
"32775485","10.14440/bladder.2020.815","Tong F","2020","Classification of the urinary metabolome using machine learning and potential applications to diagnosing interstitial cystitis.","Bladder (San Francisco, Calif.)","Bladder (San Franc)","Journal Article","Bladder Cancer","No",""
"32738594","10.1016/j.intimp.2020.106818","Wang Y","2020","Tumor mutational burden related classifier is predictive of response to PD-L1 blockade in locally advanced and metastatic urothelial carcinoma.","International immunopharmacology","Int Immunopharmacol","Journal Article","Bladder Cancer","No",""
"32354610","10.1016/j.eururo.2020.04.023","Woerl AC","2020","Deep Learning Predicts Molecular Subtype of Muscle-invasive Bladder Cancer from Conventional Histopathological Slides.","European urology","Eur Urol","Journal Article; Research Support, Non-U.S. Gov't","Bladder Cancer","No",""
"32680493","10.1186/s12911-020-01185-z","Yin PN","2020","Histopathological distinction of non-invasive and invasive bladder cancers using machine learning approaches.","BMC medical informatics and decision making","BMC Med Inform Decis Mak","Journal Article; Research Support, N.I.H., Extramural; Research Support, Non-U.S. Gov't","Bladder Cancer","No",""
"31776737","10.1007/s00345-019-03037-6","Andras I","2020","Artificial intelligence and robotics: a combination that is changing the operating room.","World journal of urology","World J Urol","Journal Article; Review","Broad Reviews","No",""
"31724999","10.1097/MOU.0000000000000692","Bhandari M","2020","Artificial intelligence and robotic surgery: current perspective and future directions.","Current opinion in urology","Curr Opin Urol","Journal Article; Review","Broad Reviews","No",""
"31833725","10.23736/S0393-2249.19.03613-0","Checcucci E","2020","Artificial intelligence and neural networks in urology: current clinical applications.","Minerva urologica e nefrologica = The Italian journal of urology and nephrology","Minerva Urol Nefrol","Journal Article; Review","Broad Reviews","No",""
"32881726","10.1097/MOU.0000000000000814","Checcucci E","2020","Applications of neural networks in urology: a systematic review.","Current opinion in urology","Curr Opin Urol","Journal Article; Systematic Review","Broad Reviews","No",""
"32701718","10.1097/MOU.0000000000000797","Donswijk ML","2020","Where to next prostate-specific membrane antigen PET imaging frontiers?","Current opinion in urology","Curr Opin Urol","Journal Article; Review","Broad Reviews","No",""
"33299275","10.1007/s13193-020-01166-8","Egert M","2020","Machine Learning and Artificial Intelligence in Surgical Fields.","Indian journal of surgical oncology","Indian J Surg Oncol","Journal Article; Review","Broad Reviews","No",""
"33117695","10.3389/fonc.2020.565086","Girard A","2020","The Role of 18F-FDG PET/CT in Guiding Precision Medicine for Invasive Bladder Carcinoma.","Frontiers in oncology","Front Oncol","Journal Article; Review","Broad Reviews","No",""
"31256249","10.1007/s00345-019-02857-w","Goldenberg MG","2020","Evidence that surgical performance predicts clinical outcomes.","World journal of urology","World J Urol","Journal Article; Review","Broad Reviews","No",""
"32941255","10.1097/MOU.0000000000000819","Hosein S","2020","Clinical applications of artificial intelligence in urologic oncology.","Current opinion in urology","Curr Opin Urol","Journal Article; Research Support, Non-U.S. Gov't; Review","Broad Reviews","No",""
"32143723","10.1186/s12967-020-02281-4","Lin Y","2020","Data-driven translational prostate cancer research: from biomarker discovery to clinical decision.","Journal of translational medicine","J Transl Med","Journal Article; Research Support, Non-U.S. Gov't; Review","Broad Reviews","No",""
"32417110","10.1016/j.urolonc.2020.04.020","Loughlin KR","2020","The world is only ten years old: The dawn of artificial intelligence in urologic oncology.","Urologic oncology","Urol Oncol","Journal Article; Review","Broad Reviews","No",""
"31925551","10.1007/s00345-019-03059-0","Negassi M","2020","Application of artificial neural networks for automated analysis of cystoscopic images: a review of the current status and future prospects.","World journal of urology","World J Urol","Journal Article; Review","Broad Reviews","No",""
"33235893","","Pai RK","2020","A review of current advancements and limitations of artificial intelligence in genitourinary cancers.","American journal of clinical and experimental urology","Am J Clin Exp Urol","Journal Article; Review","Broad Reviews","No",""
"32329274","10.7507/1001-5515.201910055","Qin F","2020","[Research status and trend of artificial intelligence in the diagnosis of urinary diseases].","Sheng wu yi xue gong cheng xue za zhi = Journal of biomedical engineering = Shengwu yixue gongchengxue zazhi","Sheng Wu Yi Xue Gong Cheng Xue Za Zhi","Journal Article; Review","Broad Reviews","No",""
"32821957","10.1007/s00120-020-01294-7","Schreiber A","2020","[Artificial intelligence : What do urologists need to know?].","Der Urologe. Ausg. A","Urologe A","Journal Article; Review","Broad Reviews","No",""
"32881725","10.1097/MOU.0000000000000813","Schuettfort VM","2020","Pathomics in urology.","Current opinion in urology","Curr Opin Urol","Journal Article; Research Support, Non-U.S. Gov't; Review","Broad Reviews","No",""
"32479253","10.5152/tud.2020.20117","Shah M","2020","Artificial intelligence (AI) in urology-Current use and future directions: An iTRUE study.","Turkish journal of urology","Turk J Urol","Journal Article; Review","Broad Reviews","No",""
"32611217","10.1089/end.2020.0137","Stai B","2020","Public Perceptions of Artificial Intelligence and Robotics in Medicine.","Journal of endourology","J Endourol","Journal Article; Research Support, N.I.H., Extramural; Review","Broad Reviews","No",""
"31691082","10.1007/s00345-019-03000-5","Suarez-Ibarrola R","2020","Current and future applications of machine and deep learning in urology: a review of the literature on urolithiasis, renal cell carcinoma, and bladder and prostate cancer.","World journal of urology","World J Urol","Journal Article; Review","Broad Reviews","No",""
"32481542","10.3390/cancers12061387","Suarez-Ibarrola R","2020","Radiomics Applications in Renal Tumor Assessment: A Comprehensive Review of the Literature.","Cancers","Cancers (Basel)","Journal Article; Review","Broad Reviews","No",""
"32941257","10.1097/MOU.0000000000000822","Sugano D","2020","Impact of radiomics on prostate cancer detection: a systematic review of clinical applications.","Current opinion in urology","Curr Opin Urol","Journal Article; Systematic Review","Broad Reviews","No",""
"33009150","10.1097/MOU.0000000000000824","Veneziano D","2020","VR and machine learning: novel pathways in surgical hands-on training.","Current opinion in urology","Curr Opin Urol","Journal Article; Review","Broad Reviews","No",""
"31951873","10.1016/j.cmpb.2020.105316","Wildeboer RR","2020","Artificial intelligence in multiparametric prostate cancer imaging with focus on deep-learning methods.","Computer methods and programs in biomedicine","Comput Methods Programs Biomed","Journal Article; Review","Broad Reviews","No",""
"32141938","10.1097/MOU.0000000000000741","Witjes JA","2020","Developments in the follow-up of nonmuscle invasive bladder cancer: what did we learn in the last 24 months: a critical review.","Current opinion in urology","Curr Opin Urol","Journal Article; Review","Broad Reviews","No",""
"32781640","10.3390/cancers12082200","Algohary A","2020","Combination of Peri-Tumoral and Intra-Tumoral Radiomic Features on Bi-Parametric MRI Accurately Stratifies Prostate Cancer Risk: A Multi-Site Study.","Cancers","Cancers (Basel)","Journal Article","Governance","No",""
"32315504","10.1111/bju.15087","Bhandari M","2020","Predicting intra-operative and postoperative consequential events using machine-learning techniques in patients undergoing robot-assisted partial nephrectomy: a Vattikuti Collective Quality Initiative database study.","BJU international","BJU Int","Journal Article; Multicenter Study; Research Support, Non-U.S. Gov't","Governance","No",""
"33062803","10.1117/1.JMI.7.5.057501","Bukowy JD","2020","Accurate segmentation of prostate cancer histomorphometric features using a weakly supervised convolutional neural network.","Journal of medical imaging (Bellingham, Wash.)","J Med Imaging (Bellingham)","Journal Article","Governance","No",""
"32983112","10.3389/fimmu.2020.01900","Chen S","2020","Biomarkers of the Response to Immune Checkpoint Inhibitors in Metastatic Urothelial Carcinoma.","Frontiers in immunology","Front Immunol","Journal Article; Research Support, Non-U.S. Gov't; Validation Study","Governance","No",""
"32908284","10.1038/s41591-020-1037-7","Cruz Rivera S","2020","Guidelines for clinical trial protocols for interventions involving artificial intelligence: the SPIRIT-AI extension.","Nature medicine","Nat Med","Guideline; Journal Article; Research Support, N.I.H., Extramural; Research Support, Non-U.S. Gov't; Research Support, U.S. Gov't, P.H.S.; Review","Governance","No",""
"33328049","10.1016/S2589-7500(20)30219-3","Cruz Rivera S","2020","Guidelines for clinical trial protocols for interventions involving artificial intelligence: the SPIRIT-AI extension.","The Lancet. Digital health","Lancet Digit Health","Journal Article; Research Support, Non-U.S. Gov't; Review","Governance","No",""
"32825612","10.3390/cancers12092366","Ellmann S","2020","Computer-Aided Diagnosis in Multiparametric MRI of the Prostate: An Open-Access Online Tool for Lesion Classification with High Accuracy.","Cancers","Cancers (Basel)","Journal Article","Governance","No",""
"31808367","10.1089/end.2019.0509","Ikeda A","2020","Support System of Cystoscopic Diagnosis for Bladder Cancer Based on Artificial Intelligence.","Journal of endourology","J Endourol","Journal Article; Research Support, Non-U.S. Gov't","Governance","No",""
"33256740","10.1186/s12916-020-01834-0","Johnson H","2020","Development and validation of a 25-Gene Panel urine test for prostate cancer diagnosis and potential treatment follow-up.","BMC medicine","BMC Med","Journal Article; Multicenter Study; Research Support, Non-U.S. Gov't","Governance","No",""
"32331449","10.3390/cancers12041032","Klarenbeek SE","2020","The Effect of Higher Level Computerized Clinical Decision Support Systems on Oncology Care: A Systematic Review.","Cancers","Cancers (Basel)","Journal Article; Review","Governance","No",""
"32526669","10.1016/j.ejrad.2020.109079","Lin F","2020","A CT-based deep learning model for predicting the nuclear grade of clear cell renal cell carcinoma.","European journal of radiology","Eur J Radiol","Journal Article","Governance","No",""
"32908283","10.1038/s41591-020-1034-x","Liu X","2020","Reporting guidelines for clinical trial reports for interventions involving artificial intelligence: the CONSORT-AI extension.","Nature medicine","Nat Med","Guideline; Journal Article; Research Support, N.I.H., Extramural; Research Support, Non-U.S. Gov't; Research Support, U.S. Gov't, P.H.S.; Review","Governance","No",""
"32909959","10.1136/bmj.m3164","Liu X","2020","Reporting guidelines for clinical trial reports for interventions involving artificial intelligence: the CONSORT-AI Extension.","BMJ (Clinical research ed.)","BMJ","Journal Article","Governance","No",""
"33328048","10.1016/S2589-7500(20)30218-1","Liu X","2020","Reporting guidelines for clinical trial reports for interventions involving artificial intelligence: the CONSORT-AI extension.","The Lancet. Digital health","Lancet Digit Health","Journal Article; Research Support, N.I.H., Extramural; Research Support, Non-U.S. Gov't; Review","Governance","No",""
"33937821","10.1148/ryai.2020200029","Mongan J","2020","Checklist for Artificial Intelligence in Medical Imaging (CLAIM): A Guide for Authors and Reviewers.","Radiology. Artificial intelligence","Radiol Artif Intell","Editorial","Governance","No",""
"32907797","10.1136/bmj.m3210","Rivera SC","2020","Guidelines for clinical trial protocols for interventions involving artificial intelligence: the SPIRIT-AI Extension.","BMJ (Clinical research ed.)","BMJ","Journal Article; Research Support, Non-U.S. Gov't","Governance","No",""
"33135401","10.4111/icu.20200086","Shin TY","2020","Expert-level segmentation using deep learning for volumetry of polycystic kidney and liver.","Investigative and clinical urology","Investig Clin Urol","Journal Article; Research Support, Non-U.S. Gov't","Governance","No",""
"32064241","10.3389/fped.2020.00001","Smail LC","2020","Using Deep Learning Algorithms to Grade Hydronephrosis Severity: Toward a Clinical Adjunct.","Frontiers in pediatrics","Front Pediatr","Journal Article","Governance","No",""
"33089126","10.1016/j.eclinm.2020.100536","Solebo AL","2020","Implications of the artificial intelligence extensions to the guidelines for consolidated standards of reporting trials and for standard protocol item recommendations for interventional trials (the CONSORT-AI and SPIRIT-AI extensions).","EClinicalMedicine","EClinicalMedicine","Journal Article","Governance","No",""
"32514173","10.1038/s41591-020-0941-1","Sounderajah V","2020","Developing specific reporting guidelines for diagnostic accuracy studies assessing AI interventions: The STARD-AI Steering Group.","Nature medicine","Nat Med","Letter","Governance","No",""
"33081400","10.3390/cancers12103010","Uhlig J","2020","Radiomic Features and Machine Learning for the Discrimination of Renal Tumor Histological Subtypes: A Pragmatic Study Using Clinical-Routine Computed Tomography.","Cancers","Cancers (Basel)","Journal Article","Governance","No",""
"31468158","10.1007/s00330-019-06417-z","Aldoj N","2020","Semi-automatic classification of prostate cancer on multi-parametric MR imaging using a multi-channel 3D convolutional neural network.","European radiology","Eur Radiol","Journal Article","Prostate Imaging","No",""
"32594208","10.1007/s00330-020-07008-z","Arif M","2020","Clinically significant prostate cancer detection and segmentation in low-risk patients using a convolutional neural network on multi-parametric MRI.","European radiology","Eur Radiol","Journal Article","Prostate Imaging","No",""
"32403240","10.3390/cancers12051204","Bardis MD","2020","Applications of Artificial Intelligence to Prostate Multiparametric MRI (mpMRI): Current and Emerging Trends.","Cancers","Cancers (Basel)","Journal Article; Review","Prostate Imaging","No",""
"32248259","10.1007/s00261-020-02504-8","Chatterjee A","2020","New prostate MRI techniques and sequences.","Abdominal radiology (New York)","Abdom Radiol (NY)","Journal Article; Review","Prostate Imaging","No",""
"33012016","10.1002/mp.14517","Chen Y","2020","Automatic intraprostatic lesion segmentation in multiparametric magnetic resonance images with proposed multiple branch UNet.","Medical physics","Med Phys","Journal Article","Prostate Imaging","No",""
"32607629","10.1007/s00330-020-07027-w","Cuocolo R","2020","Machine learning for the identification of clinically significant prostate cancer on MRI: a meta-analysis.","European radiology","Eur Radiol","Journal Article; Meta-Analysis","Prostate Imaging","No",""
"32542936","10.1002/jmri.27254","Ha HK","2020","Editorial for ""Deep-Learning-Based Artificial Intelligence for PI-RADS Classification to Assist Multiparametric Prostate MRI Interpretation: A Development Study"".","Journal of magnetic resonance imaging : JMRI","J Magn Reson Imaging","Editorial","Prostate Imaging","No",""
"31802148","10.1007/s00117-019-00613-0","Hamm CA","2020","[Artificial intelligence and radiomics in MRI-based prostate diagnostics].","Der Radiologe","Radiologe","Journal Article; Review","Prostate Imaging","No",""
"32099001","10.1038/s41598-020-60311-z","Hartenstein A","2020","Prostate Cancer Nodal Staging: Using Deep Learning to Predict (68)Ga-PSMA-Positivity from CT Imaging Alone.","Scientific reports","Sci Rep","Journal Article; Randomized Controlled Trial; Research Support, Non-U.S. Gov't","Prostate Imaging","No",""
"32740863","10.1007/s00261-020-02678-1","Hou Y","2020","A radiomics machine learning-based redefining score robustly identifies clinically significant prostate cancer in equivocal PI-RADS score 3 lesions.","Abdominal radiology (New York)","Abdom Radiol (NY)","Journal Article; Research Support, Non-U.S. Gov't","Prostate Imaging","No",""
"32524222","10.1007/s00330-020-06958-8","Kan Y","2020","Clinico-radiological characteristic-based machine learning in reducing unnecessary prostate biopsies of PI-RADS 3 lesions with dual validation.","European radiology","Eur Radiol","Journal Article","Prostate Imaging","No",""
"32516697","10.1016/j.ejrad.2020.109063","Krauss T","2020","MRI phenotype of the prostate: Transition zone radiomics analysis improves explanation of prostate-specific antigen (PSA) serum level compared to volume measurement alone.","European journal of radiology","Eur J Radiol","Journal Article","Prostate Imaging","No",""
"32208009","10.2214/AJR.19.22254","Lee DK","2020","Three-Dimensional Convolutional Neural Network for Prostate MRI Segmentation and Comparison of Prostate Volume Measurements by Use of Artificial Neural Network and Ellipsoid Formula.","AJR. American journal of roentgenology","AJR Am J Roentgenol","Journal Article; Research Support, Non-U.S. Gov't","Prostate Imaging","No",""
"33680954","10.3389/fonc.2020.631831","Li M","2020","Use of Radiomics to Improve Diagnostic Performance of PI-RADS v2.1 in Prostate Cancer.","Frontiers in oncology","Front Oncol","Journal Article","Prostate Imaging","No",""
"32078543","10.1109/TMI.2020.2974574","Liu Q","2020","MS-Net: Multi-Site Network for Improving Prostate Segmentation With Heterogeneous MRI Data.","IEEE transactions on medical imaging","IEEE Trans Med Imaging","Journal Article; Research Support, Non-U.S. Gov't","Prostate Imaging","No",""
"32457827","10.3389/fonc.2020.00551","Lu H","2020","Repeatability of Quantitative Imaging Features in Prostate Magnetic Resonance Imaging.","Frontiers in oncology","Front Oncol","Journal Article","Prostate Imaging","No",""
"31703155","10.1002/mrm.28058","Merisaari H","2020","Repeatability of radiomics and machine learning for DWI: Short-term repeatability study of 112 patients with prostate cancer.","Magnetic resonance in medicine","Magn Reson Med","Clinical Study; Journal Article; Research Support, N.I.H., Extramural; Research Support, Non-U.S. Gov't; Research Support, U.S. Gov't, Non-P.H.S.","Prostate Imaging","No",""
"32842599","10.3390/diagnostics10090622","Moazemi S","2020","Machine Learning Facilitates Hotspot Classification in PSMA-PET/CT with Nuclear Medicine Specialist Accuracy.","Diagnostics (Basel, Switzerland)","Diagnostics (Basel)","Journal Article","Prostate Imaging","No",""
"32046196","10.3390/cancers12020390","Monti S","2020","Multiparametric MRI for Prostate Cancer Detection: New Insights into the Combined Use of a Radiomic Approach with Advanced Acquisition Protocol.","Cancers","Cancers (Basel)","Journal Article","Prostate Imaging","No",""
"32468251","10.1007/s00259-020-04864-1","Peeken JC","2020","A CT-based radiomics model to detect prostate cancer lymph node metastases in PSMA radioguided surgery patients.","European journal of nuclear medicine and molecular imaging","Eur J Nucl Med Mol Imaging","Journal Article; Research Support, Non-U.S. Gov't","Prostate Imaging","No",""
"31808980","10.1002/jmri.27008","Qi Y","2020","Multiparametric MRI-Based Radiomics for Prostate Cancer Screening With PSA in 4-10 ng/mL to Reduce Unnecessary Biopsies.","Journal of magnetic resonance imaging : JMRI","J Magn Reson Imaging","Journal Article; Research Support, Non-U.S. Gov't","Prostate Imaging","No",""
"32478955","10.1002/jmri.27204","Sanford T","2020","Deep-Learning-Based Artificial Intelligence for PI-RADS Classification to Assist Multiparametric Prostate MRI Interpretation: A Development Study.","Journal of magnetic resonance imaging : JMRI","J Magn Reson Imaging","Journal Article; Research Support, N.I.H., Extramural; Research Support, N.I.H., Intramural","Prostate Imaging","No",""
"33052737","10.2214/AJR.19.22347","Sanford TH","2020","Data Augmentation and Transfer Learning to Improve Generalizability of an Automated Prostate Segmentation Model.","AJR. American journal of roentgenology","AJR Am J Roentgenol","Journal Article; Research Support, N.I.H., Extramural; Research Support, N.I.H., Intramural","Prostate Imaging","No",""
"32586167","10.1097/JU.0000000000001164","Siegel C","2020","Re: Classification of Cancer at Prostate MRI: Deep Learning versus Clinical PI-RADS Assessment.","The Journal of urology","J Urol","Comment; Journal Article","Prostate Imaging","No",""
"32989773","10.1002/mp.14498","Singhrao K","2020","A generative adversarial network-based (GAN-based) architecture for automatic fiducial marker detection in prostate MRI-only radiotherapy simulation images.","Medical physics","Med Phys","Journal Article","Prostate Imaging","No",""
"32531722","10.1016/j.ejrad.2020.109095","Stanzione A","2020","Prostate MRI radiomics: A systematic review and radiomic quality score assessment.","European journal of radiology","Eur J Radiol","Journal Article; Systematic Review","Prostate Imaging","No",""
"32819762","10.1016/j.ejrad.2020.109208","Stanzione A","2020","Erratum to ""Prostate MRI radiomics: A systematic review and radiomic quality score assessment"" [Eur. J. Radiol. 129 (2020) 109095].","European journal of radiology","Eur J Radiol","Published Erratum","Prostate Imaging","No",""
"32355645","10.21037/qims.2020.03.08","Winkel DJ","2020","Predicting clinically significant prostate cancer from quantitative image features including compressed sensing radial MRI of prostate perfusion using machine learning: comparison with PI-RADS v2 assessment scores.","Quantitative imaging in medicine and surgery","Quant Imaging Med Surg","Journal Article","Prostate Imaging","No",""
"33202680","10.3390/diagnostics10110951","Winkel DJ","2020","Autonomous Detection and Classification of PI-RADS Lesions in an MRI Screening Population Incorporating Multicenter-Labeled Deep Learning and Biparametric Imaging: Proof of Concept.","Diagnostics (Basel, Switzerland)","Diagnostics (Basel)","Journal Article","Prostate Imaging","No",""
"32630787","10.3390/cancers12071767","Woznicki P","2020","Multiparametric MRI for Prostate Cancer Characterization: Combined Use of Radiomics Model with PI-RADS and Clinical Parameters.","Cancers","Cancers (Basel)","Journal Article","Prostate Imaging","No",""
"32449176","10.1002/mp.14255","Zong W","2020","A deep dive into understanding tumor foci classification using multiparametric MRI based on convolutional neural network.","Medical physics","Med Phys","Journal Article","Prostate Imaging","No",""
"32128929","10.1111/joim.13030","Acs B","2020","Artificial intelligence as the next step towards precision pathology.","Journal of internal medicine","J Intern Med","Journal Article; Research Support, Non-U.S. Gov't; Review","Prostate Pathology","No",""
"32926991","10.1016/j.mri.2020.09.011","Akamine Y","2020","Application of hierarchical clustering to multi-parametric MR in prostate: Differentiation of tumor and normal tissue with high accuracy.","Magnetic resonance imaging","Magn Reson Imaging","Journal Article","Prostate Pathology","No",""
"31926805","10.1016/S1470-2045(19)30739-9","Bulten W","2020","Automated deep-learning system for Gleason grading of prostate cancer using biopsies: a diagnostic study.","The Lancet. Oncology","Lancet Oncol","Journal Article; Research Support, Non-U.S. Gov't; Validation Study","Prostate Pathology","Yes","Prostate digital pathology"
"32967377","10.3390/cancers12092708","Chandramouli S","2020","Computer Extracted Features from Initial H&E Tissue Biopsies Predict Disease Progression for Prostate Cancer Patients on Active Surveillance.","Cancers","Cancers (Basel)","Journal Article","Prostate Pathology","No",""
"31834623","10.1002/mp.13964","Chen CM","2020","A computer-aided diagnosis system for differentiation and delineation of malignant regions on whole-slide prostate histopathology image using spatial statistics and multidimensional DenseNet.","Medical physics","Med Phys","Journal Article","Prostate Pathology","No",""
"33066841","10.1016/j.acthis.2020.151619","Dzaparidze G","2020","Pathadin - The essential set of tools to start with whole slide analysis.","Acta histochemica","Acta Histochem","Journal Article","Prostate Pathology","No",""
"32402150","10.1111/his.14060","Egevad L","2020","The utility of artificial intelligence in the assessment of prostate pathology.","Histopathology","Histopathology","Editorial","Prostate Pathology","No",""
"31567104","10.1109/JBHI.2019.2944643","Karimi D","2020","Deep Learning-Based Gleason Grading of Prostate Cancer From Histopathology Images-Role of Multiscale Decision Aggregation and Data Augmentation.","IEEE journal of biomedical and health informatics","IEEE J Biomed Health Inform","Journal Article; Research Support, N.I.H., Intramural; Research Support, Non-U.S. Gov't","Prostate Pathology","No",""
"32701148","10.1001/jamaoncol.2020.2485","Nagpal K","2020","Development and Validation of a Deep Learning Algorithm for Gleason Grading of Prostate Cancer From Biopsy Specimens.","JAMA oncology","JAMA Oncol","Journal Article","Prostate Pathology","Yes","Prostate digital pathology"
"33177390","10.1097/CM9.0000000000001220","Niu Y","2020","Clinically applicable Gleason grading (GD) system for prostate cancer based on deep learning.","Chinese medical journal","Chin Med J (Engl)","Journal Article","Prostate Pathology","No",""
"33328045","10.1016/S2589-7500(20)30159-X","Pantanowitz L","2020","An artificial intelligence algorithm for prostate cancer diagnosis in whole slide images of core needle biopsies: a blinded clinical validation and deployment study.","The Lancet. Digital health","Lancet Digit Health","Journal Article; Research Support, Non-U.S. Gov't; Validation Study","Prostate Pathology","Yes","Prostate digital pathology"
"32432709","10.1001/jamanetworkopen.2020.5111","Rana A","2020","Use of Deep Learning to Develop and Analyze Computational Hematoxylin and Eosin Staining of Prostate Core Biopsy Images for Tumor Diagnosis.","JAMA network open","JAMA Netw Open","Journal Article; Research Support, Non-U.S. Gov't","Prostate Pathology","No",""
"32756597","10.1371/journal.pone.0236553","Rho MJ","2020","Dr. Answer AI for prostate cancer: Clinical outcome prediction model and service.","PloS one","PLoS One","Journal Article; Research Support, Non-U.S. Gov't","Prostate Pathology","No",""
"33006906","10.1200/CCI.20.00028","Santus E","2020","Exploiting Rules to Enhance Machine Learning in Extracting Information From Multi-Institutional Prostate Pathology Reports.","JCO clinical cancer informatics","JCO Clin Cancer Inform","Journal Article; Multicenter Study","Prostate Pathology","No",""
"32747906","10.47162/RJME.61.1.17","Serbanescu MS","2020","Automated Gleason grading of prostate cancer using transfer learning from general-purpose deep-learning networks.","Romanian journal of morphology and embryology = Revue roumaine de morphologie et embryologie","Rom J Morphol Embryol","Journal Article","Prostate Pathology","No",""
"32929343","10.7150/thno.48706","Shao L","2020","Radiologist-like artificial intelligence for grade group prediction of radical prostatectomy for reducing upgrading and downgrading from biopsy.","Theranostics","Theranostics","Journal Article; Multicenter Study; Research Support, Non-U.S. Gov't","Prostate Pathology","No",""
"32653747","10.1016/j.cmpb.2020.105637","Silva-Rodriguez J","2020","Going deeper through the Gleason scoring scale: An automatic end-to-end system for histology prostate grading and cribriform pattern detection.","Computer methods and programs in biomedicine","Comput Methods Programs Biomed","Journal Article","Prostate Pathology","No",""
"33180129","10.1001/jamanetworkopen.2020.23267","Steiner DF","2020","Evaluation of the Use of Combined Artificial Intelligence and Pathologist Assessment to Review and Grade Prostate Biopsies.","JAMA network open","JAMA Netw Open","Evaluation Study; Journal Article; Research Support, Non-U.S. Gov't","Prostate Pathology","Yes","Prostate digital pathology"
"31926806","10.1016/S1470-2045(19)30738-7","Strom P","2020","Artificial intelligence for diagnosis and grading of prostate cancer in biopsies: a population-based, diagnostic study.","The Lancet. Oncology","Lancet Oncol","Journal Article; Research Support, Non-U.S. Gov't; Validation Study","Prostate Pathology","Yes","Prostate digital pathology"
"32455477","10.1111/bju.15122","Suh J","2020","Development and validation of an explainable artificial intelligence-based decision-supporting tool for prostate biopsy.","BJU international","BJU Int","Journal Article","Prostate Pathology","No",""
"32873856","10.1038/s41598-020-71420-0","Swiderska-Chadaj Z","2020","Impact of rescanning and normalization on convolutional neural network performance in multi-center, whole-slide classification of prostate cancer.","Scientific reports","Sci Rep","Journal Article; Multicenter Study; Research Support, Non-U.S. Gov't","Prostate Pathology","No",""
"30482583","10.1016/j.euf.2018.11.006","Waltman CG","2020","Exhaled-breath Testing for Prostate Cancer Based on Volatile Organic Compound Profiling Using an Electronic Nose Device (Aeonose): A Preliminary Report.","European urology focus","Eur Urol Focus","Journal Article","Prostate Pathology","No",""
"31710780","10.1002/jbio.201900203","Yang Q","2020","Epithelium segmentation and automated Gleason grading of prostate cancer via deep learning in label-free multiphoton microscopic images.","Journal of biophotonics","J Biophotonics","Journal Article; Research Support, Non-U.S. Gov't","Prostate Pathology","No",""
"32221622","10.1007/s00066-020-01607-x","Zavala-Romero O","2020","Segmentation of prostate and prostate zones using deep learning : A multi-MRI vendor analysis.","Strahlentherapie und Onkologie : Organ der Deutschen Rontgengesellschaft ... [et al]","Strahlenther Onkol","Journal Article","Prostate Pathology","No",""
"31901213","10.1111/bju.14985","Baghdadi A","2020","Automated differentiation of benign renal oncocytoma and chromophobe renal cell carcinoma on computed tomography using deep learning.","BJU international","BJU Int","Journal Article; Validation Study","Renal/Kidney","No",""
"33015531","10.1200/PO.20.00015","Brennan K","2020","Development of a DNA Methylation-Based Diagnostic Signature to Distinguish Benign Oncocytoma From Renal Cell Carcinoma.","JCO precision oncology","JCO Precis Oncol","Journal Article","Renal/Kidney","No",""
"32286325","10.1038/s41467-020-15671-5","Cheng J","2020","Computational analysis of pathological images enables a better diagnosis of TFE3 Xp11.2 translocation renal cell carcinoma.","Nature communications","Nat Commun","Journal Article; Research Support, Non-U.S. Gov't","Renal/Kidney","No",""
"32002635","10.1007/s00330-019-06601-1","Cui E","2020","Predicting the ISUP grade of clear cell renal cell carcinoma with multiparametric MR and multiphase CT radiomics.","European radiology","Eur Radiol","Journal Article","Renal/Kidney","No",""
"32014404","10.1016/j.acra.2019.12.015","Erdim C","2020","Prediction of Benign and Malignant Solid Renal Masses: Machine Learning-Based CT Texture Analysis.","Academic radiology","Acad Radiol","Journal Article","Renal/Kidney","No",""
"32185138","10.3389/fonc.2020.00279","Feng Z","2020","Identifying BAP1 Mutations in Clear-Cell Renal Cell Carcinoma by CT Radiomics: Preliminary Findings.","Frontiers in oncology","Front Oncol","Journal Article","Renal/Kidney","No",""
"32711010","10.1016/j.urology.2020.05.094","Fenstermaker M","2020","Development and Validation of a Deep-learning Model to Assist With Renal Cell Carcinoma Histopathologic Interpretation.","Urology","Urology","Journal Article; Validation Study","Renal/Kidney","No",""
"32706977","10.1259/bjr.20200131","Han D","2020","Prediction models for clear cell renal cell carcinoma ISUP/WHO grade: comparison between CT radiomics and conventional contrast-enhanced CT.","The British journal of radiology","Br J Radiol","Comparative Study; Journal Article","Renal/Kidney","No",""
"32547934","10.3389/fonc.2020.00592","Jiang Y","2020","A Computed Tomography-Based Radiomics Nomogram to Preoperatively Predict Tumor Necrosis in Patients With Clear Cell Renal Cell Carcinoma.","Frontiers in oncology","Front Oncol","Journal Article","Renal/Kidney","No",""
"32850304","10.3389/fonc.2020.00909","Jiang Y","2020","Preoperative CT Radiomics Predicting the SSIGN Risk Groups in Patients With Clear Cell Renal Cell Carcinoma: Development and Multicenter Validation.","Frontiers in oncology","Front Oncol","Journal Article","Renal/Kidney","No",""
"33251142","10.3389/fonc.2020.579619","Kang B","2020","T1 Stage Clear Cell Renal Cell Carcinoma: A CT-Based Radiomics Nomogram to Estimate the Risk of Recurrence and Metastasis.","Frontiers in oncology","Front Oncol","Journal Article","Renal/Kidney","No",""
"31613661","10.2214/AJR.19.21709","Kocak B","2020","Radiomics of Renal Masses: Systematic Review of Reproducibility and Validation Strategies.","AJR. American journal of roentgenology","AJR Am J Roentgenol","Journal Article; Systematic Review","Renal/Kidney","No",""
"31635476","10.1177/0284185119881742","Kocak B","2020","Machine learning-based unenhanced CT texture analysis for predicting BAP1 mutation status of clear cell renal cell carcinomas.","Acta radiologica (Stockholm, Sweden : 1987)","Acta Radiol","Journal Article","Renal/Kidney","No",""
"32783560","10.2214/AJR.19.22608","Kocak B","2020","Machine Learning in Radiomic Renal Mass Characterization: Fundamentals, Applications, Challenges, and Future Directions.","AJR. American journal of roentgenology","AJR Am J Roentgenol","Journal Article; Review","Renal/Kidney","No",""
"32960663","10.2214/AJR.20.22847","Kocak B","2020","Artificial Intelligence in Renal Mass Characterization: A Systematic Review of Methodologic Items Related to Modeling, Performance Evaluation, Clinical Utility, and Transparency.","AJR. American journal of roentgenology","AJR Am J Roentgenol","Journal Article; Systematic Review","Renal/Kidney","No",""
"32252440","10.3390/cancers12040866","Lee HW","2020","Integrative Radiogenomics Approach for Risk Assessment of Post-Operative Metastasis in Pathological T1 Renal Cell Carcinoma: A Pilot Retrospective Cohort Study.","Cancers","Cancers (Basel)","Journal Article","Renal/Kidney","No",""
"31664486","10.1007/s00261-019-02269-9","Li Y","2020","Value of radiomics in differential diagnosis of chromophobe renal cell carcinoma and renal oncocytoma.","Abdominal radiology (New York)","Abdom Radiol (NY)","Journal Article","Renal/Kidney","No",""
"32792129","10.1016/j.rcl.2020.06.001","Lubner MG","2020","Radiomics and Artificial Intelligence for Renal Mass Characterization.","Radiologic clinics of North America","Radiol Clin North Am","Journal Article; Review","Renal/Kidney","No",""
"31980867","10.1007/s00261-020-02414-9","Ma Y","2020","Can whole-tumor radiomics-based CT analysis better differentiate fat-poor angiomyolipoma from clear cell renal cell caricinoma: compared with conventional CT analysis?","Abdominal radiology (New York)","Abdom Radiol (NY)","Journal Article","Renal/Kidney","No",""
"32775436","10.1155/2020/7103647","Meng X","2020","A CT-Based Radiomics Approach for the Differential Diagnosis of Sarcomatoid and Clear Cell Renal Cell Carcinoma.","BioMed research international","Biomed Res Int","Journal Article","Renal/Kidney","No",""
"33374569","10.3390/jpm11010008","Moldovanu CG","2020","Preoperative Predicting the WHO/ISUP Nuclear Grade of Clear Cell Renal Cell Carcinoma by Computed Tomography-Based Radiomics Features.","Journal of personalized medicine","J Pers Med","Journal Article","Renal/Kidney","No",""
"32193870","10.1007/s11547-020-01169-z","Nazari M","2020","Noninvasive Fuhrman grading of clear cell renal cell carcinoma using computed tomography radiomic features and machine learning.","La Radiologia medica","Radiol Med","Journal Article","Renal/Kidney","No",""
"31506816","10.1007/s00330-019-06427-x","Nie P","2020","A CT-based radiomics nomogram for differentiation of renal angiomyolipoma without visible fat from homogeneous clear cell renal cell carcinoma.","European radiology","Eur Radiol","Journal Article; Validation Study","Renal/Kidney","No",""
"32592241","10.1002/jmri.27267","Ntorkou AA","2020","Editorial for ""Multiparametric MRI Radiomic Model for Preoperative Predicting WHO/ISUP Nuclear Grade of Clear Cell Renal Cell Carcinoma"".","Journal of magnetic resonance imaging : JMRI","J Magn Reson Imaging","Editorial","Renal/Kidney","No",""
"33120238","10.1016/j.ejrad.2020.109343","Pedersen M","2020","Classification of renal tumour using convolutional neural networks to detect oncocytoma.","European journal of radiology","Eur J Radiol","Journal Article","Renal/Kidney","No",""
"33177576","10.1038/s41598-020-76132-z","Purkayastha S","2020","Differentiation of low and high grade renal cell carcinoma on routine MRI with an externally validated automatic machine learning algorithm.","Scientific reports","Sci Rep","Journal Article; Multicenter Study; Research Support, N.I.H., Extramural","Renal/Kidney","No",""
"32333073","10.1007/s00261-020-02540-4","Said D","2020","Characterization of solid renal neoplasms using MRI-based quantitative radiomics features.","Abdominal radiology (New York)","Abdom Radiol (NY)","Journal Article","Renal/Kidney","No",""
"33163139","","Singla N","2020","Harnessing Big Data with Machine Learning in Precision Oncology.","Kidney cancer journal : official journal of the Kidney Cancer Association","Kidney Cancer J","Journal Article","Renal/Kidney","No",""
"32314070","10.1007/s10278-020-00336-y","Stanzione A","2020","MRI Radiomics for the Prediction of Fuhrman Grade in Clear Cell Renal Cell Carcinoma: a Machine Learning Exploratory Study.","Journal of digital imaging","J Digit Imaging","Journal Article","Renal/Kidney","No",""
"31553660","10.2214/AJR.19.21617","Sun XY","2020","Radiologic-Radiomic Machine Learning Models for Differentiation of Benign and Malignant Solid Renal Masses: Comparison With Expert-Level Radiologists.","AJR. American journal of roentgenology","AJR Am J Roentgenol","Comparative Study; Journal Article; Research Support, Non-U.S. Gov't","Renal/Kidney","No",""
"31913072","10.2214/AJR.19.22074","Tanaka T","2020","Differentiation of Small (</= 4 cm) Renal Masses on Multiphase Contrast-Enhanced CT by Deep Learning.","AJR. American journal of roentgenology","AJR Am J Roentgenol","Journal Article","Renal/Kidney","No",""
"32060715","10.1007/s00330-020-06666-3","Ursprung S","2020","Radiomics of computed tomography and magnetic resonance imaging in renal cell carcinoma-a systematic review and meta-analysis.","European radiology","Eur Radiol","Journal Article; Meta-Analysis; Systematic Review","Renal/Kidney","No",""
"32367419","10.1007/s00330-020-06896-5","Wang W","2020","Differentiation of renal cell carcinoma subtypes through MRI-based radiomics analysis.","European radiology","Eur Radiol","Journal Article","Renal/Kidney","No",""
"32957650","10.3390/cancers12092654","Wuestemann J","2020","Analysis of Bone Scans in Various Tumor Entities Using a Deep-Learning-Based Artificial Neural Network Algorithm-Evaluation of Diagnostic Performance.","Cancers","Cancers (Basel)","Journal Article","Renal/Kidney","No",""
"31937619","10.1158/1078-0432.CCR-19-0374","Xi IL","2020","Deep Learning to Distinguish Benign from Malignant Renal Lesions Based on Routine MR Imaging.","Clinical cancer research : an official journal of the American Association for Cancer Research","Clin Cancer Res","Journal Article; Multicenter Study; Research Support, N.I.H., Extramural; Research Support, Non-U.S. Gov't","Renal/Kidney","No",""
"32410406","10.3348/kjr.2019.0607","Xu K","2020","CT-Based Radiomics Signature for Preoperative Prediction of Coagulative Necrosis in Clear Cell Renal Cell Carcinoma.","Korean journal of radiology","Korean J Radiol","Journal Article; Research Support, Non-U.S. Gov't","Renal/Kidney","No",""
"31468159","10.1007/s00330-019-06384-5","Yang R","2020","Radiomics of small renal masses on multiphasic CT: accuracy of machine learning-based classification models for the differentiation of renal cell carcinoma and angiomyolipoma without visible fat.","European radiology","Eur Radiol","Journal Article","Renal/Kidney","No",""
"32253464","10.1007/s00261-020-02495-6","Yasar S","2020","Using texture analysis as a predictive factor of subtype, grade and stage of renal cell carcinoma.","Abdominal radiology (New York)","Abdom Radiol (NY)","Journal Article","Renal/Kidney","No",""
"33585193","10.3389/fonc.2020.570396","Yi X","2020","Computed Tomography Radiomics for Predicting Pathological Grade of Renal Cell Carcinoma.","Frontiers in oncology","Front Oncol","Journal Article","Renal/Kidney","No",""
"32350661","10.1007/s00330-020-06787-9","Zabihollahy F","2020","Automated classification of solid renal masses on contrast-enhanced computed tomography images using convolutional neural network with decision fusion.","European radiology","Eur Radiol","Journal Article","Renal/Kidney","No",""
"33364422","10.18383/j.tom.2020.00039","Zhang Y","2020","Review of Value of CT Texture Analysis and Machine Learning in Differentiating Fat-Poor Renal Angiomyolipoma from Renal Cell Carcinoma.","Tomography (Ann Arbor, Mich.)","Tomography","Journal Article; Review","Renal/Kidney","No",""
"33585225","10.3389/fonc.2020.605769","Zhao J","2020","Liq_ccRCC: Identification of Clear Cell Renal Cell Carcinoma Based on the Integration of Clinical Liquid Indices.","Frontiers in oncology","Front Oncol","Journal Article","Renal/Kidney","No",""
"32222054","10.1002/jmri.27153","Zhao Y","2020","Deep Learning Based on MRI for Differentiation of Low- and High-Grade in Low-Stage Renal Cell Carcinoma.","Journal of magnetic resonance imaging : JMRI","J Magn Reson Imaging","Journal Article; Multicenter Study; Research Support, N.I.H., Extramural; Research Support, Non-U.S. Gov't","Renal/Kidney","No",""
"32424585","10.1245/s10434-020-08255-6","Zhou H","2020","Development and External Validation of Radiomics Approach for Nuclear Grading in Clear Cell Renal Cell Carcinoma.","Annals of surgical oncology","Ann Surg Oncol","Journal Article","Renal/Kidney","No",""
"32480069","10.1016/j.jss.2020.04.027","Miller BL","2020","Evidence That Female Urologists and Urology Trainees Tend to Underrate Surgical Skills on Self-Assessment.","The Journal of surgical research","J Surg Res","Journal Article; Research Support, Non-U.S. Gov't","Surgical AI","No",""
"37637444","10.1097/AS9.0000000000000011","Pugh CM","2020","How Wearable Technology Can Facilitate AI Analysis of Surgical Videos.","Annals of surgery open : perspectives of surgical history, education, and clinical approaches","Ann Surg Open","Journal Article","Surgical AI","No",""
"33246195","10.1016/j.compbiomed.2020.104121","Abbasi A","2021","Effect of deep transfer and multi-task learning on sperm abnormality detection.","Computers in biology and medicine","Comput Biol Med","Journal Article; Research Support, Non-U.S. Gov't","Andrology","No",""
"33904010","10.1007/s10815-021-02198-x","Bormann CL","2021","Deep learning early warning system for embryo culture conditions and embryologist performance in the ART laboratory.","Journal of assisted reproduction and genetics","J Assist Reprod Genet","Journal Article","Andrology","No",""
"33643601","10.1177/2040622321992624","Chen JB","2021","Identification of mortality-risk-related missense variant for renal clear cell carcinoma using deep learning.","Therapeutic advances in chronic disease","Ther Adv Chronic Dis","Journal Article","Andrology","No",""
"33850784","10.21037/tau-2021-01","Cimadamore A","2021","Digital diagnostics and artificial intelligence in prostate cancer treatment in 5 years from now.","Translational andrology and urology","Transl Androl Urol","Editorial","Andrology","No",""
"34430409","10.21037/tau-21-276","Finelli R","2021","The validity and reliability of computer-aided semen analyzers in performing semen analysis: a systematic review.","Translational andrology and urology","Transl Androl Urol","Journal Article; Review","Andrology","No",""
"33719832","10.1080/19396368.2020.1822953","Giscard d'Estaing S","2021","A machine learning system with reinforcement capacity for predicting the fate of an ART embryo.","Systems biology in reproductive medicine","Syst Biol Reprod Med","Journal Article; Validation Study","Andrology","No",""
"33091959","10.1002/ijc.33355","Gu W","2021","Identification of a methylation panel aid in risk stratification in node-positive penile squamous cell carcinoma.","International journal of cancer","Int J Cancer","Journal Article; Research Support, Non-U.S. Gov't","Andrology","No",""
"33461755","10.1016/j.fertnstert.2020.10.038","Gunderson SJ","2021","Machine-learning algorithm incorporating capacitated sperm intracellular pH predicts conventional in vitro fertilization success in normospermic patients.","Fertility and sterility","Fertil Steril","Journal Article","Andrology","No",""
"34112997","10.1038/s41551-021-00733-w","Kanakasabapathy MK","2021","Adaptive adversarial neural networks for the analysis of lossy and domain-shifted datasets of medical images.","Nature biomedical engineering","Nat Biomed Eng","Journal Article; Research Support, N.I.H., Extramural; Research Support, Non-U.S. Gov't","Andrology","No",""
"34588948","10.3389/fnins.2021.721236","Lu J","2021","Reconfiguration of Dynamic Functional Connectivity States in Patients With Lifelong Premature Ejaculation.","Frontiers in neuroscience","Front Neurosci","Journal Article","Andrology","No",""
"34364259","10.1016/j.compbiomed.2021.104687","Marin R","2021","Impact of transfer learning for human sperm segmentation using deep learning.","Computers in biology and medicine","Comput Biol Med","Journal Article; Research Support, Non-U.S. Gov't","Andrology","No",""
"33642063","10.1016/j.fertnstert.2021.02.004","Patel DP","2021","Can artificial intelligence drive optimal sperm selection for in vitro fertilization?","Fertility and sterility","Fertil Steril","Comment; Editorial","Andrology","No",""
"33998173","10.1111/andr.13041","Pecoraro M","2021","The future direction of imaging in prostate cancer: MRI with or without contrast injection.","Andrology","Andrology","Journal Article; Review","Andrology","No",""
"34324672","10.1093/humrep/deab168","Riegler MA","2021","Artificial intelligence in the fertility clinic: status, pitfalls and possibilities.","Human reproduction (Oxford, England)","Hum Reprod","Journal Article; Research Support, Non-U.S. Gov't; Review","Andrology","No",""
"33147345","10.1093/humrep/deaa251","Robertson I","2021","Streamlining follicular monitoring during controlled ovarian stimulation: a data-driven approach to efficient IVF care in the new era of social distancing.","Human reproduction (Oxford, England)","Hum Reprod","Journal Article; Research Support, Non-U.S. Gov't","Andrology","No",""
"34316227","10.4103/jhrs.jhrs_26_21","Shemshaki G","2021","Assessment and Establishment of Correlation between Reactive Oxidation Species, Citric Acid, and Fructose Level in Infertile Male Individuals: A Machine-Learning Approach.","Journal of human reproductive sciences","J Hum Reprod Sci","Journal Article","Andrology","No",""
"33968664","10.21037/tau-20-1405","Tan J","2021","Current applications of artificial intelligence combined with urine detection in disease diagnosis and treatment.","Translational andrology and urology","Transl Androl Urol","Journal Article; Review","Andrology","No",""
"37145615","10.1097/UPJ.0000000000000202","Wang HS","2021","A Machine Learning Model to Maximize Efficiency and Face Time in Ambulatory Clinics.","Urology practice","Urol Pract","Journal Article","Andrology","No",""
"33106465","10.4103/aja.aja_66_20","Wu DJ","2021","A preliminary study of sperm identification in microdissection testicular sperm extraction samples with deep convolutional neural networks.","Asian journal of andrology","Asian J Androl","Journal Article","Andrology","No",""
"34002070","10.1038/s41585-021-00465-1","You JB","2021","Machine learning for sperm selection.","Nature reviews. Urology","Nat Rev Urol","Journal Article; Research Support, Non-U.S. Gov't; Review","Andrology","No",""
"34492520","10.1016/j.compbiomed.2021.104790","Yuzkat M","2021","Multi-model CNN fusion for sperm morphology analysis.","Computers in biology and medicine","Comput Biol Med","Journal Article","Andrology","No",""
"34738918","10.18632/aging.203675","Zhou R","2021","Construction and external validation of a 5-gene random forest model to diagnose non-obstructive azoospermia based on the single-cell RNA sequencing of testicular tissue.","Aging","Aging (Albany NY)","Journal Article; Research Support, Non-U.S. Gov't","Andrology","No",""
"33289598","10.1097/JU.0000000000001445","Bertsimas D","2021","Selecting Children with Vesicoureteral Reflux Who are Most Likely to Benefit from Antibiotic Prophylaxis: Application of Machine Learning to RIVUR.","The Journal of urology","J Urol","Journal Article","Benign/Functional","No",""
"34679465","10.3390/diagnostics11101767","Chen JW","2021","An Automatic Bleeding-Rank System for Transurethral Resection of the Prostate Surgery Videos Using Machine Learning.","Diagnostics (Basel, Switzerland)","Diagnostics (Basel)","Journal Article","Benign/Functional","No",""
"34474195","10.1016/j.cmpb.2021.106369","Eroglu Y","2021","Diagnosis and grading of vesicoureteral reflux on voiding cystourethrography images in children using a deep hybrid model.","Computer methods and programs in biomedicine","Comput Methods Programs Biomed","Journal Article","Benign/Functional","No",""
"34450769","10.3390/s21165328","Jin J","2021","Classification of Bladder Emptying Patterns by LSTM Neural Network Trained Using Acoustic Signatures.","Sensors (Basel, Switzerland)","Sensors (Basel)","Journal Article","Benign/Functional","No",""
"34222269","10.3389/fmed.2021.602691","Li X","2021","Diagnostic Value of the Fimbriae Distribution Pattern in Localization of Urinary Tract Infection.","Frontiers in medicine","Front Med (Lausanne)","Journal Article","Benign/Functional","No",""
"34342055","10.1111/iju.14661","Matsukawa Y","2021","Development of an artificial intelligence diagnostic system for lower urinary tract dysfunction in men.","International journal of urology : official journal of the Japanese Urological Association","Int J Urol","Journal Article","Benign/Functional","No",""
"33788888","10.1371/journal.pone.0248636","Moller JK","2021","Prediction of risk of acquiring urinary tract infection during hospital stay based on machine-learning: A retrospective cohort study.","PloS one","PLoS One","Journal Article; Multicenter Study; Research Support, Non-U.S. Gov't","Benign/Functional","No",""
"35036991","10.3389/fpain.2021.757878","Mwesigwa PJ","2021","Unsupervised Machine Learning Approaches Reveal Distinct Phenotypes of Perceived Bladder Pain: A Pilot Study.","Frontiers in pain research (Lausanne, Switzerland)","Front Pain Res (Lausanne)","Journal Article","Benign/Functional","No",""
"32856986","10.1097/JU.0000000000001344","Omae K","2021","Significance of Overactive Bladder as a Predictor of Falls in Community Dwelling Older Adults: 1-Year Followup of the Sukagawa Study.","The Journal of urology","J Urol","Comparative Study; Journal Article","Benign/Functional","No",""
"33262507","10.1038/s41585-020-00413-5","Thomas T","2021","Machine learning improves antibiotics use.","Nature reviews. Urology","Nat Rev Urol","Comment; Journal Article","Benign/Functional","No",""
"32820495","10.1055/s-0040-1715655","Tokar B","2021","Application of Machine Learning Techniques for Enuresis Prediction in Children.","European journal of pediatric surgery : official journal of Austrian Association of Pediatric Surgery ... [et al] = Zeitschrift fur Kinderchirurgie","Eur J Pediatr Surg","Journal Article","Benign/Functional","No",""
"33205846","10.1002/nau.24578","Wang HS","2021","Pattern recognition algorithm to identify detrusor overactivity on urodynamics.","Neurourology and urodynamics","Neurourol Urodyn","Journal Article","Benign/Functional","Yes","Functional urology and neurourology prediction"
"34079004","10.1038/s41598-021-91081-x","Ali N","2021","Deep learning-based classification of blue light cystoscopy imaging during transurethral resection of bladder tumors.","Scientific reports","Sci Rep","Journal Article; Multicenter Study; Research Support, Non-U.S. Gov't","Bladder Cancer","Yes","Selected bladder cystoscopy systems"
"34827126","10.3390/biology10111134","Baressi Segota S","2021","Semantic Segmentation of Urinary Bladder Cancer Masses from CT Images: A Transfer Learning Approach.","Biology","Biology (Basel)","Journal Article","Bladder Cancer","No",""
"34364492","10.1016/j.talanta.2021.122696","Belugina R","2021","Developing non-invasive bladder cancer screening methodology through potentiometric multisensor urine analysis.","Talanta","Talanta","Journal Article","Bladder Cancer","No",""
"32593506","10.1016/j.urolonc.2020.05.009","Bhambhvani HP","2021","Development of robust artificial neural networks for prediction of 5-year survival in bladder cancer.","Urologic oncology","Urol Oncol","Comparative Study; Journal Article","Bladder Cancer","No",""
"33931925","10.1111/cas.14927","Chen S","2021","Clinical use of machine learning-based pathomics signature for diagnosis and survival prediction of bladder cancer.","Cancer science","Cancer Sci","Journal Article","Bladder Cancer","No",""
"34222026","10.3389/fonc.2021.703033","Chen S","2021","A Novel Nomogram Based on Machine Learning-Pathomics Signature and Neutrophil to Lymphocyte Ratio for Survival Prediction of Bladder Cancer Patients.","Frontiers in oncology","Front Oncol","Journal Article","Bladder Cancer","No",""
"32947648","10.1002/rcs.2169","Du Y","2021","A deep learning network-assisted bladder tumour recognition under cystoscopy based on Caffe deep learning framework and EasyDL platform.","The international journal of medical robotics + computer assisted surgery : MRCAS","Int J Med Robot","Journal Article","Bladder Cancer","No",""
"33915698","10.3390/cancers13071624","Gavriel CG","2021","Assessment of Immunological Features in Muscle-Invasive Bladder Cancer Prognosis Using Ensemble Learning.","Cancers","Cancers (Basel)","Journal Article","Bladder Cancer","No",""
"34359804","10.3390/cancers13153903","Hepburn AC","2021","Identification of CNGB1 as a Predictor of Response to Neoadjuvant Chemotherapy in Muscle-Invasive Bladder Cancer.","Cancers","Cancers (Basel)","Journal Article","Bladder Cancer","No",""
"33148020","10.1089/end.2020.0919","Ikeda A","2021","Cystoscopic Imaging for Bladder Cancer Detection Based on Stepwise Organic Transfer Learning with a Pretrained Convolutional Neural Network.","Journal of endourology","J Endourol","Journal Article; Research Support, Non-U.S. Gov't","Bladder Cancer","No",""
"34091262","10.1016/j.esmoop.2021.100175","Karlsson A","2021","Impact of deep learning-determined smoking status on mortality of cancer patients: never too late to quit.","ESMO open","ESMO Open","Journal Article; Research Support, Non-U.S. Gov't","Bladder Cancer","No",""
"34575374","10.3390/jcm10184263","Lee J","2021","Intravesical Prostatic Protrusion and Prognosis of Non-Muscle Invasive Bladder Cancer: Analysis of Long-Term Data over 5 Years with Machine-Learning Algorithms.","Journal of clinical medicine","J Clin Med","Journal Article","Bladder Cancer","No",""
"33823566","10.4132/jptm.2021.02.22","Lee KS","2021","Programmed cell death-ligand 1 assessment in urothelial carcinoma: prospect and limitation.","Journal of pathology and translational medicine","J Pathol Transl Med","Journal Article; Review","Bladder Cancer","No",""
"34462648","10.1155/2021/3831453","Lo CL","2021","A Fact-Finding Procedure Integrating Machine Learning and AHP Technique to Predict Delayed Diagnosis of Bladder Patients with Hematuria.","Journal of healthcare engineering","J Healthc Eng","Journal Article; Research Support, Non-U.S. Gov't","Bladder Cancer","No",""
"33621953","10.18632/aging.202553","Mao X","2021","Identification of a ten-long noncoding RNA signature for predicting the survival and immune status of patients with bladder urothelial carcinoma based on the GEO database: a superior machine learning model.","Aging","Aging (Albany NY)","Journal Article","Bladder Cancer","No",""
"34622225","10.1016/j.xcrm.2021.100382","Mi H","2021","Predictive models of response to neoadjuvant chemotherapy in muscle-invasive bladder cancer using nuclear morphology and tissue architecture.","Cell reports. Medicine","Cell Rep Med","Journal Article; Research Support, N.I.H., Extramural; Research Support, Non-U.S. Gov't","Bladder Cancer","No",""
"33979039","10.1002/cncy.22443","Nojima S","2021","A deep learning system to diagnose the malignant potential of urothelial carcinoma cells in cytology specimens.","Cancer cytopathology","Cancer Cytopathol","Journal Article; Research Support, Non-U.S. Gov't","Bladder Cancer","No",""
"34097440","10.1200/CCI.20.00170","Noone AM","2021","Machine Learning Methods to Identify Missed Cases of Bladder Cancer in Population-Based Registries.","JCO clinical cancer informatics","JCO Clin Cancer Inform","Journal Article","Bladder Cancer","No",""
"33849811","10.1016/j.clgc.2021.03.012","Rundo F","2021","Three-Dimensional Deep Noninvasive Radiomics for the Prediction of Disease Control in Patients With Metastatic Urothelial Carcinoma treated With Immunotherapy.","Clinical genitourinary cancer","Clin Genitourin Cancer","Journal Article","Bladder Cancer","No",""
"33898770","10.1016/j.phro.2020.12.004","Sibolt P","2021","Clinical implementation of artificial intelligence-driven cone-beam computed tomography-guided online adaptive radiotherapy in the pelvic region.","Physics and imaging in radiation oncology","Phys Imaging Radiat Oncol","Journal Article","Bladder Cancer","No",""
"34114376","10.1002/cam4.4044","Velmahos CS","2021","Using deep learning to identify bladder cancers with FGFR-activating mutations from histology images.","Cancer medicine","Cancer Med","Journal Article","Bladder Cancer","No",""
"33830879","10.1080/07853890.2021.1908588","Xu W","2021","Multi-omics reveals novel prognostic implication of SRC protein expression in bladder cancer and its correlation with immunotherapy response.","Annals of medicine","Ann Med","Journal Article; Research Support, Non-U.S. Gov't","Bladder Cancer","No",""
"33119212","10.1002/rcs.2194","Yang R","2021","Automatic recognition of bladder tumours using deep learning technology and its clinical application.","The international journal of medical robotics + computer assisted surgery : MRCAS","Int J Med Robot","Journal Article","Bladder Cancer","No",""
"33798819","10.1016/j.ejrad.2021.109666","Yang Y","2021","Application of deep learning as a noninvasive tool to differentiate muscle-invasive bladder cancer and non-muscle-invasive bladder cancer with CT.","European journal of radiology","Eur J Radiol","Journal Article","Bladder Cancer","No",""
"34796422","10.1186/s41747-021-00248-8","Ying T","2021","Automated artificial intelligence-based analysis of skeletal muscle volume predicts overall survival after cystectomy for urinary bladder cancer.","European radiology experimental","Eur Radiol Exp","Journal Article; Research Support, Non-U.S. Gov't","Bladder Cancer","No",""
"34178641","10.3389/fonc.2021.654685","Zhang G","2021","Deep Learning on Enhanced CT Images Can Predict the Muscular Invasiveness of Bladder Cancer.","Frontiers in oncology","Front Oncol","Journal Article","Bladder Cancer","No",""
"34422643","10.3389/fonc.2021.689626","Zhang X","2021","Robust Prognostic Subtyping of Muscle-Invasive Bladder Cancer Revealed by Deep Learning-Based Multi-Omics Data Integration.","Frontiers in oncology","Front Oncol","Journal Article","Bladder Cancer","No",""
"32382761","10.1093/bib/bbaa047","Zhou M","2021","Computational recognition of lncRNA signature of tumor-infiltrating B lymphocytes with potential implications in prognosis and immunotherapy of bladder cancer.","Briefings in bioinformatics","Brief Bioinform","Journal Article; Research Support, Non-U.S. Gov't","Bladder Cancer","No",""
"33917035","10.3390/s21082586","Ayyad SM","2021","Role of AI and Histopathological Images in Detecting Prostate Cancer: A Survey.","Sensors (Basel, Switzerland)","Sensors (Basel)","Journal Article; Review","Broad Reviews","No",""
"34023696","10.1016/j.compbiomed.2021.104472","Bandyk MG","2021","MRI and CT bladder segmentation from classical to deep learning based approaches: Current limitations and lessons.","Computers in biology and medicine","Comput Biol Med","Journal Article; Review","Broad Reviews","No",""
"34246619","10.1016/j.euf.2021.06.009","Battaglia E","2021","Rethinking Autonomous Surgery: Focusing on Enhancement over Autonomy.","European urology focus","Eur Urol Focus","Journal Article; Research Support, N.I.H., Extramural; Research Support, U.S. Gov't, Non-P.H.S.; Review","Broad Reviews","No",""
"33989231","10.1097/MOU.0000000000000888","Bentellis I","2021","Artificial intelligence in functional urology: how it may shape the future.","Current opinion in urology","Curr Opin Urol","Journal Article; Review","Broad Reviews","No",""
"34024704","10.1016/j.urolonc.2021.03.012","Brodie A","2021","Artificial intelligence in urological oncology: An update and future applications.","Urologic oncology","Urol Oncol","Journal Article; Review","Broad Reviews","No",""
"33965984","10.1097/MOU.0000000000000890","Cacciamani GE","2021","How the use of the artificial intelligence could improve surgical skills in urology: state of the art and future perspectives.","Current opinion in urology","Curr Opin Urol","Journal Article; Review","Broad Reviews","No",""
"33408053","10.1016/j.euo.2020.12.011","Campi R","2021","Novel Liquid Biomarkers and Innovative Imaging for Kidney Cancer Diagnosis: What Can Be Implemented in Our Practice Today? A Systematic Review of the Literature.","European urology oncology","Eur Urol Oncol","Journal Article; Systematic Review","Broad Reviews","No",""
"33978604","10.1097/MOU.0000000000000900","Chan EO","2021","The use of artificial intelligence for the diagnosis of bladder cancer: a review and perspectives.","Current opinion in urology","Curr Opin Urol","Journal Article; Review","Broad Reviews","No",""
"33218590","10.1016/j.ucl.2020.09.004","Chang TC","2021","Current Trends in Artificial Intelligence Application for Endourology and Robotic Surgery.","The Urologic clinics of North America","Urol Clin North Am","Historical Article; Journal Article; Review","Broad Reviews","No",""
"33156361","10.1007/s00345-020-03467-7","Chen IA","2021","Evolving robotic surgery training and improving patient safety, with the integration of novel technologies.","World journal of urology","World J Urol","Journal Article; Systematic Review","Broad Reviews","No",""
"33229864","10.1097/MOU.0000000000000833","Cisu T","2021","New robotic surgical systems in urology: an update.","Current opinion in urology","Curr Opin Urol","Journal Article; Review","Broad Reviews","No",""
"34347134","10.1007/s00120-021-01606-5","Dick H","2021","[Current developments on digitalization : Analysis of quality and economics in healthcare].","Der Urologe. Ausg. A","Urologe A","Journal Article; Review","Broad Reviews","No",""
"32589068","10.5858/arpa.2020-0015-RA","Epstein JI","2021","The 2019 Genitourinary Pathology Society (GUPS) White Paper on Contemporary Grading of Prostate Cancer.","Archives of pathology & laboratory medicine","Arch Pathol Lab Med","Journal Article; Practice Guideline; Review","Broad Reviews","No",""
"34805018","10.12965/jer.2142596.298","Eun SJ","2021","Applications of artificial intelligence in urological setting: a hopeful path to improved care.","Journal of exercise rehabilitation","J Exerc Rehabil","Journal Article; Review","Broad Reviews","No",""
"34576134","10.3390/ijms22189971","Ferro M","2021","Prostate Cancer Radiogenomics-From Imaging to Molecular Characterization.","International journal of molecular sciences","Int J Mol Sci","Journal Article; Review","Broad Reviews","No",""
"33402061","10.1177/0391560320987169","Gandi C","2021","Bladder cancer in the time of machine learning: Intelligent tools for diagnosis and management.","Urologia","Urologia","Journal Article; Review","Broad Reviews","No",""
"33201088","10.1097/SLA.0000000000004425","Garrow CR","2021","Machine Learning for Surgical Phase Recognition: A Systematic Review.","Annals of surgery","Ann Surg","Journal Article; Research Support, Non-U.S. Gov't; Systematic Review","Broad Reviews","No",""
"33332877","10.1097/MOU.0000000000000842","Gomez Rivas J","2021","Autonomous robots: a new reality in healthcare? A project by European Association of Urology-Young Academic Urologist group.","Current opinion in urology","Curr Opin Urol","Journal Article; Review","Broad Reviews","No",""
"34526254","10.1016/j.acuroe.2021.07.001","Gomez Rivas J","2021","Artificial intelligence and simulation in urology.","Actas urologicas espanolas","Actas Urol Esp (Engl Ed)","Journal Article; Review","Broad Reviews","No",""
"33633799","10.1177/1756287220986640","Hameed BMZ","2021","Contemporary application of artificial intelligence in prostate cancer: an i-TRUE study.","Therapeutic advances in urology","Ther Adv Urol","Journal Article; Review","Broad Reviews","No",""
"33747134","10.1177/1756287221998134","Hameed BMZ","2021","Big Data Analytics in urology: the story so far and the road ahead.","Therapeutic advances in urology","Ther Adv Urol","Journal Article; Review","Broad Reviews","No",""
"33925767","10.3390/jcm10091864","Hameed BMZ","2021","Artificial Intelligence and Its Impact on Urological Diseases and Management: A Comprehensive Review of the Literature.","Journal of clinical medicine","J Clin Med","Journal Article; Review","Broad Reviews","No",""
"33771476","10.1016/j.euf.2021.03.013","Higgins MI","2021","Machine Learning in Body Composition Analysis.","European urology focus","Eur Urol Focus","Journal Article; Review","Broad Reviews","No",""
"33301070","10.1007/s00120-020-01400-9","Kriegmair MC","2021","[Enhanced imaging in urological endoscopy].","Der Urologe. Ausg. A","Urologe A","Journal Article; Review","Broad Reviews","No",""
"34351439","10.1007/s00120-021-01610-9","Loch T","2021","[Digital transformation in urology-opportunity, risk or necessity?].","Der Urologe. Ausg. A","Urologe A","Journal Article; Review","Broad Reviews","No",""
"34695601","10.1016/j.ijsu.2021.106151","Moglia A","2021","A systematic review on artificial intelligence in robot-assisted surgery.","International journal of surgery (London, England)","Int J Surg","Journal Article; Systematic Review","Broad Reviews","No",""
"33802699","10.3390/cancers13061348","Muhlbauer J","2021","Radiomics in Renal Cell Carcinoma-A Systematic Review and Meta-Analysis.","Cancers","Cancers (Basel)","Journal Article; Review","Broad Reviews","No",""
"33965977","10.1097/MOU.0000000000000883","Oszwald A","2021","Artificial intelligence in prostate histopathology: where are we in 2021?","Current opinion in urology","Curr Opin Urol","Journal Article; Review","Broad Reviews","No",""
"33991226","10.1007/s00330-021-08021-6","Penzkofer T","2021","ESUR/ESUI position paper: developing artificial intelligence for precision diagnosis of prostate cancer using magnetic resonance imaging.","European radiology","Eur Radiol","Consensus Statement; Journal Article","Broad Reviews","No",""
"33882561","10.1097/MOU.0000000000000882","Pinar U","2021","Artificial intelligence in bladder cancer prognosis: a pathway for personalized medicine.","Current opinion in urology","Curr Opin Urol","Journal Article; Review","Broad Reviews","No",""
"34575370","10.3390/jcm10184259","Punjani N","2021","Technological Advancements in Male Infertility Microsurgery.","Journal of clinical medicine","J Clin Med","Journal Article; Review","Broad Reviews","No",""
"34417153","10.1016/j.euf.2021.07.017","Rickman J","2021","The Growing Role for Semantic Segmentation in Urology.","European urology focus","Eur Urol Focus","Journal Article; Research Support, N.I.H., Extramural; Review","Broad Reviews","No",""
"34294092","10.1186/s12911-021-01585-9","Salem H","2021","A systematic review of the applications of Expert Systems (ES) and machine learning (ML) in clinical urology.","BMC medical informatics and decision making","BMC Med Inform Decis Mak","Journal Article; Systematic Review","Broad Reviews","No",""
"33315136","10.1007/s00120-020-01406-3","Schonthaler M","2021","[Network medicine and health services research in urology].","Der Urologe. Ausg. A","Urologe A","Journal Article; Review","Broad Reviews","No",""
"33991886","10.1016/j.ijmedinf.2021.104484","Song X","2021","Comparison of machine learning and logistic regression models in predicting acute kidney injury: A systematic review and meta-analysis.","International journal of medical informatics","Int J Med Inform","Journal Article; Meta-Analysis; Systematic Review","Broad Reviews","No",""
"33672608","10.3390/diagnostics11020354","Tataru OS","2021","Artificial Intelligence and Machine Learning in Prostate Cancer Patient Management-Current Trends and Future Perspectives.","Diagnostics (Basel, Switzerland)","Diagnostics (Basel)","Journal Article; Review","Broad Reviews","No",""
"33659925","10.12703/r/10-7","Tharakan T","2021","Non-obstructive azoospermia: current and future perspectives.","Faculty reviews","Fac Rev","Journal Article; Review","Broad Reviews","No",""
"34009176","10.1097/MOU.0000000000000902","Thenault R","2021","Radiogenomics in prostate cancer evaluation.","Current opinion in urology","Curr Opin Urol","Journal Article; Review","Broad Reviews","No",""
"34251481","10.1007/s00117-021-00883-7","Tollens F","2021","[MRI-guided minimally invasive treatment of prostate cancer].","Der Radiologe","Radiologe","Journal Article; Review","Broad Reviews","No",""
"33520879","10.2147/RRU.S268596","Van Booven DJ","2021","A Systematic Review of Artificial Intelligence in Prostate Cancer.","Research and reports in urology","Res Rep Urol","Journal Article; Review","Broad Reviews","No",""
"34185136","10.1007/s00259-021-05445-6","Wendler T","2021","How molecular imaging will enable robotic precision surgery : The role of artificial intelligence, augmented reality, and navigation.","European journal of nuclear medicine and molecular imaging","Eur J Nucl Med Mol Imaging","Journal Article; Review","Broad Reviews","No",""
"33671533","10.3390/diagnostics11020369","Castillo T JM","2021","A Multi-Center, Multi-Vendor Study to Evaluate the Generalizability of a Radiomics Model for Classifying Prostate cancer: High Grade vs. Low Grade.","Diagnostics (Basel, Switzerland)","Diagnostics (Basel)","Journal Article","Governance","No",""
"34244270","10.1136/bmjopen-2020-048008","Collins GS","2021","Protocol for development of a reporting guideline (TRIPOD-AI) and risk of bias tool (PROBAST-AI) for diagnostic and prognostic prediction model studies based on artificial intelligence.","BMJ open","BMJ Open","Journal Article; Research Support, Non-U.S. Gov't","Governance","No",""
"33481032","10.1001/jamanetworkopen.2020.31730","Coquet J","2021","Assessment of a Clinical Trial-Derived Survival Model in Patients With Metastatic Castration-Resistant Prostate Cancer.","JAMA network open","JAMA Netw Open","Journal Article; Research Support, N.I.H., Extramural","Governance","No",""
"34439099","10.3390/cancers13163944","Corradini D","2021","Challenges in the Use of Artificial Intelligence for Prostate Cancer Diagnosis from Multiparametric Imaging Data.","Cancers","Cancers (Basel)","Journal Article","Governance","No",""
"32737518","10.1007/s00259-020-04971-z","Cysouw MCF","2021","Machine learning-based analysis of [(18)F]DCFPyL PET radiomics for risk stratification in primary prostate cancer.","European journal of nuclear medicine and molecular imaging","Eur J Nucl Med Mol Imaging","Journal Article; Multicenter Study","Governance","No",""
"33509369","10.1053/j.semnuclmed.2020.09.002","Hatt M","2021","Radiomics in PET/CT: Current Status and Future AI-Based Evolutions.","Seminars in nuclear medicine","Semin Nucl Med","Journal Article; Review","Governance","No",""
"33407780","10.1186/s13063-020-04951-6","Ibrahim H","2021","Reporting guidelines for clinical trials of artificial intelligence interventions: the SPIRIT-AI and CONSORT-AI guidelines.","Trials","Trials","Letter","Governance","No",""
"33967273","10.1038/s41598-021-89369-z","Ito Y","2021","A method for utilizing automated machine learning for histopathological classification of testis based on Johnsen scores.","Scientific reports","Sci Rep","Journal Article","Governance","No",""
"33016344","10.1002/path.5565","McGenity C","2021","Guidelines for clinical trials using artificial intelligence - SPIRIT-AI and CONSORT-AI(dagger).","The Journal of pathology","J Pathol","Journal Article; Research Support, Non-U.S. Gov't","Governance","No",""
"33404699","10.1007/s00345-020-03579-0","Misrai V","2021","Surgeon's heuristics and decision making: a BPH storytelling.","World journal of urology","World J Urol","Case Reports; Letter","Governance","No",""
"34334222","10.1016/j.eururo.2021.07.009","Misrai V","2021","The Sound of Noise in Decision-making: An Illustration with Management of Male Lower Urinary Tract Symptoms.","European urology","Eur Urol","Editorial","Governance","No",""
"34529282","10.1002/pros.24233","Nayan M","2021","Predicting survival after radical prostatectomy: Variation of machine learning performance by race.","The Prostate","Prostate","Journal Article","Governance","No",""
"34176921","10.12659/MSM.933675","Parums DV","2021","Editorial: Artificial Intelligence (AI) in Clinical Medicine and the 2020 CONSORT-AI Study Guidelines.","Medical science monitor : international medical journal of experimental and clinical research","Med Sci Monit","Editorial","Governance","No",""
"34870187","10.3389/frai.2021.769582","Santaolalla A","2021","The ReIMAGINE Multimodal Warehouse: Using Artificial Intelligence for Accurate Risk Stratification of Prostate Cancer.","Frontiers in artificial intelligence","Front Artif Intell","Journal Article","Governance","No",""
"32767102","10.1007/s00330-020-07086-z","Schelb P","2021","Simulated clinical deployment of fully automatic deep learning for clinical prostate MRI assessment.","European radiology","Eur Radiol","Journal Article","Governance","No",""
"33655800","10.1177/0022034521998337","Schwendicke F","2021","Better Reporting of Studies on Artificial Intelligence: CONSORT-AI and Beyond.","Journal of dental research","J Dent Res","Journal Article","Governance","No",""
"34183345","10.1136/bmjopen-2020-047709","Sounderajah V","2021","Developing a reporting guideline for artificial intelligence-centred diagnostic test accuracy studies: the STARD-AI protocol.","BMJ open","BMJ Open","Journal Article; Research Support, Non-U.S. Gov't","Governance","No",""
"34635854","10.1038/s41591-021-01517-0","Sounderajah V","2021","A quality assessment tool for artificial intelligence-centered diagnostic test accuracy studies: QUADAS-AI.","Nature medicine","Nat Med","Letter; Research Support, Non-U.S. Gov't","Governance","No",""
"33766511","10.1016/j.jid.2021.02.744","Taylor M","2021","Raising the Bar for Randomized Trials Involving Artificial Intelligence: The SPIRIT-Artificial Intelligence and CONSORT-Artificial Intelligence Guidelines.","The Journal of investigative dermatology","J Invest Dermatol","Journal Article","Governance","No",""
"33122139","10.1016/j.jmoldx.2020.10.005","Wang Q","2021","UriBLAD: A Urine-Based Gene Expression Assay for Noninvasive Detection of Bladder Cancer.","The Journal of molecular diagnostics : JMD","J Mol Diagn","Journal Article; Multicenter Study; Research Support, Non-U.S. Gov't; Validation Study","Governance","No",""
"34017855","10.3389/fmolb.2021.661661","Wang Y","2021","A Three-Gene Peripheral Blood Potential Diagnosis Signature for Acute Rejection in Renal Transplantation.","Frontiers in molecular biosciences","Front Mol Biosci","Journal Article","Governance","No",""
"34028162","10.1111/bju.15495","Winters DA","2021","The cancer multidisciplinary team meeting: in need of change? History, challenges and future perspectives.","BJU international","BJU Int","Journal Article; Research Support, Non-U.S. Gov't; Review","Governance","No",""
"33526932","10.1038/s41591-021-01229-5","","2021","DECIDE-AI: new reporting guidelines to bridge the development-to-implementation gap in clinical artificial intelligence.","Nature medicine","Nat Med","Letter","Governance","No",""
"33929265","10.1148/rycan.2021200024","Bardis M","2021","Segmentation of the Prostate Transition Zone and Peripheral Zone on MR Images with Deep Learning.","Radiology. Imaging cancer","Radiol Imaging Cancer","Journal Article; Research Support, Non-U.S. Gov't","Prostate Imaging","No",""
"35096605","10.3389/fonc.2021.802964","Bertelli E","2021","Machine and Deep Learning Prediction Of Prostate Cancer Aggressiveness Using Multiparametric MRI.","Frontiers in oncology","Front Oncol","Journal Article","Prostate Imaging","No",""
"33710363","10.1007/s00120-021-01492-x","Bonekamp D","2021","[Machine learning and multiparametric MRI for early diagnosis of prostate cancer].","Der Urologe. Ausg. A","Urologe A","Journal Article; Review","Prostate Imaging","No",""
"33436929","10.1038/s41598-020-80749-5","Brancato V","2021","Evaluation of a multiparametric MRI radiomic-based approach for stratification of equivocal PI-RADS 3 and upgraded PI-RADS 4 prostatic lesions.","Scientific reports","Sci Rep","Journal Article; Research Support, Non-U.S. Gov't","Prostate Imaging","No",""
"35127499","10.3389/fonc.2021.792456","Chen T","2021","MRI Based Radiomics Compared With the PI-RADS V2.1 in the Prediction of Clinically Significant Prostate Cancer: Biparametric vs Multiparametric MRI.","Frontiers in oncology","Front Oncol","Journal Article","Prostate Imaging","No",""
"34050573","10.1002/jmri.27696","Chong JJR","2021","Could AI Assistance Close the PI-RADS Variability Gap?","Journal of magnetic resonance imaging : JMRI","J Magn Reson Imaging","Editorial","Prostate Imaging","No",""
"33721767","10.1016/j.ejrad.2021.109647","Cuocolo R","2021","Quality control and whole-gland, zonal and lesion annotations for the PROSTATEx challenge public dataset.","European journal of radiology","Eur J Radiol","Journal Article","Prostate Imaging","No",""
"33792737","10.1007/s00330-021-07856-3","Cuocolo R","2021","MRI index lesion radiomics and machine learning for detection of extraprostatic extension of disease: a multicenter study.","European radiology","Eur Radiol","Journal Article; Multicenter Study","Prostate Imaging","No",""
"34460633","10.3390/jimaging7020034","Cutaia G","2021","Radiomics and Prostate MRI: Current Role and Future Applications.","Journal of imaging","J Imaging","Journal Article; Review","Prostate Imaging","No",""
"33810222","10.3390/diagnostics11040594","Damascelli A","2021","Advanced Imaging Analysis in Prostate MRI: Building a Radiomic Signature to Predict Tumor Aggressiveness.","Diagnostics (Basel, Switzerland)","Diagnostics (Basel)","Journal Article","Prostate Imaging","No",""
"35155207","10.3389/fonc.2021.818329","Deng F","2021","Low-Dose 68 Ga-PSMA Prostate PET/MRI Imaging Using Deep Learning Based on MRI Priors.","Frontiers in oncology","Front Oncol","Journal Article","Prostate Imaging","No",""
"34449727","10.3390/tomography7030027","Erle A","2021","Evaluating a Machine Learning Tool for the Classification of Pathological Uptake in Whole-Body PSMA-PET-CT Scans.","Tomography (Ann Arbor, Mich.)","Tomography","Journal Article","Prostate Imaging","No",""
"34891910","10.1109/EMBC46164.2021.9630015","Fernandes CD","2021","Radiomic combination of spatial and temporal features extracted from DCE-MRI for prostate cancer detection().","Annual International Conference of the IEEE Engineering in Medicine and Biology Society. IEEE Engineering in Medicine and Biology Society. Annual International Conference","Annu Int Conf IEEE Eng Med Biol Soc","Journal Article; Research Support, Non-U.S. Gov't","Prostate Imaging","No",""
"33610853","10.1016/j.ejrad.2021.109600","Gassenmaier S","2021","Deep learning-accelerated T2-weighted imaging of the prostate: Reduction of acquisition time and improvement of image quality.","European journal of radiology","Eur J Radiol","Journal Article","Prostate Imaging","No",""
"34298806","10.3390/cancers13143593","Gassenmaier S","2021","Accelerated T2-Weighted TSE Imaging of the Prostate Using Deep Learning Image Reconstruction: A Prospective Comparison with Standard T2-Weighted TSE Imaging.","Cancers","Cancers (Basel)","Journal Article","Prostate Imaging","No",""
"32852590","10.1007/s00330-020-07105-z","Gugliandolo SG","2021","MRI-based radiomics signature for localized prostate cancer: a new clinical tool for cancer aggressiveness prediction? Sub-study of prospective phase II trial on ultra-hypofractionated radiotherapy (AIRC IG-13218).","European radiology","Eur Radiol","Clinical Trial, Phase II; Journal Article","Prostate Imaging","No",""
"34885135","10.3390/cancers13236026","Guglielmo P","2021","Additional Value of PET Radiomic Features for the Initial Staging of Prostate Cancer: A Systematic Review from the Literature.","Cancers","Cancers (Basel)","Journal Article; Review","Prostate Imaging","No",""
"33682286","10.1002/jmri.27565","Han C","2021","Radiomics Models Based on Apparent Diffusion Coefficient Maps for the Prediction of High-Grade Prostate Cancer at Radical Prostatectomy: Comparison With Preoperative Biopsy.","Journal of magnetic resonance imaging : JMRI","J Magn Reson Imaging","Journal Article; Research Support, Non-U.S. Gov't","Prostate Imaging","No",""
"33970516","10.1002/jmri.27692","Hectors SJ","2021","Magnetic Resonance Imaging Radiomics-Based Machine Learning Prediction of Clinically Significant Prostate Cancer in Equivocal PI-RADS 3 Lesions.","Journal of magnetic resonance imaging : JMRI","J Magn Reson Imaging","Journal Article; Research Support, Non-U.S. Gov't","Prostate Imaging","No",""
"32700021","10.1007/s00330-020-07065-4","Hiremath A","2021","Test-retest repeatability of a deep learning architecture in detecting and segmenting clinically significant prostate cancer on apparent diffusion coefficient (ADC) maps.","European radiology","Eur Radiol","Journal Article","Prostate Imaging","No",""
"34167765","10.1016/S2589-7500(21)00082-0","Hiremath A","2021","An integrated nomogram combining deep learning, Prostate Imaging-Reporting and Data System (PI-RADS) scoring, and clinical variables for identification of clinically significant prostate cancer on biparametric MRI: a retrospective multicentre study.","The Lancet. Digital health","Lancet Digit Health","Comparative Study; Journal Article; Multicenter Study; Research Support, N.I.H., Extramural; Research Support, Non-U.S. Gov't; Research Support, U.S. Gov't, Non-P.H.S.","Prostate Imaging","No",""
"34370164","10.1186/s13244-021-01058-7","Hotker AM","2021","Improving workflow in prostate MRI: AI-based decision-making on biparametric or multiparametric MRI.","Insights into imaging","Insights Imaging","Journal Article","Prostate Imaging","No",""
"33748877","10.1007/s11934-021-01037-x","Kaneko M","2021","Techniques and Outcomes of MRI-TRUS Fusion Prostate Biopsy.","Current urology reports","Curr Urol Rep","Journal Article; Review","Prostate Imaging","No",""
"33719168","10.1002/jmri.27599","Khosravi P","2021","A Deep Learning Approach to Diagnostic Classification of Prostate Cancer Using Pathology-Radiology Fusion.","Journal of magnetic resonance imaging : JMRI","J Magn Reson Imaging","Journal Article; Research Support, Non-U.S. Gov't","Prostate Imaging","No",""
"34753082","10.1016/j.ejrad.2021.110012","Kim EH","2021","Deep learning-accelerated T2-weighted imaging of the prostate: Impact of further acceleration with lower spatial resolution on image quality.","European journal of radiology","Eur J Radiol","Journal Article","Prostate Imaging","No",""
"33921451","10.3390/s21082709","Lai CC","2021","Autosegmentation of Prostate Zones and Cancer Regions from Biparametric Magnetic Resonance Images by Using Deep-Learning-Based Neural Networks.","Sensors (Basel, Switzerland)","Sensors (Basel)","Journal Article","Prostate Imaging","No",""
"33443954","10.1097/RLU.0000000000003496","Lennartz S","2021","Lymph Node Assessment in Prostate Cancer: Evaluation of Iodine Quantification With Spectral Detector CT in Correlation to PSMA PET/CT.","Clinical nuclear medicine","Clin Nucl Med","Journal Article","Prostate Imaging","No",""
"35155214","10.3389/fonc.2021.825429","Li T","2021","Development and Validation of a Radiomics Nomogram for Predicting Clinically Significant Prostate Cancer in PI-RADS 3 Lesions.","Frontiers in oncology","Front Oncol","Journal Article","Prostate Imaging","No",""
"34467426","10.1007/s00261-021-03235-0","Lim CS","2021","Utility of machine learning of apparent diffusion coefficient (ADC) and T2-weighted (T2W) radiomic features in PI-RADS version 2.1 category 3 lesions to predict prostate cancer diagnosis.","Abdominal radiology (New York)","Abdom Radiol (NY)","Journal Article; Multicenter Study","Prostate Imaging","No",""
"34519954","10.1007/s10278-021-00510-w","Liu Y","2021","3D Isotropic Super-resolution Prostate MRI Using Generative Adversarial Networks and Unpaired Multiplane Slices.","Journal of digital imaging","J Digit Imaging","Journal Article","Prostate Imaging","No",""
"34679484","10.3390/diagnostics11101785","Liu Y","2021","Textured-Based Deep Learning in Prostate Cancer Classification with 3T Multiparametric MRI: Comparison with PI-RADS-Based Classification.","Diagnostics (Basel, Switzerland)","Diagnostics (Basel)","Journal Article","Prostate Imaging","No",""
"34993152","10.3389/fonc.2021.801876","Liu Y","2021","Deep Learning Enables Prostate MRI Segmentation: A Large Cohort Evaluation With Inter-Rater Variability Analysis.","Frontiers in oncology","Front Oncol","Journal Article","Prostate Imaging","No",""
"34771523","10.3390/cancers13215360","Manafi-Farid R","2021","Molecular Imaging in Primary Staging of Prostate Cancer Patients: Current Aspects and Future Trends.","Cancers","Cancers (Basel)","Journal Article; Review","Prostate Imaging","No",""
"34885246","10.3390/cancers13236138","Mehta P","2021","AutoProstate: Towards Automated Reporting of Prostate MRI for Prostate Cancer Assessment Using Deep Learning.","Cancers","Cancers (Basel)","Journal Article","Prostate Imaging","No",""
"34679527","10.3390/diagnostics11101829","Midiri F","2021","Multiparametric MRI and Radiomics in Prostate Cancer: A Review of the Current Literature.","Diagnostics (Basel, Switzerland)","Diagnostics (Basel)","Journal Article; Review","Prostate Imaging","No",""
"34507305","10.1088/1361-6560/ac25d5","Min H","2021","Automatic radiotherapy delineation quality assurance on prostate MRI with deep learning in a multicentre clinical trial.","Physics in medicine and biology","Phys Med Biol","Journal Article; Multicenter Study; Research Support, Non-U.S. Gov't","Prostate Imaging","No",""
"33525456","10.3390/diagnostics11020186","Moazemi S","2021","Estimating the Potential of Radiomics Features and Radiomics Signature from Pretherapeutic PSMA-PET-CT Scans and Clinical Data for Prediction of Overall Survival When Treated with (177)Lu-PSMA.","Diagnostics (Basel, Switzerland)","Diagnostics (Basel)","Journal Article","Prostate Imaging","No",""
"34268431","10.21037/atm-20-6446","Moazemi S","2021","Decision-support for treatment with (177)Lu-PSMA: machine learning predicts response with high accuracy based on PSMA-PET/CT and clinical parameters.","Annals of translational medicine","Ann Transl Med","Journal Article","Prostate Imaging","No",""
"33661195","10.1097/RLU.0000000000003585","Mostafapour S","2021","Feasibility of Deep Learning-Guided Attenuation and Scatter Correction of Whole-Body 68Ga-PSMA PET Studies in the Image Domain.","Clinical nuclear medicine","Clin Nucl Med","Journal Article","Prostate Imaging","No",""
"34022486","10.1016/j.compbiomed.2021.104497","Nai YH","2021","Comparison of metrics for the evaluation of medical segmentations using prostate MRI dataset.","Computers in biology and medicine","Comput Biol Med","Journal Article; Research Support, Non-U.S. Gov't","Prostate Imaging","No",""
"34049336","10.1097/RLI.0000000000000791","Netzer N","2021","Fully Automatic Deep Learning in Bi-institutional Prostate Magnetic Resonance Imaging: Effects of Cohort Size and Heterogeneity.","Investigative radiology","Invest Radiol","Journal Article; Research Support, Non-U.S. Gov't","Prostate Imaging","No",""
"34046969","10.1002/jmri.27752","Nketiah GA","2021","Editorial for ""MRI Radiomics-Based Machine Learning for Predict of Clinically Significant Prostate Cancer in Equivocal PI-RADS 3 Lesions"".","Journal of magnetic resonance imaging : JMRI","J Magn Reson Imaging","Editorial","Prostate Imaging","No",""
"32394162","10.1007/s00259-020-04816-9","Pozaruk A","2021","Augmented deep learning model for improved quantitative accuracy of MR-based PET attenuation correction in PSMA PET-MRI prostate imaging.","European journal of nuclear medicine and molecular imaging","Eur J Nucl Med Mol Imaging","Letter","Prostate Imaging","No",""
"33296302","10.1109/TMI.2020.3043641","Rossi A","2021","Multi-Modal Siamese Network for Diagnostically Similar Lesion Retrieval in Prostate MRI.","IEEE transactions on medical imaging","IEEE Trans Med Imaging","Journal Article","Prostate Imaging","No",""
"34075837","10.1177/03915603211019982","Santoro AA","2021","Multiparametric magnetic resonance imaging of the prostate: Lights and shadows.","Urologia","Urologia","Journal Article","Prostate Imaging","No",""
"33212541","10.1055/a-1290-8070","Schelb P","2021","Comparison of Prostate MRI Lesion Segmentation Agreement Between Multiple Radiologists and a Fully Automatic Deep Learning System.","RoFo : Fortschritte auf dem Gebiete der Rontgenstrahlen und der Nuklearmedizin","Rofo","Journal Article","Prostate Imaging","No",""
"32410356","10.1002/jmri.27191","Schieda N","2021","Quantitative Prostate MRI.","Journal of magnetic resonance imaging : JMRI","J Magn Reson Imaging","Journal Article; Review","Prostate Imaging","No",""
"33760269","10.1002/mp.14855","Seetharaman A","2021","Automated detection of aggressive and indolent prostate cancer on magnetic resonance imaging.","Medical physics","Med Phys","Journal Article","Prostate Imaging","No",""
"33509373","10.1053/j.semnuclmed.2020.08.003","Seifert R","2021","Artificial Intelligence and Machine Learning in Nuclear Medicine: Future Perspectives.","Seminars in nuclear medicine","Semin Nucl Med","Journal Article; Review","Prostate Imaging","No",""
"33385701","10.1016/j.media.2020.101919","Shao W","2021","ProsRegNet: A deep learning framework for registration of MRI and histopathology images of the prostate.","Medical image analysis","Med Image Anal","Journal Article; Research Support, N.I.H., Extramural; Research Support, Non-U.S. Gov't","Prostate Imaging","No",""
"33732553","10.7717/peerj.11006","Sobecki P","2021","Effect of domain knowledge encoding in CNN model architecture-a prostate cancer study using mpMRI images.","PeerJ","PeerJ","Journal Article","Prostate Imaging","No",""
"34282762","10.3390/cancers13133318","Syer T","2021","Artificial Intelligence Compared to Radiologists for the Initial Diagnosis of Prostate Cancer on Magnetic Resonance Imaging: A Systematic Review and Recommendations for Future Studies.","Cancers","Cancers (Basel)","Journal Article; Review","Prostate Imaging","No",""
"33580348","10.1007/s00261-021-02964-6","Wang X","2021","Novel deep learning-based noise reduction technique for prostate magnetic resonance imaging.","Abdominal radiology (New York)","Abdom Radiol (NY)","Journal Article","Prostate Imaging","No",""
"33787537","10.1097/RLI.0000000000000780","Winkel DJ","2021","A Novel Deep Learning Based Computer-Aided Diagnosis System Improves the Accuracy and Efficiency of Radiologists in Reading Biparametric Magnetic Resonance Images of the Prostate: Results of a Multireader, Multicase Study.","Investigative radiology","Invest Radiol","Journal Article; Research Support, Non-U.S. Gov't","Prostate Imaging","Yes","Prostate MRI reader assistance"
"34134076","10.1016/j.cmpb.2021.106211","Yan L","2021","PSP net-based automatic segmentation network model for prostate magnetic resonance imaging.","Computer methods and programs in biomedicine","Comput Methods Programs Biomed","Journal Article","Prostate Imaging","No",""
"34205786","10.3390/cancers13123098","Yan Y","2021","Deep Learning with Quantitative Features of Magnetic Resonance Images to Predict Biochemical Recurrence of Radical Prostatectomy: A Multi-Center Study.","Cancers","Cancers (Basel)","Journal Article","Prostate Imaging","No",""
"33813594","10.1007/s00259-021-05217-2","Yin H","2021","Can (68)Ga-PSMA-11 PET/CT predict pathological upgrading of prostate cancer from MRI-targeted biopsy to radical prostatectomy?","European journal of nuclear medicine and molecular imaging","Eur J Nucl Med Mol Imaging","Journal Article","Prostate Imaging","No",""
"34388625","10.1016/j.ejrad.2021.109894","Youn SY","2021","Detection and PI-RADS classification of focal lesions in prostate MRI: Performance comparison between a deep learning-based algorithm (DLA) and radiologists with various levels of experience.","European journal of radiology","Eur J Radiol","Journal Article","Prostate Imaging","No",""
"33210239","10.1007/s00259-020-05111-3","Zamboglou C","2021","Uncovering the invisible-prevalence, characteristics, and radiomics feature-based detection of visually undetectable intraprostatic tumor lesions in (68)GaPSMA-11 PET images of patients with primary prostate cancer.","European journal of nuclear medicine and molecular imaging","Eur J Nucl Med Mol Imaging","Journal Article; Research Support, Non-U.S. Gov't","Prostate Imaging","No",""
"33851471","10.1002/jmri.27486","Zhang H","2021","Diagnostic nomogram based on intralesional and perilesional radiomics features and clinical factors of clinically significant prostate cancer.","Journal of magnetic resonance imaging : JMRI","J Magn Reson Imaging","Journal Article; Research Support, Non-U.S. Gov't","Prostate Imaging","No",""
"34147597","10.1016/j.mri.2021.06.013","Zhang KS","2021","Improvement of PI-RADS-dependent prostate cancer classification by quantitative image assessment using radiomics or mean ADC.","Magnetic resonance imaging","Magn Reson Imaging","Journal Article","Prostate Imaging","No",""
"35024015","10.1155/2021/7830909","Zhang L","2021","Predicting the Grade of Prostate Cancer Based on a Biparametric MRI Radiomics Signature.","Contrast media & molecular imaging","Contrast Media Mol Imaging","Journal Article","Prostate Imaging","No",""
"35082974","10.1109/isbi48211.2021.9433879","Zheng H","2021","INTEGRATIVE RADIOMICS MODELS TO PREDICT BIOPSY RESULTS FOR NEGATIVE PROSTATE MRI.","Proceedings. IEEE International Symposium on Biomedical Imaging","Proc IEEE Int Symp Biomed Imaging","Journal Article","Prostate Imaging","No",""
"34891874","10.1109/EMBC46164.2021.9630254","Bhardwaj A","2021","An Approach for Live Motion Correction for TRUS-MR Prostate Fusion Biopsy using Deep Learning.","Annual International Conference of the IEEE Engineering in Medicine and Biology Society. IEEE Engineering in Medicine and Biology Society. Annual International Conference","Annu Int Conf IEEE Eng Med Biol Soc","Journal Article","Prostate Pathology","No",""
"32759979","10.1038/s41379-020-0640-y","Bulten W","2021","Artificial intelligence assistance significantly improves Gleason grading of prostate biopsies by pathologists.","Modern pathology : an official journal of the United States and Canadian Academy of Pathology, Inc","Mod Pathol","Comparative Study; Journal Article; Research Support, Non-U.S. Gov't","Prostate Pathology","Yes","Prostate digital pathology"
"34975879","10.3389/fimmu.2021.786828","Cosma G","2021","Prostate Cancer: Early Detection and Assessing Clinical Risk Using Deep Machine Learning of High Dimensional Peripheral Blood Flow Cytometric Phenotyping Data.","Frontiers in immunology","Front Immunol","Journal Article; Observational Study; Research Support, Non-U.S. Gov't","Prostate Pathology","No",""
"34108086","10.1016/j.pathol.2021.04.002","Egevad L","2021","The emerging role of artificial intelligence in the reporting of prostate pathology.","Pathology","Pathology","Comment; Editorial","Prostate Pathology","No",""
"34117103","10.1136/jclinpath-2020-207351","Fitzgerald J","2021","Future of biomarker evaluation in the realm of artificial intelligence algorithms: application in improved therapeutic stratification of patients with breast and prostate cancer.","Journal of clinical pathology","J Clin Pathol","Journal Article; Review","Prostate Pathology","No",""
"34695922","10.3390/s21206708","Hammouda K","2021","A Deep Learning Pipeline for Grade Groups Classification Using Digitized Prostate Biopsy Specimens.","Sensors (Basel, Switzerland)","Sensors (Basel)","Journal Article","Prostate Pathology","No",""
"34730818","10.1001/jamanetworkopen.2021.32554","Huang W","2021","Development and Validation of an Artificial Intelligence-Powered Platform for Prostate Cancer Grading and Quantification.","JAMA network open","JAMA Netw Open","Journal Article; Research Support, Non-U.S. Gov't; Validation Study","Prostate Pathology","No",""
"34393083","10.1016/j.euf.2021.07.002","Kartasalo K","2021","Artificial Intelligence for Diagnosis and Gleason Grading of Prostate Cancer in Biopsies-Current Status and Next Steps.","European urology focus","Eur Urol Focus","Journal Article; Research Support, Non-U.S. Gov't; Review","Prostate Pathology","No",""
"31767543","10.1016/j.euf.2019.11.003","Kott O","2021","Development of a Deep Learning Algorithm for the Histopathologic Diagnosis and Gleason Grading of Prostate Cancer Biopsies: A Pilot Study.","European urology focus","Eur Urol Focus","Journal Article; Research Support, N.I.H., Extramural; Research Support, Non-U.S. Gov't","Prostate Pathology","No",""
"33549512","10.1016/S2589-7500(20)30314-9","Lee C","2021","Application of a novel machine learning framework for predicting non-metastatic prostate cancer-specific mortality in men using the Surveillance, Epidemiology, and End Results (SEER) database.","The Lancet. Digital health","Lancet Digit Health","Journal Article","Prostate Pathology","No",""
"33941504","10.1016/j.euf.2021.04.016","Leo P","2021","Computationally Derived Cribriform Area Index from Prostate Cancer Hematoxylin and Eosin Images Is Associated with Biochemical Recurrence Following Radical Prostatectomy and Is Most Prognostic in Gleason Grade Group 2.","European urology focus","Eur Urol Focus","Journal Article; Research Support, N.I.H., Extramural; Research Support, Non-U.S. Gov't; Research Support, U.S. Gov't, Non-P.H.S.","Prostate Pathology","No",""
"33601084","10.1016/j.compbiomed.2021.104253","Li J","2021","A multi-resolution model for histopathology image classification and localization with multiple instance learning.","Computers in biology and medicine","Comput Biol Med","Journal Article; Research Support, N.I.H., Extramural","Prostate Pathology","No",""
"33738255","10.3389/fonc.2021.610785","Liang L","2021","A Nomogram Based on a Multiparametric Ultrasound Radiomics Model for Discrimination Between Malignant and Benign Prostate Lesions.","Frontiers in oncology","Front Oncol","Journal Article","Prostate Pathology","No",""
"33303404","10.1016/j.euf.2020.11.001","Marginean F","2021","An Artificial Intelligence-based Support Tool for Automation and Standardisation of Gleason Grading in Prostate Biopsies.","European urology focus","Eur Urol Focus","Journal Article; Research Support, Non-U.S. Gov't","Prostate Pathology","No",""
"34303169","10.1016/j.media.2021.102165","Marini N","2021","Semi-supervised training of deep convolutional neural networks with heterogeneous data and few local annotations: An experiment on prostate histopathology image classification.","Medical image analysis","Med Image Anal","Journal Article; Research Support, Non-U.S. Gov't","Prostate Pathology","No",""
"34224068","10.1007/s11548-021-02437-7","Maris B","2021","Toward autonomous robotic prostate biopsy: a pilot study.","International journal of computer assisted radiology and surgery","Int J Comput Assist Radiol Surg","Journal Article","Prostate Pathology","No",""
"33760831","10.1371/journal.pone.0247930","Markert L","2021","Small RNAs as biomarkers to differentiate benign and malign prostate diseases: An alternative for transrectal punch biopsy of the prostate?","PloS one","PLoS One","Journal Article; Research Support, Non-U.S. Gov't","Prostate Pathology","No",""
"34597215","10.1148/rg.2021210020","Mata LA","2021","Artificial Intelligence-assisted Prostate Cancer Diagnosis: Radiologic-Pathologic Correlation.","Radiographics : a review publication of the Radiological Society of North America, Inc","Radiographics","Journal Article; Review","Prostate Pathology","No",""
"34808603","10.1088/1361-6560/ac3c13","Matkovic LA","2021","Prostate and dominant intraprostatic lesion segmentation on PET/CT using cascaded regional-net.","Physics in medicine and biology","Phys Med Biol","Journal Article; Research Support, N.I.H., Extramural; Research Support, Non-U.S. Gov't","Prostate Pathology","No",""
"34127777","10.1038/s41746-021-00469-6","Mun Y","2021","Yet Another Automated Gleason Grading System (YAAGGS) by weakly supervised deep learning.","NPJ digital medicine","NPJ Digit Med","Journal Article","Prostate Pathology","No",""
"33964886","10.1186/s12880-021-00609-0","Otalora S","2021","Combining weakly and strongly supervised learning improves strong supervision in Gleason pattern classification.","BMC medical imaging","BMC Med Imaging","Journal Article; Research Support, Non-U.S. Gov't","Prostate Pathology","No",""
"33782551","10.1038/s41379-021-00794-x","Perincheri S","2021","An independent assessment of an artificial intelligence system for prostate cancer detection shows strong diagnostic accuracy.","Modern pathology : an official journal of the United States and Canadian Academy of Pathology, Inc","Mod Pathol","Journal Article; Research Support, Non-U.S. Gov't","Prostate Pathology","No",""
"32952095","10.1016/j.euo.2020.08.009","Rocco B","2021","Digital Biopsy with Fluorescence Confocal Microscope for Effective Real-time Diagnosis of Prostate Cancer: A Prospective, Comparative Study.","European urology oncology","Eur Urol Oncol","Journal Article","Prostate Pathology","No",""
"34001325","10.1016/j.artmed.2021.102076","Salvi M","2021","A hybrid deep learning approach for gland segmentation in prostate histopathological images.","Artificial intelligence in medicine","Artif Intell Med","Journal Article","Prostate Pathology","No",""
"34168282","10.1038/s41379-021-00859-x","Schomig-Markiefka B","2021","Quality control stress test for deep learning-based diagnostic model in digital pathology.","Modern pathology : an official journal of the United States and Canadian Academy of Pathology, Inc","Mod Pathol","Journal Article; Research Support, N.I.H., Extramural; Research Support, Non-U.S. Gov't; Research Support, U.S. Gov't, Non-P.H.S.","Prostate Pathology","No",""
"33485056","10.1016/j.compmedimag.2020.101846","Silva-Rodriguez J","2021","WeGleNet: A weakly-supervised convolutional neural network for the semantic segmentation of Gleason grades in prostate histology images.","Computerized medical imaging and graphics : the official journal of the Computerized Medical Imaging Society","Comput Med Imaging Graph","Journal Article","Prostate Pathology","No",""
"33621184","10.1109/JBHI.2021.3061457","Silva-Rodriguez J","2021","Self-Learning for Weakly Supervised Gleason Grading of Local Patterns.","IEEE journal of biomedical and health informatics","IEEE J Biomed Health Inform","Journal Article; Research Support, Non-U.S. Gov't","Prostate Pathology","No",""
"33878887","10.1097/JU.0000000000001783","Soerensen SJC","2021","Deep Learning Improves Speed and Accuracy of Prostate Gland Segmentations on Magnetic Resonance Imaging for Targeted Biopsy.","The Journal of urology","J Urol","Journal Article; Research Support, Non-U.S. Gov't","Prostate Pathology","No",""
"33471165","10.1007/s00345-020-03585-2","Stephan C","2021","PHI density prospectively improves prostate cancer detection.","World journal of urology","World J Urol","Comparative Study; Journal Article","Prostate Pathology","No",""
"34598066","10.1016/j.compbiomed.2021.104903","Stojadinovic M","2021","Improved predictive performance of prostate biopsy collaborative group risk calculator when based on automated machine learning.","Computers in biology and medicine","Comput Biol Med","Journal Article; Research Support, Non-U.S. Gov't","Prostate Pathology","No",""
"35602201","10.1038/s43856-021-00005-3","Wulczyn E","2021","Predicting prostate cancer specific-mortality with artificial intelligence-based Gleason grading.","Communications medicine","Commun Med (Lond)","Journal Article","Prostate Pathology","Yes","Prostate digital pathology"
"33993876","10.1186/s12894-021-00849-w","Yu S","2021","Development and head-to-head comparison of machine-learning models to identify patients requiring prostate biopsy.","BMC urology","BMC Urol","Comparative Study; Journal Article","Prostate Pathology","No",""
"34001952","10.1038/s41598-021-89789-x","Zhou K","2021","Discovery of primary prostate cancer biomarkers using cross cancer learning.","Scientific reports","Sci Rep","Journal Article; Research Support, N.I.H., Extramural; Research Support, U.S. Gov't, Non-P.H.S.; Validation Study","Prostate Pathology","No",""
"33904171","10.1002/path.5662","da Silva LM","2021","Independent real-world application of a clinical-grade automated prostate cancer detection system.","The Journal of pathology","J Pathol","Journal Article; Research Support, Non-U.S. Gov't","Prostate Pathology","No",""
"31028016","10.1016/j.euf.2019.04.009","van Sloun RJG","2021","Deep Learning for Real-time, Automatic, and Scanner-adapted Prostate (Zone) Segmentation of Transrectal Ultrasound, for Example, Magnetic Resonance Imaging-transrectal Ultrasound Fusion Prostate Biopsy.","European urology focus","Eur Urol Focus","Journal Article","Prostate Pathology","No",""
"34642404","10.1038/s41598-021-99735-6","Abdeltawab H","2021","A pyramidal deep learning pipeline for kidney whole-slide histology images classification.","Scientific reports","Sci Rep","Journal Article","Renal/Kidney","No",""
"34388418","10.1016/j.ejrad.2021.109895","Arita Y","2021","Diagnostic value of texture analysis of apparent diffusion coefficient maps for differentiating fat-poor angiomyolipoma from non-clear-cell renal cell carcinoma.","European journal of radiology","Eur J Radiol","Journal Article","Renal/Kidney","No",""
"32856163","10.1007/s00330-020-07184-y","Bai X","2021","MRI radiomics-based nomogram for individualised prediction of synchronous distant metastasis in patients with clear cell renal cell carcinoma.","European radiology","Eur Radiol","Journal Article","Renal/Kidney","No",""
"34161092","10.1021/acs.jproteome.1c00213","Bifarin OO","2021","Machine Learning-Enabled Renal Cell Carcinoma Status Prediction Using Multiplatform Urine-Based Metabolomics.","Journal of proteome research","J Proteome Res","Journal Article; Research Support, Non-U.S. Gov't","Renal/Kidney","No",""
"33441830","10.1038/s41598-020-80262-9","Byun SS","2021","Deep learning based prediction of prognosis in nonmetastatic clear cell renal cell carcinoma.","Scientific reports","Sci Rep","Clinical Trial; Journal Article; Multicenter Study; Research Support, Non-U.S. Gov't","Renal/Kidney","No",""
"32895914","10.1002/ijc.33288","Chen S","2021","Clinical use of a machine learning histopathological image signature in diagnosis and survival prediction of clear cell renal cell carcinoma.","International journal of cancer","Int J Cancer","Journal Article; Research Support, Non-U.S. Gov't","Renal/Kidney","No",""
"33386910","10.1007/s00261-020-02876-x","Choi JW","2021","Preoperative prediction of the stage, size, grade, and necrosis score in clear cell renal cell carcinoma using MRI-based radiomics.","Abdominal radiology (New York)","Abdom Radiol (NY)","Journal Article; Multicenter Study; Research Support, N.I.H., Extramural; Research Support, Non-U.S. Gov't","Renal/Kidney","No",""
"34670568","10.1186/s12943-021-01416-5","Cooley LS","2021","Experimental and computational modeling for signature and biomarker discovery of renal cell carcinoma progression.","Molecular cancer","Mol Cancer","Journal Article; Research Support, Non-U.S. Gov't","Renal/Kidney","No",""
"33852355","10.2214/AJR.21.25456","Doshi AM","2021","Assessment of Renal Cell Carcinoma by Texture Analysis in Clinical Practice: A Six-Site, Six-Platform Analysis of Reliability.","AJR. American journal of roentgenology","AJR Am J Roentgenol","Journal Article; Multicenter Study","Renal/Kidney","No",""
"32669212","10.1016/j.clgc.2020.05.011","Dwivedi DK","2021","Magnetic Resonance Imaging Radiomics Analyses for Prediction of High-Grade Histology and Necrosis in Clear Cell Renal Cell Carcinoma: Preliminary Experience.","Clinical genitourinary cancer","Clin Genitourin Cancer","Journal Article; Research Support, N.I.H., Extramural","Renal/Kidney","No",""
"34692518","10.3389/fonc.2021.739815","Gao J","2021","A Novel Radiogenomics Biomarker Based on Hypoxic-Gene Subset: Accurate Survival and Prognostic Prediction of Renal Clear Cell Carcinoma.","Frontiers in oncology","Front Oncol","Journal Article","Renal/Kidney","No",""
"33573278","10.3390/diagnostics11020206","Giulietti M","2021","The Role of Artificial Intelligence in the Diagnosis and Prognosis of Renal Cell Tumors.","Diagnostics (Basel, Switzerland)","Diagnostics (Basel)","Journal Article; Review","Renal/Kidney","No",""
"33764818","10.1200/CCI.20.00107","Gupta A","2021","Risk Prediction Using Bayesian Networks: An Immunotherapy Case Study in Patients With Metastatic Renal Cell Carcinoma.","JCO clinical cancer informatics","JCO Clin Cancer Inform","Journal Article; Research Support, Non-U.S. Gov't","Renal/Kidney","No",""
"33855609","10.1007/s00261-021-03083-y","Gurbani S","2021","Evaluation of radiomics and machine learning in identification of aggressive tumor features in renal cell carcinoma (RCC).","Abdominal radiology (New York)","Abdom Radiol (NY)","Journal Article; Research Support, Non-U.S. Gov't","Renal/Kidney","No",""
"33847156","10.1089/end.2020.1125","Houshyar R","2021","Outcomes of Artificial Intelligence Volumetric Assessment of Kidneys and Renal Tumors for Preoperative Assessment of Nephron-Sparing Interventions.","Journal of endourology","J Endourol","Journal Article; Research Support, Non-U.S. Gov't","Renal/Kidney","No",""
"33763374","10.3389/fonc.2021.640881","Huang Y","2021","Exploration of an Integrative Prognostic Model of Radiogenomics Features With Underlying Gene Expression Patterns in Clear Cell Renal Cell Carcinoma.","Frontiers in oncology","Front Oncol","Journal Article","Renal/Kidney","No",""
"33895621","10.1016/j.compmedimag.2021.101924","Hussain MA","2021","Learnable image histograms-based deep radiomics for renal cell carcinoma grading and staging.","Computerized medical imaging and graphics : the official journal of the Computerized Medical Imaging Society","Comput Med Imaging Graph","Journal Article; Research Support, Non-U.S. Gov't","Renal/Kidney","No",""
"34514033","10.1117/1.JMI.8.5.054501","Jaggi A","2021","Quantitative image features from radiomic biopsy differentiate oncocytoma from chromophobe renal cell carcinoma.","Journal of medical imaging (Bellingham, Wash.)","J Med Imaging (Bellingham)","Journal Article","Renal/Kidney","No",""
"32632555","10.1007/s00345-020-03334-5","Khene ZE","2021","Radiomics can predict tumour response in patients treated with Nivolumab for a metastatic renal cell carcinoma: an artificial intelligence concept.","World journal of urology","World J Urol","Letter","Renal/Kidney","No",""
"34382117","10.1007/s10278-021-00500-y","Khodabakhshi Z","2021","Overall Survival Prediction in Renal Cell Carcinoma Patients Using Computed Tomography Radiomic and Clinical Information.","Journal of digital imaging","J Digit Imaging","Journal Article; Research Support, Non-U.S. Gov't","Renal/Kidney","No",""
"33646127","10.2196/25635","Kim H","2021","Machine Learning Approach to Predict the Probability of Recurrence of Renal Cell Carcinoma After Surgery: Prediction Model Development Study.","JMIR medical informatics","JMIR Med Inform","Journal Article","Renal/Kidney","No",""
"34379150","10.1007/s00261-021-03241-2","Konik A","2021","Robustness and performance of radiomic features in diagnosing cystic renal masses.","Abdominal radiology (New York)","Abdom Radiol (NY)","Journal Article","Renal/Kidney","No",""
"33495866","10.1007/s00345-021-03602-y","Kuusk T","2021","Radiomics to better characterize small renal masses.","World journal of urology","World J Urol","Journal Article; Review","Renal/Kidney","No",""
"33882560","10.1097/MOU.0000000000000881","Lee M","2021","Kidney cancer management 3.0: can artificial intelligence make us better?","Current opinion in urology","Curr Opin Urol","Journal Article; Review","Renal/Kidney","No",""
"34344909","10.1038/s41598-021-95019-1","Lee Y","2021","Machine learning-based prediction of acute kidney injury after nephrectomy in patients with renal cell carcinoma.","Scientific reports","Sci Rep","Journal Article; Research Support, Non-U.S. Gov't","Renal/Kidney","No",""
"34268628","10.1007/s00261-021-03213-6","Li X","2021","A CT-based radiomics nomogram for differentiation of small masses (< 4 cm) of renal oncocytoma from clear cell renal cell carcinoma.","Abdominal radiology (New York)","Abdom Radiol (NY)","Journal Article","Renal/Kidney","No",""
"33862522","10.1016/j.tranon.2021.101078","Lin P","2021","Radiomic profiling of clear cell renal cell carcinoma reveals subtypes with distinct prognoses and molecular pathways.","Translational oncology","Transl Oncol","Journal Article","Renal/Kidney","No",""
"34123789","10.3389/fonc.2021.638185","Lu L","2021","Uncontrolled Confounders May Lead to False or Overvalued Radiomics Signature: A Proof of Concept Using Survival Analysis in a Multicenter Cohort of Kidney Cancer.","Frontiers in oncology","Front Oncol","Journal Article","Renal/Kidney","No",""
"33603485","10.2147/CMAR.S297094","Ma Y","2021","A CT-Based Tumoral and Mini-Peritumoral Radiomics Approach: Differentiate Fat-Poor Angiomyolipoma from Clear Cell Renal Cell Carcinoma.","Cancer management and research","Cancer Manag Res","Journal Article","Renal/Kidney","No",""
"33633296","10.1038/s41598-021-84244-3","Ma Y","2021","A convention-radiomics CT nomogram for differentiating fat-poor angiomyolipoma from clear cell renal cell carcinoma.","Scientific reports","Sci Rep","Journal Article","Renal/Kidney","No",""
"33722896","10.1158/1078-0432.CCR-20-4119","Marostica E","2021","Development of a Histopathology Informatics Pipeline for Classification and Prediction of Clinical Outcomes in Subtypes of Renal Cell Carcinoma.","Clinical cancer research : an official journal of the American Association for Cancer Research","Clin Cancer Res","Journal Article; Research Support, Non-U.S. Gov't","Renal/Kidney","No",""
"33791209","10.3389/fonc.2021.621278","Marquardt A","2021","Subgroup-Independent Mapping of Renal Cell Carcinoma-Machine Learning Reveals Prognostic Mitochondrial Gene Signature Beyond Histopathologic Boundaries.","Frontiers in oncology","Front Oncol","Journal Article","Renal/Kidney","No",""
"33254045","10.1016/j.compbiomed.2020.104135","Nazari M","2021","Radiomics-based machine learning model to predict risk of death within 5-years in clear cell renal cell carcinoma patients.","Computers in biology and medicine","Comput Biol Med","Journal Article; Research Support, Non-U.S. Gov't","Renal/Kidney","No",""
"34171743","10.1016/j.clinimag.2021.06.016","Nikpanah M","2021","A deep-learning based artificial intelligence (AI) approach for differentiation of clear cell renal cell carcinoma from oncocytoma on multi-phasic MRI.","Clinical imaging","Clin Imaging","Journal Article","Renal/Kidney","No",""
"33686949","10.18632/aging.202594","Peng Q","2021","Artificial intelligence prediction model for overall survival of clear cell renal cell carcinoma based on a 21-gene molecular prognostic score system.","Aging","Aging (Albany NY)","Journal Article; Research Support, Non-U.S. Gov't","Renal/Kidney","No",""
"34010800","10.1016/j.cmpb.2021.106132","Pirmoradi S","2021","A self-organizing deep neuro-fuzzy system approach for classification of kidney cancer subtypes using miRNA genomics data.","Computer methods and programs in biomedicine","Comput Methods Programs Biomed","Journal Article","Renal/Kidney","No",""
"33994170","10.1016/j.euf.2021.04.024","Rallis KS","2021","Radiomics for Renal Cell Carcinoma: Predicting Outcomes from Immunotherapy and Targeted Therapies-A Narrative Review.","European urology focus","Eur Urol Focus","Journal Article; Review","Renal/Kidney","No",""
"33824031","10.1016/j.eururo.2021.03.016","Riaz IB","2021","A Living, Interactive Systematic Review and Network Meta-analysis of First-line Treatment of Metastatic Renal Cell Carcinoma.","European urology","Eur Urol","Journal Article; Network Meta-Analysis; Systematic Review","Renal/Kidney","No",""
"35059687","10.3389/fdgth.2021.797607","Sathianathen NJ","2021","Automatic Segmentation of Kidneys and Kidney Tumors: The KiTS19 International Challenge.","Frontiers in digital health","Front Digit Health","Journal Article","Renal/Kidney","No",""
"34900744","10.3389/fonc.2021.788740","Schulz S","2021","Multimodal Deep Learning for Prognosis Prediction in Renal Cancer.","Frontiers in oncology","Front Oncol","Journal Article","Renal/Kidney","No",""
"33747910","10.3389/fonc.2021.591502","Tang X","2021","The Prognostic Value of Radiomics Features Extracted From Computed Tomography in Patients With Localized Clear Cell Renal Cell Carcinoma After Nephrectomy.","Frontiers in oncology","Front Oncol","Journal Article","Renal/Kidney","No",""
"33626918","10.1177/0963689720969176","Tian M","2021","Development and Clinical Validation of a Seven-Gene Prognostic Signature Based on Multiple Machine Learning Algorithms in Kidney Cancer.","Cell transplantation","Cell Transplant","Journal Article","Renal/Kidney","No",""
"34145374","10.1038/s41698-021-00195-y","Uhm KH","2021","Deep learning for end-to-end kidney cancer diagnosis on multi-phase abdominal computed tomography.","NPJ precision oncology","NPJ Precis Oncol","Journal Article","Renal/Kidney","No",""
"34215760","10.1038/s41598-021-93069-z","Wang P","2021","Radiomics models based on enhanced computed tomography to distinguish clear cell from non-clear cell renal cell carcinomas.","Scientific reports","Sci Rep","Journal Article","Renal/Kidney","No",""
"33718124","10.3389/fonc.2021.543854","Wang R","2021","Computed Tomography-Based Radiomics Model for Predicting the WHO/ISUP Grade of Clear Cell Renal Cell Carcinoma Preoperatively: A Multicenter Study.","Frontiers in oncology","Front Oncol","Journal Article","Renal/Kidney","No",""
"34804821","10.21037/tau-21-650","Wang Z","2021","ISPRF: a machine learning model to predict the immune subtype of kidney cancer samples by four genes.","Translational andrology and urology","Transl Androl Urol","Journal Article","Renal/Kidney","No",""
"34347707","10.1097/RCT.0000000000001211","Wen R","2021","CT Radiomics for the Prediction of Synchronous Distant Metastasis in Clear Cell Renal Cell Carcinoma.","Journal of computer assisted tomography","J Comput Assist Tomogr","Journal Article","Renal/Kidney","No",""
"34938737","10.3389/fcell.2021.785410","Xu W","2021","Prognostic Immunophenotyping Clusters of Clear Cell Renal Cell Carcinoma Defined by the Unique Tumor Immune Microenvironment.","Frontiers in cell and developmental biology","Front Cell Dev Biol","Journal Article","Renal/Kidney","No",""
"34800179","10.1186/s13244-021-01107-1","Xv Y","2021","Machine learning-based CT radiomics approach for predicting WHO/ISUP nuclear grade of clear cell renal cell carcinoma: an exploratory and comparative study.","Insights into imaging","Insights Imaging","Journal Article","Renal/Kidney","No",""
"34926241","10.3389/fonc.2021.712554","Xv Y","2021","A CT-Based Radiomics Nomogram Integrated With Clinic-Radiological Features for Preoperatively Predicting WHO/ISUP Grade of Clear Cell Renal Cell Carcinoma.","Frontiers in oncology","Front Oncol","Journal Article","Renal/Kidney","No",""
"34249712","10.3389/fonc.2021.671420","Yan L","2021","Radiomics Analysis of Contrast-Enhanced CT Predicts Survival in Clear Cell Renal Cell Carcinoma.","Frontiers in oncology","Front Oncol","Journal Article","Renal/Kidney","No",""
"34657848","10.3233/XST-210997","Yin RH","2021","Enhanced computed tomography radiomics-based machine-learning methods for predicting the Fuhrman grades of renal clear cell carcinoma.","Journal of X-ray science and technology","J Xray Sci Technol","Journal Article","Renal/Kidney","No",""
"33795526","10.18632/aging.202752","Zeng H","2021","Integrative radiogenomics analysis for predicting molecular features and survival in clear cell renal cell carcinoma.","Aging","Aging (Albany NY)","Journal Article","Renal/Kidney","No",""
"35155180","10.3389/fonc.2021.742547","Zhang H","2021","Development and Validation of a CT-Based Radiomics Nomogram for Predicting Postoperative Progression-Free Survival in Stage I-III Renal Cell Carcinoma.","Frontiers in oncology","Front Oncol","Journal Article","Renal/Kidney","No",""
"34455450","10.1007/s00261-021-03246-x","Zhang L","2021","(18)F-FDG texture analysis predicts the pathological Fuhrman nuclear grade of clear cell renal cell carcinoma.","Abdominal radiology (New York)","Abdom Radiol (NY)","Journal Article","Renal/Kidney","No",""
"33439312","10.1007/s00330-020-07590-2","Zhao Y","2021","Validation of CT radiomics for prediction of distant metastasis after surgical resection in patients with clear cell renal cell carcinoma: exploring the underlying signaling pathways.","European radiology","Eur Radiol","Journal Article","Renal/Kidney","No",""
"33515086","10.1007/s00330-020-07667-y","Zheng Z","2021","Development and validation of a CT-based nomogram for preoperative prediction of clear cell renal cell carcinoma grades.","European radiology","Eur Radiol","Journal Article","Renal/Kidney","No",""
"33427908","10.1007/s00261-020-02890-z","Zhou Z","2021","CT-based peritumoral radiomics signatures for malignancy grading of clear cell renal cell carcinoma.","Abdominal radiology (New York)","Abdom Radiol (NY)","Journal Article; Research Support, Non-U.S. Gov't","Renal/Kidney","No",""
"34868946","10.3389/fonc.2021.746750","Zuo T","2021","Automated Classification of Papillary Renal Cell Carcinoma and Chromophobe Renal Cell Carcinoma Based on a Small Computed Tomography Imaging Dataset Using Deep Learning.","Frontiers in oncology","Front Oncol","Journal Article","Renal/Kidney","No",""
"34524401","10.1001/jamasurg.2021.3651","Hung AJ","2021","Deep Learning to Automate Technical Skills Assessment in Robotic Surgery.","JAMA surgery","JAMA Surg","Journal Article; Research Support, N.I.H., Extramural","Surgical AI","No",""
"34352240","10.1016/j.brainres.2021.147607","Shafiei SB","2021","Utilizing deep neural networks and electroencephalogram for objective evaluation of surgeon's distraction during robot-assisted surgery.","Brain research","Brain Res","Journal Article","Surgical AI","No",""
"36111321","10.3389/frai.2022.954497","Abbas TO","2022","Automated quantification of penile curvature using artificial intelligence.","Frontiers in artificial intelligence","Front Artif Intell","Journal Article","Andrology","No",""
"35638089","10.1016/j.euros.2022.03.009","Agochukwu-Mmonu N","2022","Development and Validation of Dynamic Multivariate Prediction Models of Sexual Function Recovery in Patients with Prostate Cancer Undergoing Radical Prostatectomy: Results from the MUSIC Statewide Collaborative.","European urology open science","Eur Urol Open Sci","Journal Article","Andrology","Yes","ED and sexual-function outcome prediction"
"35191992","10.1007/s00345-022-03964-x","Amparore D","2022","Robotic partial nephrectomy in 3D virtual reconstructions era: is the paradigm changed?","World journal of urology","World J Urol","Journal Article","Andrology","No",""
"35594455","10.1093/biolre/ioac105","Botezatu A","2022","Advanced molecular approaches in male infertility diagnosisdagger.","Biology of reproduction","Biol Reprod","Journal Article; Research Support, Non-U.S. Gov't","Andrology","No",""
"35508786","10.1007/s11517-022-02569-1","C N Barreto N","2022","Predicting in vitro fertilization success in the Brazilian public health system: a machine learning approach.","Medical & biological engineering & computing","Med Biol Eng Comput","Journal Article","Andrology","No",""
"35291304","10.1109/access.2022.3146334","Chandra S","2022","Prolificacy Assessment of Spermatozoan via State-of-the-Art Deep Learning Frameworks.","IEEE access : practical innovations, open solutions","IEEE Access","Journal Article","Andrology","No",""
"35147216","10.1002/mp.15525","Duan J","2022","Evaluating the clinical acceptability of deep learning contours of prostate and organs-at-risk in an automated prostate treatment planning process.","Medical physics","Med Phys","Journal Article","Andrology","No",""
"35804904","10.3390/cancers14133135","Eminaga O","2022","Artificial Intelligence-Based Prognostic Model for Urologic Cancers: A SEER-Based Study.","Cancers","Cancers (Basel)","Journal Article","Andrology","No",""
"36686470","10.3389/fendo.2022.1058250","Guo Y","2022","A new perspective on semen quality of aged male: The characteristics of metabolomics and proteomics.","Frontiers in endocrinology","Front Endocrinol (Lausanne)","Journal Article; Research Support, Non-U.S. Gov't","Andrology","No",""
"33988119","10.1017/S0967199421000307","Itoi F","2022","Importance of real-time measurement of sperm head morphology in intracytoplasmic sperm injection.","Zygote (Cambridge, England)","Zygote","Journal Article; Review","Andrology","No",""
"34092528","10.1016/j.euo.2021.05.006","Jobczyk M","2022","Deep Learning-based Recalibration of the CUETO and EORTC Prediction Tools for Recurrence and Progression of Non-muscle-invasive Bladder Cancer.","European urology oncology","Eur Urol Oncol","Journal Article; Research Support, Non-U.S. Gov't","Andrology","No",""
"37462961","","Kai J","2022","[Artificial intelligence-based fluorescence method versus traditional flow cytometry in detection of sperm DNA fragmentation index].","Zhonghua nan ke xue = National journal of andrology","Zhonghua Nan Ke Xue","English Abstract; Journal Article","Andrology","No",""
"34914193","10.1111/andr.13141","Krenz H","2022","Machine learning based prediction models in male reproductive health: Development of a proof-of-concept model for Klinefelter Syndrome in azoospermic patients.","Andrology","Andrology","Journal Article; Research Support, Non-U.S. Gov't","Andrology","No",""
"34671856","10.1007/s00345-021-03844-w","Laukhtina E","2022","Selection and evaluation of preoperative systemic inflammatory response biomarkers model prior to cytoreductive nephrectomy using a machine-learning approach.","World journal of urology","World J Urol","Journal Article; Randomized Controlled Trial","Andrology","No",""
"35562203","10.1016/j.fertnstert.2022.03.011","Lee R","2022","Automated rare sperm identification from low-magnification microscopy images of dissociated microsurgical testicular sperm extraction samples using deep learning.","Fertility and sterility","Fertil Steril","Journal Article; Research Support, Non-U.S. Gov't","Andrology","No",""
"36552986","10.3390/diagnostics12122979","Medenica S","2022","The Future Is Coming: Artificial Intelligence in the Treatment of Infertility Could Improve Assisted Reproduction Outcomes-The Value of Regulatory Frameworks.","Diagnostics (Basel, Switzerland)","Diagnostics (Basel)","Journal Article; Review","Andrology","No",""
"35508641","10.1038/s41598-022-10902-9","Mehrjerd A","2022","Internal validation and comparison of predictive models to determine success rate of infertility treatments: a retrospective study of 2485 cycles.","Scientific reports","Sci Rep","Journal Article; Research Support, Non-U.S. Gov't","Andrology","No",""
"35021305","10.5534/wjmh.210159","Ory J","2022","Artificial Intelligence Based Machine Learning Models Predict Sperm Parameter Upgrading after Varicocele Repair: A Multi-Institutional Analysis.","The world journal of men's health","World J Mens Health","Journal Article","Andrology","Yes","Male infertility and sperm-retrieval prediction"
"35414764","10.1002/rmb2.12454","Sato T","2022","A new deep-learning model using YOLOv3 to support sperm selection during intracytoplasmic sperm injection procedure.","Reproductive medicine and biology","Reprod Med Biol","Journal Article","Andrology","No",""
"33650265","10.1111/bju.15379","Schuettfort VM","2022","A panel of systemic inflammatory response biomarkers for outcome prediction in patients treated with radical cystectomy for urothelial carcinoma.","BJU international","BJU Int","Journal Article; Randomized Controlled Trial; Research Support, Non-U.S. Gov't","Andrology","No",""
"36502045","10.3390/s22239344","Sng CMN","2022","Wearable Soft Microtube Sensors for Quantitative Home-Based Erectile Dysfunction Monitoring.","Sensors (Basel, Switzerland)","Sensors (Basel)","Journal Article","Andrology","No",""
"35869867","10.1111/andr.13238","Zhang X","2022","Identifying neuroimaging biomarkers for psychogenic erectile dysfunction by fusing multi-level brain information: A resting-state functional magnetic resonance imaging study.","Andrology","Andrology","Journal Article; Research Support, Non-U.S. Gov't","Andrology","No",""
"35437961","10.4111/icu.20210434","Bang S","2022","Feasibility of a deep learning-based diagnostic platform to evaluate lower urinary tract disorders in men using simple uroflowmetry.","Investigative and clinical urology","Investig Clin Urol","Journal Article; Research Support, Non-U.S. Gov't","Benign/Functional","No",""
"35972280","10.1128/spectrum.01442-22","Chiu M","2022","Comparison of the APAS Independence Automated Plate Reader System with the Manual Standard of Care for Processing Urine Culture Specimens.","Microbiology spectrum","Microbiol Spectr","Journal Article; Research Support, Non-U.S. Gov't","Benign/Functional","No",""
"35368187","10.5213/inj.2244052.026","Choo MS","2022","Development of an Automatic Interpretation Algorithm for Uroflowmetry Results: Application of Artificial Intelligence.","International neurourology journal","Int Neurourol J","Journal Article","Benign/Functional","No",""
"36066079","10.7554/eLife.79378","De Bruyn H","2022","Machine learning-assisted fluoroscopy of bladder function in awake mice.","eLife","Elife","Journal Article; Research Support, Non-U.S. Gov't","Benign/Functional","No",""
"35852133","10.1080/00365513.2022.2100273","Dong F","2022","Diagnostic performance of urine analysis based on flow microimaging and artificial intelligence recognition technology in suspected urinary tract infection patients.","Scandinavian journal of clinical and laboratory investigation","Scand J Clin Lab Invest","Journal Article","Benign/Functional","No",""
"34757048","10.1016/j.urology.2021.09.027","Hobbs KT","2022","Machine Learning for Urodynamic Detection of Detrusor Overactivity.","Urology","Urology","Journal Article","Benign/Functional","No",""
"35595441","10.1016/j.tjog.2022.03.014","Huang L","2022","The three-year evolution of overactive bladder syndrome in community-dwelling female residents aged 40 years and above.","Taiwanese journal of obstetrics & gynecology","Taiwan J Obstet Gynecol","Journal Article","Benign/Functional","No",""
"35524940","10.1111/cas.15395","Iwamura H","2022","Machine learning diagnosis by immunoglobulin N-glycan signatures for precision diagnosis of urological diseases.","Cancer science","Cancer Sci","Journal Article","Benign/Functional","No",""
"36241875","10.1038/s41598-022-18920-3","Jeng SL","2022","Machine learning to predict the development of recurrent urinary tract infection related to single uropathogen, Escherichia coli.","Scientific reports","Sci Rep","Journal Article","Benign/Functional","No",""
"35454055","10.3390/diagnostics12041008","Muller M","2022","Urine Flow Cytometry Parameter Cannot Safely Predict Contamination of Urine-A Cohort Study of a Swiss Emergency Department Using Machine Learning Techniques.","Diagnostics (Basel, Switzerland)","Diagnostics (Basel)","Journal Article","Benign/Functional","No",""
"34507288","10.3171/2021.3.SPINE21189","Porche K","2022","Preoperative prediction of postoperative urinary retention in lumbar surgery: a comparison of regression to multilayer neural network.","Journal of neurosurgery. Spine","J Neurosurg Spine","Comparative Study; Journal Article","Benign/Functional","No",""
"35078268","10.1002/nau.24881","Werneburg GT","2022","Machine learning provides an accurate prognostication model for refractory overactive bladder treatment response and is noninferior to human experts.","Neurourology and urodynamics","Neurourol Urodyn","Journal Article; Randomized Controlled Trial","Benign/Functional","No",""
"35195303","10.1002/nau.24901","Werneburg GT","2022","Commentary on ""Predicting outcomes after intradetrusor onabotulinumtoxinA for nonneurogenic urgency incontinence in women"".","Neurourology and urodynamics","Neurourol Urodyn","Comment; Letter","Benign/Functional","No",""
"36452303","10.3389/fcimb.2022.1030315","Zhou Z","2022","Unraveling the impact of Lactobacillus spp. and other urinary microorganisms on the efficacy of mirabegron in female patients with overactive bladder.","Frontiers in cellular and infection microbiology","Front Cell Infect Microbiol","Journal Article; Research Support, Non-U.S. Gov't","Benign/Functional","No",""
"35045341","10.1016/j.jhin.2022.01.002","Zhu C","2022","Prediction of post-stroke urinary tract infection risk in immobile patients using machine learning: an observational cohort study.","The Journal of hospital infection","J Hosp Infect","Journal Article; Observational Study","Benign/Functional","No",""
"35330146","10.3390/life12030395","Ahn JH","2022","Proteomics for Early Detection of Non-Muscle-Invasive Bladder Cancer: Clinically Useful Urine Protein Biomarkers.","Life (Basel, Switzerland)","Life (Basel)","Journal Article; Review","Bladder Cancer","No",""
"35755066","10.3389/fmed.2022.838182","Bai Y","2022","Study on Molecular Information Intelligent Diagnosis and Treatment of Bladder Cancer on Pathological Tissue Image.","Frontiers in medicine","Front Med (Lausanne)","Journal Article","Bladder Cancer","No",""
"36268091","10.1016/j.jpi.2022.100135","Barrios W","2022","Bladder cancer prognosis using deep neural networks and histopathology images.","Journal of pathology informatics","J Pathol Inform","Journal Article","Bladder Cancer","No",""
"36233691","10.3390/jcm11195827","Bicocca VT","2022","Urinary Comprehensive Genomic Profiling Correlates Urothelial Carcinoma Mutations with Clinical Risk and Efficacy of Intervention.","Journal of clinical medicine","J Clin Med","Journal Article","Bladder Cancer","No",""
"35065220","10.1016/j.critrevonc.2022.103601","Borhani S","2022","Artificial intelligence: A promising frontier in bladder cancer diagnosis and outcome prediction.","Critical reviews in oncology/hematology","Crit Rev Oncol Hematol","Journal Article; Review","Bladder Cancer","No",""
"36389789","10.3389/fimmu.2022.1008865","Chang Z","2022","Distinct immune and inflammatory response patterns contribute to the identification of poor prognosis and advanced clinical characters in bladder cancer patients.","Frontiers in immunology","Front Immunol","Journal Article; Research Support, Non-U.S. Gov't","Bladder Cancer","No",""
"36544709","10.3389/fonc.2022.1019749","Chen W","2022","CT-based deep learning radiomics signature for the preoperative prediction of the muscle-invasive status of bladder cancer.","Frontiers in oncology","Front Oncol","Journal Article","Bladder Cancer","No",""
"35519421","10.1109/OJEMB.2022.3163533","Cho H","2022","Prediction of the Immune Phenotypes of Bladder Cancer Patients for Precision Oncology.","IEEE open journal of engineering in medicine and biology","IEEE Open J Eng Med Biol","Journal Article","Bladder Cancer","No",""
"36558023","10.3390/molecules27248890","El-Falouji AI","2022","Rapid Detection of Recurrent Non-Muscle Invasive Bladder Cancer in Urine Using ATR-FTIR Technology.","Molecules (Basel, Switzerland)","Molecules","Journal Article","Bladder Cancer","No",""
"35351362","10.1016/j.acra.2022.02.007","Evrimler S","2022","Bladder Urothelial Carcinoma: Machine Learning-based Computed Tomography Radiomics for Prediction of Histological Variant.","Academic radiology","Acad Radiol","Journal Article","Bladder Cancer","No",""
"36233682","10.3390/jcm11195815","He Y","2022","A Novel Preoperative Prediction Model Based on Deep Learning to Predict Neoplasm T Staging and Grading in Patients with Upper Tract Urothelial Carcinoma.","Journal of clinical medicine","J Clin Med","Journal Article","Bladder Cancer","No",""
"36059618","10.3389/fonc.2022.990176","Huang X","2022","The role of radiomics with machine learning in the prediction of muscle-invasive bladder cancer: A mini review.","Frontiers in oncology","Front Oncol","Journal Article; Review","Bladder Cancer","No",""
"36245985","10.1155/2022/8213321","Jiang Y","2022","Artificial Intelligence Meets Whole Slide Images: Deep Learning Model Shapes an Immune-Hot Tumor and Guides Precision Therapy in Bladder Cancer.","Journal of oncology","J Oncol","Journal Article","Bladder Cancer","No",""
"35402263","10.3389/fonc.2022.841398","Jung M","2022","Proteomic-Based Machine Learning Analysis Reveals PYGB as a Novel Immunohistochemical Biomarker to Distinguish Inverted Urothelial Papilloma From Low-Grade Papillary Urothelial Carcinoma With Inverted Growth.","Frontiers in oncology","Front Oncol","Journal Article","Bladder Cancer","No",""
"34143569","10.1111/bju.15518","Kaneko M","2022","Urine cell image recognition using a deep-learning model for an automated slide evaluation system.","BJU international","BJU Int","Journal Article","Bladder Cancer","No",""
"34120230","10.1007/s00330-021-08110-6","Kimura K","2022","Usefulness of texture features of apparent diffusion coefficient maps in predicting chemoradiotherapy response in muscle-invasive bladder cancer.","European radiology","Eur Radiol","Journal Article","Bladder Cancer","No",""
"33751774","10.1111/bju.15382","Lebret T","2022","Artificial intelligence to improve cytology performances in bladder carcinoma detection: results of the VisioCyt test.","BJU international","BJU Int","Journal Article; Multicenter Study; Research Support, Non-U.S. Gov't","Bladder Cancer","No",""
"34473299","10.1093/jnci/djab180","Lenis AT","2022","Does Artificial Intelligence Meaningfully Enhance Cystoscopy?","Journal of the National Cancer Institute","J Natl Cancer Inst","Comment; Editorial","Bladder Cancer","No",""
"35762528","10.1021/acs.analchem.2c01890","Li Y","2022","Profiling of Urine Carbonyl Metabolic Fingerprints in Bladder Cancer Based on Ambient Ionization Mass Spectrometry.","Analytical chemistry","Anal Chem","Journal Article; Research Support, Non-U.S. Gov't","Bladder Cancer","No",""
"35063711","10.1016/j.cmpb.2022.106635","Liu D","2022","The effect of CT high-resolution imaging diagnosis based on deep residual network on the pathology of bladder cancer classification and staging.","Computer methods and programs in biomedicine","Comput Methods Programs Biomed","Journal Article","Bladder Cancer","No",""
"35686096","10.3389/fonc.2022.901586","Liu Y","2022","A Deep Learning System to Predict the Histopathological Results From Urine Cytopathological Images.","Frontiers in oncology","Front Oncol","Journal Article","Bladder Cancer","No",""
"33895087","10.1016/j.euf.2021.04.007","Loeffler CML","2022","Artificial Intelligence-based Detection of FGFR3 Mutational Status Directly from Routine Histology in Bladder Cancer: A Possible Preselection for Molecular Testing?","European urology focus","Eur Urol Focus","Journal Article; Research Support, Non-U.S. Gov't","Bladder Cancer","No",""
"33358370","10.1016/j.euf.2020.12.008","Lucas M","2022","Deep Learning-based Recurrence Prediction in Patients with Non-muscle-invasive Bladder Cancer.","European urology focus","Eur Urol Focus","Journal Article; Research Support, Non-U.S. Gov't","Bladder Cancer","No",""
"34985016","10.1097/CM9.0000000000001830","Ma J","2022","Artificial intelligence in bladder cancer: current trends and future possibilities.","Chinese medical journal","Chin Med J (Engl)","Letter","Bladder Cancer","No",""
"36076047","10.1007/s00438-022-01950-x","Mohanad M","2022","Epigenetic inactivation of DNA repair genes as promising prognostic and predictive biomarkers in urothelial bladder carcinoma patients.","Molecular genetics and genomics : MGG","Mol Genet Genomics","Journal Article","Bladder Cancer","No",""
"35365098","10.1186/s10020-022-00462-z","Moisoiu T","2022","Combined miRNA and SERS urine liquid biopsy for the point-of-care diagnosis and molecular stratification of bladder cancer.","Molecular medicine (Cambridge, Mass.)","Mol Med","Journal Article; Research Support, Non-U.S. Gov't","Bladder Cancer","No",""
"35018828","10.1089/end.2021.0483","Mutaguchi J","2022","Artificial Intelligence for Segmentation of Bladder Tumor Cystoscopic Images Performed by U-Net with Dilated Convolution.","Journal of endourology","J Endourol","Journal Article; Research Support, Non-U.S. Gov't","Bladder Cancer","No",""
"36175974","10.1186/s13040-022-00306-w","Nascimben M","2022","Polygenic risk modeling of tumor stage and survival in bladder cancer.","BioData mining","BioData Min","Journal Article","Bladder Cancer","No",""
"35727052","10.1002/cncy.22615","Ou YC","2022","Evaluation of an artificial intelligence algorithm for assisting the Paris System in reporting urinary cytology: A pilot study.","Cancer cytopathology","Cancer Cytopathol","Journal Article","Bladder Cancer","No",""
"35705792","10.1038/s41698-022-00275-7","Qaiser T","2022","Usability of deep learning and H&E images predict disease outcome-emerging tool to optimize clinical trials.","NPJ precision oncology","NPJ Precis Oncol","Journal Article","Bladder Cancer","No",""
"36291803","10.3390/cancers14205019","Shalata AT","2022","Predicting Recurrence of Non-Muscle-Invasive Bladder Cancer: Current Techniques and Future Trends.","Cancers","Cancers (Basel)","Journal Article; Review","Bladder Cancer","No",""
"35673559","10.7150/thno.73235","Shi R","2022","APOBEC-mediated mutagenesis is a favorable predictor of prognosis and immunotherapy for bladder cancer patients: evidence from pan-cancer analysis and multiple databases.","Theranostics","Theranostics","Journal Article","Bladder Cancer","No",""
"35629148","10.3390/jpm12050726","Starmans MPA","2022","Optimization of Preoperative Lymph Node Staging in Patients with Muscle-Invasive Bladder Cancer Using Radiomics on Computed Tomography.","Journal of personalized medicine","J Pers Med","Journal Article","Bladder Cancer","No",""
"35314631","10.3390/tomography8020054","Sun D","2022","Computerized Decision Support for Bladder Cancer Treatment Response Assessment in CT Urography: Effect on Diagnostic Accuracy in Multi-Institution Multi-Specialty Study.","Tomography (Ann Arbor, Mich.)","Tomography","Journal Article; Research Support, N.I.H., Extramural","Bladder Cancer","No",""
"36518754","10.3389/fimmu.2022.1059568","Sun L","2022","Identification of molecular subtypes based on liquid-liquid phase separation and cross-talk with immunological phenotype in bladder cancer.","Frontiers in immunology","Front Immunol","Journal Article; Research Support, Non-U.S. Gov't","Bladder Cancer","No",""
"35054370","10.3390/diagnostics12010203","Tsai IJ","2022","Machine Learning in Prediction of Bladder Cancer on Clinical Laboratory Data.","Diagnostics (Basel, Switzerland)","Diagnostics (Basel)","Journal Article","Bladder Cancer","No",""
"36612222","10.3390/cancers15010226","Tsuneki M","2022","Deep Learning-Based Screening of Urothelial Carcinoma in Whole Slide Images of Liquid-Based Cytology Urine Specimens.","Cancers","Cancers (Basel)","Journal Article","Bladder Cancer","No",""
"36588731","10.3389/fphar.2022.1080273","Wang X","2022","A novel deep learning segmentation model for organoid-based drug screening.","Frontiers in pharmacology","Front Pharmacol","Journal Article","Bladder Cancer","No",""
"35327977","10.3390/genes13030422","Wessolly M","2022","Proteasomal Processing Immune Escape Mechanisms in Platinum-Treated Advanced Bladder Cancer.","Genes","Genes (Basel)","Journal Article; Research Support, Non-U.S. Gov't","Bladder Cancer","No",""
"36083778","10.1002/1878-0261.13313","Xu H","2022","Artificial intelligence-driven consensus gene signatures for improving bladder cancer clinical outcomes identified by multi-center integration analysis.","Molecular oncology","Mol Oncol","Journal Article","Bladder Cancer","No",""
"35853614","10.1002/adma.202203224","Yang Y","2022","Integrated Urinalysis Devices Based on Interface-Engineered Field-Effect Transistor Biosensors Incorporated With Electronic Circuits.","Advanced materials (Deerfield Beach, Fla.)","Adv Mater","Journal Article","Bladder Cancer","No",""
"36271252","10.1038/s41598-022-22797-7","Yoo JW","2022","Deep learning diagnostics for bladder tumor identification and grade prediction using RGB method.","Scientific reports","Sci Rep","Journal Article; Research Support, Non-U.S. Gov't","Bladder Cancer","No",""
"35719407","10.3389/fgene.2022.912171","Zhang Y","2022","Identification of Feature Genes of a Novel Neural Network Model for Bladder Cancer.","Frontiers in genetics","Front Genet","Journal Article","Bladder Cancer","No",""
"35750561","10.1016/j.urolonc.2022.05.026","Zhao CC","2022","Machine learning decision support model for radical cystectomy discharge planning.","Urologic oncology","Urol Oncol","Journal Article","Bladder Cancer","No",""
"35450397","10.1155/2022/1793005","Zhao H","2022","Prediction of Prognosis and Recurrence of Bladder Cancer by ECM-Related Genes.","Journal of immunology research","J Immunol Res","Journal Article","Bladder Cancer","No",""
"36497289","10.3390/cancers14235807","Zheng Q","2022","Accurate Diagnosis and Survival Prediction of Bladder Cancer Using Deep Learning on Histological Slides.","Cancers","Cancers (Basel)","Journal Article","Bladder Cancer","No",""
"36498655","10.3390/jcm11237081","Zheng Q","2022","Quantitative Assessment of Tumor-Infiltrating Lymphocytes Using Machine Learning Predicts Survival in Muscle-Invasive Bladder Cancer.","Journal of clinical medicine","J Clin Med","Journal Article","Bladder Cancer","No",""
"36267410","10.3389/fgene.2022.1011390","Zou Y","2022","Immune-related gene risk score predicting the effect of immunotherapy and prognosis in bladder cancer patients.","Frontiers in genetics","Front Genet","Journal Article","Bladder Cancer","No",""
"36343408","10.1016/j.compbiomed.2022.106219","Zou Y","2022","Multi-task deep learning based on T2-Weighted Images for predicting Muscular-Invasive Bladder Cancer.","Computers in biology and medicine","Comput Biol Med","Journal Article; Research Support, Non-U.S. Gov't","Bladder Cancer","No",""
"36160762","10.1177/17562872221125317","Banerjee V","2022","Radiogenomics influence on the future of prostate cancer risk stratification.","Therapeutic advances in urology","Ther Adv Urol","Journal Article; Review","Broad Reviews","No",""
"36249889","10.1177/17562872221128791","Bhattacharya I","2022","A review of artificial intelligence in prostate cancer detection on imaging.","Therapeutic advances in urology","Ther Adv Urol","Journal Article; Review","Broad Reviews","No",""
"34776055","10.1016/j.ucl.2021.07.009","Chen AB","2022","Artificial Intelligence Applications in Urology: Reporting Standards to Achieve Fluency for Urologists.","The Urologic clinics of North America","Urol Clin North Am","Journal Article; Review","Broad Reviews","No",""
"35749782","10.1097/MOU.0000000000000997","Comperat E","2022","Nonmuscle-invasive bladder cancer, old problems, new insights.","Current opinion in urology","Curr Opin Urol","Journal Article; Review","Broad Reviews","No",""
"35905774","10.1016/j.urology.2022.06.036","Diaz P","2022","Future of Male Infertility Evaluation and Treatment: Brief Review of Emerging Technology.","Urology","Urology","Journal Article; Review","Broad Reviews","No",""
"34047826","10.1007/s00345-021-03738-x","Doyle PW","2022","Machine learning applications to enhance patient specific care for urologic surgery.","World journal of urology","World J Urol","Journal Article; Review","Broad Reviews","No",""
"35814914","10.1177/17562872221109020","Ferro M","2022","Radiomics in prostate cancer: an up-to-date review.","Therapeutic advances in urology","Ther Adv Urol","Journal Article; Review","Broad Reviews","No",""
"35441256","10.1007/s40620-022-01327-8","Girolami I","2022","Artificial intelligence applications for pre-implantation kidney biopsy pathology practice: a systematic review.","Journal of nephrology","J Nephrol","Journal Article; Systematic Review","Broad Reviews","No",""
"34844900","10.1016/j.acuroe.2021.09.001","Gomez-Veiga F","2022","Advances in urologic oncology ""OncoUrology Forum Special Edition"": The best of 2020.","Actas urologicas espanolas","Actas Urol Esp (Engl Ed)","Journal Article; Review","Broad Reviews","No",""
"34762720","10.11152/mu-3248","Jia Y","2022","Ultrasound-based radiomics: current status, challenges and future opportunities.","Medical ultrasonography","Med Ultrason","Journal Article; Review","Broad Reviews","No",""
"36601020","10.1177/17562872221145625","Kaneko M","2022","Multiparametric ultrasound of prostate: role in prostate cancer diagnosis.","Therapeutic advances in urology","Ther Adv Urol","Journal Article; Review","Broad Reviews","No",""
"35626404","10.3390/diagnostics12051249","Khanna NN","2022","Cardiovascular/Stroke Risk Assessment in Patients with Erectile Dysfunction-A Role of Carotid Wall Arterial Imaging and Plaque Tissue Characterization Using Artificial Intelligence Paradigm: A Narrative Review.","Diagnostics (Basel, Switzerland)","Diagnostics (Basel)","Journal Article; Review","Broad Reviews","No",""
"36035341","10.1016/j.ajur.2022.05.003","Kowalewski KF","2022","Artificial intelligence for renal cancer: From imaging to histology and beyond.","Asian journal of urology","Asian J Urol","Journal Article; Review","Broad Reviews","No",""
"34099417","10.1016/j.euf.2021.05.005","Kozikowski M","2022","Role of Radiomics in the Prediction of Muscle-invasive Bladder Cancer: A Systematic Review and Meta-analysis.","European urology focus","Eur Urol Focus","Journal Article; Meta-Analysis; Systematic Review","Broad Reviews","No",""
"36338676","10.3389/fonc.2022.930917","Li M","2022","Deep learning in bladder cancer imaging: A review.","Frontiers in oncology","Front Oncol","Journal Article; Review","Broad Reviews","No",""
"34879287","10.1016/j.media.2021.102306","Maier-Hein L","2022","Surgical data science - from concepts toward clinical translation.","Medical image analysis","Med Image Anal","Journal Article; Research Support, N.I.H., Extramural; Research Support, Non-U.S. Gov't; Research Support, U.S. Gov't, Non-P.H.S.; Review","Broad Reviews","No",""
"35360424","10.3389/fsurg.2022.862322","Naik N","2022","Legal and Ethical Consideration in Artificial Intelligence in Healthcare: Who Takes Responsibility?","Frontiers in surgery","Front Surg","Journal Article; Review","Broad Reviews","No",""
"35806859","10.3390/jcm11133575","Naik N","2022","Role of Deep Learning in Prostate Cancer Management: Past, Present and Future Based on a Comprehensive Literature Review.","Journal of clinical medicine","J Clin Med","Journal Article; Review","Broad Reviews","No",""
"35383432","10.23736/S2724-6051.22.04726-7","Roberts S","2022","""Augmented reality"" applications in urology: a systematic review.","Minerva urology and nephrology","Minerva Urol Nephrol","Journal Article; Systematic Review","Broad Reviews","No",""
"35216855","10.1016/j.eururo.2022.01.040","Roussel E","2022","Novel Imaging Methods for Renal Mass Characterization: A Collaborative Review.","European urology","Eur Urol","Journal Article; Review","Broad Reviews","No",""
"35740526","10.3390/cancers14122860","Saxena S","2022","Role of Artificial Intelligence in Radiogenomics for Cancers in the Era of Precision Medicine.","Cancers","Cancers (Basel)","Journal Article; Review","Broad Reviews","No",""
"34846775","10.1111/bju.15662","Stenzl A","2022","Application of artificial intelligence to overcome clinical information overload in urological cancer.","BJU international","BJU Int","Journal Article; Research Support, Non-U.S. Gov't; Review","Broad Reviews","No",""
"33773964","10.1016/j.euf.2021.03.020","Suarez-Ibarrola R","2022","Artificial Intelligence in Magnetic Resonance Imaging-based Prostate Cancer Diagnosis: Where Do We Stand in 2021?","European urology focus","Eur Urol Focus","Journal Article; Review","Broad Reviews","No",""
"35743766","10.3390/jpm12060983","Telecan T","2022","More than Meets the Eye: Using Textural Analysis and Artificial Intelligence as Decision Support Tools in Prostate Cancer Diagnosis-A Systematic Review.","Journal of personalized medicine","J Pers Med","Journal Article; Review","Broad Reviews","No",""
"35817657","10.1016/j.jpurol.2022.05.015","Weaver JK","2022","Why are pediatric urologists unable to predict renal deterioration using urodynamics? A focused narrative review of the shortcomings of the literature.","Journal of pediatric urology","J Pediatr Urol","Journal Article; Review","Broad Reviews","No",""
"35402319","10.2147/RRU.S273663","Werneburg GT","2022","Catheter-Associated Urinary Tract Infections: Current Challenges and Future Prospects.","Research and reports in urology","Res Rep Urol","Journal Article; Review","Broad Reviews","No",""
"35274903","10.23736/S2724-6051.22.04758-9","Wessels F","2022","Artificial intelligence to predict oncological outcome directly from hematoxylin and eosin-stained slides in urology.","Minerva urology and nephrology","Minerva Urol Nephrol","Journal Article; Review","Broad Reviews","No",""
"36119492","10.3389/fonc.2022.975183","Zhang H","2022","Diagnostic performance of radiomics in adrenal masses: A systematic review and meta-analysis.","Frontiers in oncology","Front Oncol","Journal Article; Systematic Review","Broad Reviews","No",""
"35681002","10.1038/s41746-022-00621-w","Abramoff MD","2022","A reimbursement framework for artificial intelligence in healthcare.","NPJ digital medicine","NPJ Digit Med","Journal Article","Governance","No",""
"35888036","10.3390/life12070946","Bleker J","2022","Quality of Multicenter Studies Using MRI Radiomics for Diagnosing Clinically Significant Prostate Cancer: A Systematic Review.","Life (Basel, Switzerland)","Life (Basel)","Journal Article; Review","Governance","No",""
"35740742","10.3390/children9060805","Brownlee EM","2022","The Role of the Versius Surgical Robotic System in the Paediatric Population.","Children (Basel, Switzerland)","Children (Basel)","Journal Article; Review","Governance","No",""
"36059701","10.3389/fonc.2022.985940","Deng X","2022","Machine learning model for the prediction of prostate cancer in patients with low prostate-specific antigen levels: A multicenter retrospective analysis.","Frontiers in oncology","Front Oncol","Journal Article","Governance","No",""
"35844840","10.3389/fpubh.2022.916513","Ding L","2022","A Machine Learning Algorithm for Predicting the Risk of Developing to M1b Stage of Patients With Germ Cell Testicular Cancer.","Frontiers in public health","Front Public Health","Journal Article; Research Support, Non-U.S. Gov't","Governance","No",""
"34773476","10.1007/s00345-021-03879-z","Drysdale E","2022","Personalized application of machine learning algorithms to identify pediatric patients at risk for recurrent ureteropelvic junction obstruction after dismembered pyeloplasty.","World journal of urology","World J Urol","Journal Article","Governance","No",""
"35676445","10.1038/s41746-022-00613-w","Esteva A","2022","Prostate cancer therapy personalization via multi-modal deep learning on randomized phase III clinical trials.","NPJ digital medicine","NPJ Digit Med","Journal Article","Governance","No",""
"35346444","10.1016/j.artmed.2022.102275","Freitas NR","2022","Detection of bladder cancer with feature fusion, transfer learning and CapsNets.","Artificial intelligence in medicine","Artif Intell Med","Journal Article; Research Support, Non-U.S. Gov't","Governance","No",""
"35989871","10.1136/bmjsit-2022-000154","Hanrahan JG","2022","Addressing the reporting chasm of artificial intelligence research: the DECIDE-AI reporting guidelines.","BMJ surgery, interventions, & health technologies","BMJ Surg Interv Health Technol","Editorial","Governance","No",""
"35565216","10.3390/cancers14092085","Khaleel S","2022","Radiogenomics in Clear Cell Renal Cell Carcinoma: A Review of the Current Status and Future Directions.","Cancers","Cancers (Basel)","Journal Article; Review","Governance","No",""
"36052317","10.3389/fdgth.2022.929508","Kwong JCC","2022","The silent trial - the bridge between bench-to-bedside clinical AI applications.","Frontiers in digital health","Front Digit Health","Journal Article","Governance","No",""
"35854145","10.1038/s41746-022-00641-6","Lam K","2022","A Delphi consensus statement for digital surgery.","NPJ digital medicine","NPJ Digit Med","Journal Article","Governance","No",""
"35358302","10.1158/0008-5472.CAN-21-3074","Li R","2022","Comprehensive Evaluation of Machine Learning Models and Gene Expression Signatures for Prostate Cancer Prognosis Using Large Population Cohorts.","Cancer research","Cancer Res","Journal Article; Research Support, Non-U.S. Gov't; Research Support, U.S. Gov't, Non-P.H.S.","Governance","No",""
"34815097","10.1016/j.surg.2021.10.047","Loftus TJ","2022","Executive summary of the artificial intelligence in surgery series.","Surgery","Surgery","Journal Article; Research Support, N.I.H., Extramural; Research Support, Non-U.S. Gov't","Governance","No",""
"36532301","10.1371/journal.pdig.0000006","Loftus TJ","2022","Ideal algorithms in healthcare: Explainable, dynamic, precise, autonomous, fair, and reproducible.","PLOS digital health","PLOS Digit Health","Journal Article","Governance","No",""
"35202397","10.1371/journal.pone.0259672","Marsden T","2022","The ReIMAGINE prostate cancer risk study protocol: A prospective cohort study in men with a suspicion of prostate cancer who are referred onto an MRI-based diagnostic pathway with donation of tissue, blood and urine for biomarker analyses.","PloS one","PLoS One","Journal Article; Multicenter Study; Observational Study; Research Support, Non-U.S. Gov't","Governance","No",""
"35084542","10.1007/s00345-022-03930-7","O'Sullivan S","2022","Explainable artificial intelligence (XAI): closing the gap between image analysis and navigation in complex invasive diagnostic procedures.","World journal of urology","World J Urol","Journal Article; Review","Governance","No",""
"35612220","10.3233/SHTI220601","Petsophonsakul P","2022","Augmenting THerapeutic Effectiveness Through Novel Analytics (ATHENA) - A Public and Private Partnership Project Funded by the Flemish Government (VLAIO).","Studies in health technology and informatics","Stud Health Technol Inform","Journal Article","Governance","No",""
"35626380","10.3390/diagnostics12051225","Rakovic K","2022","The Use of Digital Pathology and Artificial Intelligence in Histopathological Diagnostic Assessment of Prostate Cancer: A Survey of Prostate Cancer UK Supporters.","Diagnostics (Basel, Switzerland)","Diagnostics (Basel)","Journal Article","Governance","No",""
"35140147","10.1136/bmjopen-2021-051274","Rouviere O","2022","Detection of ISUP >/=2 prostate cancers using multiparametric MRI: prospective multicentre assessment of the non-inferiority of an artificial intelligence system as compared to the PI-RADS V.2.1 score (CHANGE study).","BMJ open","BMJ Open","Journal Article; Multicenter Study; Research Support, Non-U.S. Gov't","Governance","No",""
"35053403","10.3390/cells11020287","Satter KB","2022","Oncocytoma-Related Gene Signature to Differentiate Chromophobe Renal Cancer and Oncocytoma Using Machine Learning.","Cells","Cells","Journal Article; Research Support, N.I.H., Extramural","Governance","No",""
"36691151","10.1136/bmjopen-2022-061519","Shahzad R","2022","Quality of reporting of randomised controlled trials of artificial intelligence in healthcare: a systematic review.","BMJ open","BMJ Open","Journal Article; Systematic Review","Governance","No",""
"35299747","10.3389/fonc.2022.843735","Shen Z","2022","The Global Research of Artificial Intelligence on Prostate Cancer: A 22-Year Bibliometric Analysis.","Frontiers in oncology","Front Oncol","Journal Article","Governance","No",""
"35669420","10.3389/fonc.2022.841801","Shiradkar R","2022","Prostate Surface Distension and Tumor Texture Descriptors From Pre-Treatment MRI Are Associated With Biochemical Recurrence Following Radical Prostatectomy: Preliminary Findings.","Frontiers in oncology","Front Oncol","Journal Article","Governance","No",""
"35120063","10.1097/SLA.0000000000005294","Sounderajah V","2022","Developing Specific Reporting Standards in Artificial Intelligence Centred Research.","Annals of surgery","Ann Surg","Journal Article","Governance","No",""
"35347462","10.1186/s13244-022-01199-3","Sushentsev N","2022","Comparative performance of fully-automated and semi-automated artificial intelligence methods for the detection of clinically significant prostate cancer on MRI: a systematic review.","Insights into imaging","Insights Imaging","Journal Article; Review","Governance","No",""
"35877091","10.1158/1078-0432.CCR-22-0200","Szabados B","2022","Clinico-Genomic Characterization of Patients with Metastatic Urothelial Carcinoma in Real-World Practice Identifies a Novel Bladder Immune Performance Index (BIPI).","Clinical cancer research : an official journal of the American Association for Cancer Research","Clin Cancer Res","Journal Article; Research Support, Non-U.S. Gov't","Governance","No",""
"35045583","10.1055/s-0041-1741481","Tamposis I","2022","PCaGuard: A Software Platform to Support Optimal Management of Prostate Cancer.","Applied clinical informatics","Appl Clin Inform","Journal Article; Research Support, Non-U.S. Gov't","Governance","No",""
"35446854","10.1371/journal.pone.0265127","Tzelves L","2022","Artificial intelligence supporting cancer patients across Europe-The ASCAPE project.","PloS one","PLoS One","Clinical Trial, Phase II; Journal Article; Research Support, Non-U.S. Gov't","Governance","No",""
"35584845","10.1136/bmj-2022-070904","Vasey B","2022","Reporting guideline for the early stage clinical evaluation of decision support systems driven by artificial intelligence: DECIDE-AI.","BMJ (Clinical research ed.)","BMJ","Journal Article; Practice Guideline","Governance","No",""
"35585198","10.1038/s41591-022-01772-9","Vasey B","2022","Reporting guideline for the early-stage clinical evaluation of decision support systems driven by artificial intelligence: DECIDE-AI.","Nature medicine","Nat Med","Journal Article; Practice Guideline; Research Support, N.I.H., Extramural; Research Support, Non-U.S. Gov't; Research Support, U.S. Gov't, Non-P.H.S.; Review","Governance","No",""
"35962208","10.1038/s41591-022-01951-8","Vasey B","2022","Publisher Correction: Reporting guideline for the early-stage clinical evaluation of decision support systems driven by artificial intelligence: DECIDE-AI.","Nature medicine","Nat Med","Published Erratum","Governance","No",""
"36428521","10.3390/biomedicines10112953","Weaver C","2022","Diagnostic and Prognostic Biomarkers in Renal Clear Cell Carcinoma.","Biomedicines","Biomedicines","Journal Article; Review","Governance","No",""
"35976907","10.1371/journal.pone.0272656","Wessels F","2022","Deep learning can predict survival directly from histology in clear cell renal cell carcinoma.","PloS one","PLoS One","Journal Article; Research Support, Non-U.S. Gov't","Governance","No",""
"38993365","10.3233/BLC-211640","Wessels F","2022","Comorbidity Scores and Machine Learning Methods Can Improve Risk Assessment in Radical Cystectomy for Bladder Cancer.","Bladder cancer (Amsterdam, Netherlands)","Bladder Cancer","Journal Article","Governance","No",""
"34473310","10.1093/jnci/djab179","Wu S","2022","An Artificial Intelligence System for the Detection of Bladder Cancer via Cystoscopy: A Multicenter Diagnostic Study.","Journal of the National Cancer Institute","J Natl Cancer Inst","Journal Article; Multicenter Study; Research Support, Non-U.S. Gov't","Governance","Yes","Selected bladder cystoscopy systems"
"36276292","10.1155/2022/5798602","Xu C","2022","Dynamic Predictive Models with Visualized Machine Learning for Assessing the Risk of Lung Metastasis in Kidney Cancer Patients.","Journal of oncology","J Oncol","Journal Article","Governance","No",""
"36386255","10.21037/tau-22-266","Xu Y","2022","Identification of a novel peripheral blood signature diagnosing subclinical acute rejection after renal transplantation.","Translational andrology and urology","Transl Androl Urol","Journal Article","Governance","No",""
"35841780","10.1016/j.compbiomed.2022.105817","Adams LC","2022","Prostate158 - An expert-annotated 3T MRI dataset and algorithm for prostate cancer detection.","Computers in biology and medicine","Comput Biol Med","Journal Article; Research Support, Non-U.S. Gov't","Prostate Imaging","No",""
"34988888","10.1007/s12149-021-01705-5","Aksu A","2022","Dual time point imaging of staging PSMA PET/CT quantification; spread and radiomic analyses.","Annals of nuclear medicine","Ann Nucl Med","Journal Article","Prostate Imaging","No",""
"36568244","10.3389/fonc.2022.1066926","Assadi M","2022","Predictive and prognostic potential of pretreatment (68)Ga-PSMA PET tumor heterogeneity index in patients with metastatic castration-resistant prostate cancer treated with 177Lu-PSMA.","Frontiers in oncology","Front Oncol","Journal Article","Prostate Imaging","No",""
"35131608","10.1016/j.compbiomed.2022.105263","Beinecke JM","2022","Evaluation of machine learning strategies for imaging confirmed prostate cancer recurrence prediction on electronic health records.","Computers in biology and medicine","Comput Biol Med","Letter","Prostate Imaging","No",""
"35908102","10.1186/s41747-022-00287-9","Belue MJ","2022","Tasks for artificial intelligence in prostate MRI.","European radiology experimental","Eur Radiol Exp","Journal Article; Research Support, N.I.H., Extramural; Research Support, Non-U.S. Gov't; Review","Prostate Imaging","No",""
"34784540","10.1016/j.media.2021.102288","Bhattacharya I","2022","Selective identification and localization of indolent and aggressive prostate cancers via CorrSigNIA: an MRI-pathology correlation and deep learning framework.","Medical image analysis","Med Image Anal","Journal Article; Research Support, N.I.H., Extramural","Prostate Imaging","No",""
"35633505","10.1002/mp.15777","Bhattacharya I","2022","Bridging the gap between prostate radiology and pathology through machine learning.","Medical physics","Med Phys","Journal Article","Prostate Imaging","No",""
"34822102","10.1007/s11547-021-01431-y","Brunese L","2022","Automatic PI-RADS assignment by means of formal methods.","La Radiologia medica","Radiol Med","Journal Article","Prostate Imaging","No",""
"34480083","10.1038/s41391-021-00441-1","Checcucci E","2022","Artificial intelligence for target prostate biopsy outcomes prediction the potential application of fuzzy logic.","Prostate cancer and prostatic diseases","Prostate Cancer Prostatic Dis","Journal Article","Prostate Imaging","No",""
"34374181","10.1002/jmri.27879","Cipollari S","2022","Convolutional Neural Networks for Automated Classification of Prostate Multiparametric Magnetic Resonance Imaging Based on Image Quality.","Journal of magnetic resonance imaging : JMRI","J Magn Reson Imaging","Journal Article","Prostate Imaging","No",""
"36114928","10.1007/s11547-022-01555-9","Cipollari S","2022","Biparametric prostate MRI: impact of a deep learning-based software and of quantitative ADC values on the inter-reader agreement of experienced and inexperienced readers.","La Radiologia medica","Radiol Med","Journal Article","Prostate Imaging","No",""
"36362530","10.3390/jcm11216304","Corsi A","2022","Radiomics in PI-RADS 3 Multiparametric MRI for Prostate Cancer Identification: Literature Models Re-Implementation and Proposal of a Clinical-Radiological Model.","Journal of clinical medicine","J Clin Med","Journal Article","Prostate Imaging","No",""
"36006066","10.3390/tomography8040168","Faiella E","2022","Quantib Prostate Compared to an Expert Radiologist for the Diagnosis of Prostate Cancer on mpMRI: A Single-Center Preliminary Study.","Tomography (Ann Arbor, Mich.)","Tomography","Journal Article","Prostate Imaging","No",""
"35610113","10.1016/j.clgc.2022.04.013","Gentile F","2022","A Combinatorial Neural Network Analysis Reveals a Synergistic Behaviour of Multiparametric Magnetic Resonance and Prostate Health Index in the Identification of Clinically Significant Prostate Cancer.","Clinical genitourinary cancer","Clin Genitourin Cancer","Journal Article; Research Support, Non-U.S. Gov't","Prostate Imaging","No",""
"35885471","10.3390/diagnostics12071565","Gravina M","2022","Machine Learning and Clinical-Radiological Characteristics for the Classification of Prostate Cancer in PI-RADS 3 Lesions.","Diagnostics (Basel, Switzerland)","Diagnostics (Basel)","Journal Article","Prostate Imaging","No",""
"36330197","10.21037/qims-22-265","Gresser E","2022","Performance variability of radiomics machine learning models for the detection of clinically significant prostate cancer in heterogeneous MRI datasets.","Quantitative imaging in medicine and surgery","Quant Imaging Med Surg","Journal Article","Prostate Imaging","No",""
"35454767","10.3390/cancers14081859","Gurwin A","2022","Alternatives for MRI in Prostate Cancer Diagnostics-Review of Current Ultrasound-Based Techniques.","Cancers","Cancers (Basel)","Journal Article; Review","Prostate Imaging","No",""
"36497223","10.3390/cancers14235741","Harder FN","2022","Prospectively Accelerated T2-Weighted Imaging of the Prostate by Combining Compressed SENSE and Deep Learning in Patients with Histologically Proven Prostate Cancer.","Cancers","Cancers (Basel)","Journal Article","Prostate Imaging","No",""
"34404057","10.1159/000517674","Harland N","2022","Robotic Transrectal Computed Tomographic Ultrasound with Artificial Neural Network Analysis: First Validation and Comparison with MRI-Guided Biopsies and Radical Prostatectomy.","Urologia internationalis","Urol Int","Comparative Study; Journal Article; Validation Study","Prostate Imaging","No",""
"34559264","10.1007/s00330-021-08245-6","Hinzpeter R","2022","Radiomics for detecting prostate cancer bone metastases invisible in CT: a proof-of-concept study.","European radiology","Eur Radiol","Journal Article","Prostate Imaging","No",""
"34786615","10.1007/s00330-021-08320-y","Hosseinzadeh M","2022","Deep learning-assisted prostate cancer detection on bi-parametric MRI: minimum training data size requirements and effect of prior knowledge.","European radiology","Eur Radiol","Journal Article","Prostate Imaging","No",""
"35455043","10.3390/life12040552","Hotker AM","2022","Abbreviated MR Protocols in Prostate MRI.","Life (Basel, Switzerland)","Life (Basel)","Journal Article; Review","Prostate Imaging","No",""
"35280813","10.3389/fonc.2022.840786","Jin P","2022","Utility of Clinical-Radiomic Model to Identify Clinically Significant Prostate Cancer in Biparametric MRI PI-RADS V2.1 Category 3 Lesions.","Frontiers in oncology","Front Oncol","Journal Article","Prostate Imaging","No",""
"35912175","10.3389/fonc.2022.918830","Jing G","2022","Prediction of clinically significant prostate cancer with a multimodal MRI-based radiomics nomogram.","Frontiers in oncology","Front Oncol","Journal Article","Prostate Imaging","No",""
"34877735","10.1002/jmri.28024","Johnson PM","2022","Deep Learning Reconstruction Enables Highly Accelerated Biparametric MR Imaging of the Prostate.","Journal of magnetic resonance imaging : JMRI","J Magn Reson Imaging","Journal Article; Research Support, N.I.H., Extramural","Prostate Imaging","No",""
"35148172","10.1259/bjr.20211378","Jung W","2022","Convolutional neural network-based reconstruction for acceleration of prostate T(2) weighted MR imaging: a retro- and prospective study.","The British journal of radiology","Br J Radiol","Journal Article","Prostate Imaging","No",""
"36556342","10.3390/life12121977","Kairemo K","2022","A Retrospective Comparative Study of Sodium Fluoride Na(18)F-PET/CT and (68)Ga-PSMA-11 PET/CT in the Bone Metastases of Prostate Cancer Using a Volumetric 3-D Radiomic Analysis.","Life (Basel, Switzerland)","Life (Basel)","Journal Article","Prostate Imaging","No",""
"35192229","10.1002/pros.24321","Kaneko M","2022","Artificial intelligence trained with integration of multiparametric MR-US imaging data and fusion biopsy trajectory-proven pathology data for 3D prediction of prostate cancer: A proof-of-concept study.","The Prostate","Prostate","Journal Article","Prostate Imaging","No",""
"36580220","10.1186/s13550-022-00948-1","Leung KH","2022","Deep learning and radiomics framework for PSMA-RADS classification of prostate cancer on PSMA PET.","EJNMMI research","EJNMMI Res","Journal Article","Prostate Imaging","No",""
"35204380","10.3390/diagnostics12020289","Li H","2022","Machine Learning in Prostate MRI for Prostate Cancer: Current Status and Future Opportunities.","Diagnostics (Basel, Switzerland)","Diagnostics (Basel)","Journal Article; Review","Prostate Imaging","No",""
"35763053","10.1007/s00261-022-03583-5","Liu X","2022","Preoperative prediction of pelvic lymph nodes metastasis in prostate cancer using an ADC-based radiomics model: comparison with clinical nomograms and PI-RADS assessment.","Abdominal radiology (New York)","Abdom Radiol (NY)","Journal Article; Research Support, Non-U.S. Gov't","Prostate Imaging","No",""
"35795067","10.3389/fonc.2022.911426","Liu YF","2022","Radiomics-Based Machine Learning Models for Predicting P504s/P63 Immunohistochemical Expression: A Noninvasive Diagnostic Tool for Prostate Cancer.","Frontiers in oncology","Front Oncol","Journal Article","Prostate Imaging","No",""
"36582803","10.3389/fonc.2022.1020317","Lu Y","2022","Biparametric MRI-based radiomics classifiers for the detection of prostate cancer in patients with PSA serum levels of 4 approximately 10 ng/mL.","Frontiers in oncology","Front Oncol","Journal Article","Prostate Imaging","No",""
"35706813","10.21037/tcr-21-2271","Ma L","2022","Texture analysis based on PI-RADS 4/5-scored magnetic resonance images combined with machine learning to distinguish benign lesions from prostate cancer.","Translational cancer research","Transl Cancer Res","Journal Article","Prostate Imaging","No",""
"35645317","10.3390/clinpract12030040","Mata C","2022","Usefulness of Collaborative Work in the Evaluation of Prostate Cancer from MRI.","Clinics and practice","Clin Pract","Journal Article","Prostate Imaging","No",""
"36428771","10.3390/cancers14225680","Mattoni S","2022","PSMA PET for the Evaluation of Liver Metastases in Castration-Resistant Prostate Cancer Patients: A Multicenter Retrospective Study.","Cancers","Cancers (Basel)","Journal Article","Prostate Imaging","No",""
"34598869","10.1016/j.acra.2021.08.019","Mehralivand S","2022","A Cascaded Deep Learning-Based Artificial Intelligence Algorithm for Automated Lesion Detection and Classification on Biparametric Prostate Magnetic Resonance Imaging.","Academic radiology","Acad Radiol","Journal Article; Research Support, N.I.H., Extramural","Prostate Imaging","No",""
"35099572","10.1007/s00261-022-03419-2","Mehralivand S","2022","Deep learning-based artificial intelligence for prostate cancer detection at biparametric MRI.","Abdominal radiology (New York)","Abdom Radiol (NY)","Journal Article; Research Support, N.I.H., Intramural","Prostate Imaging","No",""
"35453847","10.3390/diagnostics12040799","Michaely HJ","2022","Current Value of Biparametric Prostate MRI with Machine-Learning or Deep-Learning in the Detection, Grading, and Characterization of Prostate Cancer: A Systematic Review.","Diagnostics (Basel, Switzerland)","Diagnostics (Basel)","Journal Article; Review","Prostate Imaging","No",""
"34227169","10.1002/jmri.27811","Montoya Perez I","2022","Detection of Prostate Cancer Using Biparametric Prostate MRI, Radiomics, and Kallikreins: A Retrospective Multicenter Study of Men With a Clinical Suspicion of Prostate Cancer.","Journal of magnetic resonance imaging : JMRI","J Magn Reson Imaging","Journal Article; Multicenter Study; Research Support, Non-U.S. Gov't","Prostate Imaging","No",""
"34448318","10.1002/jmri.27898","Nair RT","2022","Editorial for ""Diagnostic Performance of Prostate MRI Radiomics, Four Kallikrein Panel and Radiologist in the Detection of Prostate Cancer: A Retrospective External Validation Multi-center Study of Men With a Clinical Suspicion of Prostate Cancer"".","Journal of magnetic resonance imaging : JMRI","J Magn Reson Imaging","Editorial","Prostate Imaging","No",""
"35896912","10.1007/s12149-022-01780-2","Nakamoto Y","2022","Recent topics of the clinical utility of PET/MRI in oncology and neuroscience.","Annals of nuclear medicine","Ann Nucl Med","Journal Article; Review","Prostate Imaging","No",""
"34049980","10.2967/jnumed.120.261863","Nickols N","2022","aPROMISE: A Novel Automated PROMISE Platform to Standardize Evaluation of Tumor Burden in (18)F-DCFPyL Images of Veterans with Prostate Cancer.","Journal of nuclear medicine : official publication, Society of Nuclear Medicine","J Nucl Med","Journal Article; Research Support, Non-U.S. Gov't","Prostate Imaging","No",""
"34773449","10.1002/jmri.27992","Park JC","2022","Fast T2-Weighted Imaging With Deep Learning-Based Reconstruction: Evaluation of Image Quality and Diagnostic Performance in Patients Undergoing Radical Prostatectomy.","Journal of magnetic resonance imaging : JMRI","J Magn Reson Imaging","Journal Article","Prostate Imaging","No",""
"35194056","10.1038/s41598-022-06730-6","Pellicer-Valero OJ","2022","Deep learning for fully automatic detection, segmentation, and Gleason grade estimation of prostate cancer in multiparametric magnetic resonance images.","Scientific reports","Sci Rep","Clinical Trial; Journal Article; Research Support, Non-U.S. Gov't","Prostate Imaging","No",""
"36294928","10.3390/life12101490","Roest C","2022","Comparative Performance of Deep Learning and Radiologists for the Diagnosis and Localization of Clinically Significant Prostate Cancer at MRI: A Systematic Review.","Life (Basel, Switzerland)","Life (Basel)","Journal Article; Review","Prostate Imaging","No",""
"35275101","10.1097/MOU.0000000000000986","Rothberg MB","2022","The role of novel imaging in prostate cancer focal therapy: treatment and follow-up.","Current opinion in urology","Curr Opin Urol","Journal Article; Research Support, N.I.H., Extramural; Research Support, Non-U.S. Gov't; Review","Prostate Imaging","No",""
"34315623","10.1067/j.cpradiol.2021.06.006","Salvaggio G","2022","Deep Learning Network for Segmentation of the Prostate Gland With Median Lobe Enlargement in T2-weighted MR Images: Comparison With Manual Segmentation Method.","Current problems in diagnostic radiology","Curr Probl Diagn Radiol","Journal Article","Prostate Imaging","No",""
"36505875","10.3389/fonc.2022.961985","Singh D","2022","Machine learning-based analysis of a semi-automated PI-RADS v2.1 scoring for prostate cancer.","Frontiers in oncology","Front Oncol","Journal Article","Prostate Imaging","No",""
"34255130","10.1007/s00259-021-05430-z","Solari EL","2022","The added value of PSMA PET/MR radiomics for prostate cancer staging.","European journal of nuclear medicine and molecular imaging","Eur J Nucl Med Mol Imaging","Journal Article","Prostate Imaging","No",""
"35909214","10.1186/s41747-022-00288-8","Sunoqrot MRS","2022","Artificial intelligence for prostate MRI: open datasets, available applications, and grand challenges.","European radiology experimental","Eur Radiol Exp","Journal Article; Research Support, Non-U.S. Gov't; Review","Prostate Imaging","No",""
"35475912","10.1007/s00259-022-05806-9","Tragardh E","2022","Freely available artificial intelligence for pelvic lymph node metastases in PSMA PET-CT that performs on par with nuclear medicine physicians.","European journal of nuclear medicine and molecular imaging","Eur J Nucl Med Mol Imaging","Journal Article","Prostate Imaging","No",""
"36230761","10.3390/cancers14194838","Tran VT","2022","(68)Ga-PSMA-11 PET/CT Features Extracted from Different Radiomic Zones Predict Response to Androgen Deprivation Therapy in Patients with Advanced Prostate Cancer.","Cancers","Cancers (Basel)","Journal Article","Prostate Imaging","No",""
"34860562","10.1259/bjr.20210563","Turkbey B","2022","Deep learning-based artificial intelligence applications in prostate MRI: brief summary.","The British journal of radiology","Br J Radiol","Journal Article; Review","Prostate Imaging","No",""
"34877870","10.2214/AJR.21.26917","Turkbey B","2022","Artificial Intelligence for Automated Cancer Detection on Prostate MRI: Opportunities and Ongoing Challenges, From the AJR Special Series on AI Applications.","AJR. American journal of roentgenology","AJR Am J Roentgenol","Journal Article; Review","Prostate Imaging","No",""
"34538094","10.1259/bjr.20210653","Ueno Y","2022","Diffusion and quantification of diffusion of prostate cancer.","The British journal of radiology","Br J Radiol","Journal Article; Review","Prostate Imaging","No",""
"36148705","10.1016/j.media.2022.102620","Vesal S","2022","Domain generalization for prostate segmentation in transrectal ultrasound images: A multi-center study.","Medical image analysis","Med Image Anal","Journal Article; Multicenter Study; Research Support, N.I.H., Extramural; Research Support, Non-U.S. Gov't","Prostate Imaging","No",""
"35119914","10.1259/bjr.20210816","Wang L","2022","Quality in MR reporting of the prostate - improving acquisition, the role of AI and future perspectives.","The British journal of radiology","Br J Radiol","Journal Article; Review","Prostate Imaging","No",""
"36457489","10.3389/fonc.2022.1018833","Wang Z","2022","Evaluation of a radiomics nomogram derived from Fluoride-18 PSMA-1007 PET/CT for risk stratification in newly diagnosed prostate cancer.","Frontiers in oncology","Front Oncol","Journal Article","Prostate Imaging","No",""
"37492662","10.3389/fradi.2022.919133","Woznicki P","2022","AutoRadiomics: A Framework for Reproducible Radiomics Research.","Frontiers in radiology","Front Radiol","Journal Article","Prostate Imaging","No",""
"36543901","10.1186/s13244-022-01340-2","Wu C","2022","Automatic segmentation of prostate zonal anatomy on MRI: a systematic review of the literature.","Insights into imaging","Insights Imaging","Journal Article","Prostate Imaging","No",""
"36018488","10.1007/s11547-022-01541-1","Yao F","2022","Machine learning-based radiomics for multiple primary prostate cancer biological characteristics prediction with (18)F-PSMA-1007 PET: comparison among different volume segmentation thresholds.","La Radiologia medica","Radiol Med","Journal Article","Prostate Imaging","No",""
"34845536","10.1007/s00259-021-05631-6","Yi Z","2022","Machine learning-based prediction of invisible intraprostatic prostate cancer lesions on (68) Ga-PSMA-11 PET/CT in patients with primary prostate cancer.","European journal of nuclear medicine and molecular imaging","Eur J Nucl Med Mol Imaging","Journal Article","Prostate Imaging","No",""
"36175753","10.1186/s13550-022-00936-5","Zang S","2022","Development and validation of (68)Ga-PSMA-11 PET/CT-based radiomics model to detect primary prostate cancer.","EJNMMI research","EJNMMI Res","Journal Article","Prostate Imaging","No",""
"35467572","10.1097/RLI.0000000000000878","Zhang KS","2022","Pseudoprospective Paraclinical Interaction of Radiology Residents With a Deep Learning System for Prostate Cancer Detection: Experience, Performance, and Identification of the Need for Intermittent Recalibration.","Investigative radiology","Invest Radiol","Journal Article; Research Support, Non-U.S. Gov't","Prostate Imaging","No",""
"36553012","10.3390/diagnostics12123005","Zhang L","2022","MRI-Based Radiomics Nomogram for Predicting Prostate Cancer with Gray-Zone Prostate-Specific Antigen Levels to Reduce Unnecessary Biopsies.","Diagnostics (Basel, Switzerland)","Diagnostics (Basel)","Journal Article","Prostate Imaging","No",""
"34160114","10.1002/jmri.27793","Zheng H","2022","Integrative Machine Learning Prediction of Prostate Biopsy Results From Negative Multiparametric MRI.","Journal of magnetic resonance imaging : JMRI","J Magn Reson Imaging","Journal Article; Research Support, N.I.H., Extramural; Research Support, Non-U.S. Gov't","Prostate Imaging","No",""
"36249048","10.3389/fonc.2022.958065","Zhu L","2022","Fully automated detection and localization of clinically significant prostate cancer on MR images using a cascaded convolutional neural network.","Frontiers in oncology","Front Oncol","Journal Article","Prostate Imaging","No",""
"34922897","10.1016/j.euf.2021.11.005","de Rooij M","2022","Risk Stratification and Artificial Intelligence in Early Magnetic Resonance Imaging-based Detection of Prostate Cancer.","European urology focus","Eur Urol Focus","Journal Article","Prostate Imaging","No",""
"35039648","10.1038/s41598-022-04951-3","Akatsuka J","2022","A data-driven ultrasound approach discriminates pathological high grade prostate cancer.","Scientific reports","Sci Rep","Journal Article; Research Support, Non-U.S. Gov't","Prostate Pathology","No",""
"34783053","10.1002/pros.24266","Aussavavirojekul P","2022","Optimization of clinical risk-factor interpretation and radiological findings with machine learning for PIRADS category 3 patients.","The Prostate","Prostate","Journal Article","Prostate Pathology","No",""
"35420303","10.1007/s00330-022-08712-8","Bleker J","2022","A deep learning masked segmentation alternative to manual segmentation in biparametric MRI prostate cancer radiomics.","European radiology","Eur Radiol","Journal Article; Multicenter Study","Prostate Pathology","No",""
"35027755","10.1038/s41591-021-01620-2","Bulten W","2022","Artificial intelligence for diagnosis and Gleason grading of prostate cancer: the PANDA challenge.","Nature medicine","Nat Med","Journal Article; Research Support, Non-U.S. Gov't","Prostate Pathology","No",""
"35875103","10.3389/fonc.2022.941349","Chen S","2022","Machine Learning-Based Models Enhance the Prediction of Prostate Cancer.","Frontiers in oncology","Front Oncol","Journal Article","Prostate Pathology","No",""
"34267331","10.1038/s41391-021-00429-x","Chiu PK","2022","Enhancement of prostate cancer diagnosis by machine learning techniques: an algorithm development and validation study.","Prostate cancer and prostatic diseases","Prostate Cancer Prostatic Dis","Journal Article","Prostate Pathology","No",""
"35961871","10.1016/j.eururo.2022.07.028","Dasgupta P","2022","Re: Artificial Intelligence for Diagnosis and Gleason Grading of Prostate Cancer: The PANDA Challenge.","European urology","Eur Urol","Journal Article","Prostate Pathology","No",""
"34591085","10.5858/arpa.2020-0850-OA","Dov D","2022","A Hybrid Human-Machine Learning Approach for Screening Prostate Biopsies Can Improve Clinical Efficiency Without Compromising Diagnostic Accuracy.","Archives of pathology & laboratory medicine","Arch Pathol Lab Med","Journal Article; Review","Prostate Pathology","No",""
"35867236","10.1007/s10334-022-01031-5","Dwivedi DK","2022","Emerging MR methods for improved diagnosis of prostate cancer by multiparametric MRI.","Magma (New York, N.Y.)","MAGMA","Journal Article; Review","Prostate Pathology","No",""
"35326686","10.3390/cancers14061535","Gaba F","2022","Raman Spectroscopy in Prostate Cancer: Techniques, Applications and Advancements.","Cancers","Cancers (Basel)","Journal Article; Review","Prostate Pathology","No",""
"35950408","10.19723/j.issn.1671-167X.2022.04.033","Hao Z","2022","[Application of Raman-based technologies in the detection of urological tumors].","Beijing da xue xue bao. Yi xue ban = Journal of Peking University. Health sciences","Beijing Da Xue Xue Bao Yi Xue Ban","Journal Article","Prostate Pathology","No",""
"36288685","10.1016/j.cmpb.2022.107184","Huang H","2022","Fast detection method for prostate cancer cells based on an integrated ResNet50 and YoloV5 framework.","Computer methods and programs in biomedicine","Comput Methods Programs Biomed","Journal Article","Prostate Pathology","No",""
"35192404","10.1200/CCI.21.00131","Huang W","2022","A Novel Artificial Intelligence-Powered Method for Prediction of Early Recurrence of Prostate Cancer After Prostatectomy and Cancer Drivers.","JCO clinical cancer informatics","JCO Clin Cancer Inform","Journal Article; Research Support, Non-U.S. Gov't","Prostate Pathology","No",""
"36237311","10.3389/fonc.2022.994950","Huang X","2022","Fusing hand-crafted and deep-learning features in a convolutional neural network model to identify prostate cancer in pathology images.","Frontiers in oncology","Front Oncol","Journal Article","Prostate Pathology","No",""
"34783976","10.1007/s11548-021-02485-z","Javadi G","2022","Towards targeted ultrasound-guided prostate biopsy by incorporating model and label uncertainty in cancer detection.","International journal of computer assisted radiology and surgery","Int J Comput Assist Radiol Surg","Journal Article","Prostate Pathology","No",""
"35881210","10.1007/s11548-022-02707-y","Javadi G","2022","Training deep neural networks with noisy clinical labels: toward accurate detection of prostate cancer in US data.","International journal of computer assisted radiology and surgery","Int J Comput Assist Radiol Surg","Journal Article","Prostate Pathology","No",""
"34463809","10.1007/s00259-021-05497-8","Johnsson K","2022","Analytical performance of aPROMISE: automated anatomic contextualization, detection, and quantification of [(18)F]DCFPyL (PSMA) imaging for standardized reporting.","European journal of nuclear medicine and molecular imaging","Eur J Nucl Med Mol Imaging","Clinical Trial, Phase II; Clinical Trial, Phase III; Journal Article","Prostate Pathology","Yes","PSMA PET quantification and lesion support"
"35487950","10.1038/s41379-022-01077-9","Jung M","2022","Artificial intelligence system shows performance at the level of uropathologists for the detection and grading of prostate cancer in core needle biopsy: an independent external validation study.","Modern pathology : an official journal of the United States and Canadian Academy of Pathology, Inc","Mod Pathol","Journal Article","Prostate Pathology","No",""
"35449363","10.1007/s00428-022-03326-3","Kartasalo K","2022","Detection of perineural invasion in prostate needle biopsies with deep neural networks.","Virchows Archiv : an international journal of pathology","Virchows Arch","Journal Article","Prostate Pathology","No",""
"35976392","10.1007/s00259-022-05927-1","Kendrick J","2022","Fully automatic prognostic biomarker extraction from metastatic prostate lesion segmentations in whole-body [(68)Ga]Ga-PSMA-11 PET/CT images.","European journal of nuclear medicine and molecular imaging","Eur J Nucl Med Mol Imaging","Journal Article","Prostate Pathology","No",""
"36424622","10.1186/s13037-022-00345-6","Kudo MS","2022","The value of artificial intelligence for detection and grading of prostate cancer in human prostatectomy specimens: a validation study.","Patient safety in surgery","Patient Saf Surg","Journal Article","Prostate Pathology","No",""
"35832894","10.1016/j.isci.2022.104663","Liu B","2022","Using deep learning to detect patients at risk for prostate cancer despite benign biopsies.","iScience","iScience","Journal Article","Prostate Pathology","No",""
"36257091","10.1016/j.compmedimag.2022.102125","Lu X","2022","Ultrasonographic pathological grading of prostate cancer using automatic region-based Gleason grading network.","Computerized medical imaging and graphics : the official journal of the Computerized Medical Imaging Society","Comput Med Imaging Graph","Journal Article; Research Support, Non-U.S. Gov't","Prostate Pathology","No",""
"35178455","10.1155/2022/7943609","Marinkovic M","2022","Comparison of Different Machine Learning Models in Prediction of Postirradiation Recurrence in Prostate Carcinoma Patients.","BioMed research international","Biomed Res Int","Journal Article","Prostate Pathology","No",""
"34547922","10.1097/JU.0000000000002205","Martini A","2022","An Algorithm to Personalize Nerve Sparing in Men with Unilateral High-Risk Prostate Cancer.","The Journal of urology","J Urol","Journal Article","Prostate Pathology","No",""
"34715689","10.1088/2057-1976/ac34da","Motley R","2022","A feasibility study on the development and use of a deep learning model to automate real-time monitoring of tumor position and assessment of interfraction fiducial marker migration in prostate radiotherapy patients().","Biomedical physics & engineering express","Biomed Phys Eng Express","Journal Article","Prostate Pathology","No",""
"36569545","10.1016/j.patter.2022.100642","Oner MU","2022","An AI-assisted tool for efficient prostate cancer diagnosis in low-grade and low-volume cases.","Patterns (New York, N.Y.)","Patterns (N Y)","Journal Article","Prostate Pathology","No",""
"36344188","10.1016/j.path.2022.08.001","Patel AU","2022","Applications of Digital and Computational Pathology and Artificial Intelligence in Genitourinary Pathology Diagnostics.","Surgical pathology clinics","Surg Pathol Clin","Journal Article; Review","Prostate Pathology","No",""
"36179281","10.1200/CCI.22.00016","Paulson N","2022","Prediction of Adverse Pathology at Radical Prostatectomy in Grade Group 2 and 3 Prostate Biopsies Using Machine Learning.","JCO clinical cancer informatics","JCO Clin Cancer Inform","Journal Article","Prostate Pathology","No",""
"36045491","10.1117/1.JBO.27.9.095003","Picot F","2022","Image-guided Raman spectroscopy navigation system to improve transperineal prostate cancer detection. Part 1: Raman spectroscopy fiber-optics system and in situ tissue characterization.","Journal of biomedical optics","J Biomed Opt","Journal Article; Research Support, Non-U.S. Gov't","Prostate Pathology","No",""
"35693032","10.1038/s43856-022-00126-3","Pinckaers H","2022","Predicting biochemical recurrence of prostate cancer with artificial intelligence.","Communications medicine","Commun Med (Lond)","Journal Article","Prostate Pathology","No",""
"35506596","10.1002/mp.15698","Qin C","2022","A novel registration-based algorithm for prostate segmentation via the combination of SSM and CNN.","Medical physics","Med Phys","Journal Article","Prostate Pathology","No",""
"35463378","10.3389/fonc.2022.772403","Qiu Y","2022","Automatic Prostate Gleason Grading Using Pyramid Semantic Parsing Network in Digital Histopathology.","Frontiers in oncology","Front Oncol","Journal Article","Prostate Pathology","No",""
"36428686","10.3390/cancers14225595","Rabaan AA","2022","Artificial Intelligence for Clinical Diagnosis and Treatment of Prostate Cancer.","Cancers","Cancers (Basel)","Journal Article; Review","Prostate Pathology","No",""
"36371184","10.1186/s12859-022-04992-5","Rammal A","2022","Machine learning techniques on homological persistence features for prostate cancer diagnosis.","BMC bioinformatics","BMC Bioinformatics","Journal Article","Prostate Pathology","No",""
"35176252","10.1016/j.humpath.2022.01.009","Ruder S","2022","Development and validation of a quantitative reactive stroma biomarker (qRS) for prostate cancer prognosis.","Human pathology","Hum Pathol","Journal Article; Research Support, N.I.H., Extramural; Research Support, Non-U.S. Gov't","Prostate Pathology","No",""
"35735445","10.3390/curroncol29060336","Secasan CC","2022","Artificial Intelligence System for Predicting Prostate Cancer Lesions from Shear Wave Elastography Measurements.","Current oncology (Toronto, Ont.)","Curr Oncol","Journal Article","Prostate Pathology","No",""
"35233002","10.1038/s41598-022-07217-0","Singhal N","2022","A deep learning system for prostate cancer diagnosis and grading in whole slide images of core needle biopsies.","Scientific reports","Sci Rep","Journal Article","Prostate Pathology","No",""
"36040195","10.1093/jamia/ocac141","Song SH","2022","A smart, practical, deep learning-based clinical decision support tool for patients in the prostate-specific antigen gray zone: model development and validation.","Journal of the American Medical Informatics Association : JAMIA","J Am Med Inform Assoc","Journal Article; Research Support, Non-U.S. Gov't","Prostate Pathology","No",""
"35344123","10.1007/s11548-022-02606-2","To MNN","2022","Coarse label refinement for improving prostate cancer detection in ultrasound imaging.","International journal of computer assisted radiology and surgery","Int J Comput Assist Radiol Surg","Journal Article","Prostate Pathology","No",""
"35505115","10.1007/s00330-022-08808-1","To MNN","2022","Biparametric MR signal characteristics can predict histopathological measures of prostate cancer.","European radiology","Eur Radiol","Journal Article; Retracted Publication","Prostate Pathology","No",""
"35328321","10.3390/diagnostics12030768","Tsuneki M","2022","A Deep Learning Model for Prostate Adenocarcinoma Classification in Needle Biopsy Whole-Slide Images Using Transfer Learning.","Diagnostics (Basel, Switzerland)","Diagnostics (Basel)","Journal Article","Prostate Pathology","No",""
"36230666","10.3390/cancers14194744","Tsuneki M","2022","Transfer Learning for Adenocarcinoma Classifications in the Transurethral Resection of Prostate Whole-Slide Images.","Cancers","Cancers (Basel)","Journal Article","Prostate Pathology","No",""
"34853071","10.1158/0008-5472.CAN-21-2843","Xie W","2022","Prostate Cancer Risk Stratification via Nondestructive 3D Pathology with Deep Learning-Assisted Gland Analysis.","Cancer research","Cancer Res","Journal Article; Research Support, N.I.H., Extramural; Research Support, Non-U.S. Gov't; Research Support, U.S. Gov't, Non-P.H.S.","Prostate Pathology","No",""
"35463339","10.3389/fonc.2022.785684","Zhuang J","2022","Machine Learning-Based Prediction of Pathological Upgrade From Combined Transperineal Systematic and MRI-Targeted Prostate Biopsy to Final Pathology: A Multicenter Retrospective Study.","Frontiers in oncology","Front Oncol","Journal Article","Prostate Pathology","No",""
"36575209","10.1038/s41598-022-27007-y","Zong W","2022","Prostate cancer malignancy detection and localization from mpMRI using auto-deep learning as one step closer to clinical utilization.","Scientific reports","Sci Rep","Journal Article; Research Support, Non-U.S. Gov't","Prostate Pathology","No",""
"35324610","10.3390/jimaging8030055","Abdelrahman A","2022","Kidney Tumor Semantic Segmentation Using Deep Learning: A Survey of State-of-the-Art.","Journal of imaging","J Imaging","Journal Article","Renal/Kidney","No",""
"35892868","10.3390/cancers14153609","Alhussaini AJ","2022","Comparative Analysis for the Distinction of Chromophobe Renal Cell Carcinoma from Renal Oncocytoma in Computed Tomography Imaging Using Machine Learning Radiomics Analysis.","Cancers","Cancers (Basel)","Journal Article","Renal/Kidney","No",""
"36120414","10.1117/1.JMI.9.5.054501","Alnazer I","2022","Usefulness of computed tomography textural analysis in renal cell carcinoma nuclear grading.","Journal of medical imaging (Bellingham, Wash.)","J Med Imaging (Bellingham)","Journal Article","Renal/Kidney","No",""
"35869307","10.1007/s00261-022-03610-5","Anari PY","2022","An MRI-based radiomics model to predict clear cell renal cell carcinoma growth rate classes in patients with von Hippel-Lindau syndrome.","Abdominal radiology (New York)","Abdom Radiol (NY)","Journal Article","Renal/Kidney","No",""
"36551318","10.3390/biom12121890","Bai Z","2022","Identification and Validation of Cuproptosis-Related LncRNA Signatures in the Prognosis and Immunotherapy of Clear Cell Renal Cell Carcinoma Using Machine Learning.","Biomolecules","Biomolecules","Journal Article; Research Support, Non-U.S. Gov't","Renal/Kidney","No",""
"35061892","10.1093/jalm/jfab177","Bosma M","2022","Prediction of the Values of CRP, eGFR, and Hemoglobin in the Follow-Up of Renal Cell Carcinoma Patients after (Cryo)Surgery Using Machine Learning Algorithms.","The journal of applied laboratory medicine","J Appl Lab Med","Journal Article","Renal/Kidney","No",""
"36314024","10.3389/fmed.2022.974485","Budai BK","2022","Radiomics analysis of contrast-enhanced CT scans can distinguish between clear cell and non-clear cell renal cell carcinoma in different imaging protocols.","Frontiers in medicine","Front Med (Lausanne)","Journal Article","Renal/Kidney","No",""
"35589469","10.1016/j.purol.2022.04.001","Carlier M","2022","A pilot study investigating the feasibility of using a fully automatic software to assess the RENAL and PADUA score.","Progres en urologie : journal de l'Association francaise d'urologie et de la Societe francaise d'urologie","Prog Urol","Journal Article","Renal/Kidney","No",""
"35183395","10.1016/j.eururo.2022.01.043","Carlo MI","2022","Phase II Study of Neoadjuvant Nivolumab in Patients with Locally Advanced Clear Cell Renal Cell Carcinoma Undergoing Nephrectomy.","European urology","Eur Urol","Clinical Trial, Phase II; Journal Article; Research Support, N.I.H., Extramural; Research Support, Non-U.S. Gov't","Renal/Kidney","No",""
"34824449","10.1038/s41416-021-01640-2","Chen S","2022","Machine learning-based pathomics signature could act as a novel prognostic marker for patients with clear cell renal cell carcinoma.","British journal of cancer","Br J Cancer","Journal Article; Research Support, Non-U.S. Gov't","Renal/Kidney","No",""
"35197975","10.3389/fimmu.2022.798471","Chen S","2022","Robust Prediction of Prognosis and Immunotherapeutic Response for Clear Cell Renal Cell Carcinoma Through Deep Learning Algorithm.","Frontiers in immunology","Front Immunol","Journal Article; Research Support, Non-U.S. Gov't","Renal/Kidney","No",""
"36158103","10.1016/j.heliyon.2022.e10578","Chen S","2022","Machine learning-based prognosis signature for survival prediction of patients with clear cell renal cell carcinoma.","Heliyon","Heliyon","Journal Article","Renal/Kidney","No",""
"36118874","10.3389/fgene.2022.982162","Cheng X","2022","Novel amino acid metabolism-related gene signature to predict prognosis in clear cell renal cell carcinoma.","Frontiers in genetics","Front Genet","Journal Article","Renal/Kidney","No",""
"35280651","10.21037/tau-21-713","Cianflone F","2022","Radiomic and gEnomic approaches for the enhanced DIagnosis of clear cell REnal Cancer (REDIRECt): a translational pilot methodological study.","Translational andrology and urology","Transl Androl Urol","Journal Article","Renal/Kidney","No",""
"36358805","10.3390/cancers14215387","De Filippis R","2022","Use of High-Plex Data Reveals Novel Insights into the Tumour Microenvironment of Clear Cell Renal Cell Carcinoma.","Cancers","Cancers (Basel)","Journal Article","Renal/Kidney","No",""
"34757449","10.1007/s00330-021-08344-4","Demirjian NL","2022","CT-based radiomics stratification of tumor grade and TNM stage of clear cell renal cell carcinoma.","European radiology","Eur Radiol","Journal Article","Renal/Kidney","No",""
"36465636","10.3389/fendo.2022.1054358","Feng X","2022","Development and validation of a machine learning model to predict the risk of lymph node metastasis in renal carcinoma.","Frontiers in endocrinology","Front Endocrinol (Lausanne)","Journal Article; Research Support, Non-U.S. Gov't","Renal/Kidney","No",""
"36177018","10.3389/fimmu.2022.956679","Gao J","2022","A radiogenomics biomarker based on immunological heterogeneity for non-invasive prognosis of renal clear cell carcinoma.","Frontiers in immunology","Front Immunol","Journal Article; Research Support, Non-U.S. Gov't","Renal/Kidney","No",""
"35719928","10.3389/fonc.2022.854979","Gao Y","2022","Differential Diagnosis of Type 1 and Type 2 Papillary Renal Cell Carcinoma Based on Enhanced CT Radiomics Nomogram.","Frontiers in oncology","Front Oncol","Journal Article","Renal/Kidney","No",""
"35159060","10.3390/cancers14030793","Gopal N","2022","The Next Paradigm Shift in the Management of Clear Cell Renal Cancer: Radiogenomics-Definition, Current Advances, and Future Directions.","Cancers","Cancers (Basel)","Journal Article; Review","Renal/Kidney","No",""
"35216964","10.1016/j.acuroe.2022.02.001","Gunduz N","2022","Radiomics improves the utility of ADC for differentiation between renal oncocytoma and chromophobe renal cell carcinoma: Preliminary findings.","Actas urologicas espanolas","Actas Urol Esp (Engl Ed)","Journal Article","Renal/Kidney","No",""
"35219511","10.1016/j.ultrasmedbio.2022.01.011","Habibollahi P","2022","Hyperechoic Renal Masses: Differentiation of Angiomyolipomas from Renal Cell Carcinomas using Tumor Size and Ultrasound Radiomics.","Ultrasound in medicine & biology","Ultrasound Med Biol","Journal Article","Renal/Kidney","No",""
"35834111","10.1007/s11547-022-01526-0","Han D","2022","Performance of CT radiomics in predicting the overall survival of patients with stage III clear cell renal carcinoma after radical nephrectomy.","La Radiologia medica","Radiol Med","Journal Article","Renal/Kidney","No",""
"34968146","10.1097/JU.0000000000002390","Heller N","2022","Computer-Generated R.E.N.A.L. Nephrometry Scores Yield Comparable Predictive Results to Those of Human-Expert Scores in Predicting Oncologic and Perioperative Outcomes.","The Journal of urology","J Urol","Journal Article; Research Support, N.I.H., Extramural; Research Support, U.S. Gov't, Non-P.H.S.","Renal/Kidney","Yes","Renal radiomics and renal-mass prediction"
"37091743","10.3390/app12199824","Ibrahim A","2022","The Impact of Image Acquisition Parameters and ComBat Harmonization on the Predictive Performance of Radiomics: A Renal Cell Carcinoma Model.","Applied sciences (Basel, Switzerland)","Appl Sci (Basel)","Journal Article","Renal/Kidney","No",""
"36466509","10.3389/fpubh.2022.1015952","Ji L","2022","Bone metastasis risk and prognosis assessment models for kidney cancer based on machine learning.","Frontiers in public health","Front Public Health","Journal Article; Research Support, Non-U.S. Gov't","Renal/Kidney","No",""
"35719934","10.3389/fonc.2022.876664","Jian L","2022","MRI-Based Radiomics and Urine Creatinine for the Differentiation of Renal Angiomyolipoma With Minimal Fat From Renal Cell Carcinoma: A Preliminary Study.","Frontiers in oncology","Front Oncol","Journal Article","Renal/Kidney","No",""
"34739724","10.22037/uj.v18i.6825","Jiao L","2022","The Prognosis and Immune Microenvironment Related Factor Interleukin-23 in Clear Cell Renal Cell Carcinoma: A Radiological Investigation.","Urology journal","Urol J","Journal Article","Renal/Kidney","No",""
"35940363","10.1016/j.jvir.2022.07.027","Keshavamurthy KN","2022","Evaluation of an Integrated Spectroscopy and Classification Platform for Point-of-Care Core Needle Biopsy Assessment: Performance Characteristics from Ex Vivo Renal Mass Biopsies.","Journal of vascular and interventional radiology : JVIR","J Vasc Interv Radiol","Journal Article","Renal/Kidney","No",""
"36100881","10.1186/s12911-022-01964-w","Kim HM","2022","Machine learning-based prediction model for late recurrence after surgery in patients with renal cell carcinoma.","BMC medical informatics and decision making","BMC Med Inform Decis Mak","Journal Article; Research Support, Non-U.S. Gov't","Renal/Kidney","No",""
"35697856","10.1007/s00261-022-03571-9","Kim TM","2022","Differentiating renal epithelioid angiomyolipoma from clear cell carcinoma: using a radiomics model combined with CT imaging characteristics.","Abdominal radiology (New York)","Abdom Radiol (NY)","Journal Article","Renal/Kidney","No",""
"35311142","10.3389/fonc.2022.847805","Li C","2022","An Ultrasonic-Based Radiomics Nomogram for Distinguishing Between Benign and Malignant Solid Renal Masses.","Frontiers in oncology","Front Oncol","Journal Article","Renal/Kidney","No",""
"36547129","10.3390/curroncol29120715","Li H","2022","A Novel, Simple, and Low-Cost Approach for Machine Learning Screening of Kidney Cancer: An Eight-Indicator Blood Test Panel with Predictive Value for Early Diagnosis.","Current oncology (Toronto, Ont.)","Curr Oncol","Journal Article; Research Support, Non-U.S. Gov't","Renal/Kidney","No",""
"34735296","10.1259/bjr.20210534","Li X","2022","A CT-based radiomics nomogram for differentiation of renal oncocytoma and chromophobe renal cell carcinoma with a central scar-matched study.","The British journal of radiology","Br J Radiol","Journal Article; Multicenter Study","Renal/Kidney","No",""
"35210855","10.2147/CMAR.S348694","Li X","2022","Integrative Analysis of Peripheral Blood Indices for the Renal Sinus Invasion Prediction of T1 Renal Cell Carcinoma: An Ensemble Study Using Machine Learning-Assisted Decision-Support Models.","Cancer management and research","Cancer Manag Res","Journal Article","Renal/Kidney","No",""
"35766531","10.2214/AJR.22.27695","Liu X","2022","Radiomics in Abdominopelvic Solid-Organ Oncologic Imaging: Current Status.","AJR. American journal of roentgenology","AJR Am J Roentgenol","Journal Article; Review","Renal/Kidney","No",""
"34636962","10.1007/s00330-021-08322-w","Luo S","2022","Fuhrman nuclear grade prediction of clear cell renal cell carcinoma: influence of volume of interest delineation strategies on machine learning-based dynamic enhanced CT radiomics analysis.","European radiology","Eur Radiol","Journal Article","Renal/Kidney","No",""
"35237524","10.3389/fonc.2022.831112","Ma Y","2022","Predicting the WHO/ISUP Grade of Clear Cell Renal Cell Carcinoma Through CT-Based Tumoral and Peritumoral Radiomics.","Frontiers in oncology","Front Oncol","Journal Article","Renal/Kidney","No",""
"34582343","10.5489/cuaj.7467","Malone ER","2022","Predictive radiomics signature for treatment response to nivolumab in patients with advanced renal cell carcinoma.","Canadian Urological Association journal = Journal de l'Association des urologues du Canada","Can Urol Assoc J","Journal Article","Renal/Kidney","No",""
"35723716","10.1007/s00261-022-03577-3","Massa'a RN","2022","Differentiation of benign from malignant solid renal lesions with MRI-based radiomics and machine learning.","Abdominal radiology (New York)","Abdom Radiol (NY)","Journal Article","Renal/Kidney","No",""
"35426498","10.1007/s00261-022-03486-5","Matsumoto S","2022","Utility of radiomics features of diffusion-weighted magnetic resonance imaging for differentiation of fat-poor angiomyolipoma from clear cell renal cell carcinoma: model development and external validation.","Abdominal radiology (New York)","Abdom Radiol (NY)","Journal Article; Multicenter Study","Renal/Kidney","No",""
"34647146","10.1007/s00261-021-03293-4","Ming Y","2022","A combined postoperative nomogram for survival prediction in clear cell renal carcinoma.","Abdominal radiology (New York)","Abdom Radiol (NY)","Journal Article; Randomized Controlled Trial; Research Support, Non-U.S. Gov't","Renal/Kidney","No",""
"36073216","10.12122/j.issn.1673-4254.2022.08.09","Mo T","2022","[A discrimination model for differentiation of renal cell carcinoma from renal angiomyolipoma without visible fat: based on hierarchical fusion framework of multi-classifier].","Nan fang yi ke da xue xue bao = Journal of Southern Medical University","Nan Fang Yi Ke Da Xue Xue Bao","Journal Article","Renal/Kidney","No",""
"35203443","10.3390/biomedicines10020233","Moisoiu T","2022","SERS Liquid Biopsy Profiling of Serum for the Diagnosis of Kidney Cancer.","Biomedicines","Biomedicines","Journal Article","Renal/Kidney","No",""
"34538748","10.1016/j.euf.2021.09.004","Nassiri N","2022","A Radiomic-based Machine Learning Algorithm to Reliably Differentiate Benign Renal Masses from Renal Cell Carcinoma.","European urology focus","Eur Urol Focus","Journal Article","Renal/Kidney","No",""
"36420068","10.3892/ol.2022.13566","Negreros-Osuna AA","2022","Clinical-radiomic model in advanced kidney cancer predicts response to tyrosine kinase inhibitors.","Oncology letters","Oncol Lett","Journal Article","Renal/Kidney","No",""
"35184396","10.1002/ctm2.666","Prade VM","2022","The synergism of spatial metabolomics and morphometry improves machine learning-based renal tumour subtype classification.","Clinical and translational medicine","Clin Transl Med","Letter; Research Support, Non-U.S. Gov't","Renal/Kidney","No",""
"35580292","10.1200/EDBK_350862","Rasmussen R","2022","Artificial Intelligence in Kidney Cancer.","American Society of Clinical Oncology educational book. American Society of Clinical Oncology. Annual Meeting","Am Soc Clin Oncol Educ Book","Journal Article","Renal/Kidney","No",""
"35304638","10.1007/s00330-022-08579-9","Roblot V","2022","Validation of a deep learning segmentation algorithm to quantify the skeletal muscle index and sarcopenia in metastatic renal carcinoma.","European radiology","Eur Radiol","Journal Article; Observational Study","Renal/Kidney","No",""
"35734586","10.3389/fonc.2022.863534","Sun Z","2022","Preoperative Prediction of Inferior Vena Cava Wall Invasion of Tumor Thrombus in Renal Cell Carcinoma: Radiomics Models Based on Magnetic Resonance Imaging.","Frontiers in oncology","Front Oncol","Journal Article","Renal/Kidney","No",""
"34935652","10.1097/RLI.0000000000000842","Toda N","2022","Deep Learning Algorithm for Fully Automated Detection of Small (</=4 cm) Renal Cell Carcinoma in Contrast-Enhanced Computed Tomography Using a Multicenter Database.","Investigative radiology","Invest Radiol","Journal Article; Multicenter Study","Renal/Kidney","No",""
"36090617","10.1016/j.ejro.2022.100440","Varghese B","2022","Feasibility of using CT radiomic signatures for predicting CD8-T cell infiltration and PD-L1 expression in renal cell carcinoma.","European journal of radiology open","Eur J Radiol Open","Journal Article","Renal/Kidney","No",""
"36686417","10.3389/fendo.2022.1083569","Wang Z","2022","A clinical prediction model for predicting the risk of liver metastasis from renal cell carcinoma based on machine learning.","Frontiers in endocrinology","Front Endocrinol (Lausanne)","Journal Article; Research Support, Non-U.S. Gov't","Renal/Kidney","No",""
"34800150","10.1007/s00330-021-08353-3","Wu K","2022","A comprehensive texture feature analysis framework of renal cell carcinoma: pathological, prognostic, and genomic evaluation based on CT images.","European radiology","Eur Radiol","Journal Article","Renal/Kidney","No",""
"36226243","10.1155/2022/5676570","Xu C","2022","Establishment and Validation of a Machine Learning Prediction Model Based on Big Data for Predicting the Risk of Bone Metastasis in Renal Cell Carcinoma Patients.","Computational and mathematical methods in medicine","Comput Math Methods Med","Journal Article","Renal/Kidney","No",""
"39036450","10.1016/j.jncc.2022.07.001","Xu W","2022","The unique genomic landscape and prognostic mutational signature of Chinese clear cell renal cell carcinoma.","Journal of the National Cancer Center","J Natl Cancer Cent","Journal Article","Renal/Kidney","No",""
"35344062","10.1007/s00259-022-05773-1","Yang G","2022","The radiomics-based tumor heterogeneity adds incremental value to the existing prognostic models for predicting outcome in localized clear cell renal cell carcinoma: a multicenter study.","European journal of nuclear medicine and molecular imaging","Eur J Nucl Med Mol Imaging","Journal Article; Multicenter Study","Renal/Kidney","No",""
"35094674","10.1186/s12880-022-00741-5","Yang L","2022","A CT-based radiomics model for predicting renal capsule invasion in renal cell carcinoma.","BMC medical imaging","BMC Med Imaging","Journal Article; Research Support, Non-U.S. Gov't","Renal/Kidney","No",""
"36387121","10.3389/fonc.2022.979613","Yin F","2022","An exploratory study of CT radiomics using differential network feature selection for WHO/ISUP grading and progression-free survival prediction of clear cell renal cell carcinoma.","Frontiers in oncology","Front Oncol","Journal Article","Renal/Kidney","No",""
"36686790","10.3389/fonc.2022.1016583","Yu X","2022","Development and validation of A CT-based radiomics nomogram for prediction of synchronous distant metastasis in clear cell renal cell carcinoma.","Frontiers in oncology","Front Oncol","Journal Article","Renal/Kidney","No",""
"36096829","10.1186/s12894-022-01099-0","Yu Z","2022","A triple-classification for differentiating renal oncocytoma from renal cell carcinoma subtypes and CK7 expression evaluation: a radiomics analysis.","BMC urology","BMC Urol","Journal Article","Renal/Kidney","No",""
"36479115","10.3389/fimmu.2022.1020729","Zhang C","2022","Identification of a claudin-low subtype in clear cell renal cell carcinoma with implications for the evaluation of clinical outcomes and treatment efficacy.","Frontiers in immunology","Front Immunol","Journal Article; Research Support, Non-U.S. Gov't","Renal/Kidney","No",""
"38090650","10.1002/cai2.22","Zhang Y","2022","Machine learning-based prognostic and metastasis models of kidney cancer.","Cancer innovation","Cancer Innov","Journal Article","Renal/Kidney","No",""
"35941310","10.1007/s00464-022-09487-1","De Backer P","2022","Multicentric exploration of tool annotation in robotic surgery: lessons learned when starting a surgical artificial intelligence project.","Surgical endoscopy","Surg Endosc","Journal Article; Research Support, Non-U.S. Gov't","Surgical AI","No",""
"35168316","10.1590/S1677-5538.IBJU.2022.9910","Noel J","2022","Step-by-step optimisation of robotic-assisted radical prostatectomy using augmented reality.","International braz j urol : official journal of the Brazilian Society of Urology","Int Braz J Urol","Journal Article; Video-Audio Media","Surgical AI","No",""
"36035346","10.1016/j.ajur.2022.03.008","Puliatti S","2022","New imaging technologies for robotic kidney cancer surgery.","Asian journal of urology","Asian J Urol","Journal Article; Review","Surgical AI","No",""
"33858811","10.1016/j.euf.2021.04.001","Trinh L","2022","Survival Analysis Using Surgeon Skill Metrics and Patient Factors to Predict Urinary Continence Recovery After Robot-assisted Radical Prostatectomy.","European urology focus","Eur Urol Focus","Journal Article; Research Support, N.I.H., Extramural","Surgical AI","No",""
"35703817","10.1097/XCS.0000000000000190","Vedula SS","2022","Artificial Intelligence Methods and Artificial Intelligence-Enabled Metrics for Surgical Education: A Multidisciplinary Consensus.","Journal of the American College of Surgeons","J Am Coll Surg","Consensus Statement; Journal Article; Research Support, N.I.H., Extramural","Surgical AI","No",""
"34709538","10.1007/s11701-021-01316-2","Wang Y","2022","Evaluating robotic-assisted surgery training videos with multi-task convolutional neural networks.","Journal of robotic surgery","J Robot Surg","Journal Article","Surgical AI","No",""
"35262373","10.1089/end.2021.0798","Yang Y","2022","Mixed Reality: A Step Further for Planning Complex Renal Tumors (RENAL Nephrometry Score of 7 or Higher).","Journal of endourology","J Endourol","Journal Article; Randomized Controlled Trial; Research Support, Non-U.S. Gov't","Surgical AI","No",""
"37342078","10.2196/44047","Bachelot G","2023","A Machine Learning Approach for the Prediction of Testicular Sperm Extraction in Nonobstructive Azoospermia: Algorithm Development and Validation Study.","Journal of medical Internet research","J Med Internet Res","Journal Article","Andrology","No",""
"37138577","10.3389/fped.2023.1149318","Baray SB","2023","Automated measurement of penile curvature using deep learning-based novel quantification method.","Frontiers in pediatrics","Front Pediatr","Journal Article","Andrology","No",""
"37933835","10.5152/tud.2023.23171","Caglar U","2023","Assessing the Performance of Chat Generative Pretrained Transformer (ChatGPT) in Answering Andrology-Related Questions.","Urology research & practice","Urol Res Pract","Journal Article","Andrology","No",""
"36830285","10.3390/antibiotics12020375","Cai T","2023","Artificial Intelligence Can Guide Antibiotic Choice in Recurrent UTIs and Become an Important Aid to Improve Antimicrobial Stewardship.","Antibiotics (Basel, Switzerland)","Antibiotics (Basel)","Journal Article","Andrology","No",""
"36649928","10.5534/wjmh.220213","Calogero AE","2023","The Renaissance of Male Infertility Management in the Golden Age of Andrology.","The world journal of men's health","World J Mens Health","Journal Article; Review","Andrology","No",""
"37236418","10.1016/j.fertnstert.2023.05.157","Cherouveim P","2023","Artificial intelligence for sperm selection-a systematic review.","Fertility and sterility","Fertil Steril","Journal Article; Systematic Review","Andrology","No",""
"36637586","10.1007/s10815-023-02713-2","Curchoe CL","2023","Assuring quality in assisted reproduction laboratories: assessing the performance of ART Compass - a digital art staff management platform.","Journal of assisted reproduction and genetics","J Assist Reprod Genet","Journal Article","Andrology","No",""
"37443687","10.3390/diagnostics13132294","Distante A","2023","Artificial Intelligence in Renal Cell Carcinoma Histopathology: Current Applications and Future Perspectives.","Diagnostics (Basel, Switzerland)","Diagnostics (Basel)","Journal Article; Review","Andrology","No",""
"37595940","10.1016/j.neuroscience.2023.08.015","Feng S","2023","Altered White Matter Structural Network Connectivity Associated with Cognitive Declines in Psychogenic Erectile Dysfunction.","Neuroscience","Neuroscience","Journal Article; Research Support, Non-U.S. Gov't","Andrology","No",""
"37046855","10.3390/healthcare11070929","GhoshRoy D","2023","Unboxing Industry-Standard AI Models for Male Fertility Prediction with SHAP.","Healthcare (Basel, Switzerland)","Healthcare (Basel)","Journal Article","Andrology","No",""
"36534231","10.1007/s10815-022-02693-9","Gill ME","2023","Looking with new eyes: advanced microscopy and artificial intelligence in reproductive medicine.","Journal of assisted reproduction and genetics","J Assist Reprod Genet","Journal Article; Review","Andrology","No",""
"37484787","10.7759/cureus.42214","Golan R","2023","ChatGPT's Ability to Assess Quality and Readability of Online Medical Information: Evidence From a Cross-Sectional Study.","Cureus","Cureus","Journal Article","Andrology","No",""
"36867616","10.1371/journal.pone.0276815","Hasannejadasl H","2023","Development and external validation of multivariate prediction models for erectile dysfunction in men with localized prostate cancer.","PloS one","PLoS One","Journal Article; Research Support, Non-U.S. Gov't","Andrology","Yes","ED and sexual-function outcome prediction"
"37030538","10.1016/j.prro.2023.03.011","Hobbis D","2023","First Report On Physician Assessment and Clinical Acceptability of Custom-Retrained Artificial Intelligence Models for Clinical Target Volume and Organs-at-Risk Auto-Delineation for Postprostatectomy Patients.","Practical radiation oncology","Pract Radiat Oncol","Journal Article","Andrology","No",""
"36869577","10.1111/andr.13419","Hsu CT","2023","Development and integration of LensHooke((R)) R10 for automatic and standardized diagnosis for sperm DNA fragmentation.","Andrology","Andrology","Journal Article; Research Support, Non-U.S. Gov't","Andrology","No",""
"37880723","10.1186/s12944-023-01950-9","Huang Y","2023","Association between polyunsaturated fatty acid intake and the prevalence of erectile dysfunction: A cross-sectional analysis of the NHANES 2001-2004.","Lipids in health and disease","Lipids Health Dis","Journal Article","Andrology","No",""
"36778885","10.3389/fmicb.2023.1092143","Jia X","2023","Gene differential co-expression analysis of male infertility patients based on statistical and machine learning methods.","Frontiers in microbiology","Front Microbiol","Journal Article","Andrology","No",""
"36586006","10.1007/s10815-022-02685-9","Jiang VS","2023","Advancements in the future of automating micromanipulation techniques in the IVF laboratory using deep convolutional neural networks.","Journal of assisted reproduction and genetics","J Assist Reprod Genet","Journal Article","Andrology","No",""
"37211062","10.1016/j.fertnstert.2023.05.149","Jiang VS","2023","Artificial intelligence in the in vitro fertilization laboratory: a review of advancements over the last decade.","Fertility and sterility","Fertil Steril","Journal Article; Review","Andrology","No",""
"36810139","10.7554/eLife.83662","Liu H","2023","Development and evaluation of a live birth prediction model for evaluating human blastocysts from a retrospective study.","eLife","Elife","Journal Article","Andrology","No",""
"37307892","10.1016/j.fertnstert.2023.06.009","Lustgarten Guahmich N","2023","Improving outcomes of assisted reproductive technologies using artificial intelligence for sperm selection.","Fertility and sterility","Fertil Steril","Journal Article; Review","Andrology","No",""
"36892968","10.1530/EC-22-0537","Madsen A","2023","Biochemical identification of prepubertal boys with Klinefelter syndrome by combined reproductive hormone profiling using machine learning.","Endocrine connections","Endocr Connect","Journal Article","Andrology","No",""
"37514907","10.3390/s23146613","Mahali MI","2023","A Dual Architecture Fusion and AutoEncoder for Automatic Morphological Classification of Human Sperm.","Sensors (Basel, Switzerland)","Sensors (Basel)","Journal Article","Andrology","No",""
"36876730","10.1097/MOU.0000000000001090","Muin D","2023","PET in bladder cancer imaging.","Current opinion in urology","Curr Opin Urol","Journal Article; Review","Andrology","No",""
"36881738","10.1093/jsxmed/qdad017","Mulloy E","2023","Association between priapism and HIV disease and treatment.","The journal of sexual medicine","J Sex Med","Journal Article","Andrology","No",""
"36909306","10.3389/fendo.2023.1145533","Nixon B","2023","New horizons in human sperm selection for assisted reproduction.","Frontiers in endocrinology","Front Endocrinol (Lausanne)","Journal Article; Research Support, Non-U.S. Gov't; Review","Andrology","No",""
"36372298","10.1016/j.humpath.2022.11.004","Ohe C","2023","Deep learning-based predictions of clear and eosinophilic phenotypes in clear cell renal cell carcinoma.","Human pathology","Hum Pathol","Journal Article; Research Support, Non-U.S. Gov't","Andrology","No",""
"36922829","10.1186/s12958-023-01080-y","Peng T","2023","Machine learning-based clustering to identify the combined effect of the DNA fragmentation index and conventional semen parameters on in vitro fertilization outcomes.","Reproductive biology and endocrinology : RB&E","Reprod Biol Endocrinol","Journal Article","Andrology","No",""
"37227814","10.18632/aging.204749","Ran L","2023","Identification and validation of diagnostic signature genes in non-obstructive azoospermia by machine learning.","Aging","Aging (Albany NY)","Journal Article; Research Support, Non-U.S. Gov't","Andrology","No",""
"36974731","10.1002/cyto.a.24732","Rodriguez-Martinez EA","2023","A new computational approach, based on images trajectories, to identify the subjacent heterogeneity of sperm to the effects of ketanserin.","Cytometry. Part A : the journal of the International Society for Analytical Cytology","Cytometry A","Journal Article; Research Support, Non-U.S. Gov't","Andrology","No",""
"36226727","10.1097/MOU.0000000000001054","Schardein JN","2023","Evolution of the basic semen analysis and processing sperm.","Current opinion in urology","Curr Opin Urol","Journal Article; Review","Andrology","No",""
"37408534","10.3389/fcell.2023.1203708","Sengupta P","2023","Revolutionizing semen analysis: introducing Mojo AISA, the next-gen artificial intelligence microscopy.","Frontiers in cell and developmental biology","Front Cell Dev Biol","Journal Article","Andrology","No",""
"38639655","","Shen HP","2023","[Exploring the mechanisms of ferroptosis in non-obstructive azoospermia based on bioinformatics and machine learning].","Zhonghua nan ke xue = National journal of andrology","Zhonghua Nan Ke Xue","English Abstract; Journal Article","Andrology","No",""
"37705466","10.1080/14647273.2023.2256980","Si K","2023","Application of artificial intelligence in gametes and embryos selection.","Human fertility (Cambridge, England)","Hum Fertil (Camb)","Journal Article; Review","Andrology","No",""
"37854191","10.3389/fendo.2023.1108616","Tang Q","2023","Identifying potential biomarkers for non-obstructive azoospermia using WGCNA and machine learning algorithms.","Frontiers in endocrinology","Front Endocrinol (Lausanne)","Journal Article","Andrology","No",""
"37156762","10.1038/s41597-023-02173-4","Thambawita V","2023","VISEM-Tracking, a human spermatozoa tracking dataset.","Scientific data","Sci Data","Dataset; Journal Article","Andrology","No",""
"36703171","10.1186/s12958-023-01065-x","Tian T","2023","A Bayesian network model for prediction of low or failed fertilization in assisted reproductive technology based on a large clinical real-world data.","Reproductive biology and endocrinology : RB&E","Reprod Biol Endocrinol","Journal Article","Andrology","No",""
"36595077","10.1007/s00345-022-04275-x","Vittori G","2023","Computer-aided diagnosis in prostate cancer: a retrospective evaluation of the Watson Elementary((R)) system for preoperative tumor characterization in patients treated with robot-assisted radical prostatectomy.","World journal of urology","World J Urol","Journal Article","Andrology","No",""
"35715550","10.1007/s43032-022-01008-8","Zhou R","2023","A 3-Gene Random Forest Model to Diagnose Non-obstructive Azoospermia Based on Transcription Factor-Related Henes.","Reproductive sciences (Thousand Oaks, Calif.)","Reprod Sci","Journal Article; Research Support, Non-U.S. Gov't","Andrology","No",""
"38639663","","Zhu LQ","2023","[Comparative analysis of two assaysin detection of sperm DNA fragmentation index, flow cytometry and AI-based fluorescence microscopy, based on AO staining: A multicentre study].","Zhonghua nan ke xue = National journal of andrology","Zhonghua Nan Ke Xue","English Abstract; Journal Article; Multicenter Study","Andrology","No",""
"37312973","10.1016/j.phro.2023.100453","van den Berg I","2023","Deep learning for automated contouring of neurovascular structures on magnetic resonance imaging for prostate cancer patients.","Physics and imaging in radiation oncology","Phys Imaging Radiat Oncol","Journal Article","Andrology","No",""
"37836961","10.3390/s23198132","Abu-Aqil G","2023","Quick Detection of Proteus and Pseudomonas in Patients' Urine and Assessing Their Antibiotic Susceptibility Using Infrared Spectroscopy and Machine Learning.","Sensors (Basel, Switzerland)","Sensors (Basel)","Journal Article","Benign/Functional","No",""
"37442008","10.1016/j.compbiomed.2023.107210","Ahmed S","2023","A reinforcement federated learning based strategy for urinary disease dataset processing.","Computers in biology and medicine","Comput Biol Med","Journal Article","Benign/Functional","No",""
"37708293","10.1093/clinchem/hvad136","De Bruyne S","2023","Applications of Artificial Intelligence in Urinalysis: Is the Future Already Here?","Clinical chemistry","Clin Chem","Journal Article; Review","Benign/Functional","No",""
"36690486","10.1370/afm.2902","Dhanda G","2023","Adaptation and External Validation of Pathogenic Urine Culture Prediction in Primary Care Using Machine Learning.","Annals of family medicine","Ann Fam Med","Journal Article; Multicenter Study; Research Support, N.I.H., Extramural; Research Support, Non-U.S. Gov't","Benign/Functional","No",""
"37587020","10.1002/advs.202303285","Jiang X","2023","Accurate Prediction of Antimicrobial Susceptibility for Point-of-Care Testing of Urine in Less than 90 Minutes via iPRISM Cassettes.","Advanced science (Weinheim, Baden-Wurttemberg, Germany)","Adv Sci (Weinh)","Journal Article","Benign/Functional","No",""
"37280757","10.5213/inj.2346100.050","Kang BI","2023","Advancing Patient Care: Innovative Use of Near-Infrared Spectroscopy for Monitoring Urine Volume in Neurogenic Bladder.","International neurourology journal","Int Neurourol J","Journal Article","Benign/Functional","No",""
"37716574","10.1016/j.ijantimicag.2023.106966","Kim C","2023","Translation of Machine Learning-Based Prediction Algorithms to Personalised Empiric Antibiotic Selection: A Population-Based Cohort Study.","International journal of antimicrobial agents","Int J Antimicrob Agents","Journal Article","Benign/Functional","No",""
"37401020","10.5213/inj.2346136.068","Kim ES","2023","Artificial Intelligence-Based Speech Analysis System for Medical Support.","International neurourology journal","Int Neurourol J","Journal Article","Benign/Functional","No",""
"38171322","10.5213/inj.2346336.168","Kim ES","2023","The Current State of Artificial Intelligence Application in Urology.","International neurourology journal","Int Neurourol J","Journal Article","Benign/Functional","No",""
"38171328","10.5213/inj.2346338.169","Kim ES","2023","Artificial Intelligence-Based Patient Monitoring System for Medical Support.","International neurourology journal","Int Neurourol J","Journal Article","Benign/Functional","No",""
"36841917","10.1038/s41598-023-30290-y","Lee HG","2023","Machine learning model for predicting ciprofloxacin resistance and presence of ESBL in patients with UTI in the ED.","Scientific reports","Sci Rep","Journal Article; Research Support, Non-U.S. Gov't","Benign/Functional","No",""
"35835694","10.1016/j.euf.2022.06.011","Lee HJ","2023","Development and Validation of a Deep Learning System for Sound-based Prediction of Urinary Flow.","European urology focus","Eur Urol Focus","Clinical Trial; Journal Article; Research Support, Non-U.S. Gov't","Benign/Functional","No",""
"37345347","10.1111/iju.15233","Matsukawa Y","2023","Characteristics of uroflowmetry patterns in men with detrusor underactivity revealed by artificial intelligence.","International journal of urology : official journal of the Japanese Urological Association","Int J Urol","Journal Article","Benign/Functional","No",""
"38048819","10.5213/inj.2346290.145","Na J","2023","Designing Digital Therapeutic Content Using Chronic Disease Data: A Focus on Improving Urinary Dysfunction.","International neurourology journal","Int Neurourol J","Journal Article","Benign/Functional","No",""
"37382710","10.1007/s00467-023-06053-2","Okubo Y","2023","Nationwide epidemiology and clinical practice patterns of pediatric urinary tract infections: application of multivariate time-series clustering.","Pediatric nephrology (Berlin, Germany)","Pediatr Nephrol","Journal Article; Observational Study; Research Support, Non-U.S. Gov't","Benign/Functional","No",""
"37525863","10.7759/cureus.42668","Okui N","2023","Predictive Factors for High Post-void Residual Volume in Older Females After OnabotulinumA Treatment for Severe Overactive Bladder Using a Machine Learning Model.","Cureus","Cureus","Journal Article","Benign/Functional","No",""
"36972528","10.1370/afm.21.s1.4141","Parente D","2023","Machine Learning Prediction of Urine Cultures in Primary Care.","Annals of family medicine","Ann Fam Med","Journal Article; Multicenter Study","Benign/Functional","No",""
"37310941","10.1371/journal.pdig.0000261","Rockenschaub P","2023","Can the application of machine learning to electronic health records guide antibiotic prescribing decisions for suspected urinary tract infection in the Emergency Department?","PLOS digital health","PLOS Digit Health","Journal Article","Benign/Functional","No",""
"37227272","10.1128/jcm.00291-23","Seheult JN","2023","Development, Evaluation, and Multisite Deployment of a Machine Learning Decision Tree Algorithm To Optimize Urinalysis Parameters for Predicting Urine Culture Positivity.","Journal of clinical microbiology","J Clin Microbiol","Journal Article","Benign/Functional","Yes","UTI triage and stewardship support"
"37777523","10.1038/s41598-023-42000-9","Song Z","2023","Memory-efficient low-compute segmentation algorithms for bladder-monitoring smart ultrasound devices.","Scientific reports","Sci Rep","Journal Article; Research Support, Non-U.S. Gov't","Benign/Functional","No",""
"36383696","10.1515/cclm-2022-1006","Su M","2023","Developing a machine learning prediction algorithm for early differentiation of urosepsis from urinary tract infection.","Clinical chemistry and laboratory medicine","Clin Chem Lab Med","Journal Article","Benign/Functional","No",""
"37025479","10.1002/bco2.217","Tran K","2023","Classification of multiple sclerosis women with voiding dysfunction using machine learning: Is functional connectivity or structural connectivity a better predictor?","BJUI compass","BJUI Compass","Journal Article","Benign/Functional","No",""
"38048822","10.5213/inj.2346248.124","Tu KJ","2023","Hybrid Bladder Phantom to Validate Next-Generation Optical Wearables for Neurogenic Bladder Volume Monitoring.","International neurourology journal","Int Neurourol J","Journal Article","Benign/Functional","No",""
"36787376","10.1097/JU.0000000000003267","Weaver JK","2023","Deep Learning of Videourodynamics to Classify Bladder Dysfunction Severity in Patients With Spina Bifida.","The Journal of urology","J Urol","Journal Article; Research Support, Non-U.S. Gov't","Benign/Functional","No",""
"35881179","10.1007/s00192-022-05291-6","Werneburg GT","2023","Neural networks outperform expert humans in predicting patient impressions of symptomatic improvement following overactive bladder treatment.","International urogynecology journal","Int Urogynecol J","Journal Article","Benign/Functional","No",""
"37285226","10.1002/jbio.202300095","Wityk P","2023","Optical method supported by machine learning for urinary tract infection detection and urosepsis risk assessment.","Journal of biophotonics","J Biophotonics","Journal Article; Research Support, Non-U.S. Gov't","Benign/Functional","No",""
"37501430","10.3934/mbe.2023534","Ying A","2023","Identification of biomarkers related to prostatic hyperplasia based on bioinformatics and machine learning.","Mathematical biosciences and engineering : MBE","Math Biosci Eng","Journal Article","Benign/Functional","No",""
"37315592","10.1016/j.urology.2023.04.030","Zhou Q","2023","A Pilot Study: Detrusor Overactivity Diagnosis Method Based on Deep Learning.","Urology","Urology","Journal Article","Benign/Functional","No",""
"38001728","10.3390/cancers15225468","Akin O","2023","Multiparametric MRI in Era of Artificial Intelligence for Bladder Cancer Therapies.","Cancers","Cancers (Basel)","Journal Article; Review","Bladder Cancer","No",""
"37803392","10.1186/s13014-023-02348-8","Azzarouali S","2023","Online adaptive radiotherapy for bladder cancer using a simultaneous integrated boost and fiducial markers.","Radiation oncology (London, England)","Radiat Oncol","Journal Article","Bladder Cancer","No",""
"37296930","10.3390/cancers15112968","Borrelli A","2023","Standardization of Body Composition Status in Patients with Advanced Urothelial Tumors: The Role of a CT-Based AI-Powered Software for the Assessment of Sarcopenia and Patient Outcome Correlation.","Cancers","Cancers (Basel)","Journal Article","Bladder Cancer","No",""
"36868921","10.1016/j.euo.2023.02.004","Bukavina L","2023","Global Meta-analysis of Urine Microbiome: Colonization of Polycyclic Aromatic Hydrocarbon-degrading Bacteria Among Bladder Cancer Patients.","European urology oncology","Eur Urol Oncol","Journal Article; Meta-Analysis; Research Support, N.I.H., Extramural","Bladder Cancer","No",""
"37432899","10.1089/end.2023.0056","Chang TC","2023","Real-time Detection of Bladder Cancer Using Augmented Cystoscopy with Deep Learning: a Pilot Study.","Journal of endourology","J Endourol","Journal Article","Bladder Cancer","Yes","Selected bladder cystoscopy systems"
"37470826","10.1007/s00330-023-09960-y","Chen G","2023","A machine learning model based on MRI for the preoperative prediction of bladder cancer invasion depth.","European radiology","Eur Radiol","Journal Article","Bladder Cancer","No",""
"37063886","10.3389/fimmu.2023.1171420","Chen H","2023","Machine learning-based identification of tumor-infiltrating immune cell-associated model with appealing implications in improving prognosis and immunotherapy response in bladder cancer patients.","Frontiers in immunology","Front Immunol","Journal Article","Bladder Cancer","No",""
"36879192","10.1186/s12859-023-05167-6","Ciaramella A","2023","A new biomarker panel of ultraconserved long non-coding RNAs for bladder cancer prognosis by a machine learning based methodology.","BMC bioinformatics","BMC Bioinformatics","Journal Article","Bladder Cancer","No",""
"36969047","10.3389/fonc.2023.1096136","Coroama DM","2023","Fully automated bladder tumor segmentation from T2 MRI images using 3D U-Net algorithm.","Frontiers in oncology","Front Oncol","Journal Article","Bladder Cancer","No",""
"37223680","10.3389/fonc.2023.1166245","Deng Z","2023","Machine learning models combining computed tomography semantic features and selected clinical variables for accurate prediction of the pathological grade of bladder cancer.","Frontiers in oncology","Front Oncol","Journal Article","Bladder Cancer","No",""
"36831546","10.3390/cancers15041205","Drachneris J","2023","CD8+ Cell Density Gradient across the Tumor Epithelium-Stromal Interface of Non-Muscle Invasive Papillary Urothelial Carcinoma Predicts Recurrence-Free Survival after BCG Immunotherapy.","Cancers","Cancers (Basel)","Journal Article","Bladder Cancer","No",""
"37760923","10.3390/biomedicines11092482","Duwe G","2023","Change in Splenic Volume as a Surrogate Marker for Immunotherapy Response in Patients with Advanced Urothelial and Renal Cell Carcinoma-Evaluation of a Novel Approach of Fully Automated Artificial Intelligence Based Splenic Segmentation.","Biomedicines","Biomedicines","Journal Article","Bladder Cancer","No",""
"37774313","10.1200/CCI.23.00031","Eminaga O","2023","Efficient Augmented Intelligence Framework for Bladder Lesion Detection.","JCO clinical cancer informatics","JCO Clin Cancer Inform","Journal Article; Research Support, Non-U.S. Gov't","Bladder Cancer","No",""
"37082269","10.3389/pore.2023.1611117","Fan B","2023","Predicting prognosis and clinical efficacy of immune checkpoint blockade therapy via interferon-alpha response in muscle-invasive bladder cancer.","Pathology oncology research : POR","Pathol Oncol Res","Journal Article","Bladder Cancer","No",""
"36883677","10.1259/bjr.20221086","Fan X","2023","Systematic radiomics analysis based on multiparameter MRI to preoperatively predict the expression of Ki67 and histological grade in patients with bladder cancer.","The British journal of radiology","Br J Radiol","Journal Article","Bladder Cancer","No",""
"36422645","10.1007/s00330-022-09270-9","Girard A","2023","A machine-learning-based combination of criteria to detect bladder cancer lymph node metastasis on [(18)F]FDG PET/CT: a pathology-controlled study.","European radiology","Eur Radiol","Journal Article","Bladder Cancer","No",""
"37175559","10.3390/ijms24097852","Grant SR","2023","Mutation Hotspots Found in Bladder Cancer Aid Prediction of Carcinogenic Risk in Normal Urothelium.","International journal of molecular sciences","Int J Mol Sci","Journal Article","Bladder Cancer","No",""
"36115774","10.1016/j.euf.2022.08.015","Gresser E","2023","Radiomics Signature Using Manual Versus Automated Segmentation for Lymph Node Staging of Bladder Cancer.","European urology focus","Eur Urol Focus","Journal Article; Randomized Controlled Trial","Bladder Cancer","No",""
"36874607","10.1016/j.euros.2022.12.012","Iwaki T","2023","Deep Learning Models for Cystoscopic Recognition of Hunner Lesion in Interstitial Cystitis.","European urology open science","Eur Urol Open Sci","Journal Article","Bladder Cancer","No",""
"37548023","10.1088/1361-6560/ace499","Jia X","2023","Tumor detection under cystoscopy with transformer-augmented deep learning algorithm.","Physics in medicine and biology","Phys Med Biol","Journal Article; Research Support, N.I.H., Extramural; Research Support, Non-U.S. Gov't; Research Support, U.S. Gov't, Non-P.H.S.","Bladder Cancer","No",""
"37570213","10.3390/ani13152404","Kuchler L","2023","Artificial Intelligence to Predict the BRAF V595E Mutation in Canine Urinary Bladder Urothelial Carcinomas.","Animals : an open access journal from MDPI","Animals (Basel)","Journal Article","Bladder Cancer","No",""
"37037233","10.1109/TBME.2023.3265679","Lazo JF","2023","Semi-Supervised Bladder Tissue Classification in Multi-Domain Endoscopic Images.","IEEE transactions on bio-medical engineering","IEEE Trans Biomed Eng","Journal Article; Research Support, Non-U.S. Gov't","Bladder Cancer","No",""
"37480491","10.1007/s00345-023-04519-4","Lebret T","2023","Artificial intelligence to improve cytology performance in urothelial carcinoma diagnosis: results from validation phase of the French, multicenter, prospective VISIOCYT1 trial.","World journal of urology","World J Urol","Journal Article; Multicenter Study","Bladder Cancer","No",""
"36831685","10.3390/cancers15041343","Lee MC","2023","Development of Deep Learning with RDA U-Net Network for Bladder Cancer Segmentation.","Cancers","Cancers (Basel)","Journal Article","Bladder Cancer","No",""
"35997513","10.1002/cncy.22633","Levy JJ","2023","Uncovering additional predictors of urothelial carcinoma from voided urothelial cell clusters through a deep learning-based image preprocessing technique.","Cancer cytopathology","Cancer Cytopathol","Journal Article","Bladder Cancer","No",""
"37358142","10.1002/cncy.22725","Levy JJ","2023","Examining longitudinal markers of bladder cancer recurrence through a semiautonomous machine learning system for quantifying specimen atypia from urine cytology.","Cancer cytopathology","Cancer Cytopathol","Journal Article","Bladder Cancer","No",""
"37377320","10.1002/cncy.22732","Levy JJ","2023","Large-scale validation study of an improved semiautonomous urine cytology assessment tool: AutoParis-X.","Cancer cytopathology","Cancer Cytopathol","Journal Article","Bladder Cancer","No",""
"36434397","10.1007/s00330-022-09272-7","Li J","2023","Predicting muscle invasion in bladder cancer by deep learning analysis of MRI: comparison with vesical imaging-reporting and data system.","European radiology","Eur Radiol","Journal Article","Bladder Cancer","No",""
"36907040","10.1016/j.cmpb.2023.107466","Li J","2023","Predicting muscle invasion in bladder cancer based on MRI: A comparison of radiomics, and single-task and multi-task deep learning.","Computer methods and programs in biomedicine","Comput Methods Programs Biomed","Journal Article","Bladder Cancer","No",""
"37349696","10.1186/s12885-023-11058-z","Liu J","2023","Prognostic models for upper urinary tract urothelial carcinoma patients after radical nephroureterectomy based on a novel systemic immune-inflammation score with machine learning.","BMC cancer","BMC Cancer","Journal Article","Bladder Cancer","No",""
"37771276","10.1111/jcmm.17977","Liu Y","2023","Heat shock protein family A member 8 is a prognostic marker for bladder cancer: Evidences based on experiments and machine learning.","Journal of cellular and molecular medicine","J Cell Mol Med","Journal Article; Research Support, Non-U.S. Gov't","Bladder Cancer","No",""
"37306511","10.1080/14737167.2023.2224963","Liu YS","2023","Use of machine learning to predict bladder cancer survival outcomes: a systematic literature review.","Expert review of pharmacoeconomics & outcomes research","Expert Rev Pharmacoecon Outcomes Res","Journal Article; Systematic Review","Bladder Cancer","No",""
"37087309","10.1016/j.euo.2023.03.008","Lu YT","2023","Cell-free DNA Methylation as a Predictive Biomarker of Response to Neoadjuvant Chemotherapy for Patients with Muscle-invasive Bladder Cancer in SWOG S1314.","European urology oncology","Eur Urol Oncol","Clinical Trial, Phase II; Journal Article; Randomized Controlled Trial; Research Support, N.I.H., Extramural; Research Support, Non-U.S. Gov't","Bladder Cancer","No",""
"36902193","10.3390/ijms24054760","Ma L","2023","Crosstalk between Mesenchymal Stem Cells and Cancer Stem Cells Reveals a Novel Stemness-Related Signature to Predict Prognosis and Immunotherapy Responses for Bladder Cancer Patients.","International journal of molecular sciences","Int J Mol Sci","Journal Article","Bladder Cancer","No",""
"37269851","10.1016/S1470-2045(23)00209-7","Mai Z","2023","Artificial intelligence-based model for lymph node metastases detection in bladder cancer.","The Lancet. Oncology","Lancet Oncol","Comment; Letter","Bladder Cancer","No",""
"37069426","10.1038/s41585-023-00769-4","Masone MC","2023","Using AI to assist pathologists in bladder cancer metastases detection.","Nature reviews. Urology","Nat Rev Urol","Comment; Journal Article","Bladder Cancer","No",""
"36517196","10.1016/j.semradonc.2022.10.009","Moore NS","2023","Bladder Cancer Radiation Oncology of the Future: Prognostic Modelling, Radiomics, and Treatment Planning With Artificial Intelligence.","Seminars in radiation oncology","Semin Radiat Oncol","Journal Article; Review","Bladder Cancer","No",""
"36523610","10.1016/j.jpi.2022.100155","Mundhada A","2023","Differentiation of urothelial carcinoma in histopathology images using deep learning and visualization.","Journal of pathology informatics","J Pathol Inform","Journal Article","Bladder Cancer","No",""
"37906722","10.1200/CCI.23.00096","Narayan VM","2023","Evaluation of a Natural Language Processing Model to Identify and Characterize Patients in the United States With High-Risk Non-Muscle-Invasive Bladder Cancer.","JCO clinical cancer informatics","JCO Clin Cancer Inform","Journal Article; Research Support, Non-U.S. Gov't","Bladder Cancer","No",""
"37859896","10.7759/cureus.45488","Ozdemir H","2023","Can Only the Shape Feature in Radiomics Help Machine Learning Show That Bladder Cancer Has Invaded Muscles?","Cureus","Cureus","Journal Article","Bladder Cancer","No",""
"38203254","10.3390/ijms25010088","Qureshi TA","2023","MRI/RNA-Seq-Based Radiogenomics and Artificial Intelligence for More Accurate Staging of Muscle-Invasive Bladder Cancer.","International journal of molecular sciences","Int J Mol Sci","Journal Article","Bladder Cancer","No",""
"37668798","10.1007/s00432-023-05352-3","Ren C","2023","Development and validation of a disulfidptosis and M2 TAM-related classifier for bladder cancer to explore tumor subtypes, immune landscape and drug treatment.","Journal of cancer research and clinical oncology","J Cancer Res Clin Oncol","Journal Article","Bladder Cancer","No",""
"38203643","10.3390/ijms25010472","Reynolds T","2023","Results Obtained from a Pivotal Validation Trial of a Microsatellite Analysis (MSA) Assay for Bladder Cancer Detection through a Statistical Approach Using a Four-Stage Pipeline of Modern Machine Learning Techniques.","International journal of molecular sciences","Int J Mol Sci","Journal Article","Bladder Cancer","No",""
"36980557","10.3390/cancers15061673","Sarkar S","2023","Performing Automatic Identification and Staging of Urothelial Carcinoma in Bladder Cancer Patients Using a Hybrid Deep-Machine Learning Approach.","Cancers","Cancers (Basel)","Journal Article","Bladder Cancer","No",""
"36351438","10.1055/a-1867-0560","Schone M","2023","[Cystoscopy in the outpatient clinical routine: things to keep in mind].","Aktuelle Urologie","Aktuelle Urol","English Abstract; Journal Article","Bladder Cancer","No",""
"37403801","10.1002/cnr2.1860","Shakhssalim N","2023","Lifestyle and occupational risks assessment of bladder cancer using machine learning-based prediction models.","Cancer reports (Hoboken, N.J.)","Cancer Rep (Hoboken)","Journal Article","Bladder Cancer","No",""
"37059267","10.1016/j.labinv.2023.100155","Slotman A","2023","Quantitative Nuclear Grading: An Objective, Artificial Intelligence-Facilitated Foundation for Grading Noninvasive Papillary Urothelial Carcinoma.","Laboratory investigation; a journal of technical methods and pathology","Lab Invest","Journal Article; Research Support, Non-U.S. Gov't","Bladder Cancer","No",""
"37280316","10.1007/s11255-023-03655-5","Slusarczyk A","2023","The prediction of cancer-specific mortality in T1 non-muscle-invasive bladder cancer: comparison of logistic regression and artificial neural network: a SEER population-based study.","International urology and nephrology","Int Urol Nephrol","Journal Article; Randomized Controlled Trial","Bladder Cancer","No",""
"37723572","10.1186/s40644-023-00609-z","Song H","2023","CT-based deep learning radiomics nomogram for the prediction of pathological grade in bladder cancer: a multicenter study.","Cancer imaging : the official publication of the International Cancer Imaging Society","Cancer Imaging","Journal Article; Multicenter Study","Bladder Cancer","No",""
"37454065","10.1186/s12911-023-02222-3","Subramanya SK","2023","Deep learning for histopathological segmentation of smooth muscle in the urinary bladder.","BMC medical informatics and decision making","BMC Med Inform Decis Mak","Journal Article; Research Support, N.I.H., Extramural","Bladder Cancer","No",""
"37686647","10.3390/cancers15174372","Sun D","2023","Survival Prediction of Patients with Bladder Cancer after Cystectomy Based on Clinical, Radiomics, and Deep-Learning Descriptors.","Cancers","Cancers (Basel)","Journal Article","Bladder Cancer","No",""
"37269345","10.1007/s00432-023-04886-w","Sun YF","2023","Identification of necroptosis-related long non-coding RNAs prognostic signature and the crucial lncRNA in bladder cancer.","Journal of cancer research and clinical oncology","J Cancer Res Clin Oncol","Journal Article","Bladder Cancer","No",""
"38094161","10.1016/j.eclinm.2023.102352","Wang H","2023","Deep learning signature based on multiphase enhanced CT for bladder cancer recurrence prediction: a multi-center study.","EClinicalMedicine","EClinicalMedicine","Journal Article","Bladder Cancer","No",""
"36758479","10.1016/j.ebiom.2023.104437","Wang P","2023","UCseek: ultrasensitive early detection and recurrence monitoring of urothelial carcinoma by shallow-depth genome-wide bisulfite sequencing of urinary sediment DNA.","EBioMedicine","EBioMedicine","Journal Article","Bladder Cancer","No",""
"37269852","10.1016/S1470-2045(23)00225-5","Wu S","2023","Artificial intelligence-based model for lymph node metastases detection in bladder cancer - Authors' reply.","The Lancet. Oncology","Lancet Oncol","Comment; Letter","Bladder Cancer","No",""
"37434436","10.1002/cam4.6225","Xiong S","2023","Value of the application of computed tomography-based radiomics for preoperative prediction of unfavorable pathology in initial bladder cancer.","Cancer medicine","Cancer Med","Journal Article; Research Support, Non-U.S. Gov't","Bladder Cancer","No",""
"38299148","10.3389/fimmu.2023.1301157","Xu Y","2023","Integration of multi-omics and clinical treatment data reveals bladder cancer therapeutic vulnerability gene combinations and prognostic risks.","Frontiers in immunology","Front Immunol","Journal Article; Research Support, Non-U.S. Gov't","Bladder Cancer","No",""
"37923405","10.1016/j.aca.2023.341908","Yang M","2023","High-precision bladder cancer diagnosis method: 2D Raman spectrum figures based on maintenance technology combined with automatic weighted feature fusion network.","Analytica chimica acta","Anal Chim Acta","Journal Article","Bladder Cancer","No",""
"37762841","10.3390/jcm12185900","Ye L","2023","Radiomic Analysis of Quantitative T2 Mapping and Conventional MRI in Predicting Histologic Grade of Bladder Cancer.","Journal of clinical medicine","J Clin Med","Journal Article","Bladder Cancer","No",""
"38135946","10.3390/bioengineering10121355","Ye Y","2023","Radiomics Prediction of Muscle Invasion in Bladder Cancer Using Semi-Automatic Lesion Segmentation of MRI Compared with Manual Segmentation.","Bioengineering (Basel, Switzerland)","Bioengineering (Basel)","Journal Article","Bladder Cancer","No",""
"36634475","10.1016/j.ijmedinf.2023.104984","Zhang Q","2023","A comparative study of attention mechanism based deep learning methods for bladder tumor segmentation.","International journal of medical informatics","Int J Med Inform","Journal Article; Research Support, Non-U.S. Gov't","Bladder Cancer","No",""
"37152941","10.3389/fendo.2023.1180404","Zhao S","2023","Crosstalk of disulfidptosis-related subtypes, establishment of a prognostic signature and immune infiltration characteristics in bladder cancer based on a machine learning survival framework.","Frontiers in endocrinology","Front Endocrinol (Lausanne)","Journal Article; Research Support, Non-U.S. Gov't","Bladder Cancer","No",""
"37296961","10.3390/cancers15113000","Zheng Q","2023","Predicting Lymph Node Metastasis Status from Primary Muscle-Invasive Bladder Cancer Histology Slides Using Deep Learning: A Retrospective Multicenter Study.","Cancers","Cancers (Basel)","Journal Article","Bladder Cancer","No",""
"38094602","10.3389/fonc.2023.1227152","Zhou Y","2023","Global research trends of the application of artificial intelligence in bladder cancer since the 21st century: a bibliometric analysis.","Frontiers in oncology","Front Oncol","Journal Article","Bladder Cancer","No",""
"36729176","10.1007/s00120-023-02026-3","Alexa R","2023","[Artificial intelligence in urology-opportunities and possibilities].","Urologie (Heidelberg, Germany)","Urologie","English Abstract; Journal Article; Review","Broad Reviews","No",""
"37385702","10.1016/j.ucl.2023.04.003","Bortnick EM","2023","Vesicoureteral Reflux: Current Care Trends and Future Possibilities.","The Urologic clinics of North America","Urol Clin North Am","Journal Article; Review","Broad Reviews","No",""
"36301052","10.1097/MOU.0000000000001055","Brant A","2023","Modern surgical treatment of azoospermia.","Current opinion in urology","Curr Opin Urol","Journal Article; Review","Broad Reviews","No",""
"36749494","10.1007/s11912-023-01371-y","Canellas R","2023","The Evidence for Using Artificial Intelligence to Enhance Prostate Cancer MR Imaging.","Current oncology reports","Curr Oncol Rep","Journal Article; Review","Broad Reviews","No",""
"36807211","10.1007/s00423-023-02830-7","Cheikh Youssef S","2023","Evolution of the digital operating room: the place of video technology in surgery.","Langenbeck's archives of surgery","Langenbecks Arch Surg","Journal Article; Review","Broad Reviews","No",""
"36808595","10.1007/s11934-023-01149-6","Chu TN","2023","Exploring the Use of Artificial Intelligence in the Management of Prostate Cancer.","Current urology reports","Curr Urol Rep","Journal Article; Review","Broad Reviews","No",""
"36459898","10.1016/j.clinimag.2022.11.007","Dehghani Firouzabadi F","2023","CT radiomics for differentiating oncocytoma from renal cell carcinomas: Systematic review and meta-analysis.","Clinical imaging","Clin Imaging","Journal Article; Meta-Analysis; Systematic Review","Broad Reviews","No",""
"36709079","10.1016/j.jpurol.2023.01.005","Fernandez N","2023","Neural network non-linear modeling to predict hypospadias genotype-phenotype correlation.","Journal of pediatric urology","J Pediatr Urol","Journal Article; Systematic Review","Broad Reviews","No",""
"36902045","10.3390/ijms24054615","Ferro M","2023","Radiogenomics in Renal Cancer Management-Current Evidence and Future Prospects.","International journal of molecular sciences","Int J Mol Sci","Journal Article; Review","Broad Reviews","No",""
"37113657","10.1177/17562872231164803","Ferro M","2023","Artificial intelligence and radiomics in evaluation of kidney lesions: a comprehensive literature review.","Therapeutic advances in urology","Ther Adv Urol","Journal Article; Review","Broad Reviews","No",""
"37443700","10.3390/diagnostics13132308","Ferro M","2023","Artificial Intelligence in the Advanced Diagnosis of Bladder Cancer-Comprehensive Literature Review and Future Advancement.","Diagnostics (Basel, Switzerland)","Diagnostics (Basel)","Journal Article; Review","Broad Reviews","No",""
"37686558","10.3390/cancers15174282","Fron A","2023","Artificial Intelligence in Urooncology: What We Have and What We Expect.","Cancers","Cancers (Basel)","Journal Article; Review","Broad Reviews","No",""
"37666944","10.1007/s00120-023-02190-6","Handke AE","2023","[Prostate cancer-multiparametric MRI and alternative approaches in intervention and therapy planning].","Urologie (Heidelberg, Germany)","Urologie","English Abstract; Journal Article; Systematic Review","Broad Reviews","No",""
"37546423","10.3389/fonc.2023.1189370","He M","2023","Research progress on deep learning in magnetic resonance imaging-based diagnosis and treatment of prostate cancer: a review on the current status and perspectives.","Frontiers in oncology","Front Oncol","Journal Article; Review","Broad Reviews","No",""
"38053419","10.56434/j.arch.esp.urol.20237609.79","Hegazi MAAA","2023","Is Artificial Intelligence the Key to Revolutionizing Benign Prostatic Hyperplasia Diagnosis and Management?","Archivos espanoles de urologia","Arch Esp Urol","Journal Article; Review","Broad Reviews","No",""
"37633285","","Javid M","2023","Emergence of artificial generative intelligence and its potential impact on urology.","The Canadian journal of urology","Can J Urol","Journal Article; Review","Broad Reviews","No",""
"37760487","10.3390/cancers15184518","Khoraminia F","2023","Artificial Intelligence in Digital Pathology for Bladder Cancer: Hype or Hope? A Systematic Review.","Cancers","Cancers (Basel)","Journal Article; Review","Broad Reviews","No",""
"37328321","10.1016/j.jpurol.2023.05.018","Kim JK","2023","ChatGPT and large language model (LLM) chatbots: The current state of acceptability and a proposal for guidelines on utilization in academic medicine.","Journal of pediatric urology","J Pediatr Urol","Journal Article; Review","Broad Reviews","No",""
"37747733","10.1001/jamanetworkopen.2023.35377","Kwong JCC","2023","APPRAISE-AI Tool for Quantitative Evaluation of AI Studies for Clinical Decision Support.","JAMA network open","JAMA Netw Open","Journal Article; Research Support, Non-U.S. Gov't; Systematic Review","Broad Reviews","No",""
"37568397","10.3390/jcm12154995","Liu X","2023","The Present and Future of Artificial Intelligence in Urological Cancer.","Journal of clinical medicine","J Clin Med","Journal Article; Review","Broad Reviews","No",""
"37549345","10.5489/cuaj.8322","Malik S","2023","Existing trends and applications of artificial intelligence in urothelial cancer A scoping review.","Canadian Urological Association journal = Journal de l'Association des urologues du Canada","Can Urol Assoc J","Journal Article; Scoping Review","Broad Reviews","No",""
"37185992","10.1038/s41391-023-00673-3","Morozov A","2023","A systematic review and meta-analysis of artificial intelligence diagnostic accuracy in prostate cancer histology identification and grading.","Prostate cancer and prostatic diseases","Prostate Cancer Prostatic Dis","Journal Article; Meta-Analysis; Systematic Review","Broad Reviews","No",""
"37895393","10.3390/life13102011","Patel K","2023","A Narrative Review of the Use of Artificial Intelligence in Breast, Lung, and Prostate Cancer.","Life (Basel, Switzerland)","Life (Basel)","Journal Article; Review","Broad Reviews","No",""
"37627935","10.3390/diagnostics13162676","Rabilloud N","2023","Deep Learning Methodologies Applied to Digital Pathology in Prostate Cancer: A Systematic Review.","Diagnostics (Basel, Switzerland)","Diagnostics (Basel)","Journal Article; Review","Broad Reviews","No",""
"37552265","10.1007/s00345-023-04560-3","Randazzo G","2023","Urology: a trip into metaverse.","World journal of urology","World J Urol","Journal Article; Review","Broad Reviews","No",""
"36987687","10.1093/bjsopen/zrad011","Ravindhran B","2023","Machine learning models in predicting graft survival in kidney transplantation: meta-analysis.","BJS open","BJS Open","Journal Article; Meta-Analysis; Systematic Review","Broad Reviews","No",""
"36862387","10.1001/jamaoncol.2022.7762","Riaz IB","2023","First-line Systemic Treatment Options for Metastatic Castration-Sensitive Prostate Cancer: A Living Systematic Review and Network Meta-analysis.","JAMA oncology","JAMA Oncol","Journal Article; Network Meta-Analysis; Systematic Review","Broad Reviews","No",""
"37621804","10.7759/cureus.42370","Rivero-Moreno Y","2023","Robotic Surgery: A Comprehensive Review of the Literature and Current Trends.","Cureus","Cureus","Journal Article; Review","Broad Reviews","No",""
"37835812","10.3390/diagnostics13193070","Rodriguez Penaranda N","2023","Artificial Intelligence in Surgical Training for Kidney Cancer: A Systematic Review of the Literature.","Diagnostics (Basel, Switzerland)","Diagnostics (Basel)","Journal Article; Review","Broad Reviews","No",""
"36517398","10.1016/j.diii.2022.11.005","Rouviere O","2023","Artificial intelligence algorithms aimed at characterizing or detecting prostate cancer on MRI: How accurate are they when tested on independent cohorts? - A systematic review.","Diagnostic and interventional imaging","Diagn Interv Imaging","Journal Article; Systematic Review","Broad Reviews","No",""
"37345172","10.3390/cancers15102835","Shehata M","2023","Role of AI and Radiomic Markers in Early Diagnosis of Renal Cancer and Clinical Outcome Prediction: A Brief Review.","Cancers","Cancers (Basel)","Journal Article; Review","Broad Reviews","No",""
"37727910","10.1097/MOU.0000000000001131","Valeri A","2023","Research on texture images and radiomics in urology: a review of urological MR imaging applications.","Current opinion in urology","Curr Opin Urol","Journal Article; Review","Broad Reviews","No",""
"37488275","10.1038/s41391-023-00704-z","Wang H","2023","The predictive value of machine learning and nomograms for lymph node metastasis of prostate cancer: a systematic review and meta-analysis.","Prostate cancer and prostatic diseases","Prostate Cancer Prostatic Dis","Journal Article; Meta-Analysis; Systematic Review","Broad Reviews","No",""
"37727213","10.3389/fonc.2023.1152622","Wang Z","2023","Deep learning techniques for imaging diagnosis of renal cell carcinoma: current and emerging trends.","Frontiers in oncology","Front Oncol","Journal Article; Review","Broad Reviews","No",""
"37606658","10.1007/s00120-023-02154-w","Witzsch UKF","2023","[Digitalization in urology-challenge and opportunity].","Urologie (Heidelberg, Germany)","Urologie","English Abstract; Journal Article; Review","Broad Reviews","No",""
"35226140","10.1007/s00345-022-03947-y","Wurnschimmel C","2023","MRI as a screening tool for prostate cancer: current evidence and future challenges.","World journal of urology","World J Urol","Journal Article; Review","Broad Reviews","No",""
"35027721","10.1038/s41443-022-00528-w","Xiong Y","2023","Applications of artificial intelligence in the diagnosis and prediction of erectile dysfunction: a narrative review.","International journal of impotence research","Int J Impot Res","Journal Article; Review","Broad Reviews","No",""
"36656126","10.1002/path.6057","Blessin NC","2023","Automated Ki-67 labeling index assessment in prostate cancer using artificial intelligence and multiplex fluorescence immunohistochemistry.","The Journal of pathology","J Pathol","Journal Article; Research Support, Non-U.S. Gov't","Governance","No",""
"38132698","10.3390/jimaging9120280","Bolocan VO","2023","Convolutional Neural Network Model for Segmentation and Classification of Clear Cell Renal Cell Carcinoma Based on Multiphase CT Images.","Journal of imaging","J Imaging","Journal Article","Governance","No",""
"37838656","10.1186/s12894-023-01316-4","Chen G","2023","Machine learning-based prediction model and visual interpretation for prostate cancer.","BMC urology","BMC Urol","Journal Article","Governance","No",""
"37449047","10.1016/j.omtn.2023.06.001","Chu G","2023","Integrated multiomics analysis and machine learning refine molecular subtypes and prognosis for muscle-invasive urothelial cancer.","Molecular therapy. Nucleic acids","Mol Ther Nucleic Acids","Journal Article","Governance","No",""
"38361499","10.26633/RPSP.2023.149","Cruz Rivera S","2023","[Guidelines for clinical trial protocols for interventions involving artificial intelligence: the SPIRIT-AI extensionDiretrizes para protocolos de ensaios clinicos com intervencoes que utilizam inteligencia artificial: a extensao SPIRIT-AI].","Revista panamericana de salud publica = Pan American journal of public health","Rev Panam Salud Publica","Case Reports; English Abstract; Journal Article","Governance","No",""
"37009612","10.3389/fsurg.2023.1095545","Ding L","2023","A machine learning-based model for predicting the risk of early-stage inguinal lymph node metastases in patients with squamous cell carcinoma of the penis.","Frontiers in surgery","Front Surg","Journal Article","Governance","No",""
"37088456","10.1016/j.jbi.2023.104369","Eminaga O","2023","Conceptual framework and documentation standards of cystoscopic media content for artificial intelligence.","Journal of biomedical informatics","J Biomed Inform","Journal Article; Research Support, N.I.H., Extramural","Governance","No",""
"37894365","10.3390/cancers15204998","Eminaga O","2023","Artificial Intelligence Reveals Distinct Prognostic Subgroups of Muscle-Invasive Bladder Cancer on Histology Images.","Cancers","Cancers (Basel)","Journal Article","Governance","No",""
"36836223","10.3390/jcm12041687","Eppler MB","2023","Automated Capture of Intraoperative Adverse Events Using Artificial Intelligence: A Systematic Review and Meta-Analysis.","Journal of clinical medicine","J Clin Med","Journal Article; Review","Governance","No",""
"37432081","10.1148/radiol.222148","Gafita A","2023","Response Evaluation Criteria in PSMA PET/CT (RECIP 1.0) in Metastatic Castration-resistant Prostate Cancer.","Radiology","Radiology","Journal Article; Multicenter Study; Research Support, Non-U.S. Gov't","Governance","No",""
"37678152","10.1097/MOU.0000000000001128","Gaye O","2023","Detection of urological cancers by the signature of organic volatile compounds in urine, from dogs to electronic noses.","Current opinion in urology","Curr Opin Urol","Journal Article; Review","Governance","No",""
"37148497","10.1002/nau.25190","Hadi F","2023","A treatment prediction strategy for overactive bladder using a machine learning algorithm that utilized data from the FAITH study.","Neurourology and urodynamics","Neurourol Urodyn","Journal Article; Research Support, Non-U.S. Gov't","Governance","No",""
"37124522","10.3389/fonc.2023.1168219","Hasannejadasl H","2023","A comparison of machine learning models for predicting urinary incontinence in men with localized prostate cancer.","Frontiers in oncology","Front Oncol","Journal Article","Governance","No",""
"38619521","","Hu J","2023","[Clinical study of artificial intelligence-guided image fusion assisted transperineal prostate biopsy].","Zhonghua nan ke xue = National journal of andrology","Zhonghua Nan Ke Xue","English Abstract; Journal Article","Governance","No",""
"36874606","10.1016/j.euros.2022.12.018","Jager A","2023","Clinical Trial Protocol: Developing an Image Classification Algorithm for Prostate Cancer Diagnosis on Three-dimensional Multiparametric Transrectal Ultrasound.","European urology open science","Eur Urol Open Sci","Journal Article","Governance","No",""
"37018019","10.2196/43386","Khan WU","2023","A ""Do No Harm"" Novel Safety Checklist and Research Approach to Determine Whether to Launch an Artificial Intelligence-Based Medical Technology: Introducing the Biological-Psychological, Economic, and Social (BPES) Framework.","Journal of medical Internet research","J Med Internet Res","Journal Article","Governance","No",""
"35987730","10.1016/j.euo.2022.07.007","Khene ZE","2023","Application of Machine Learning Models to Predict Recurrence After Surgical Resection of Nonmetastatic Renal Cell Carcinoma.","European urology oncology","Eur Urol Oncol","Journal Article; Observational Study","Governance","No",""
"38016678","10.3348/kjr.2023.1027","Kim DY","2023","Reporting Quality of Research Studies on AI Applications in Medical Images According to the CLAIM Guidelines in a Radiology Journal With a Strong Prominence in Asia.","Korean journal of radiology","Korean J Radiol","Journal Article; Review","Governance","No",""
"36997578","10.1038/s43856-023-00263-3","Kiyasseh D","2023","A multi-institutional study using artificial intelligence to provide reliable and fair feedback to surgeons.","Communications medicine","Commun Med (Lond)","Journal Article","Governance","No",""
"36997642","10.1038/s41746-023-00766-2","Kiyasseh D","2023","Human visual explanations mitigate bias in AI-based assessment of surgeon skills.","NPJ digital medicine","NPJ Digit Med","Journal Article","Governance","No",""
"37002661","10.1111/andr.13436","Kuroda S","2023","Novel sperm chromatin dispersion test with artificial intelligence-aided halo evaluation: A comparison study with existing modalities.","Andrology","Andrology","Journal Article","Governance","No",""
"37211455","10.1016/S2589-7500(23)00067-5","Kwong JCC","2023","Development, multi-institutional external validation, and algorithmic audit of an artificial intelligence-based Side-specific Extra-Prostatic Extension Risk Assessment tool (SEPERA) for patients undergoing radical prostatectomy: a retrospective cohort study.","The Lancet. Digital health","Lancet Digit Health","Journal Article","Governance","No",""
"37327245","10.1371/journal.pone.0287230","Leinert C","2023","Supporting SURgery with GEriatric Co-Management and AI (SURGE-Ahead): A study protocol for the development of a digital geriatrician.","PloS one","PLoS One","Journal Article; Research Support, Non-U.S. Gov't","Governance","No",""
"37389001","10.1259/bjro.20220053","Lenskjold A","2023","Should artificial intelligence have lower acceptable error rates than humans?","BJR open","BJR Open","Journal Article","Governance","No",""
"37767466","10.1016/j.heliyon.2023.e20337","Li J","2023","An artificial intelligence method for predicting postoperative urinary incontinence based on multiple anatomic parameters of MRI.","Heliyon","Heliyon","Journal Article","Governance","No",""
"37076338","10.1016/j.clgc.2023.03.012","Lim H","2023","Toward Precision Medicine: Development and Validation of A Machine Learning Based Decision Support System for Optimal Sequencing in Castration-Resistant Prostate Cancer.","Clinical genitourinary cancer","Clin Genitourin Cancer","Journal Article; Research Support, Non-U.S. Gov't","Governance","No",""
"36122916","10.5731/pdajpst.2021.012665","Ondracka A","2023","CPV of the Future: AI-Powered Continued Process Verification for Bioreactor Processes.","PDA journal of pharmaceutical science and technology","PDA J Pharm Sci Technol","Journal Article","Governance","No",""
"37615960","10.1001/jamaoncol.2023.2947","Pan A","2023","Assessment of Artificial Intelligence Chatbot Responses to Top Searched Queries About Cancer.","JAMA oncology","JAMA Oncol","Journal Article; Research Support, N.I.H., Extramural","Governance","No",""
"36691055","10.1186/s12967-023-03888-z","Pan J","2023","An artificial intelligence model for the pathological diagnosis of invasion depth and histologic grade in bladder cancer.","Journal of translational medicine","J Transl Med","Journal Article; Research Support, Non-U.S. Gov't","Governance","No",""
"38196551","10.1016/j.prnil.2023.09.001","Park T","2023","Artificial intelligence in urologic oncology: the actual clinical practice results of IBM Watson for Oncology in South Korea.","Prostate international","Prostate Int","Journal Article","Governance","No",""
"37116198","10.18632/aging.204674","Peng F","2023","An artificial neural network model to diagnose non-obstructive azoospermia based on RNA-binding protein-related genes.","Aging","Aging (Albany NY)","Comparative Study; Journal Article","Governance","No",""
"37761380","10.3390/diagnostics13183013","Rovera G","2023","Machine Learning CT-Based Automatic Nodal Segmentation and PET Semi-Quantification of Intraoperative (68)Ga-PSMA-11 PET/CT Images in High-Risk Prostate Cancer: A Pilot Study.","Diagnostics (Basel, Switzerland)","Diagnostics (Basel)","Journal Article","Governance","No",""
"37864129","10.1007/s11701-023-01722-8","Shafiei SB","2023","Surgical skill level classification model development using EEG and eye-gaze data and machine learning algorithms.","Journal of robotic surgery","J Robot Surg","Journal Article","Governance","No",""
"36675787","10.3390/jpm13010126","Shao IH","2023","Recognition of Postoperative Cystography Features by Artificial Intelligence to Predict Recovery from Postprostatectomy Urinary Incontinence: A Rapid and Easy Way to Predict Functional Outcome.","Journal of personalized medicine","J Pers Med","Journal Article","Governance","No",""
"36301600","10.1177/08465371221134056","Sivanesan U","2023","Checklist for Artificial Intelligence in Medical Imaging Reporting Adherence in Peer-Reviewed and Preprint Manuscripts With the Highest Altmetric Attention Scores: A Meta-Research Study.","Canadian Association of Radiologists journal = Journal l'Association canadienne des radiologistes","Can Assoc Radiol J","Journal Article","Governance","No",""
"37932570","10.4111/icu.20230170","Sloan M","2023","Pilot study of machine learning in the task of distinguishing high and low-grade pediatric hydronephrosis on ultrasound.","Investigative and clinical urology","Investig Clin Urol","Journal Article; Research Support, Non-U.S. Gov't","Governance","No",""
"37632558","10.1007/s00345-023-04563-0","Szczesniewski JJ","2023","ChatGPT and most frequent urological diseases: analysing the quality of information and potential risks for patients.","World journal of urology","World J Urol","Journal Article","Governance","No",""
"37607794","10.1136/bmjopen-2023-074009","Thomas M","2023","Use of artificial intelligence in the detection of primary prostate cancer in multiparametric MRI with its clinical outcomes: a protocol for a systematic review and meta-analysis.","BMJ open","BMJ Open","Journal Article; Research Support, Non-U.S. Gov't","Governance","No",""
"36639172","10.1016/j.crad.2022.09.131","Vasey B","2023","DECIDE-AI: a new reporting guideline and its relevance to artificial intelligence studies in radiology.","Clinical radiology","Clin Radiol","Journal Article; Review","Governance","No",""
"37244769","10.1016/j.surg.2023.04.037","Vasey B","2023","Invited Commentary: Transparent reporting of artificial intelligence models development and evaluation in surgery: The TRIPOD and DECIDE-AI checklists.","Surgery","Surgery","Journal Article; Research Support, Non-U.S. Gov't","Governance","No",""
"38045560","10.1097/SP9.0000000000000008","Wieland VLS","2023","Framework for a living systematic review and meta-analysis for the surgical treatment of bladder cancer: introducing EVIglance to urology.","International journal of surgery protocols","Int J Surg Protoc","Journal Article","Governance","No",""
"36893772","10.1016/S1470-2045(23)00061-X","Wu S","2023","Artificial intelligence-based model for lymph node metastases detection on whole slide images in bladder cancer: a retrospective, multicentre, diagnostic study.","The Lancet. Oncology","Lancet Oncol","Journal Article; Multicenter Study; Research Support, Non-U.S. Gov't","Governance","No",""
"36597019","10.1186/s12859-022-05124-9","Zhdanovich Y","2023","Evaluation of automatic discrimination between benign and malignant prostate tissue in the era of high precision digital pathology.","BMC bioinformatics","BMC Bioinformatics","Journal Article","Governance","No",""
"36769068","10.3390/ijms24032746","Zheng Q","2023","Machine Learning Quantified Tumor-Stroma Ratio Is an Independent Prognosticator in Muscle-Invasive Bladder Cancer.","International journal of molecular sciences","Int J Mol Sci","Journal Article","Governance","No",""
"37551554","10.1631/jzus.B2200619","Zhu X","2023","MRI-derived radiomics models for diagnosis, aggressiveness, and prognosis evaluation in prostate cancer.","Journal of Zhejiang University. Science. B","J Zhejiang Univ Sci B","Journal Article; Review","Governance","No",""
"37747242","10.1097/JU.0000000000003718","Barrett A","2023","Utilization of ChatGPT for Appraising Letters of Recommendation in Urology Residency Applications: Ready for Prime Time?","The Journal of urology","J Urol","Editorial","LLMs & GenAI","No",""
"37856708","10.1097/UPJ.0000000000000446","Cadiente A","2023","Artificial Intelligence on the Exam Table: ChatGPT's Advancement in Urology Self-assessment.","Urology practice","Urol Pract","Editorial; Retracted Publication","LLMs & GenAI","No",""
"38126285","10.23736/S2724-6051.23.05450-2","Caglar U","2023","Evaluating the performance of ChatGPT in answering questions related to benign prostate hyperplasia and prostate cancer.","Minerva urology and nephrology","Minerva Urol Nephrol","Journal Article","LLMs & GenAI","No",""
"36883768","10.23736/S2724-6051.23.05326-0","Checcucci E","2023","Generative Pre-training Transformer Chat (ChatGPT) in the scientific community: the train has left the station.","Minerva urology and nephrology","Minerva Urol Nephrol","Journal Article","LLMs & GenAI","No",""
"37217092","10.1016/j.fertnstert.2023.05.151","Chervenak J","2023","The promise and peril of using a large language model to obtain clinical information: ChatGPT performs strongly as a fertility counseling tool with limitations.","Fertility and sterility","Fertil Steril","Journal Article","LLMs & GenAI","No",""
"38048820","10.5213/inj.2346294.147","Cho Y","2023","General Overview of Artificial Intelligence for Interstitial Cystitis in Urology.","International neurourology journal","Int Neurourol J","Journal Article","LLMs & GenAI","No",""
"38130802","10.1177/20552076231221620","Chung EM","2023","Feasibility and acceptability of ChatGPT generated radiology report summaries for cancer patients.","Digital health","Digit Health","Journal Article","LLMs & GenAI","No",""
"37652659","10.5534/wjmh.230102","Cocci A","2023","Light and Shadow of ChatGPT: A Real Tool for Advancing Scientific Research and Medical Practice?","The world journal of men's health","World J Mens Health","Editorial","LLMs & GenAI","No",""
"37406864","10.1016/j.urology.2023.05.040","Coskun B","2023","Can ChatGPT, an Artificial Intelligence Language Model, Provide Accurate and High-quality Patient Information on Prostate Cancer?","Urology","Urology","Journal Article","LLMs & GenAI","No",""
"37428117","10.1097/JU.0000000000003615","Davis R","2023","Evaluating the Effectiveness of Artificial Intelligence-powered Large Language Models Application in Disseminating Appropriate and Readable Health Information in Urology.","The Journal of urology","J Urol","Journal Article","LLMs & GenAI","No",""
"37209880","10.1016/j.urology.2023.05.010","Deebel NA","2023","ChatGPT Performance on the American Urological Association Self-assessment Study Program and the Potential Influence of Artificial Intelligence in Urologic Training.","Urology","Urology","Journal Article","LLMs & GenAI","No",""
"37410015","10.1097/UPJ.0000000000000428","Eppler MB","2023","Bridging the Gap Between Urological Research and Patient Understanding: The Role of Large Language Models in Automated Generation of Layperson's Summaries.","Urology practice","Urol Pract","Journal Article","LLMs & GenAI","No",""
"37462773","10.1007/s00432-023-05183-2","Faraji N","2023","Letter to the Editor: ChatGPT's contribution to cancer study.","Journal of cancer research and clinical oncology","J Cancer Res Clin Oncol","Letter","LLMs & GenAI","No",""
"37528247","10.1007/s11255-023-03729-4","Gabriel J","2023","The utility of the ChatGPT artificial intelligence tool for patient education and enquiry in robotic radical prostatectomy.","International urology and nephrology","Int Urol Nephrol","Journal Article","LLMs & GenAI","No",""
"38196696","10.21037/tau-23-491","Gabriel J","2023","The computer will see you now: ChatGPT and artificial intelligence large language models for health information in urology-an invited perspective.","Translational andrology and urology","Transl Androl Urol","Comment; Editorial","LLMs & GenAI","No",""
"36795957","10.1097/JU.0000000000003383","Gabrielson AT","2023","Harnessing Generative Artificial Intelligence to Improve Efficiency Among Urologists: Welcome ChatGPT.","The Journal of urology","J Urol","Editorial","LLMs & GenAI","No",""
"37509379","10.3390/cancers15143717","Gebrael G","2023","Enhancing Triage Efficiency and Accuracy in Emergency Rooms for Patients with Metastatic Prostate Cancer: A Retrospective Analysis of Artificial Intelligence-Assisted Triage Using ChatGPT 4.0.","Cancers","Cancers (Basel)","Journal Article","LLMs & GenAI","No",""
"37957381","10.1038/s41591-023-02656-2","Huo B","2023","Reporting standards for the use of large language model-linked chatbots for health advice.","Nature medicine","Nat Med","Letter","LLMs & GenAI","No",""
"37276372","10.1097/UPJ.0000000000000406","Huynh LM","2023","New Artificial Intelligence ChatGPT Performs Poorly on the 2022 Self-assessment Study Program for Urology.","Urology practice","Urol Pract","Journal Article; Retracted Publication","LLMs & GenAI","No",""
"37343680","10.1016/j.urology.2023.03.061","Kaplan-Marans E","2023","ChatGPT Wrote This Article.","Urology","Urology","Letter","LLMs & GenAI","No",""
"37487885","10.1016/j.jpurol.2023.07.007","Kim JK","2023","Response to letter to the Editor re ChatGPT and large language model (LLM) chatbots: The current state of acceptability and a proposal for guidelines on utilization in academic medicine.","Journal of pediatric urology","J Pediatr Urol","Comment; Letter","LLMs & GenAI","No",""
"37864445","10.1684/abc.2023.1829","Lamy PJ","2023","Conversation between a clinical biologist and an artificial intelligence on prostate cancer biomarkers: a critical reading.","Annales de biologie clinique","Ann Biol Clin (Paris)","Journal Article","LLMs & GenAI","No",""
"37387096","10.3233/SHTI230562","Manolitsis I","2023","Training ChatGPT Models in Assisting Urologists in Daily Practice.","Studies in health technology and informatics","Stud Health Technol Inform","Journal Article","LLMs & GenAI","No",""
"37271634","10.1016/j.eururo.2023.04.042","Peng L","2023","Re: Zhonghan Zhou, Xuesheng Wang, Xunhua Li, Limin Liao. Is ChatGPT an Evidence-based Doctor? Eur Urol. 2023;84:355-6.","European urology","Eur Urol","Letter","LLMs & GenAI","No",""
"37349180","10.1016/j.euf.2023.06.002","Piazza P","2023","The Long but Necessary Journey Towards Optimization of the Cause-Effect Relationship Between Input and Output for Accountable Use of ChatGPT for Academic Purposes.","European urology focus","Eur Urol Focus","Editorial","LLMs & GenAI","No",""
"38381942","10.5489/cuaj.8526","Sherazi A","2023","Comprehensive analysis of the performance of GPT-3.5 and GPT-4 on the American Urological Association self-assessment study program exams from 2012-2023.","Canadian Urological Association journal = Journal de l'Association des urologues du Canada","Can Urol Assoc J","Journal Article","LLMs & GenAI","No",""
"37744723","10.3389/fsurg.2023.1257191","Talyshinskii A","2023","Expanding horizons and navigating challenges for enhanced clinical workflows: ChatGPT in urology.","Frontiers in surgery","Front Surg","Journal Article; Review","LLMs & GenAI","No",""
"37169728","10.1111/bju.16042","Tung JYM","2023","Potential safety concerns in use of the artificial intelligence chatbot 'ChatGPT' for perioperative patient communication.","BJU international","BJU Int","Journal Article","LLMs & GenAI","No",""
"37467806","10.1016/j.urology.2023.07.010","Whiles BB","2023","Caution! AI Bot Has Entered the Patient Chat: ChatGPT Has Limitations in Providing Accurate Urologic Healthcare Advice.","Urology","Urology","Journal Article","LLMs & GenAI","No",""
"37505265","10.1007/s00345-023-04539-0","Xv Y","2023","Can Chat-GPT a substitute for urological resident physician in diagnosing diseases?: a preliminary conclusion from an exploratory investigation.","World journal of urology","World J Urol","Letter","LLMs & GenAI","No",""
"37061445","10.1016/j.eururo.2023.03.037","Zhou Z","2023","Is ChatGPT an Evidence-based Doctor?","European urology","Eur Urol","Letter","LLMs & GenAI","No",""
"37076876","10.1186/s12967-023-04123-5","Zhu L","2023","Can the ChatGPT and other large language models with internet-connected database solve the questions and concerns of patient with prostate cancer and help democratize medical knowledge?","Journal of translational medicine","J Transl Med","Letter; Research Support, Non-U.S. Gov't","LLMs & GenAI","No",""
"37354768","10.1016/j.ejrad.2023.110924","Alis D","2023","Deep learning for assessing image quality in bi-parametric prostate MRI: A feasibility study.","European journal of radiology","Eur J Radiol","Journal Article","Prostate Imaging","No",""
"37845554","10.1007/s00345-023-04643-1","Arber T","2023","Zone-specific computer-aided diagnosis system aimed at characterizing ISUP >/= 2 prostate cancers on multiparametric magnetic resonance images: evaluation in a cohort of patients on active surveillance.","World journal of urology","World J Urol","Journal Article","Prostate Imaging","No",""
"36939953","10.1186/s13244-023-01386-w","Arslan A","2023","Does deep learning software improve the consistency and performance of radiologists with various levels of experience in assessing bi-parametric prostate MRI?","Insights into imaging","Insights Imaging","Journal Article","Prostate Imaging","No",""
"36920491","10.1007/s00345-023-04353-8","Baboudjian M","2023","Expanding inclusion criteria for active surveillance in intermediate-risk prostate cancer: a machine learning approach.","World journal of urology","World J Urol","Journal Article","Prostate Imaging","No",""
"36809425","10.1007/s00259-023-06136-0","Basso Dias A","2023","The role of [(18)F]-DCFPyL PET/MRI radiomics for pathological grade group prediction in prostate cancer.","European journal of nuclear medicine and molecular imaging","Eur J Nucl Med Mol Imaging","Comment; Journal Article","Prostate Imaging","No",""
"36600265","10.1186/s12967-022-03846-1","Bauckneht M","2023","Gene's expression underpinning the divergent predictive value of [18F]F-fluorodeoxyglucose and prostate-specific membrane antigen positron emission tomography in primary prostate cancer: a bioinformatic and experimental study.","Journal of translational medicine","J Transl Med","Journal Article; Research Support, Non-U.S. Gov't","Prostate Imaging","No",""
"37453274","10.1016/j.ejrad.2023.110964","Baumgartner GL","2023","Metadata-independent classification of MRI sequences using convolutional neural networks: Successful application to prostate MRI.","European journal of radiology","Eur J Radiol","Journal Article","Prostate Imaging","No",""
"35922018","10.1016/j.jacr.2022.05.022","Belue MJ","2023","The Low Rate of Adherence to Checklist for Artificial Intelligence in Medical Imaging Criteria Among Published Prostate MRI Artificial Intelligence Algorithms.","Journal of the American College of Radiology : JACR","J Am Coll Radiol","Journal Article; Research Support, N.I.H., Extramural; Review","Prostate Imaging","No",""
"37750774","10.1148/radiol.230427","Bischoff LM","2023","Deep Learning Super-Resolution Reconstruction for Fast and Motion-Robust T2-weighted Prostate MRI.","Radiology","Radiology","Journal Article","Prostate Imaging","No",""
"37894330","10.3390/cancers15204963","Bonaffini PA","2023","Towards the Definition of Radiomic Features and Clinical Indices to Enhance the Diagnosis of Clinically Significant Cancers in PI-RADS 4 and 5 Lesions.","Cancers","Cancers (Basel)","Journal Article","Prostate Imaging","No",""
"37795142","10.1148/ryai.230031","Bosma JS","2023","Semisupervised Learning with Report-guided Pseudo Labels for Deep Learning-based Prostate Cancer Detection Using Biparametric MRI.","Radiology. Artificial intelligence","Radiol Artif Intell","Journal Article","Prostate Imaging","No",""
"37099047","10.1186/s13550-023-00984-5","Chan TH","2023","Detecting localised prostate cancer using radiomic features in PSMA PET and multiparametric MRI for biologically targeted radiation therapy.","EJNMMI research","EJNMMI Res","Journal Article","Prostate Imaging","No",""
"37039689","10.1148/radiol.230574","Chapiro J","2023","Explainable AI for Prostate MRI: Don't Trust, Verify.","Radiology","Radiology","Comment; Editorial; Research Support, N.I.H., Extramural","Prostate Imaging","No",""
"38036991","10.1186/s12880-023-01163-7","Chen J","2023","A transfer learning nomogram for predicting prostate cancer and benign conditions on MRI.","BMC medical imaging","BMC Med Imaging","Journal Article; Research Support, Non-U.S. Gov't","Prostate Imaging","No",""
"35852438","10.1002/jmri.28333","Cheng X","2023","Avoiding Unnecessary Systematic Biopsy in Clinically Significant Prostate Cancer: Comparison Between MRI-Based Radiomics Model and PI-RADS Category.","Journal of magnetic resonance imaging : JMRI","J Magn Reson Imaging","Journal Article; Randomized Controlled Trial; Research Support, Non-U.S. Gov't","Prostate Imaging","No",""
"37218191","10.2174/1573405620666230522151445","Coroama LG","2023","A Light, 3D UNet-based Architecture for Fully Automatic Segmentation of Prostate Lesions from T2-MRI Images.","Current medical imaging","Curr Med Imaging","Journal Article","Prostate Imaging","No",""
"37685317","10.3390/diagnostics13172779","Dominguez I","2023","MRI-Based Surrogate Imaging Markers of Aggressiveness in Prostate Cancer: Development of a Machine Learning Model Based on Radiomic Features.","Diagnostics (Basel, Switzerland)","Diagnostics (Basel)","Journal Article","Prostate Imaging","No",""
"37009941","10.1186/s41824-023-00165-6","Duriseti S","2023","Quantitative assessment of PSMA PET response to therapy in castration-sensitive prostate cancer using an automated imaging platform for disease identification and measurement.","European journal of hybrid imaging","Eur J Hybrid Imaging","Journal Article","Prostate Imaging","No",""
"36812699","10.1016/j.ejrad.2023.110749","Forookhi A","2023","Bridging the experience gap in prostate multiparametric magnetic resonance imaging using artificial intelligence: A prospective multi-reader comparison study on inter-reader agreement in PI-RADS v2.1, image quality and reporting time between novice and expert readers.","European journal of radiology","Eur J Radiol","Journal Article; Observational Study","Prostate Imaging","No",""
"36765539","10.3390/cancers15030578","Gassenmaier S","2023","Thin-Slice Prostate MRI Enabled by Deep Learning Image Reconstruction.","Cancers","Cancers (Basel)","Journal Article","Prostate Imaging","No",""
"37444548","10.3390/cancers15133438","Gaudiano C","2023","An Apparent Diffusion Coefficient-Based Machine Learning Model Can Improve Prostate Cancer Detection in the Grey Area of the Prostate Imaging Reporting and Data System Category 3: A Single-Centre Experience.","Cancers","Cancers (Basel)","Journal Article","Prostate Imaging","No",""
"36910493","10.3389/fmed.2023.1133269","Ghezzo S","2023","External validation of a convolutional neural network for the automatic segmentation of intraprostatic tumor lesions on (68)Ga-PSMA PET images.","Frontiers in medicine","Front Med (Lausanne)","Journal Article","Prostate Imaging","No",""
"36578461","10.1016/j.euros.2022.11.021","Giganti F","2023","Is Artificial Intelligence Replacing Our Radiology Stars in Prostate Magnetic Resonance Imaging? The Stars Do Not Look Big, But They Can Look Brighter.","European urology open science","Eur Urol Open Sci","Editorial","Prostate Imaging","No",""
"38081998","10.1038/s41698-023-00481-x","Gu WJ","2023","A deep learning model, NAFNet, predicts adverse pathology and recurrence in prostate cancer using MRIs.","NPJ precision oncology","NPJ Precis Oncol","Journal Article","Prostate Imaging","No",""
"39355016","10.3389/fnume.2023.1234853","Gutsche R","2023","Multicentric (68)Ga-PSMA PET radiomics for treatment response assessment of (177)Lu-PSMA-617 radioligand therapy in patients with metastatic castration-resistant prostate cancer.","Frontiers in nuclear medicine","Front Nucl Med","Journal Article","Prostate Imaging","No",""
"37039688","10.1148/radiol.222276","Hamm CA","2023","Interactive Explainable Deep Learning Model Informs Prostate Cancer Diagnosis at MRI.","Radiology","Radiology","Journal Article; Research Support, Non-U.S. Gov't","Prostate Imaging","Yes","Prostate MRI reader assistance"
"37394103","10.1016/j.radonc.2023.109774","Holzschuh JC","2023","Deep learning based automated delineation of the intraprostatic gross tumour volume in PSMA-PET for patients with primary prostate cancer.","Radiotherapy and oncology : journal of the European Society for Therapeutic Radiology and Oncology","Radiother Oncol","Journal Article","Prostate Imaging","No",""
"36647150","10.1186/s40644-023-00527-0","Hu L","2023","Automated deep-learning system in the assessment of MRI-visible prostate cancer: comparison of advanced zoomed diffusion-weighted imaging and conventional technique.","Cancer imaging : the official publication of the International Cancer Imaging Society","Cancer Imaging","Journal Article","Prostate Imaging","No",""
"38068372","10.3390/jcm12237322","Huynh LM","2023","Multi-Institutional Development and Validation of a Radiomic Model to Predict Prostate Cancer Recurrence Following Radical Prostatectomy.","Journal of clinical medicine","J Clin Med","Journal Article","Prostate Imaging","No",""
"36222324","10.1002/jmri.28427","Jiang KW","2023","Performance of Artificial Intelligence-Aided Diagnosis System for Clinically Significant Prostate Cancer with MRI: A Diagnostic Comparison Study.","Journal of magnetic resonance imaging : JMRI","J Magn Reson Imaging","Journal Article; Research Support, Non-U.S. Gov't","Prostate Imaging","No",""
"36832103","10.3390/diagnostics13040615","Jiang W","2023","Joint Cancer Segmentation and PI-RADS Classification on Multiparametric MRI Using MiniSegCaps Network.","Diagnostics (Basel, Switzerland)","Diagnostics (Basel)","Journal Article","Prostate Imaging","No",""
"36690774","10.1007/s00330-023-09410-9","Jimenez-Pastor A","2023","Automated prostate multi-regional segmentation in magnetic resonance using fully convolutional neural networks.","European radiology","Eur Radiol","Journal Article","Prostate Imaging","No",""
"38135930","10.3390/bioengineering10121340","Jin L","2023","Interobserver Agreement in Automatic Segmentation Annotation of Prostate Magnetic Resonance Imaging.","Bioengineering (Basel, Switzerland)","Bioengineering (Basel)","Journal Article","Prostate Imaging","No",""
"36991347","10.1186/s12880-023-01002-9","Jin P","2023","Machine learning-based radiomics model to predict benign and malignant PI-RADS v2.1 category 3 lesions: a retrospective multi-center study.","BMC medical imaging","BMC Med Imaging","Journal Article; Multicenter Study; Research Support, Non-U.S. Gov't","Prostate Imaging","No",""
"36836937","10.3390/life13020580","Jozwiak R","2023","Intraobserver and Interobserver Agreement between Six Radiologists Describing mpMRI Features of Prostate Cancer Using a PI-RADS 2.1 Structured Reporting Scheme.","Life (Basel, Switzerland)","Life (Basel)","Journal Article","Prostate Imaging","No",""
"37245342","10.1016/j.ejrad.2023.110887","Kim H","2023","The role of AI in prostate MRI quality and interpretation: Opportunities and challenges.","European journal of radiology","Eur J Radiol","Journal Article; Review","Prostate Imaging","No",""
"36859618","10.1007/s00259-023-06163-x","Kim M","2023","Evaluation of thresholding methods for the quantification of [(68)Ga]Ga-PSMA-11 PET molecular tumor volume and their effect on survival prediction in patients with advanced prostate cancer undergoing [(177)Lu]Lu-PSMA-617 radioligand therapy.","European journal of nuclear medicine and molecular imaging","Eur J Nucl Med Mol Imaging","Journal Article","Prostate Imaging","No",""
"35900376","10.1007/s00330-022-08978-y","Labus S","2023","A concurrent, deep learning-based computer-aided detection system for prostate multiparametric MRI: a performance study involving experienced and less-experienced radiologists.","European radiology","Eur Radiol","Journal Article","Prostate Imaging","No",""
"37541181","10.1016/j.ejrad.2023.111017","Lee KL","2023","Assessment of deep learning-based reconstruction on T2-weighted and diffusion-weighted prostate MRI image quality.","European journal of radiology","Eur J Radiol","Journal Article","Prostate Imaging","No",""
"37553543","10.1007/s11255-023-03722-x","Li S","2023","AI-predicted mpMRI image features for the prediction of clinically significant prostate cancer.","International urology and nephrology","Int Urol Nephrol","Journal Article","Prostate Imaging","No",""
"38223686","10.1007/s43657-023-00108-y","Li Y","2023","Performance of (18)F-DCFPyL PET/CT in Primary Prostate Cancer Diagnosis, Gleason Grading and D'Amico Classification: A Radiomics-Based Study.","Phenomics (Cham, Switzerland)","Phenomics","Journal Article","Prostate Imaging","No",""
"36870241","10.1016/j.ejrad.2023.110757","Lin Y","2023","Prostate MRI and image Quality: It is time to take stock.","European journal of radiology","Eur J Radiol","Journal Article; Review","Prostate Imaging","No",""
"36725719","10.1007/s00330-023-09433-2","Liu G","2023","The added value of AI-based computer-aided diagnosis in classification of cancer at prostate MRI.","European radiology","Eur Radiol","Journal Article","Prostate Imaging","No",""
"37361597","10.3389/fonc.2023.1157384","Liu T","2023","Development, comparison, and validation of four intelligent, practical machine learning models for patients with prostate-specific antigen in the gray zone.","Frontiers in oncology","Front Oncol","Journal Article","Prostate Imaging","No",""
"37231229","10.1186/s13550-023-00999-y","Margail C","2023","Imaging quality of an artificial intelligence denoising algorithm: validation in (68)Ga PSMA-11 PET for patients with biochemical recurrence of prostate cancer.","EJNMMI research","EJNMMI Res","Journal Article","Prostate Imaging","No",""
"37605627","10.1111/iju.15280","Matsuoka Y","2023","Deep-learning prostate cancer detection and segmentation on biparametric versus multiparametric magnetic resonance imaging: Added value of dynamic contrast-enhanced imaging.","International journal of urology : official journal of the Japanese Urological Association","Int J Urol","Journal Article","Prostate Imaging","No",""
"37540237","10.1007/s00259-023-06362-6","Moradi S","2023","Error mitigation enables PET radiomic cancer characterization on quantum computers.","European journal of nuclear medicine and molecular imaging","Eur J Nucl Med Mol Imaging","Journal Article","Prostate Imaging","No",""
"36933775","10.1016/j.mri.2023.03.009","Nai YH","2023","Comparison of quantitative parameters and radiomic features as inputs into machine learning models to predict the Gleason score of prostate cancer lesions.","Magnetic resonance imaging","Magn Reson Imaging","Journal Article; Research Support, Non-U.S. Gov't","Prostate Imaging","No",""
"37705517","10.1016/j.euros.2023.07.005","Nedelcu A","2023","A Machine Learning Framework Reduces the Manual Workload for Systematic Reviews of the Diagnostic Performance of Prostate Magnetic Resonance Imaging.","European urology open science","Eur Urol Open Sci","Journal Article","Prostate Imaging","No",""
"37507610","10.1007/s00330-023-09882-9","Netzer N","2023","Application of a validated prostate MRI deep learning system to independent same-vendor multi-institutional data: demonstration of transferability.","European radiology","Eur Radiol","Journal Article","Prostate Imaging","No",""
"36959777","10.1002/pros.24528","Oerther B","2023","Prediction of upgrade to clinically significant prostate cancer in patients under active surveillance: Performance of a fully automated AI-algorithm for lesion detection and classification.","The Prostate","Prostate","Journal Article; Research Support, Non-U.S. Gov't","Prostate Imaging","No",""
"36417741","10.1109/TMI.2022.3224067","Ouyang C","2023","Causality-Inspired Single-Source Domain Generalization for Medical Image Segmentation.","IEEE transactions on medical imaging","IEEE Trans Med Imaging","Journal Article; Research Support, Non-U.S. Gov't","Prostate Imaging","No",""
"37154952","10.1007/s00330-023-09673-2","Padhani AR","2023","Prostate cancer screening-stepping forward with MRI.","European radiology","Eur Radiol","Journal Article","Prostate Imaging","No",""
"38132224","10.3390/diagnostics13243640","Pasini G","2023","A Critical Analysis of the Robustness of Radiomics to Variations in Segmentation Methods in (18)F-PSMA-1007 PET Images of Patients Affected by Prostate Cancer.","Diagnostics (Basel, Switzerland)","Diagnostics (Basel)","Journal Article","Prostate Imaging","No",""
"37198106","10.3760/cma.j.cn112137-20221018-02174","Qiao XM","2023","[The value of machine learning models based on biparametric MRI for diagnosis of prostate cancer and clinically significant prostate cancer].","Zhonghua yi xue za zhi","Zhonghua Yi Xue Za Zhi","English Abstract; Journal Article","Prostate Imaging","No",""
"36914501","10.1016/j.acra.2023.02.012","Rajagopal A","2023","Federated Learning with Research Prototypes: Application to Multi-Center MRI-based Detection of Prostate Cancer with Diverse Histopathology.","Academic radiology","Acad Radiol","Journal Article; Research Support, N.I.H., Extramural; Research Support, Non-U.S. Gov't","Prostate Imaging","No",""
"36900261","10.3390/cancers15051467","Rodrigues NM","2023","A Comparative Study of Automated Deep Learning Segmentation Models for Prostate MRI.","Cancers","Cancers (Basel)","Journal Article","Prostate Imaging","No",""
"35960339","10.1007/s00330-022-09032-7","Roest C","2023","AI-assisted biparametric MRI surveillance of prostate cancer: feasibility study.","European radiology","Eur Radiol","Journal Article","Prostate Imaging","No",""
"37302934","10.1016/j.hoc.2023.05.002","Schawkat K","2023","Insights into Renal Cell Carcinoma with Novel Imaging Approaches.","Hematology/oncology clinics of North America","Hematol Oncol Clin North Am","Journal Article; Review","Prostate Imaging","No",""
"36929180","10.1007/s00259-023-06195-3","Spohn SKB","2023","Development of PSMA-PET-guided CT-based radiomic signature to predict biochemical recurrence after salvage radiotherapy.","European journal of nuclear medicine and molecular imaging","Eur J Nucl Med Mol Imaging","Journal Article; Multicenter Study","Prostate Imaging","No",""
"37526670","10.1007/s00330-023-09886-5","Stanzione A","2023","Generalizability of prostate MRI deep learning: does one size fit all data?","European radiology","Eur Radiol","Comment; Editorial","Prostate Imaging","No",""
"37333662","10.1016/j.eclinm.2023.102027","Sun YK","2023","Three-dimensional convolutional neural network model to identify clinically significant prostate cancer in transrectal ultrasound videos: a prospective, multi-institutional, diagnostic study.","EClinicalMedicine","EClinicalMedicine","Journal Article","Prostate Imaging","No",""
"36825823","10.1002/jmri.28608","Sun Z","2023","Deep-Learning Models for Detection and Localization of Visible Clinically Significant Prostate Cancer on Multi-Parametric MRI.","Journal of magnetic resonance imaging : JMRI","J Magn Reson Imaging","Journal Article; Research Support, Non-U.S. Gov't","Prostate Imaging","No",""
"36371606","10.1007/s00330-022-09239-8","Thimansson E","2023","Deep learning algorithm performs similarly to radiologists in the assessment of prostate volume on MRI.","European radiology","Eur Radiol","Journal Article; Multicenter Study","Prostate Imaging","No",""
"37511785","10.3390/jpm13071172","Thulasi Seetha S","2023","Stability of Multi-Parametric Prostate MRI Radiomic Features to Variations in Segmentation.","Journal of personalized medicine","J Pers Med","Journal Article","Prostate Imaging","No",""
"36651358","10.1002/jmri.28602","Tong A","2023","Comparison of a Deep Learning-Accelerated vs. Conventional T2-Weighted Sequence in Biparametric MRI of the Prostate.","Journal of magnetic resonance imaging : JMRI","J Magn Reson Imaging","Journal Article","Prostate Imaging","No",""
"37097134","10.1148/radiol.223128","Turkbey B","2023","PI-RADS: Where Next?","Radiology","Radiology","Journal Article; Review","Prostate Imaging","No",""
"37750773","10.1148/radiol.232344","Turkbey B","2023","The Potential for Deep Learning Reconstruction to Improve the Quality of T2-weighted Prostate MRI.","Radiology","Radiology","Comment; Editorial","Prostate Imaging","No",""
"37740046","10.1007/s00261-023-03989-9","Wang K","2023","Artificial intelligence as diagnostic aiding tool in cases of Prostate Imaging Reporting and Data System category 3: the results of retrospective multi-center cohort study.","Abdominal radiology (New York)","Abdom Radiol (NY)","Journal Article; Multicenter Study","Prostate Imaging","No",""
"35852595","10.1007/s00345-022-04086-0","Wang X","2023","A prospective multi-center randomized comparative trial evaluating outcomes of transrectal ultrasound (TRUS)-guided 12-core systematic biopsy, mpMRI-targeted 12-core biopsy, and artificial intelligence ultrasound of prostate (AIUSP) 6-core targeted biopsy for prostate cancer diagnosis.","World journal of urology","World J Urol","Journal Article; Multicenter Study; Randomized Controlled Trial","Prostate Imaging","No",""
"37478033","10.1109/TUFFC.2023.3297840","Wilson PFR","2023","Self-Supervised Learning With Limited Labeled Data for Prostate Cancer Detection in High-Frequency Ultrasound.","IEEE transactions on ultrasonics, ferroelectrics, and frequency control","IEEE Trans Ultrason Ferroelectr Freq Control","Journal Article; Research Support, Non-U.S. Gov't","Prostate Imaging","No",""
"36983728","10.3390/jpm13030547","Xu IRL","2023","Generative Adversarial Networks Can Create High Quality Artificial Prostate Cancer Magnetic Resonance Images.","Journal of personalized medicine","J Pers Med","Journal Article","Prostate Imaging","No",""
"37179941","10.21037/qims-22-1068","Xu L","2023","Development and acceptability validation of a deep learning-based tool for whole-prostate segmentation on multiparametric MRI: a multicenter study.","Quantitative imaging in medicine and surgery","Quant Imaging Med Surg","Journal Article","Prostate Imaging","No",""
"37037147","10.1016/j.compbiomed.2023.106882","Xu Y","2023","Automatic segmentation of prostate cancer metastases in PSMA PET/CT images using deep neural networks with weighted batch-wise dice loss.","Computers in biology and medicine","Comput Biol Med","Journal Article; Research Support, N.I.H., Extramural; Research Support, Non-U.S. Gov't","Prostate Imaging","No",""
"37368800","10.1109/JBHI.2023.3289913","Yan Y","2023","CCT-Unet: A U-Shaped Network Based on Convolution Coupled Transformer for Segmentation of Peripheral and Transition Zones in Prostate MRI.","IEEE journal of biomedical and health informatics","IEEE J Biomed Health Inform","Journal Article; Research Support, Non-U.S. Gov't","Prostate Imaging","No",""
"37869318","10.21037/qims-23-446","Ye Y","2023","Development trends and knowledge framework in the application of magnetic resonance imaging in prostate cancer: a bibliometric analysis from 1984 to 2022.","Quantitative imaging in medicine and surgery","Quant Imaging Med Surg","Journal Article","Prostate Imaging","No",""
"36599915","10.1038/s41416-022-02137-2","Yu R","2023","PI-RADS(AI): introducing a new human-in-the-loop AI model for prostate cancer diagnosis based on MRI.","British journal of cancer","Br J Cancer","Journal Article; Research Support, Non-U.S. Gov't","Prostate Imaging","No",""
"38083363","10.1109/EMBC40787.2023.10340280","Yuan Y","2023","SSPT-bpMRI: A Self-supervised Pre-training Scheme for Improving Prostate Cancer Detection and Diagnosis in Bi-parametric MRI().","Annual International Conference of the IEEE Engineering in Medicine and Biology Society. IEEE Engineering in Medicine and Biology Society. Annual International Conference","Annu Int Conf IEEE Eng Med Biol Soc","Journal Article","Prostate Imaging","No",""
"38260839","10.3389/fonc.2023.1273414","Zang S","2023","Deep learning based on 68Ga-PSMA-11 PET/CT for predicting pathological upgrading in patients with prostate cancer.","Frontiers in oncology","Front Oncol","Journal Article","Prostate Imaging","No",""
"36598674","10.1007/s11517-022-02759-x","Zhang Y","2023","Differential diagnosis of prostate cancer and benign prostatic hyperplasia based on DCE-MRI using bi-directional CLSTM deep learning and radiomics.","Medical & biological engineering & computing","Med Biol Eng Comput","Journal Article","Prostate Imaging","No",""
"36409317","10.1007/s00259-022-06036-9","Zhao L","2023","Predicting clinically significant prostate cancer with a deep learning approach: a multicentre retrospective study.","European journal of nuclear medicine and molecular imaging","Eur J Nucl Med Mol Imaging","Journal Article; Multicenter Study","Prostate Imaging","No",""
"38074651","10.3389/fonc.2023.1247682","Zhao YY","2023","Magnetic resonance imaging radiomics-based prediction of clinically significant prostate cancer in equivocal PI-RADS 3 lesions in the transitional zone.","Frontiers in oncology","Front Oncol","Journal Article","Prostate Imaging","No",""
"37198374","10.1007/s11547-023-01644-3","Zhong J","2023","Prediction of prostate tumour hypoxia using pre-treatment MRI-derived radiomics: preliminary findings.","La Radiologia medica","Radiol Med","Journal Article","Prostate Imaging","No",""
"38090633","10.1109/isbi53787.2023.10230418","Zhong J","2023","INTEGRATING PROSTATE SPECIFIC ANTIGEN DENSITY BIOMARKER INTO DEEP LEARNING PROSTATE MRI LESION SEGMENTATION MODELS.","Proceedings. IEEE International Symposium on Biomedical Imaging","Proc IEEE Int Symp Biomed Imaging","Journal Article","Prostate Imaging","No",""
"36964192","10.1038/s41598-023-31869-1","Zhong JG","2023","Predicting prostate cancer in men with PSA levels of 4-10 ng/mL: MRI-based radiomics can help junior radiologists improve the diagnostic performance.","Scientific reports","Sci Rep","Journal Article; Research Support, Non-U.S. Gov't","Prostate Imaging","No",""
"36729865","10.1097/RLI.0000000000000945","Al-Bourini O","2023","T1 Mapping of the Prostate Using Single-Shot T1FLASH: A Clinical Feasibility Study to Optimize Prostate Cancer Assessment.","Investigative radiology","Invest Radiol","Journal Article; Research Support, Non-U.S. Gov't","Prostate Pathology","No",""
"36594873","10.1158/0008-5472.CAN-22-2146","Ao J","2023","Stimulated Raman Scattering Microscopy Enables Gleason Scoring of Prostate Core Needle Biopsy by a Convolutional Neural Network.","Cancer research","Cancer Res","Journal Article; Research Support, Non-U.S. Gov't","Prostate Pathology","No",""
"36646808","10.1038/s41416-022-02134-5","Bao J","2023","High-throughput precision MRI assessment with integrated stack-ensemble deep learning can enhance the preoperative prediction of prostate cancer Gleason grade.","British journal of cancer","Br J Cancer","Journal Article; Research Support, Non-U.S. Gov't","Prostate Pathology","No",""
"37445393","10.3390/jcm12134358","Checcucci E","2023","Machine-Learning-Based Tool to Predict Target Prostate Biopsy Outcomes: An Internal Validation Study.","Journal of clinical medicine","J Clin Med","Journal Article","Prostate Pathology","No",""
"36925071","10.1016/j.modpat.2023.100157","Chen Y","2023","Convolutional Neural Network Quantification of Gleason Pattern 4 and Association With Biochemical Recurrence in Intermediate-Grade Prostate Tumors.","Modern pathology : an official journal of the United States and Canadian Academy of Pathology, Inc","Mod Pathol","Journal Article; Research Support, N.I.H., Extramural; Research Support, U.S. Gov't, Non-P.H.S.","Prostate Pathology","No",""
"36928230","10.1371/journal.pone.0278084","Duenweg SR","2023","Comparison of a machine and deep learning model for automated tumor annotation on digitized whole slide prostate cancer histology.","PloS one","PLoS One","Journal Article","Prostate Pathology","No",""
"36809483","10.1007/s00428-023-03518-5","Eloy C","2023","Artificial intelligence-assisted cancer diagnosis improves the efficiency of pathologists in prostatic biopsies.","Virchows Archiv : an international journal of pathology","Virchows Arch","Journal Article","Prostate Pathology","No",""
"37572884","10.1016/j.urology.2023.06.036","Enders JJ","2023","A Novel Magnetic Resonance Imaging/Ultrasound Fusion Prostate Biopsy Technique Using Transperineal Ultrasound: An Initial Experience.","Urology","Urology","Journal Article","Prostate Pathology","No",""
"37329212","10.1002/cam4.6216","Fairey A","2023","Clinical analysis of EV-Fingerprint to predict grade group 3 and above prostate cancer and avoid prostate biopsy.","Cancer medicine","Cancer Med","Journal Article; Research Support, Non-U.S. Gov't","Prostate Pathology","No",""
"36748189","10.1016/j.labinv.2022.100006","Falahkheirkhah K","2023","Deepfake Histologic Images for Enhancing Digital Pathology.","Laboratory investigation; a journal of technical methods and pathology","Lab Invest","Journal Article; Research Support, N.I.H., Extramural; Research Support, Non-U.S. Gov't","Prostate Pathology","No",""
"37772992","10.1158/2767-9764.CRC-23-0226","Falahkheirkhah K","2023","Accelerating Cancer Histopathology Workflows with Chemical Imaging and Machine Learning.","Cancer research communications","Cancer Res Commun","Journal Article","Prostate Pathology","No",""
"37190264","10.3390/cancers15082335","Fogarty R","2023","Classifying Malignancy in Prostate Glandular Structures from Biopsy Scans with Deep Learning.","Cancers","Cancers (Basel)","Journal Article","Prostate Pathology","No",""
"37793603","10.1016/j.nbt.2023.09.008","Gallo M","2023","Shedding light on the black box of a neural network used to detect prostate cancer in whole slide images by occlusion-based explainability.","New biotechnology","N Biotechnol","Journal Article","Prostate Pathology","No",""
"37217768","10.1007/s11548-023-02949-4","Gilany M","2023","TRUSformer: improving prostate cancer detection from micro-ultrasound using attention and self-supervision.","International journal of computer assisted radiology and surgery","Int J Comput Assist Radiol Surg","Journal Article","Prostate Pathology","No",""
"36806587","10.1002/jbio.202200382","Gomes EFA","2023","Prostate cancer tissue classification by multiphoton imaging, automated image analysis and machine learning.","Journal of biophotonics","J Biophotonics","Journal Article; Research Support, Non-U.S. Gov't","Prostate Pathology","No",""
"37988640","10.1200/CCI.23.00083","Hu S","2023","Comparing Active Surveillance and Watchful Waiting With Radical Treatment Using Machine Learning Models Among Patients With Prostate Cancer.","JCO clinical cancer informatics","JCO Clin Cancer Inform","Journal Article; Research Support, N.I.H., Extramural","Prostate Pathology","No",""
"37407736","10.1007/s00428-023-03589-4","Jager A","2023","Reliability of whole mount radical prostatectomy histopathology as the ground truth for artificial intelligence assisted prostate imaging.","Virchows Archiv : an international journal of pathology","Virchows Arch","Journal Article","Prostate Pathology","No",""
"37345961","10.1016/j.diii.2023.04.006","Jaouen T","2023","Characterization of high-grade prostate cancer at multiparametric MRI using a radiomic-based computer-aided diagnosis system as standalone and second reader.","Diagnostic and interventional imaging","Diagn Interv Imaging","Journal Article","Prostate Pathology","No",""
"37596374","10.1038/s41598-023-40371-7","Kaneko M","2023","Transperineal vs transrectal magnetic resonance and ultrasound image fusion prostate biopsy: a pair-matched comparison.","Scientific reports","Sci Rep","Journal Article","Prostate Pathology","No",""
"37936016","10.1007/s11934-023-01187-0","Kang Z","2023","Management Strategy for Prostate Imaging Reporting and Data System Category 3 Lesions.","Current urology reports","Curr Urol Rep","Journal Article; Review","Prostate Pathology","No",""
"37957250","10.1038/s41598-023-46747-z","Kovacs B","2023","Addressing image misalignments in multi-parametric prostate MRI for enhanced computer-aided diagnosis of prostate cancer.","Scientific reports","Sci Rep","Journal Article; Research Support, Non-U.S. Gov't","Prostate Pathology","No",""
"37586959","10.1016/j.euo.2023.06.013","Lenfant L","2023","Unleashing the Power of Artificial Intelligence and Fusion Magnetic Resonance Imaging-Targeted Biopsy: Transforming Prostate Cancer Diagnosis.","European urology oncology","Eur Urol Oncol","Editorial","Prostate Pathology","No",""
"37545333","10.1002/pros.24608","Li J","2023","Clinical study of multifactorial diagnosis in prostate biopsy.","The Prostate","Prostate","Journal Article; Research Support, Non-U.S. Gov't","Prostate Pathology","No",""
"36496513","10.1007/s11517-022-02711-z","Li X","2023","Expectation-maximization algorithm leads to domain adaptation for a perineural invasion and nerve extraction task in whole slide digital pathology images.","Medical & biological engineering & computing","Med Biol Eng Comput","Journal Article","Prostate Pathology","No",""
"36905102","10.1002/mp.16343","Liu K","2023","Mutually communicated model based on multi-parametric MRI for automated segmentation and classification of prostate cancer.","Medical physics","Med Phys","Journal Article","Prostate Pathology","No",""
"35249120","10.1007/s00345-022-03965-w","Lorusso V","2023","External validation of the computerized analysis of TRUS of the prostate with the ANNA/C-TRUS system: a potential role of artificial intelligence for improving prostate cancer detection.","World journal of urology","World J Urol","Journal Article; Multicenter Study","Prostate Pathology","No",""
"37943772","10.1371/journal.pone.0293672","Luining WI","2023","Optimization and validation of 18F-DCFPyL PET radiomics-based machine learning models in intermediate- to high-risk primary prostate cancer.","PloS one","PLoS One","Journal Article; Multicenter Study","Prostate Pathology","No",""
"37154588","10.1002/pros.24547","Mannas MP","2023","Stimulated Raman histology, a novel method to allow for rapid pathologic examination of unprocessed, fresh prostate biopsies.","The Prostate","Prostate","Journal Article","Prostate Pathology","No",""
"37225634","10.1016/j.urolonc.2023.04.008","Mannas MP","2023","Stimulated Raman histology as a method to determine the adequacy of renal mass biopsy and identify malignant subtypes of renal cell carcinoma.","Urologic oncology","Urol Oncol","Journal Article","Prostate Pathology","No",""
"37075600","10.1016/j.compbiomed.2023.106856","Marron-Esquivel JM","2023","A comparative study of the inter-observer variability on Gleason grading against Deep Learning-based approaches for prostate cancer.","Computers in biology and medicine","Comput Biol Med","Journal Article; Research Support, Non-U.S. Gov't","Prostate Pathology","No",""
"37461083","10.1186/s13643-023-02282-6","Martinez-Marroquin E","2023","Use of artificial intelligence in discerning the need for prostate biopsy and readiness for clinical practice: a systematic review protocol.","Systematic reviews","Syst Rev","Journal Article; Research Support, Non-U.S. Gov't","Prostate Pathology","No",""
"37942630","10.1080/17434440.2023.2280685","Nieri A","2023","[18F]FDG PET-TC radiomics and machine learning in the evaluation of prostate incidental uptake.","Expert review of medical devices","Expert Rev Med Devices","Journal Article","Prostate Pathology","No",""
"36900325","10.3390/cancers15051535","Nishio M","2023","Label Distribution Learning for Automatic Cancer Grading of Histopathological Images of Prostate Cancer.","Cancers","Cancers (Basel)","Journal Article","Prostate Pathology","No",""
"37352385","10.1158/0008-5472.CAN-22-3113","Pizurica M","2023","Whole Slide Imaging-Based Prediction of TP53 Mutations Identifies an Aggressive Disease Phenotype in Prostate Cancer.","Cancer research","Cancer Res","Journal Article; Research Support, N.I.H., Extramural; Research Support, Non-U.S. Gov't","Prostate Pathology","No",""
"36826118","10.3390/curroncol30020157","Prata F","2023","Radiomic Machine-Learning Analysis of Multiparametric Magnetic Resonance Imaging in the Diagnosis of Clinically Significant Prostate Cancer: New Combination of Textural and Clinical Features.","Current oncology (Toronto, Ont.)","Curr Oncol","Journal Article","Prostate Pathology","No",""
"36538386","10.5858/arpa.2022-0066-OA","Raciti P","2023","Clinical Validation of Artificial Intelligence-Augmented Pathology Diagnosis Demonstrates Significant Gains in Diagnostic Accuracy in Prostate Cancer Detection.","Archives of pathology & laboratory medicine","Arch Pathol Lab Med","Journal Article","Prostate Pathology","Yes","Prostate digital pathology"
"36332194","10.1515/bmt-2022-0201","Ramamurthy K","2023","A deep learning network for Gleason grading of prostate biopsies using EfficientNet.","Biomedizinische Technik. Biomedical engineering","Biomed Tech (Berl)","Journal Article","Prostate Pathology","No",""
"37062899","10.1177/09544119231154305","Reuben RL","2023","Mechanical mapping of the prostate in vivo using Dynamic Instrumented Palpation; towards an in vivo strategy for cancer assessment.","Proceedings of the Institution of Mechanical Engineers. Part H, Journal of engineering in medicine","Proc Inst Mech Eng H","Journal Article","Prostate Pathology","No",""
"36840380","10.1111/cyt.13226","Robeck P","2023","Multiplex protein analysis and ensemble machine learning methods of fine needle aspirates from prostate cancer patients reveal potential diagnostic signatures associated with tumour grade.","Cytopathology : official journal of the British Society for Clinical Cytology","Cytopathology","Journal Article","Prostate Pathology","No",""
"37633031","10.1016/j.compmedimag.2023.102288","Salvi M","2023","Deep learning approach for accurate prostate cancer identification and stratification using combined immunostaining of cytokeratin, p63, and racemase.","Computerized medical imaging and graphics : the official journal of the Computerized Medical Imaging Society","Comput Med Imaging Graph","Journal Article","Prostate Pathology","No",""
"37232213","10.1002/path.6090","Serafin R","2023","Nondestructive 3D pathology with analysis of nuclear features for prostate cancer risk assessment.","The Journal of pathology","J Pathol","Journal Article; Research Support, N.I.H., Extramural; Research Support, Non-U.S. Gov't; Research Support, U.S. Gov't, Non-P.H.S.","Prostate Pathology","No",""
"37784122","10.1186/s13000-023-01375-z","Shafi S","2023","Artificial intelligence in diagnostic pathology.","Diagnostic pathology","Diagn Pathol","Journal Article; Review","Prostate Pathology","No",""
"38067363","10.3390/cancers15235659","Singh A","2023","Enhancing Prostate Cancer Diagnosis with a Novel Artificial Intelligence-Based Web Application: Synergizing Deep Learning Models, Multimodal Data, and Insights from Usability Study with Pathologists.","Cancers","Cancers (Basel)","Journal Article","Prostate Pathology","No",""
"38320143","10.1056/EVIDoa2300023","Spratt DE","2023","Artificial Intelligence Predictive Model for Hormone Therapy Use in Prostate Cancer.","NEJM evidence","NEJM Evid","Journal Article","Prostate Pathology","No",""
"36749370","10.1007/s00330-023-09438-x","Sushentsev N","2023","Time series radiomics for the prediction of prostate cancer progression in patients on active surveillance.","European radiology","Eur Radiol","Journal Article","Prostate Pathology","No",""
"37582946","10.1038/s41698-023-00424-6","Tolkach Y","2023","An international multi-institutional validation study of the algorithm for prostate cancer detection and Gleason grading.","NPJ precision oncology","NPJ Precis Oncol","Journal Article","Prostate Pathology","No",""
"37813279","10.1016/j.labinv.2023.100257","Vazzano J","2023","Evaluation of A Computer-Aided Detection Software for Prostate Cancer Prediction: Excellent Diagnostic Accuracy Independent of Preanalytical Factors.","Laboratory investigation; a journal of technical methods and pathology","Lab Invest","Journal Article","Prostate Pathology","No",""
"36481762","10.1016/j.compbiomed.2022.106340","Xiang J","2023","Automatic diagnosis and grading of Prostate Cancer with weakly supervised learning on whole slide images.","Computers in biology and medicine","Comput Biol Med","Journal Article","Prostate Pathology","No",""
"36717727","10.1038/s41598-023-28669-y","Xu D","2023","Mask R-CNN assisted 2.5D object detection pipeline of (68)Ga-PSMA-11 PET/CT-positive metastatic pelvic lymph node after radical prostatectomy from solely CT imaging.","Scientific reports","Sci Rep","Journal Article; Research Support, N.I.H., Extramural; Research Support, U.S. Gov't, Non-P.H.S.","Prostate Pathology","No",""
"36823229","10.1007/s00428-023-03502-z","Yang Z","2023","The devil is in the details: a small-lesion sensitive weakly supervised learning framework for prostate cancer detection and grading.","Virchows Archiv : an international journal of pathology","Virchows Arch","Journal Article","Prostate Pathology","No",""
"37129493","10.1148/radiol.221309","Yilmaz EC","2023","Prospective Evaluation of PI-RADS Version 2.1 for Prostate Cancer Detection and Investigation of Multiparametric MRI-derived Markers.","Radiology","Radiology","Journal Article; Research Support, N.I.H., Extramural","Prostate Pathology","No",""
"37717420","10.1016/j.ejrad.2023.111095","Yilmaz EC","2023","Evaluation of a Deep Learning-based Algorithm for Post-Radiotherapy Prostate Cancer Local Recurrence Detection Using Biparametric MRI.","European journal of radiology","Eur J Radiol","Journal Article","Prostate Pathology","No",""
"36681188","10.1016/j.ajpath.2022.12.013","Yu YP","2023","Fusion Gene Detection in Prostate Cancer Samples Enhances the Prediction of Prostate Cancer Clinical Outcomes from Radical Prostatectomy through Machine Learning in a Multi-Institutional Analysis.","The American journal of pathology","Am J Pathol","Journal Article; Multicenter Study; Research Support, N.I.H., Extramural; Research Support, U.S. Gov't, Non-P.H.S.","Prostate Pathology","No",""
"37488510","10.1186/s12916-023-02964-x","Zhang H","2023","Artificial intelligence for the diagnosis of clinically significant prostate cancer based on multimodal data: a multicenter study.","BMC medicine","BMC Med","Journal Article; Multicenter Study; Research Support, Non-U.S. Gov't","Prostate Pathology","No",""
"37652543","10.2967/jnumed.122.265001","Zhang J","2023","A Prostate-Specific Membrane Antigen PET-Based Approach for Improved Diagnosis of Prostate Cancer in Gleason Grade Group 1: A Multicenter Retrospective Study.","Journal of nuclear medicine : official publication, Society of Nuclear Medicine","J Nucl Med","Journal Article; Multicenter Study; Research Support, Non-U.S. Gov't","Prostate Pathology","No",""
"37867334","10.56434/j.arch.esp.urol.20237607.61","Zhang X","2023","Predicting Positive Repeat Prostate Biopsy Outcomes: Comparison of Machine Learning Approaches to Identify Key Parameters and Optimal Algorithms.","Archivos espanoles de urologia","Arch Esp Urol","Journal Article","Prostate Pathology","No",""
"37357263","10.1186/s40779-023-00464-w","Zhao LT","2023","What benefit can be obtained from magnetic resonance imaging diagnosis with artificial intelligence in prostate cancer compared with clinical assessments?","Military Medical Research","Mil Med Res","Journal Article; Research Support, Non-U.S. Gov't; Review","Prostate Pathology","No",""
"37969634","10.21037/qims-23-20","Zhou Z","2023","An artificial intelligence-assisted diagnosis modeling software (AIMS) platform based on medical images and machine learning: a development and validation study.","Quantitative imaging in medicine and surgery","Quant Imaging Med Surg","Journal Article","Prostate Pathology","No",""
"36715344","10.1002/jbio.202200334","van Breugel SJ","2023","Raman spectroscopy system for real-time diagnosis of clinically significant prostate cancer tissue.","Journal of biophotonics","J Biophotonics","Clinical Trial; Journal Article; Research Support, Non-U.S. Gov't","Prostate Pathology","No",""
"37517681","10.1016/j.urology.2023.07.017","Abdallah N","2023","AI-generated R.E.N.A.L.+ Score Surpasses Human-generated Score in Predicting Renal Oncologic Outcomes.","Urology","Urology","Journal Article; Research Support, N.I.H., Extramural","Renal/Kidney","No",""
"37895332","10.3390/life13101950","Aymerich M","2023","Exploratory Analysis of the Role of Radiomic Features in the Differentiation of Oncocytoma and Chromophobe RCC in the Nephrographic CT Phase.","Life (Basel, Switzerland)","Life (Basel)","Journal Article","Renal/Kidney","No",""
"36874081","10.3389/fonc.2023.1021684","Barkan E","2023","Artificial intelligence-based prediction of overall survival in metastatic renal cell carcinoma.","Frontiers in oncology","Front Oncol","Journal Article","Renal/Kidney","No",""
"36648124","10.1111/bju.15959","Boulenger de Hauteclocque A","2023","Machine-learning approach for prediction of pT3a upstaging and outcomes of localized renal cell carcinoma (UroCCR-15).","BJU international","BJU Int","Journal Article","Renal/Kidney","No",""
"37460190","10.1111/bju.16116","Boulenger de Hauteclocque A","2023","Reply to: machine learning in renal cell carcinoma research: promise and pitfalls of 'renal-izing' the potential of artificial intelligence.","BJU international","BJU Int","Comment; Letter","Renal/Kidney","No",""
"37558767","10.1007/s00432-023-05169-0","Chen S","2023","Development and verification of a deep learning-based m(6)A modification model for clinical prognosis prediction of renal cell carcinoma.","Journal of cancer research and clinical oncology","J Cancer Res Clin Oncol","Journal Article","Renal/Kidney","No",""
"38025974","10.1093/pcmedi/pbad019","Chen S","2023","Artificial intelligence-based non-invasive tumor segmentation, grade stratification and prognosis prediction for clear-cell renal-cell carcinoma.","Precision clinical medicine","Precis Clin Med","Journal Article","Renal/Kidney","No",""
"36835837","10.3390/jcm12041301","Chen Y","2023","Delta Radiomics Model Predicts Lesion-Level Responses to Tyrosine Kinase Inhibitors in Patients with Advanced Renal Cell Carcinoma: A Preliminary Result.","Journal of clinical medicine","J Clin Med","Journal Article","Renal/Kidney","No",""
"36411581","10.2174/1573405619666221121164235","Cheng D","2023","Differentiation of Clear Cell and Non-clear-cell Renal Cell Carcinoma through CT-based Radiomics Models and Nomogram.","Current medical imaging","Curr Med Imaging","Journal Article","Renal/Kidney","No",""
"37498830","10.1371/journal.pone.0287299","Dehghani Firouzabadi F","2023","CT radiomics for differentiating fat poor angiomyolipoma from clear cell renal cell carcinoma: Systematic review and meta-analysis.","PloS one","PLoS One","Journal Article; Meta-Analysis; Research Support, N.I.H., Intramural; Systematic Review","Renal/Kidney","No",""
"37074425","10.1007/s00330-023-09551-x","Deniffel D","2023","Predicting the recurrence risk of renal cell carcinoma after nephrectomy: potential role of CT-radiomics for adjuvant treatment decisions.","European radiology","Eur Radiol","Journal Article","Renal/Kidney","No",""
"37814228","10.1186/s12885-023-11454-5","Gao Y","2023","Multiphase CT radiomics nomogram for preoperatively predicting the WHO/ISUP nuclear grade of small (< 4 cm) clear cell renal cell carcinoma.","BMC cancer","BMC Cancer","Journal Article; Randomized Controlled Trial","Renal/Kidney","No",""
"37568911","10.3390/diagnostics13152548","Garnier C","2023","A CT-Based Clinical, Radiological and Radiomic Machine Learning Model for Predicting Malignancy of Solid Renal Tumors (UroCCR-75).","Diagnostics (Basel, Switzerland)","Diagnostics (Basel)","Journal Article","Renal/Kidney","No",""
"36915914","10.1016/j.jpi.2023.100299","Gondim DD","2023","Artificial intelligence-based multi-class histopathologic classification of kidney neoplasms.","Journal of pathology informatics","J Pathol Inform","Journal Article","Renal/Kidney","No",""
"37393162","10.1016/S2589-7500(23)00095-X","Gui CP","2023","Multimodal recurrence scoring system for prediction of clear cell renal cell carcinoma outcome: a discovery and validation study.","The Lancet. Digital health","Lancet Digit Health","Journal Article; Research Support, Non-U.S. Gov't","Renal/Kidney","No",""
"37685281","10.3390/diagnostics13172743","Gutierrez Hidalgo B","2023","The Use of Radiomic Tools in Renal Mass Characterization.","Diagnostics (Basel, Switzerland)","Diagnostics (Basel)","Journal Article; Review","Renal/Kidney","No",""
"36397666","10.1002/cam4.5449","He H","2023","Computed tomography-based radiomics prediction of CTLA4 expression and prognosis in clear cell renal cell carcinoma.","Cancer medicine","Cancer Med","Journal Article; Research Support, Non-U.S. Gov't","Renal/Kidney","No",""
"36793772","10.1016/j.ejro.2023.100476","He XM","2023","Radiogenomics study to predict the nuclear grade of renal clear cell carcinoma.","European journal of radiology open","Eur J Radiol Open","Journal Article","Renal/Kidney","No",""
"38001875","10.3390/biomedicines11112875","Ivanova E","2023","Empowering Renal Cancer Management with AI and Digital Pathology: Pathology, Diagnostics and Prognosis.","Biomedicines","Biomedicines","Journal Article; Review","Renal/Kidney","No",""
"37005367","10.1111/bju.16016","Khene ZE","2023","Machine learning in renal cell carcinoma research: the promise and pitfalls of 'renal-izing' the potential of artificial intelligence.","BJU international","BJU Int","Comment; Letter","Renal/Kidney","No",""
"37031280","10.1038/s41598-023-30826-2","Kim JK","2023","Machine learning based prediction for oncologic outcomes of renal cell carcinoma after surgery using Korean Renal Cell Carcinoma (KORCC) database.","Scientific reports","Sci Rep","Journal Article","Renal/Kidney","No",""
"36864013","10.1002/cjp2.315","Kim KS","2023","Low gamma-butyrobetaine dioxygenase (BBOX1) expression as a prognostic biomarker in patients with clear cell renal cell carcinoma: a machine learning approach.","The journal of pathology. Clinical research","J Pathol Clin Res","Journal Article; Research Support, Non-U.S. Gov't","Renal/Kidney","No",""
"37509214","10.3390/cancers15143553","Klontzas ME","2023","Machine Learning Integrating (99m)Tc Sestamibi SPECT/CT and Radiomics Data Achieves Optimal Characterization of Renal Oncocytic Tumors.","Cancers","Cancers (Basel)","Journal Article","Renal/Kidney","No",""
"37537362","10.1038/s41598-023-39809-9","Klontzas ME","2023","A pilot radiometabolomics integration study for the characterization of renal oncocytic neoplasia.","Scientific reports","Sci Rep","Journal Article; Research Support, Non-U.S. Gov't","Renal/Kidney","No",""
"37850289","","Konyshev AV","2023","[Texture analysis of 3D models for the prediction of the grade of clear cell renal cell carcinoma of the kidney (pilot study)].","Urologiia (Moscow, Russia : 1999)","Urologiia","English Abstract; Journal Article","Renal/Kidney","No",""
"36855860","10.1002/mp.16303","Lay N","2023","Deep learning-based decision forest for hereditary clear cell renal cell carcinoma segmentation on MRI.","Medical physics","Med Phys","Journal Article","Renal/Kidney","No",""
"37078130","10.1177/15330338231165131","Le Y","2023","The Construction and Validation of a new Predictive Model for Overall Survival of Clear Cell Renal Cell Carcinoma Patients with Bone Metastasis Based on Machine Learning Algorithm.","Technology in cancer research & treatment","Technol Cancer Res Treat","Journal Article; Randomized Controlled Trial","Renal/Kidney","No",""
"37968599","10.1186/s12880-023-01127-x","Li Z","2023","The value of a dual-energy CT Iodine map radiomics model for the prediction of collagen fiber content in the ccRCC tumor microenvironment.","BMC medical imaging","BMC Med Imaging","Journal Article; Research Support, Non-U.S. Gov't","Renal/Kidney","No",""
"38031792","10.2174/0115734056268527231117074443","Liang M","2023","External Validation of Ultrasound Radiomics for Small (</= 4 cm) Renal Mass Differentiation: A Comparison with Radiologists.","Current medical imaging","Curr Med Imaging","Journal Article","Renal/Kidney","No",""
"37080171","10.1159/000530719","Liu DH","2023","Radiogenomic Associations Clear Cell Renal Cell Carcinoma: An Exploratory Study.","Oncology","Oncology","Journal Article","Renal/Kidney","No",""
"37816901","10.1186/s13244-023-01526-2","Liu H","2023","Validity of a multiphase CT-based radiomics model in predicting the Leibovich risk groups for localized clear cell renal cell carcinoma: an exploratory study.","Insights into imaging","Insights Imaging","Journal Article","Renal/Kidney","No",""
"36414745","10.1007/s00261-022-03699-8","Liu J","2023","A preliminary radiomics model for predicting perirenal fat invasion on renal cell carcinoma with contrast-enhanced CT images.","Abdominal radiology (New York)","Abdom Radiol (NY)","Journal Article; Research Support, Non-U.S. Gov't","Renal/Kidney","No",""
"36671688","10.3390/bioengineering10010116","Liu J","2023","AI-Driven Robust Kidney and Renal Mass Segmentation and Classification on 3D CT Images.","Bioengineering (Basel, Switzerland)","Bioengineering (Basel)","Journal Article","Renal/Kidney","No",""
"37275552","10.1007/s13167-023-00327-3","Liu J","2023","Multi-omics identification of an immunogenic cell death-related signature for clear cell renal cell carcinoma in the context of 3P medicine and based on a 101-combination machine learning computational framework.","The EPMA journal","EPMA J","Journal Article","Renal/Kidney","No",""
"37423959","10.1007/s00432-023-05107-0","Liu L","2023","Multi-center validation of an immune-related lncRNA signature for predicting survival and immune status of patients with renal cell carcinoma: an integrating machine learning-derived study.","Journal of cancer research and clinical oncology","J Cancer Res Clin Oncol","Journal Article","Renal/Kidney","No",""
"37760532","10.3390/cancers15184565","Maddalo M","2023","Small Renal Masses: Developing a Robust Radiomic Signature.","Cancers","Cancers (Basel)","Journal Article","Renal/Kidney","No",""
"37370799","10.3390/cancers15123189","Mahmud S","2023","Kidney Cancer Diagnosis and Surgery Selection by Machine Learning from CT Scans Combined with Clinical Metadata.","Cancers","Cancers (Basel)","Journal Article","Renal/Kidney","No",""
"37184999","10.1097/RCT.0000000000001433","Miskin N","2023","Differentiating Benign From Malignant Cystic Renal Masses: A Feasibility Study of Computed Tomography Texture-Based Machine Learning Algorithms.","Journal of computer assisted tomography","J Comput Assist Tomogr","Journal Article","Renal/Kidney","No",""
"37389608","10.1007/s00330-023-09869-6","Nie P","2023","A CT-based deep learning radiomics nomogram outperforms the existing prognostic models for outcome prediction in clear cell renal cell carcinoma: a multicenter study.","European radiology","Eur Radiol","Journal Article; Multicenter Study","Renal/Kidney","Yes","Renal radiomics and renal-mass prediction"
"37562222","10.1016/j.ejrad.2023.111018","Nie P","2023","A preoperative CT-based deep learning radiomics model in predicting the stage, size, grade and necrosis score and outcome in localized clear cell renal cell carcinoma: A multicenter study.","European journal of radiology","Eur J Radiol","Journal Article; Multicenter Study","Renal/Kidney","No",""
"37729872","10.1016/j.xcrm.2023.101189","Nyman J","2023","Spatially aware deep learning reveals tumor heterogeneity patterns that encode distinct kidney cancer states.","Cell reports. Medicine","Cell Rep Med","Journal Article; Research Support, N.I.H., Extramural; Research Support, Non-U.S. Gov't; Research Support, U.S. Gov't, Non-P.H.S.","Renal/Kidney","No",""
"37580840","10.1186/s40644-023-00594-3","Orton MR","2023","Interpretability of radiomics models is improved when using feature group selection strategies for predicting molecular and clinical targets in clear-cell renal cell carcinoma: insights from the TRACERx Renal study.","Cancer imaging : the official publication of the International Cancer Imaging Society","Cancer Imaging","Clinical Trial; Journal Article","Renal/Kidney","No",""
"37530800","10.1007/s00432-023-05201-3","Peng K","2023","Identification of disulfidptosis-related subtypes and development of a prognosis model based on stacking framework in renal clear cell carcinoma.","Journal of cancer research and clinical oncology","J Cancer Res Clin Oncol","Journal Article","Renal/Kidney","No",""
"36672304","10.3390/cancers15020354","Posada Calderon L","2023","Advances in Imaging-Based Biomarkers in Renal Cell Carcinoma: A Critical Analysis of the Current Literature.","Cancers","Cancers (Basel)","Journal Article; Review","Renal/Kidney","No",""
"36723981","10.1080/21645515.2023.2172926","Rossi E","2023","Radiomics to predict immunotherapy efficacy in advanced renal cell carcinoma: A retrospective study.","Human vaccines & immunotherapeutics","Hum Vaccin Immunother","Journal Article","Renal/Kidney","No",""
"38155627","10.18999/nagjms.85.4.713","Sassa N","2023","Creation of synthetic contrast-enhanced computed tomography images using deep neural networks to screen for renal cell carcinoma.","Nagoya journal of medical science","Nagoya J Med Sci","Journal Article; Multicenter Study","Renal/Kidney","No",""
"37285559","10.1200/PO.22.00668","Shankar V","2023","Distinguishing Renal Cell Carcinoma From Normal Kidney Tissue Using Mass Spectrometry Imaging Combined With Machine Learning.","JCO precision oncology","JCO Precis Oncol","Journal Article; Research Support, N.I.H., Extramural; Research Support, U.S. Gov't, Non-P.H.S.","Renal/Kidney","No",""
"37963055","10.1093/bioinformatics/btad679","Sharma D","2023","ReGeNNe: genetic pathway-based deep neural network using canonical correlation regularizer for disease prediction.","Bioinformatics (Oxford, England)","Bioinformatics","Journal Article","Renal/Kidney","No",""
"37998590","10.3390/diagnostics13223454","Sica M","2023","3D Model Artificial Intelligence-Guided Automatic Augmented Reality Images during Robotic Partial Nephrectomy.","Diagnostics (Basel, Switzerland)","Diagnostics (Basel)","Case Reports; Journal Article","Renal/Kidney","No",""
"37948361","10.1097/RCT.0000000000001453","Sim KC","2023","Machine Learning-Based Magnetic Resonance Radiomics Analysis for Predicting Low- and High-Grade Clear Cell Renal Cell Carcinoma.","Journal of computer assisted tomography","J Comput Assist Tomogr","Journal Article","Renal/Kidney","No",""
"38002445","10.3390/bioengineering10111320","Sofia D","2023","Mathematical and Machine Learning Models of Renal Cell Carcinoma: A Review.","Bioengineering (Basel, Switzerland)","Bioengineering (Basel)","Journal Article; Review","Renal/Kidney","No",""
"38192376","10.3389/fradi.2023.1325594","Stefano A","2023","Editorial: Radiomics and radiogenomics in genitourinary oncology: artificial intelligence and deep learning applications.","Frontiers in radiology","Front Radiol","Editorial","Renal/Kidney","No",""
"37888055","10.3390/jpm13101444","Toffoli T","2023","Differentiation of Small Clear Renal Cell Carcinoma and Oncocytoma through Magnetic Resonance Imaging-Based Radiomics Analysis: Toward the End of Percutaneous Biopsy.","Journal of personalized medicine","J Pers Med","Journal Article","Renal/Kidney","No",""
"37064257","10.5173/ceju.2023.252","Tramanzoli P","2023","Radiomics vs radiologist in bladder and renal cancer. Results from a systematic review.","Central European journal of urology","Cent European J Urol","Journal Article; Review","Renal/Kidney","No",""
"38010567","10.1186/s13244-023-01557-9","Wang S","2023","A multi-model based on radiogenomics and deep learning techniques associated with histological grade and survival in clear cell renal cell carcinoma.","Insights into imaging","Insights Imaging","Journal Article","Renal/Kidney","No",""
"36370180","10.1007/s00261-022-03735-7","Wentland AL","2023","Differentiation of benign from malignant solid renal lesions using CT-based radiomics and machine learning: comparison with radiologist interpretation.","Abdominal radiology (New York)","Abdom Radiol (NY)","Journal Article; Research Support, Non-U.S. Gov't","Renal/Kidney","No",""
"37382622","10.1007/s00345-023-04489-7","Wessels F","2023","A self-supervised vision transformer to predict survival from histopathology in renal cell carcinoma.","World journal of urology","World J Urol","Journal Article","Renal/Kidney","No",""
"38146369","10.3389/fimmu.2023.1293729","Wu Z","2023","Leveraging diverse cell-death related signature predicts the prognosis and immunotherapy response in renal clear cell carcinoma.","Frontiers in immunology","Front Immunol","Journal Article","Renal/Kidney","No",""
"36949898","10.1155/2023/4643792","Xiao Z","2023","Prediction of the Prognosis of Clear Cell Renal Cell Carcinoma by Cuproptosis-Related lncRNA Signals Based on Machine Learning and Construction of ceRNA Network.","Journal of oncology","J Oncol","Journal Article","Renal/Kidney","No",""
"37188171","10.3389/fonc.2023.1036734","Xing J","2023","Incremental value of radiomics with machine learning to the existing prognostic models for predicting outcome in renal cell carcinoma.","Frontiers in oncology","Front Oncol","Journal Article","Renal/Kidney","No",""
"37517099","10.1016/j.neo.2023.100919","Xu X","2023","Effects of PYCR1 on prognosis and immunotherapy plus tyrosine kinase inhibition responsiveness in metastatic renal cell carcinoma patients.","Neoplasia (New York, N.Y.)","Neoplasia","Journal Article","Renal/Kidney","No",""
"37289245","10.1007/s00330-023-09812-9","Yang H","2023","An automated surgical decision-making framework for partial or radical nephrectomy based on 3D-CT multi-level anatomical features in renal cell carcinoma.","European radiology","Eur Radiol","Journal Article; Multicenter Study","Renal/Kidney","No",""
"36326180","10.17305/bjbms.2022.8047","Yang W","2023","Machine learning to improve prognosis prediction of metastatic clear-cell renal cell carcinoma treated with cytoreductive nephrectomy and systemic therapy.","Biomolecules & biomedicine","Biomol Biomed","Journal Article","Renal/Kidney","No",""
"36869574","10.1002/jgm.3494","Yang Y","2023","Transcriptome mapping of renal clear cell carcinoma revealed by machine learning algorithm based on enhanced computed tomography images.","The journal of gene medicine","J Gene Med","Journal Article","Renal/Kidney","No",""
"37333811","10.3389/fonc.2023.1166988","Yang Y","2023","CNN-based automatic segmentations and radiomics feature reliability on contrast-enhanced ultrasound images for renal tumors.","Frontiers in oncology","Front Oncol","Journal Article","Renal/Kidney","No",""
"37672075","10.1007/s00432-023-05339-0","Yao H","2023","Development and external validation of the multichannel deep learning model based on unenhanced CT for differentiating fat-poor angiomyolipoma from renal cell carcinoma: a two-center retrospective study.","Journal of cancer research and clinical oncology","J Cancer Res Clin Oncol","Journal Article","Renal/Kidney","No",""
"37781030","10.7150/ijbs.80323","Ye S","2023","Protein Arginine Methyltransferases Refine the Classification of Clear Cell Renal Cell Carcinoma with Distinct Prognosis and Tumor Microenvironment Characteristics.","International journal of biological sciences","Int J Biol Sci","Journal Article; Research Support, Non-U.S. Gov't","Renal/Kidney","No",""
"37383704","10.1155/2023/8001899","Yi X","2023","Development and External Validation of Machine Learning-Based Models for Predicting Lung Metastasis in Kidney Cancer: A Large Population-Based Study.","International journal of clinical practice","Int J Clin Pract","Journal Article","Renal/Kidney","No",""
"38304033","10.3389/fonc.2023.1244585","Zhai X","2023","CT-based radiomics signature for differentiating pyelocaliceal upper urinary tract urothelial carcinoma from infiltrative renal cell carcinoma.","Frontiers in oncology","Front Oncol","Journal Article","Renal/Kidney","No",""
"36376157","10.1016/j.ultrasmedbio.2022.10.009","Zhang L","2023","Ultrasound Image-Based Deep Features and Radiomics for the Discrimination of Small Fat-Poor Angiomyolipoma and Small Renal Cell Carcinoma.","Ultrasound in medicine & biology","Ultrasound Med Biol","Journal Article; Research Support, Non-U.S. Gov't","Renal/Kidney","No",""
"37393531","10.1259/bjr.20230187","Zhang T","2023","Radiomics and Ki-67 index predict survival in clear cell renal cell carcinoma.","The British journal of radiology","Br J Radiol","Journal Article","Renal/Kidney","No",""
"37033061","10.3389/fpubh.2023.1104931","Zhang Y","2023","Using machine learning to predict lymph node metastasis in patients with renal cell carcinoma: A population-based study.","Frontiers in public health","Front Public Health","Journal Article; Research Support, Non-U.S. Gov't","Renal/Kidney","No",""
"37523897","10.1016/j.tranon.2023.101741","Zhang Z","2023","Identification of a novel 5-methylcytosine-related signature for prognostic prediction of kidney renal papillary cell carcinoma and a Putative target for drug repurposing.","Translational oncology","Transl Oncol","Journal Article","Renal/Kidney","No",""
"37274226","10.3389/fonc.2023.1169922","Zhao T","2023","Automatic renal mass segmentation and classification on CT images based on 3D U-Net and ResNet algorithms.","Frontiers in oncology","Front Oncol","Journal Article","Renal/Kidney","No",""
"37370808","10.3390/cancers15123198","Zheng Q","2023","A Weakly Supervised Deep Learning Model and Human-Machine Fusion for Accurate Grading of Renal Cell Carcinoma from Histopathology Slides.","Cancers","Cancers (Basel)","Journal Article","Renal/Kidney","No",""
"36645455","10.1007/s00330-022-09384-0","Zhou T","2023","Distinguishing common renal cell carcinomas from benign renal tumors based on machine learning: comparing various CT imaging phases, slices, tumor sizes, and ROI segmentation strategies.","European radiology","Eur Radiol","Journal Article","Renal/Kidney","No",""
"37692840","10.3389/fonc.2023.1167328","Zhou Z","2023","Multi-phase-combined CECT radiomics models for Fuhrman grade prediction of clear cell renal cell carcinoma.","Frontiers in oncology","Front Oncol","Journal Article","Renal/Kidney","No",""
"38068407","10.3390/jcm12237355","Checcucci E","2023","Development of Bleeding Artificial Intelligence Detector (BLAIR) System for Robotic Radical Prostatectomy.","Journal of clinical medicine","J Clin Med","Journal Article","Surgical AI","Yes","Surgical video analytics and feedback"
"36309954","10.1007/s11701-022-01465-y","Cheikh Youssef S","2023","Video labelling robot-assisted radical prostatectomy and the role of artificial intelligence (AI): training a novice.","Journal of robotic surgery","J Robot Surg","Journal Article","Surgical AI","No",""
"36941148","10.1016/j.eururo.2023.02.024","De Backer P","2023","Improving Augmented Reality Through Deep Learning: Real-time Instrument Delineation in Robotic Renal Surgery.","European urology","Eur Urol","Case Reports; Journal Article; Research Support, Non-U.S. Gov't","Surgical AI","No",""
"37389741","10.1007/s00464-023-10214-7","Hashemi N","2023","Acquisition and usage of robotic surgical data for machine learning analysis.","Surgical endoscopy","Surg Endosc","Journal Article; Research Support, Non-U.S. Gov't","Surgical AI","No",""
"37770339","10.1016/j.jpurol.2023.09.008","Abbas TO","2024","Urologist validation of an artificial intelligence-based tool for automated estimation of penile curvature.","Journal of pediatric urology","J Pediatr Urol","Journal Article","Andrology","No",""
"40207173","10.1016/j.mcpdig.2024.04.006","Allan-Blitz LT","2024","The Development and Performance of a Machine-Learning Based Mobile Platform for Visually Determining the Etiology of 5 Penile Diseases.","Mayo Clinic proceedings. Digital health","Mayo Clin Proc Digit Health","Journal Article","Andrology","No",""
"39210437","10.1186/s12958-024-01268-w","Aykac A","2024","The prediction of semen quality based on lifestyle behaviours by the machine learning based models.","Reproductive biology and endocrinology : RB&E","Reprod Biol Endocrinol","Journal Article","Andrology","No",""
"38624205","10.4103/aja20247","Bachelot G","2024","Machine learning approach to assess the association between anthropometric, metabolic, and nutritional status and semen parameters.","Asian journal of andrology","Asian J Androl","Journal Article","Andrology","No",""
"38707629","10.1016/j.phro.2024.100577","Balagopal A","2024","Deep learning based automatic segmentation of the Internal Pudendal Artery in definitive radiotherapy treatment planning of localized prostate cancer.","Physics and imaging in radiation oncology","Phys Imaging Radiat Oncol","Journal Article","Andrology","No",""
"38967808","10.1007/s10916-024-02082-y","Brzezinski J","2024","Letter to the Editor of the Journal of Medical Systems: Regarding ""Responses of Five Different Artificial Intelligence Chatbots to the Top Searched Queries About Erectile Dysfunction: A Comparative Analysis"".","Journal of medical systems","J Med Syst","Letter","Andrology","No",""
"39075422","10.1186/s12894-024-01537-1","Cao SS","2024","Interpretable machine learning models for predicting clinical pregnancies associated with surgical sperm retrieval from testes of different etiologies: a retrospective study.","BMC urology","BMC Urol","Journal Article","Andrology","No",""
"39434753","10.21037/tau-24-195","Charles DK","2024","A narrative review of sperm selection technology for assisted reproduction techniques.","Translational andrology and urology","Transl Androl Urol","Journal Article; Review","Andrology","No",""
"37673751","10.1016/j.eururo.2023.07.015","Checcucci E","2024","Metaverse Surgical Planning with Three-dimensional Virtual Models for Minimally Invasive Partial Nephrectomy.","European urology","Eur Urol","Case Reports; Journal Article","Andrology","No",""
"38572570","10.1002/pros.24702","Checcucci E","2024","Ten-year functional and oncological outcomes of a prospective randomized controlled trial comparing laparoscopic versus robot-assisted radical prostatectomy.","The Prostate","Prostate","Comparative Study; Journal Article; Randomized Controlled Trial; Research Support, Non-U.S. Gov't","Andrology","No",""
"38163093","10.1016/j.heliyon.2023.e23442","Chen D","2024","Machine learning-based overall and cancer-specific survival prediction of M0 penile squamous cell carcinoma：A population-based retrospective study.","Heliyon","Heliyon","Journal Article","Andrology","No",""
"39516271","10.1038/s41598-024-78797-2","Chen XY","2024","Development and validation of a prediction model for ED using machine learning: according to NHANES 2001-2004.","Scientific reports","Sci Rep","Journal Article; Validation Study","Andrology","No",""
"38212837","10.1186/s13063-024-07907-2","Correa N","2024","Personalizing the first dose of FSH for IVF/ICSI patients through machine learning: a non-inferiority study protocol for a multi-center randomized controlled trial.","Trials","Trials","Clinical Trial Protocol; Journal Article","Andrology","No",""
"38823484","10.1016/j.fjurol.2024.102663","Daungsupawong H","2024","Chatbots vs. andrologists: Comment.","The French journal of urology","Fr J Urol","Letter","Andrology","No",""
"38773045","10.1007/s11306-024-02118-x","Deng T","2024","Lipidomics random forest algorithm of seminal plasma is a promising method for enhancing the diagnosis of necrozoospermia.","Metabolomics : Official journal of the Metabolomic Society","Metabolomics","Journal Article","Andrology","No",""
"39135370","10.22514/j.androl.2024.010","Ergin IE","2024","Can ChatGPT help patients understand their andrological diseases?","Revista internacional de andrologia","Rev Int Androl","Journal Article","Andrology","No",""
"38689732","10.3389/fendo.2024.1349000","Fontana L","2024","Non-invasive biomarkers for sperm retrieval in non-obstructive patients: a comprehensive review.","Frontiers in endocrinology","Front Endocrinol (Lausanne)","Journal Article; Research Support, Non-U.S. Gov't; Review","Andrology","No",""
"38652944","10.1016/j.rbmo.2024.103910","Goss DM","2024","Evaluation of an artificial intelligence-facilitated sperm detection tool in azoospermic samples for use in ICSI.","Reproductive biomedicine online","Reprod Biomed Online","Journal Article","Andrology","Yes","AI-assisted sperm selection for ICSI"
"38164030","10.5534/wjmh.230232","Gul M","2024","Male Infertility: New Developments, Current Challenges, and Future Directions.","The world journal of men's health","World J Mens Health","Journal Article; Review","Andrology","No",""
"38771247","10.2196/51187","Gwon YN","2024","The Use of Generative AI for Scientific Literature Searches for Systematic Reviews: ChatGPT and Microsoft Bing AI Performance Evaluation.","JMIR medical informatics","JMIR Med Inform","Journal Article","Andrology","No",""
"38467775","10.1038/s41443-023-00821-2","Hershenhouse JS","2024","Comment on: Assessing ChatGPT's ability to answer questions pertaining to erectile dysfunction.","International journal of impotence research","Int J Impot Res","Comment; Journal Article","Andrology","No",""
"39225840","10.1007/s10815-024-03215-5","Hsu CH","2024","Artificial intelligence interpretation of touch print smear cytology of testicular specimen from patients with azoospermia.","Journal of assisted reproduction and genetics","J Assist Reprod Genet","Journal Article","Andrology","No",""
"40783914","","Huang SQ","2024","[Immunological mechanism of non-obstructive azoospermia: An exploration based on bioinformatics and machine learning].","Zhonghua nan ke xue = National journal of andrology","Zhonghua Nan Ke Xue","English Abstract; Journal Article","Andrology","No",""
"39085312","10.1038/s41598-024-67910-0","Kobayashi H","2024","A new model for determining risk of male infertility from serum hormone levels, without semen analysis.","Scientific reports","Sci Rep","Journal Article","Andrology","No",""
"38197996","10.1007/s00345-023-04749-6","Kollitsch L","2024","How does artificial intelligence master urological board examinations? A comparative analysis of different Large Language Models' accuracy and reliability in the 2022 In-Service Assessment of the European Board of Urology.","World journal of urology","World J Urol","Journal Article","Andrology","No",""
"39682158","10.3390/cancers16233971","Liu J","2024","Snap Diagnosis: Developing an Artificial Intelligence Algorithm for Penile Cancer Detection from Photographs.","Cancers","Cancers (Basel)","Journal Article","Andrology","No",""
"38555637","10.1159/000537854","May M","2024","Evaluating the Efficacy of AI Chatbots as Tutors in Urology: A Comparative Analysis of Responses to the 2022 In-Service Assessment of the European Board of Urology.","Urologia internationalis","Urol Int","Comparative Study; Journal Article","Andrology","No",""
"39414869","10.1038/s41598-024-73326-7","Mehrjerd A","2024","Ensemble machine learning models for sperm quality evaluation concerning success rate of clinical pregnancy in assisted reproductive techniques.","Scientific reports","Sci Rep","Journal Article","Andrology","No",""
"38651413","10.3390/medsci12020019","Montjean D","2024","Automated Single-Sperm Selection Software (SiD) during ICSI: A Prospective Sibling Oocyte Evaluation.","Medical sciences (Basel, Switzerland)","Med Sci (Basel)","Journal Article; Research Support, Non-U.S. Gov't","Andrology","No",""
"39338105","10.3390/ijerph21091222","Motawi A","2024","The Andrological Landscape in the Twenty-First Century: Making Sense of the Advances in Male Infertility Management for the Busy Clinicians.","International journal of environmental research and public health","Int J Environ Res Public Health","Journal Article; Review","Andrology","No",""
"38300276","10.1007/s00192-024-05735-1","Nettey OS","2024","Validation of Distinct Bladder Pain Phenotypes Utilizing the MAPP Research Network Cohort.","International urogynecology journal","Int Urogynecol J","Journal Article","Andrology","No",""
"39239512","10.7150/thno.96921","Ning J","2024","A novel assessment of whole-mount Gleason grading in prostate cancer to identify candidates for radical prostatectomy: a machine learning-based multiomics study.","Theranostics","Theranostics","Journal Article; Research Support, Non-U.S. Gov't","Andrology","No",""
"37997563","10.1111/bju.16209","Pan A","2024","Quality of erectile dysfunction information from ChatGPT and other artificial intelligence chatbots.","BJU international","BJU Int","Journal Article","Andrology","No",""
"39507988","10.12182/20240960603","Pang J","2024","[Application of Artificial Intelligence in Sperm Quality Analysis and Sperm Screening].","Sichuan da xue xue bao. Yi xue ban = Journal of Sichuan University. Medical science edition","Sichuan Da Xue Xue Bao Yi Xue Ban","English Abstract; Journal Article; Review","Andrology","No",""
"38443941","10.1186/s12958-024-01198-7","Papamentzelopoulou MS","2024","Assessment of artificial intelligence model and manual morphokinetic annotation system as embryo grading methods for successful live birth prediction: a retrospective monocentric study.","Reproductive biology and endocrinology : RB&E","Reprod Biol Endocrinol","Journal Article","Andrology","No",""
"38714510","10.4111/icu.20240015","Park HJ","2024","The rise of generative artificial intelligence and the threat of fake news and disinformation online: Perspectives from sexual medicine.","Investigative and clinical urology","Investig Clin Urol","Editorial","Andrology","No",""
"39405780","10.1016/j.anireprosci.2024.107619","Pena FJ","2024","Artificial intelligence in Andrological flow cytometry: The next step?","Animal reproduction science","Anim Reprod Sci","Journal Article; Review","Andrology","No",""
"38302296","10.1016/j.urolonc.2024.01.001","Porreca A","2024","Time to progression is the main predictor of survival in patients with high-risk nonmuscle invasive bladder cancer: Results from a machine learning-based analysis of a large multi-institutional database.","Urologic oncology","Urol Oncol","Journal Article","Andrology","No",""
"38226944","10.1111/1751-7915.14403","Qiao Y","2024","Gut microbiota composition may be an indicator of erectile dysfunction.","Microbial biotechnology","Microb Biotechnol","Journal Article; Research Support, Non-U.S. Gov't","Andrology","No",""
"37985815","10.1038/s41443-023-00797-z","Razdan S","2024","Assessing ChatGPT's ability to answer questions pertaining to erectile dysfunction: can our patients trust it?","International journal of impotence research","Int J Impot Res","Comment; Journal Article","Andrology","No",""
"39048402","10.1016/j.euf.2024.06.012","Rodler S","2024","Readability Assessment of Patient Education Materials on Uro-oncological Diseases Using Automated Measures.","European urology focus","Eur Urol Focus","Journal Article","Andrology","No",""
"39315244","10.3389/frai.2024.1376546","Saadat H","2024","A modified U-Net to detect real sperms in videos of human sperm cell.","Frontiers in artificial intelligence","Front Artif Intell","Journal Article","Andrology","No",""
"38568432","10.1007/s10916-024-02056-0","Sahin MF","2024","Responses of Five Different Artificial Intelligence Chatbots to the Top Searched Queries About Erectile Dysfunction: A Comparative Analysis.","Journal of medical systems","J Med Syst","Journal Article","Andrology","No",""
"38832125","10.1093/sexmed/qfae036","Sahin MF","2024","Evaluation of information accuracy and clarity: ChatGPT responses to the most frequently asked questions about premature ejaculation.","Sexual medicine","Sex Med","Journal Article","Andrology","No",""
"38610202","10.3390/healthcare12070781","Schmeis Arroyo V","2024","Predicting Male Infertility Using Artificial Neural Networks: A Review of the Literature.","Healthcare (Basel, Switzerland)","Healthcare (Basel)","Journal Article; Review","Andrology","No",""
"39768416","10.3390/jcm13247482","Schmidt J","2024","ChatGPT as a Support Tool for Informed Consent and Preoperative Patient Education Prior to Penile Prosthesis Implantation.","Journal of clinical medicine","J Clin Med","Journal Article","Andrology","No",""
"38912940","","Shayegh NA","2024","Assessing artificial intelligence responses to common patient questions regarding inflatable penile prostheses using a publicly available natural language processing tool (ChatGPT).","The Canadian journal of urology","Can J Urol","Journal Article","Andrology","No",""
"39392527","10.1007/s11934-024-01244-2","Smerina DR","2024","The Intersection of Artificial Intelligence, Wearable Devices, and Sexual Medicine.","Current urology reports","Curr Urol Rep","Journal Article; Review","Andrology","No",""
"39666257","10.1186/s13244-024-01876-5","Spielvogel CP","2024","Preoperative detection of extraprostatic tumor extension in patients with primary prostate cancer utilizing [(68)Ga]Ga-PSMA-11 PET/MRI.","Insights into imaging","Insights Imaging","Journal Article","Andrology","No",""
"38778327","10.1186/s12958-024-01232-8","Wang J","2024","Testing the generalizability and effectiveness of deep learning models among clinics: sperm detection as a pilot study.","Reproductive biology and endocrinology : RB&E","Reprod Biol Endocrinol","Journal Article","Andrology","No",""
"39268241","10.3389/fendo.2024.1449035","Wang X","2024","Can time-lapse culture combined with artificial intelligence improve ongoing pregnancy rates in fresh transfer cycles of single cleavage stage embryos?","Frontiers in endocrinology","Front Endocrinol (Lausanne)","Journal Article","Andrology","No",""
"39257694","10.1093/sexmed/qfae055","Warren CJ","2024","Prompt matters: evaluation of large language model chatbot responses related to Peyronie's disease.","Sexual medicine","Sex Med","Journal Article","Andrology","No",""
"39263950","10.1080/07366205.2024.2393544","Wu J","2024","An automatic classification method of testicular histopathology based on SC-YOLO framework.","BioTechniques","Biotechniques","Journal Article","Andrology","No",""
"38395379","10.1016/j.canlet.2024.216739","Yin W","2024","Identification of a 9-gene signature to enhance biochemical recurrence prediction in primary prostate cancer: A benchmarking study using ten machine learning methods and twelve patient cohorts.","Cancer letters","Cancer Lett","Journal Article; Multicenter Study; Research Support, Non-U.S. Gov't","Andrology","No",""
"38977032","10.3352/jeehp.2024.21.17","Yudovich MS","2024","Performance of GPT-3.5 and GPT-4 on standardized urology knowledge assessment items in the United States: a descriptive study.","Journal of educational evaluation for health professions","J Educ Eval Health Prof","Journal Article","Andrology","No",""
"38338847","10.3390/ijms25031568","Akshay A","2024","Machine Learning-Based Classification of Transcriptome Signatures of Non-Ulcerative Bladder Pain Syndrome.","International journal of molecular sciences","Int J Mol Sci","Journal Article","Benign/Functional","No",""
"39580624","10.22037/uj.v21i.8194","Cakir H","2024","Assessing the Knowledge of ChatGPT in Answering Questions Regarding Female Urology.","Urology journal","Urol J","Journal Article","Benign/Functional","No",""
"39282176","10.1007/s12088-024-01359-7","Celik H","2024","Innovative Biosensor Technologies in the Diagnosis of Urinary Tract Infections: A Comprehensive Literature Review.","Indian journal of microbiology","Indian J Microbiol","Journal Article; Review","Benign/Functional","No",""
"38818202","10.1016/j.heliyon.2024.e31255","Chen Z","2024","Computer-assisted decision support for the usage of preventive antibacterial therapy in children with febrile pyelonephritis: A preliminary study.","Heliyon","Heliyon","Journal Article","Benign/Functional","No",""
"37988812","10.1016/j.jiph.2023.10.021","Choi MH","2024","Development and validation of artificial intelligence models to predict urinary tract infections and secondary bloodstream infections in adult patients.","Journal of infection and public health","J Infect Public Health","Journal Article","Benign/Functional","No",""
"39264202","10.1128/jcm.01175-24","Choi MH","2024","Predictive performance of urinalysis for urine culture results according to causative microorganisms: an integrated analysis with artificial intelligence.","Journal of clinical microbiology","J Clin Microbiol","Journal Article","Benign/Functional","No",""
"38977169","10.1016/j.cca.2024.119854","Dedeene L","2024","An artificial intelligence-driven support tool for prediction of urine culture test results.","Clinica chimica acta; international journal of clinical chemistry","Clin Chim Acta","Journal Article","Benign/Functional","No",""
"38593027","10.1093/bjsopen/zrae020","Dencker EE","2024","Assessing the utility of natural language processing for detecting postoperative complications from free medical text.","BJS open","BJS Open","Journal Article","Benign/Functional","No",""
"37755608","10.1007/s11255-023-03795-8","Ding Z","2024","An automatic diagnostic system for the urodynamic study applying in lower urinary tract dysfunction.","International urology and nephrology","Int Urol Nephrol","Journal Article","Benign/Functional","No",""
"37916288","10.1152/ajprenal.00267.2023","Fazelinia H","2024","Stratification of neurogenic bladder risk in spina bifida using the urinary peptidome.","American journal of physiology. Renal physiology","Am J Physiol Renal Physiol","Journal Article","Benign/Functional","No",""
"39220685","10.1016/j.csbj.2024.07.018","Flores E","2024","A step forward in the diagnosis of urinary tract infections: from machine learning to clinical practice.","Computational and structural biotechnology journal","Comput Struct Biotechnol J","Journal Article","Benign/Functional","No",""
"37667889","10.1177/09544119231193884","Gammie A","2024","Research priorities for diagnostic instrumentation in urinary incontinence.","Proceedings of the Institution of Mechanical Engineers. Part H, Journal of engineering in medicine","Proc Inst Mech Eng H","Journal Article; Review","Benign/Functional","No",""
"39178943","10.1016/j.mcpro.2024.100832","Gotti C","2024","LC-SRM Combined With Machine Learning Enables Fast Identification and Quantification of Bacterial Pathogens in Urinary Tract Infections.","Molecular & cellular proteomics : MCP","Mol Cell Proteomics","Journal Article","Benign/Functional","No",""
"38745959","10.3389/fendo.2024.1386639","He Q","2024","Diabetes mellitus, systemic inflammation and overactive bladder.","Frontiers in endocrinology","Front Endocrinol (Lausanne)","Journal Article","Benign/Functional","No",""
"38421718","10.2196/51326","Ilhanli N","2024","Prediction of Antibiotic Resistance in Patients With a Urinary Tract Infection: Algorithm Development and Validation.","JMIR medical informatics","JMIR Med Inform","Journal Article","Benign/Functional","No",""
"37455216","10.1016/j.euf.2023.06.013","Ito H","2024","Predicting Prostate Surgery Outcomes from Standard Clinical Assessments of Lower Urinary Tract Symptoms To Derive Prognostic Symptom and Flowmetry Criteria.","European urology focus","Eur Urol Focus","Journal Article","Benign/Functional","No",""
"37004787","10.1016/j.jhin.2023.03.017","Jakobsen RS","2024","Clinically explainable machine learning models for early identification of patients at risk of hospital-acquired urinary tract infection.","The Journal of hospital infection","J Hosp Infect","Journal Article","Benign/Functional","No",""
"38419559","10.1177/14604582241234232","Jakobsen RS","2024","A study on the risk stratification for patients within 24 hours of admission for risk of hospital-acquired urinary tract infection using Bayesian network models.","Health informatics journal","Health Informatics J","Journal Article; Research Support, Non-U.S. Gov't","Benign/Functional","No",""
"39114564","10.1093/jacamr/dlae121","Lee ALH","2024","Predicting antibiotic susceptibility in urinary tract infection with artificial intelligence-model performance in a multi-centre cohort.","JAC-antimicrobial resistance","JAC Antimicrob Resist","Journal Article","Benign/Functional","No",""
"39638455","10.5213/inj.2448362.181","Lee JH","2024","Development of a Deep Learning-Based Predictive Model for Improvement after Holmium Laser Enucleation of the Prostate According to Detrusor Contractility.","International neurourology journal","Int Neurourol J","Journal Article","Benign/Functional","No",""
"39130518","10.1177/20552076241272697","Lee YH","2024","Re-hospitalization factors and economic characteristics of urinary tract infected patients using machine learning.","Digital health","Digit Health","Journal Article","Benign/Functional","No",""
"38302487","10.1038/s41597-024-02975-0","Liou N","2024","A clinical microscopy dataset to develop a deep learning diagnostic test for urinary tract infection.","Scientific data","Sci Data","Dataset; Journal Article; Research Support, Non-U.S. Gov't","Benign/Functional","No",""
"39430864","10.1177/17562872241290183","Liu X","2024","A machine learning-based nomogram model for predicting the recurrence of cystitis glandularis.","Therapeutic advances in urology","Ther Adv Urol","Journal Article","Benign/Functional","No",""
"38827068","","Ma SP","2024","Electronic Phenotyping of Urinary Tract Infections as a Silver Standard Label for Machine Learning.","AMIA Joint Summits on Translational Science proceedings. AMIA Joint Summits on Translational Science","AMIA Jt Summits Transl Sci Proc","Journal Article","Benign/Functional","No",""
"39027744","10.7759/cureus.62585","Okui N","2024","Unsupervised Machine Learning Reveals a Vulvodynia-Predominant Subtype in Bladder Pain Syndrome/Interstitial Cystitis.","Cureus","Cureus","Journal Article","Benign/Functional","No",""
"39073590","10.1007/s00345-024-05146-3","Pompili D","2024","Using artificial intelligence to generate medical literature for urology patients: a comparison of three different large language models.","World journal of urology","World J Urol","Comparative Study; Journal Article","Benign/Functional","No",""
"39094536","10.1016/j.ejogrb.2024.07.064","Rotem R","2024","Bridging present and future: A narrative review and visionary outlook on innovative solutions for the diagnosis and treatment of urinary incontinence.","European journal of obstetrics, gynecology, and reproductive biology","Eur J Obstet Gynecol Reprod Biol","Journal Article; Review","Benign/Functional","No",""
"39306299","10.1016/j.urology.2024.09.030","Sajadi KP","2024","Editorial Comment on ""External Validation Demonstrates Machine Learning Models Outperform Human Experts in Prediction of Objective and Patient-reported Overactive Bladder Treatment Outcomes"".","Urology","Urology","Comment; Journal Article","Benign/Functional","No",""
"38872048","10.1007/s00345-024-05081-3","Shahait M","2024","MRI-based radiomic features of the urinary bladder wall identify patients with moderate-to-severe international prostate symptom score.","World journal of urology","World J Urol","Journal Article","Benign/Functional","No",""
"39004479","10.1016/j.tjog.2024.01.037","Shen TT","2024","Implementation of a machine learning model in acute coronary syndrome and stroke risk assessment for patients with lower urinary tract symptoms.","Taiwanese journal of obstetrics & gynecology","Taiwan J Obstet Gynecol","Journal Article","Benign/Functional","No",""
"39638454","10.5213/inj.2448360.180","Shin H","2024","Machine Learning Models for the Noninvasive Diagnosis of Bladder Outlet Obstruction and Detrusor Underactivity in Men With Lower Urinary Tract Symptoms.","International neurourology journal","Int Neurourol J","Journal Article","Benign/Functional","No",""
"39042442","10.2196/58599","Tsai CY","2024","Building Dual AI Models and Nomograms Using Noninvasive Parameters for Aiding Male Bladder Outlet Obstruction Diagnosis and Minimizing the Need for Invasive Video-Urodynamic Studies: Development and Validation Study.","Journal of medical Internet research","J Med Internet Res","Journal Article; Validation Study","Benign/Functional","No",""
"38633442","10.36519/idcm.2024.286","Tuncer G","2024","How Reliable is ChatGPT as a Novel Consultant in Infectious Diseases and Clinical Microbiology?","Infectious diseases & clinical microbiology","Infect Dis Clin Microbiol","Journal Article","Benign/Functional","No",""
"38896298","10.1007/s00270-024-03776-z","Vigneswaran G","2024","Machine Learning to Predict Prostate Artery Embolization Outcomes.","Cardiovascular and interventional radiology","Cardiovasc Intervent Radiol","Journal Article","Benign/Functional","No",""
"38626440","10.1097/JU.0000000000003984","Welk B","2024","Identifying Bladder Phenotypes After Spinal Cord Injury With Unsupervised Machine Learning: A New Way to Examine Urinary Symptoms and Quality of Life.","The Journal of urology","J Urol","Journal Article","Benign/Functional","Yes","Functional urology and neurourology prediction"
"39272758","10.3390/diagnostics14171974","Yen CC","2024","Interpretable Machine Learning Models for Predicting Critical Outcomes in Patients with Suspected Urinary Tract Infection with Positive Urine Culture.","Diagnostics (Basel, Switzerland)","Diagnostics (Basel)","Journal Article","Benign/Functional","No",""
"39104258","10.1177/09544119241264304","Zareen F","2024","Optimization of activity-driven event detection for long-term ambulatory urodynamics.","Proceedings of the Institution of Mechanical Engineers. Part H, Journal of engineering in medicine","Proc Inst Mech Eng H","Journal Article","Benign/Functional","No",""
"39505515","10.4111/icu.20240111","Zhou Q","2024","Using machine learning to construct the diagnosis model of female bladder outlet obstruction based on urodynamic study data.","Investigative and clinical urology","Investig Clin Urol","Journal Article","Benign/Functional","No",""
"38170782","10.1126/sciadv.adj1741","Zhou T","2024","AI-aided geometric design of anti-infection catheters.","Science advances","Sci Adv","Journal Article; Research Support, Non-U.S. Gov't","Benign/Functional","No",""
"38698545","10.2340/sju.v59.39930","Abuhasanein S","2024","A novel model of artificial intelligence based automated image analysis of CT urography to identify bladder cancer in patients investigated for macroscopic hematuria.","Scandinavian journal of urology","Scand J Urol","Journal Article","Bladder Cancer","No",""
"39594727","10.3390/cancers16223772","Al Mopti A","2024","Perirenal Fat CT Radiomics-Based Survival Model for Upper Tract Urothelial Carcinoma: Integrating Texture Features with Clinical Predictors.","Cancers","Cancers (Basel)","Journal Article","Bladder Cancer","No",""
"38704622","10.1097/JS9.0000000000001483","Alqahtani A","2024","Radiomics-based machine learning approach for the prediction of grade and stage in upper urinary tract urothelial carcinoma: a step towards virtual biopsy.","International journal of surgery (London, England)","Int J Surg","Journal Article","Bladder Cancer","No",""
"38504364","10.1002/2056-4538.12369","Angeloni M","2024","A deep-learning workflow to predict upper tract urothelial carcinoma protein-based subtypes from H&E slides supporting the prioritization of patients for molecular testing.","The journal of pathology. Clinical research","J Pathol Clin Res","Journal Article","Bladder Cancer","No",""
"38847848","10.1007/s00261-024-04397-3","Arita Y","2024","Pictorial review of multiparametric MRI in bladder urothelial carcinoma with variant histology: pearls and pitfalls.","Abdominal radiology (New York)","Abdom Radiol (NY)","Journal Article; Research Support, N.I.H., Extramural; Review","Bladder Cancer","No",""
"39030380","10.1038/s41698-024-00652-4","Asadi-Aghbolaghi M","2024","Learning generalizable AI models for multi-center histopathology image classification.","NPJ precision oncology","NPJ Precis Oncol","Journal Article","Bladder Cancer","No",""
"39297081","10.1016/j.phro.2024.100640","Astrom LM","2024","Artificial intelligence-generated targets and inter-observer variation in online adaptive radiotherapy of bladder cancer.","Physics and imaging in radiation oncology","Phys Imaging Radiat Oncol","Journal Article","Bladder Cancer","No",""
"39375787","10.1186/s13014-024-02526-2","Azzarouali S","2024","Minimizing human interference in an online fully automated daily adaptive radiotherapy workflow for bladder cancer.","Radiation oncology (London, England)","Radiat Oncol","Journal Article","Bladder Cancer","No",""
"38612609","10.3390/ijms25073800","Baek SW","2024","A Multi-Gene Signature of Non-Muscle-Invasive Bladder Cancer Identifies Patients Who Respond to Immunotherapies Including Bacillus Calmette-Guerin and Immune Checkpoint Inhibitors.","International journal of molecular sciences","Int J Mol Sci","Journal Article","Bladder Cancer","No",""
"39738108","10.1038/s41467-024-55331-6","Bannier PA","2024","AI allows pre-screening of FGFR3 mutational status using routine histology slides of muscle-invasive bladder cancer.","Nature communications","Nat Commun","Journal Article","Bladder Cancer","No",""
"38873177","10.3389/frai.2024.1406806","Borna MR","2024","Enhancing bladder cancer diagnosis through transitional cell carcinoma polyp detection and segmentation: an artificial intelligence powered deep learning solution.","Frontiers in artificial intelligence","Front Artif Intell","Journal Article","Bladder Cancer","No",""
"38747616","10.1158/2767-9764.CRC-23-0479","Bukavina L","2024","Role of Gut Microbiome in Neoadjuvant Chemotherapy Response in Urothelial Carcinoma: A Multi-institutional Prospective Cohort Evaluation.","Cancer research communications","Cancer Res Commun","Journal Article; Multicenter Study","Bladder Cancer","No",""
"38570787","10.1186/s12935-024-03258-9","Cai T","2024","Deciphering the prognostic features of bladder cancer through gemcitabine resistance and immune-related gene analysis and identifying potential small molecular drug PIK-75.","Cancer cell international","Cancer Cell Int","Journal Article","Bladder Cancer","No",""
"39424842","10.1038/s41597-024-03971-0","Cao K","2024","A multicenter bladder cancer MRI dataset and baseline evaluation of federated learning in clinical application.","Scientific data","Sci Data","Dataset; Journal Article; Multicenter Study; Research Support, Non-U.S. Gov't","Bladder Cancer","No",""
"38556431","10.1016/j.acra.2024.02.047","Cao Y","2024","CT Image-Based Radiomic Analysis for Detecting PD-L1 Expression Status in Bladder Cancer Patients.","Academic radiology","Acad Radiol","Journal Article","Bladder Cancer","No",""
"39671594","10.2196/63289","Carbunaru S","2024","Survival After Radical Cystectomy for Bladder Cancer: Development of a Fair Machine Learning Model.","JMIR medical informatics","JMIR Med Inform","Journal Article","Bladder Cancer","No",""
"38396472","10.3390/diagnostics14040432","Ceachi B","2024","A New Method of Artificial-Intelligence-Based Automatic Identification of Lymphovascular Invasion in Urothelial Carcinomas.","Diagnostics (Basel, Switzerland)","Diagnostics (Basel)","Journal Article","Bladder Cancer","No",""
"39100839","10.21037/tau-24-5","Chen C","2024","Machine learning developed an intratumor heterogeneity signature for predicting clinical outcome and immunotherapy benefit in bladder cancer.","Translational andrology and urology","Transl Androl Urol","Journal Article","Bladder Cancer","No",""
"38767747","10.1007/s00432-024-05798-z","Chen Z","2024","Machine learning identifies the role of SMAD6 in the prognosis and drug susceptibility in bladder cancer.","Journal of cancer research and clinical oncology","J Cancer Res Clin Oncol","Journal Article","Bladder Cancer","No",""
"38894608","10.1111/cyt.13412","Ciaparrone C","2024","Computer-assisted urine cytology: Faster, cheaper, better?","Cytopathology : official journal of the British Society for Clinical Cytology","Cytopathology","Journal Article; Review","Bladder Cancer","No",""
"38339803","10.1002/cpt.3176","De Carlo A","2024","Reinforcement Learning and PK-PD Models Integration to Personalize the Adaptive Dosing Protocol of Erdafitinib in Patients with Metastatic Urothelial Carcinoma.","Clinical pharmacology and therapeutics","Clin Pharmacol Ther","Journal Article; Research Support, Non-U.S. Gov't","Bladder Cancer","No",""
"38525302","10.3389/frai.2024.1375482","Deol ES","2024","Automated surgical step recognition in transurethral bladder tumor resection using artificial intelligence: transfer learning across surgical modalities.","Frontiers in artificial intelligence","Front Artif Intell","Journal Article","Bladder Cancer","No",""
"38397962","10.3390/biomedicines12020360","Drachneris J","2024","Prediction of Non-Muscle Invasive Papillary Urothelial Carcinoma Relapse from Hematoxylin-Eosin Images Using Deep Multiple Instance Learning in Patients Treated with Bacille Calmette-Guerin Immunotherapy.","Biomedicines","Biomedicines","Journal Article","Bladder Cancer","No",""
"38666711","10.1002/cyto.a.24846","Dudaie M","2024","Detection of bladder cancer cells using quantitative interferometric label-free imaging flow cytometry.","Cytometry. Part A : the journal of the International Society for Analytical Cytology","Cytometry A","Journal Article","Bladder Cancer","No",""
"38765873","10.1117/1.JMI.11.3.034002","Eimen R","2024","Fiberscopic pattern removal for optimal coverage in 3D bladder reconstructions of fiberscope cystoscopy videos.","Journal of medical imaging (Bellingham, Wash.)","J Med Imaging (Bellingham)","Journal Article","Bladder Cancer","No",""
"38803309","10.1177/15330338241257479","Fahoum I","2024","Detection of Muscularis propria Invasion in Urothelial Carcinoma Using Artificial Intelligence.","Technology in cancer research & treatment","Technol Cancer Res Treat","Journal Article","Bladder Cancer","No",""
"38184356","10.1016/j.artmed.2023.102723","Freitas NR","2024","Multiple mask and boundary scoring R-CNN with cGAN data augmentation for bladder tumor segmentation in WLC videos.","Artificial intelligence in medicine","Artif Intell Med","Journal Article; Research Support, Non-U.S. Gov't","Bladder Cancer","No",""
"39329651","10.3390/bioengineering11090909","Fuster S","2024","NMGrad: Advancing Histopathological Bladder Cancer Grading with Weakly Supervised Deep Learning.","Bioengineering (Basel, Switzerland)","Bioengineering (Basel)","Journal Article","Bladder Cancer","No",""
"39420643","10.1021/acssensors.4c01873","Gu Y","2024","Multiwavelength Surface-Enhanced Raman Scattering Fingerprints of Human Urine for Cancer Diagnosis.","ACS sensors","ACS Sens","Journal Article; Research Support, Non-U.S. Gov't","Bladder Cancer","No",""
"39001410","10.3390/cancers16132348","Gumus KZ","2024","Deep Learning Algorithms for Bladder Cancer Segmentation on Multi-Parametric MRI.","Cancers","Cancers (Basel)","Journal Article","Bladder Cancer","No",""
"38081150","10.1159/000535652","Guo Y","2024","U-Net-Based Assistive Identification of Bladder Cancer: A Promising Approach for Improved Diagnosis.","Urologia internationalis","Urol Int","Journal Article","Bladder Cancer","No",""
"38125926","10.1016/j.jpi.2023.100346","Hang JF","2024","Comparative evaluation of slide scanners, scan settings, and cytopreparations for digital urine cytology.","Journal of pathology informatics","J Pathol Inform","Journal Article","Bladder Cancer","No",""
"38648759","10.1159/000538985","Hang JF","2024","Evaluating Urine Cytology Slide Digitization Efficiency: A Comparative Study Using an Artificial Intelligence-Based Heuristic Scanning Simulation and Multiple Z-Plane Scanning.","Acta cytologica","Acta Cytol","Comparative Study; Journal Article","Bladder Cancer","No",""
"39090234","10.1186/s13244-024-01780-y","He C","2024","The accuracy and quality of image-based artificial intelligence for muscle-invasive bladder cancer prediction.","Insights into imaging","Insights Imaging","Journal Article; Review","Bladder Cancer","No",""
"39414931","10.1038/s41698-024-00731-6","He Q","2024","Integrated multicenter deep learning system for prognostic prediction in bladder cancer.","NPJ precision oncology","NPJ Precis Oncol","Journal Article","Bladder Cancer","No",""
"39469445","10.1016/j.csbj.2024.10.007","Huang A","2024","Performance of a HER2 testing algorithm tailored for urothelial bladder cancer: A Bi-centre study.","Computational and structural biotechnology journal","Comput Struct Biotechnol J","Journal Article","Bladder Cancer","No",""
"39796686","10.3390/cancers17010057","Hwang WK","2024","Artificial Intelligence-Based Classification and Segmentation of Bladder Cancer in Cystoscope Images.","Cancers","Cancers (Basel)","Journal Article","Bladder Cancer","No",""
"38526374","10.1089/end.2023.0699","Ikeda A","2024","Objective Evaluation of Gaze Location Patterns Using Eye Tracking During Cystoscopy and Artificial Intelligence-Assisted Lesion Detection.","Journal of endourology","J Endourol","Journal Article","Bladder Cancer","No",""
"39112099","10.4132/jptm.2024.07.13","Jeong J","2024","Artificial intelligence algorithm for neoplastic cell percentage estimation and its application to copy number variation in urinary tract cancer.","Journal of pathology and translational medicine","J Pathol Transl Med","Journal Article","Bladder Cancer","No",""
"38872141","10.1186/s12885-024-12467-4","Ji J","2024","Using machine learning to develop preoperative model for lymph node metastasis in patients with bladder urothelial carcinoma.","BMC cancer","BMC Cancer","Journal Article","Bladder Cancer","No",""
"38282152","10.1002/jgm.3651","Jiang S","2024","Unveiling Anoikis-related genes: A breakthrough in the prognosis of bladder cancer.","The journal of gene medicine","J Gene Med","Journal Article","Bladder Cancer","No",""
"38472940","10.3390/diagnostics14050468","Jiang YH","2024","Hypermethylation Loci of ZNF671, IRF8, and OTX1 as Potential Urine-Based Predictive Biomarkers for Bladder Cancer.","Diagnostics (Basel, Switzerland)","Diagnostics (Basel)","Journal Article","Bladder Cancer","No",""
"39062155","10.3390/biomedicines12071583","Jiao P","2024","Prediction of HER2 Status Based on Deep Learning in H&E-Stained Histopathology Images of Bladder Cancer.","Biomedicines","Biomedicines","Journal Article","Bladder Cancer","No",""
"39513113","10.7150/jca.101296","Jiao P","2024","Deep learning-based computed tomography urography image analysis for prediction of HER2 status in bladder cancer.","Journal of Cancer","J Cancer","Journal Article","Bladder Cancer","No",""
"39129138","10.1016/j.path.2024.06.001","Jorda M","2024","Urinary Tract Cytopathology: Current and Future Impact on Patient Care.","Surgical pathology clinics","Surg Pathol Clin","Journal Article; Review","Bladder Cancer","No",""
"38906722","10.1016/j.euf.2024.06.004","Khadhouri S","2024","Machine Learning and External Validation of the IDENTIFY Risk Calculator for Patients with Haematuria Referred to Secondary Care for Suspected Urinary Tract Cancer.","European urology focus","Eur Urol Focus","Journal Article; Multicenter Study; Validation Study","Bladder Cancer","No",""
"40035077","10.1177/23523735241304907","Khene ZE","2024","BCG therapy for bladder cancer: Exploring patient experiences and concerns through artificial intelligence-based social media analysis.","Bladder cancer (Amsterdam, Netherlands)","Bladder Cancer","Journal Article","Bladder Cancer","No",""
"39685568","10.3390/jcm13237110","Kim J","2024","Evaluation of the Diagnostic Efficacy of the AI-Based Software INF-M01 in Detecting Suspicious Areas of Bladder Cancer Using Cystoscopy Images.","Journal of clinical medicine","J Clin Med","Journal Article","Bladder Cancer","No",""
"39165948","10.1016/j.heliyon.2024.e35475","Kim JY","2024","Quantitative proteomics and immunohistochemistry uncover NT5DC2 as a diagnostic biomarker for papillary urothelial carcinoma.","Heliyon","Heliyon","Journal Article","Bladder Cancer","No",""
"38255812","10.3390/ijms25020738","Kohler CU","2024","Use of Multiple Machine Learning Approaches for Selecting Urothelial Cancer-Specific DNA Methylation Biomarkers in Urine.","International journal of molecular sciences","Int J Mol Sci","Journal Article","Bladder Cancer","No",""
"39253215","10.1016/j.heliyon.2024.e36144","Kurata Y","2024","Development of deep learning model for diagnosing muscle-invasive bladder cancer on MRI with vision transformer.","Heliyon","Heliyon","Journal Article","Bladder Cancer","No",""
"38637674","10.1038/s41746-024-01088-7","Kwong JCC","2024","Predicting non-muscle invasive bladder cancer outcomes using artificial intelligence: a systematic review using APPRAISE-AI.","NPJ digital medicine","NPJ Digit Med","Journal Article; Review","Bladder Cancer","No",""
"39440575","10.1002/cam4.70338","Lai C","2024","Screening Model for Bladder Cancer Early Detection With Serum miRNAs Based on Machine Learning: A Mixed-Cohort Study Based on 16,189 Participants.","Cancer medicine","Cancer Med","Journal Article","Bladder Cancer","No",""
"39421706","10.5114/wo.2024.141567","Laszkiewicz J","2024","Performance of ChatGPT in providing patient information about upper tract urothelial carcinoma.","Contemporary oncology (Poznan, Poland)","Contemp Oncol (Pozn)","Journal Article","Bladder Cancer","No",""
"38877795","10.1089/end.2024.0250","Lee JY","2024","Selection of Convolutional Neural Network Model for Bladder Tumor Classification of Cystoscopy Images and Comparison with Humans.","Journal of endourology","J Endourol","Comparative Study; Journal Article","Bladder Cancer","No",""
"38477366","10.1111/his.15176","Lee KS","2024","An artificial intelligence-powered PD-L1 combined positive score (CPS) analyser in urothelial carcinoma alleviating interobserver and intersite variability.","Histopathology","Histopathology","Journal Article","Bladder Cancer","No",""
"38353892","10.1007/s10528-024-10683-y","Li C","2024","A Machine Learning Computational Framework Develops a Multiple Programmed Cell Death Index for Improving Clinical Outcomes in Bladder Cancer.","Biochemical genetics","Biochem Genet","Journal Article","Bladder Cancer","No",""
"38759695","10.1097/JS9.0000000000001516","Li J","2024","Single-cell and bulk RNA-sequence identi fi ed  fi broblasts signature and CD8 + T-cell -  fi broblast subtype predicting prognosis and immune therapeutic response of bladder cancer, based on machine learning: bioinformatics multi-omics study.","International journal of surgery (London, England)","Int J Surg","Journal Article","Bladder Cancer","No",""
"38064272","10.1002/tox.24066","Li Z","2024","Multiple programmed cell death patterns and immune landscapes in bladder cancer: Evidence based on machine learning and multi-cohorts.","Environmental toxicology","Environ Toxicol","Journal Article","Bladder Cancer","No",""
"39003588","10.1002/cncy.22884","Liu TJ","2024","Evaluating artificial intelligence-enhanced digital urine cytology for bladder cancer diagnosis.","Cancer cytopathology","Cancer Cytopathol","Evaluation Study; Journal Article","Bladder Cancer","No",""
"37647346","10.1002/tox.23949","Liu X","2024","Generalized machine learning based on multi-omics data to profile the effect of ferroptosis pathway on prognosis and immunotherapy response in patients with bladder cancer.","Environmental toxicology","Environ Toxicol","Journal Article","Bladder Cancer","No",""
"38661528","10.1089/end.2023.0686","Lu D","2024","Automated Upper Tract Urothelial Carcinoma Tumor Segmentation During Ureteroscopy Using Computer Vision Techniques.","Journal of endourology","J Endourol","Journal Article","Bladder Cancer","No",""
"38924353","10.1002/cam4.7411","Manitz J","2024","Avelumab first-line maintenance in advanced urothelial carcinoma: Complete screening for prognostic and predictive factors using machine learning in the JAVELIN Bladder 100 phase 3 trial.","Cancer medicine","Cancer Med","Clinical Trial, Phase III; Journal Article; Randomized Controlled Trial","Bladder Cancer","No",""
"39431962","10.1093/clinchem/hvae156","Meng XY","2024","Machine Learning-Based Detection of Bladder Cancer by Urine cfDNA Fragmentation Hotspots that Capture Cancer-Associated Molecular Features.","Clinical chemistry","Clin Chem","Journal Article","Bladder Cancer","No",""
"39791715","10.3390/cells14010014","Petrov M","2024","Detection of Human Bladder Epithelial Cancerous Cells with Atomic Force Microscopy and Machine Learning.","Cells","Cells","Journal Article; Research Support, N.I.H., Extramural; Research Support, Non-U.S. Gov't","Bladder Cancer","No",""
"38091612","10.1088/1361-6560/ad1548","Ren Y","2024","MM-SFENet: multi-scale multi-task localization and classification of bladder cancer in MRI with spatial feature encoder network.","Physics in medicine and biology","Phys Med Biol","Journal Article","Bladder Cancer","No",""
"38570364","10.1007/s00428-024-03795-8","Ruschoff J","2024","Scoring PD-L1 Expression in Urothelial Carcinoma: An International Multi-Institutional Study on Comparison of Manual and Artificial Intelligence Measurement Model (AIM-PD-L1) Pathology Assessments.","Virchows Archiv : an international journal of pathology","Virchows Arch","Comparative Study; Journal Article; Multicenter Study","Bladder Cancer","No",""
"38531255","10.1016/j.ijmedinf.2024.105414","Schwarz L","2024","On relevant features for the recurrence prediction of urothelial carcinoma of the bladder.","International journal of medical informatics","Int J Med Inform","Journal Article","Bladder Cancer","No",""
"39448755","10.1038/s41598-024-77101-6","Shalata AT","2024","Precise grading of non-muscle invasive bladder cancer with multi-scale pyramidal CNN.","Scientific reports","Sci Rep","Journal Article","Bladder Cancer","No",""
"38938144","10.1002/jbio.202400192","Su W","2024","Non-invasive screening of bladder cancer using digital microfluidics and FLIM technology combined with deep learning.","Journal of biophotonics","J Biophotonics","Journal Article; Research Support, Non-U.S. Gov't","Bladder Cancer","No",""
"39001463","10.3390/cancers16132402","Sun D","2024","Outcome Prediction Using Multi-Modal Information: Integrating Large Language Model-Extracted Clinical Information and Image Analysis.","Cancers","Cancers (Basel)","Journal Article","Bladder Cancer","No",""
"38270647","10.1186/s13244-023-01569-5","Sun R","2024","Preoperative CT-based deep learning radiomics model to predict lymph node metastasis and patient prognosis in bladder cancer: a two-center study.","Insights into imaging","Insights Imaging","Journal Article","Bladder Cancer","No",""
"39524931","10.1016/j.heliyon.2024.e38242","Tang Y","2024","Improve clinical feature-based bladder cancer survival prediction models through integration with gene expression profiles and machine learning techniques.","Heliyon","Heliyon","Journal Article","Bladder Cancer","No",""
"38515574","10.3389/fonc.2024.1337186","Tao T","2024","SMMF: a self-attention-based multi-parametric MRI feature fusion framework for the diagnosis of bladder cancer grading.","Frontiers in oncology","Front Oncol","Journal Article","Bladder Cancer","No",""
"38065702","10.1016/j.euo.2023.11.009","Tsuji K","2024","A Fully Automated Artificial Intelligence System to Assist Pathologists' Diagnosis to Predict Histologically High-grade Urothelial Carcinoma from Digitized Urine Cytology Slides Using Deep Learning.","European urology oncology","Eur Urol Oncol","Journal Article","Bladder Cancer","No",""
"39147803","10.1038/s41598-024-66870-9","Wang GY","2024","Prediction of non-muscle invasive bladder cancer recurrence using deep learning of pathology image.","Scientific reports","Sci Rep","Journal Article","Bladder Cancer","No",""
"39112614","10.1038/s41598-024-68844-3","Wang R","2024","Predicting prognosis and drug sensitivity in bladder cancer: an insight into Pan-programmed cell death patterns regulated by M6A modifications.","Scientific reports","Sci Rep","Journal Article","Bladder Cancer","No",""
"38991630","10.1016/j.intimp.2024.112623","Wang Z","2024","Machine learning-based autophagy-related prognostic signature for personalized risk stratification and therapeutic approaches in bladder cancer.","International immunopharmacology","Int Immunopharmacol","Journal Article","Bladder Cancer","No",""
"38304824","10.1016/j.heliyon.2024.e24878","Wei Z","2024","Development and validation of a CT-based deep learning radiomics nomogram to predict muscle invasion in bladder cancer.","Heliyon","Heliyon","Journal Article","Bladder Cancer","No",""
"38349205","10.1097/JS9.0000000000001194","Wei Z","2024","A CT-based deep learning model predicts overall survival in patients with muscle invasive bladder cancer after radical cystectomy: a multicenter retrospective cohort study.","International journal of surgery (London, England)","Int J Surg","Journal Article; Multicenter Study","Bladder Cancer","No",""
"39466475","10.1186/s13244-024-01840-3","Wei Z","2024","A radiomics-based interpretable machine learning model to predict the HER2 status in bladder cancer: a multicenter study.","Insights into imaging","Insights Imaging","Journal Article","Bladder Cancer","No",""
"38845359","10.1021/acs.analchem.4c01749","Wu N","2024","Multispectral 3D DNA Machine Combined with Multimodal Machine Learning for Noninvasive Precise Diagnosis of Bladder Cancer.","Analytical chemistry","Anal Chem","Journal Article; Research Support, Non-U.S. Gov't","Bladder Cancer","No",""
"38901984","10.3760/cma.j.cn112137-20231211-01344","Wu SX","2024","[Exploration of the clinical transformation application of the artificial intelligence diagnosis system for bladder cancer based on cystoscopy].","Zhonghua yi xue za zhi","Zhonghua Yi Xue Za Zhi","English Abstract; Journal Article","Bladder Cancer","No",""
"38660758","10.1039/d3lc00854a","Xin L","2024","Screening for urothelial carcinoma cells in urine based on digital holographic flow cytometry through machine learning and deep learning methods.","Lab on a chip","Lab Chip","Journal Article; Research Support, Non-U.S. Gov't","Bladder Cancer","No",""
"38977273","10.1002/mp.17288","Xiong S","2024","Machine learning-based CT radiomics enhances bladder cancer staging predictions: A comparative study of clinical, radiomics, and combined models.","Medical physics","Med Phys","Comparative Study; Journal Article","Bladder Cancer","No",""
"39069513","10.1038/s41598-024-67554-0","Xu R","2024","Boundary guidance network for medical image segmentation.","Scientific reports","Sci Rep","Journal Article","Bladder Cancer","No",""
"39797086","10.3390/jcm14010004","Yau STY","2024","Point-Based Prediction Model for Bladder Cancer Risk in Diabetes: A Random Survival Forest-Guided Approach.","Journal of clinical medicine","J Clin Med","Journal Article","Bladder Cancer","No",""
"38753720","10.1089/end.2023.0751","Ye Z","2024","Deep Learning Based Cystoscopy Image Enhancement.","Journal of endourology","J Endourol","Journal Article","Bladder Cancer","No",""
"38238965","10.1111/bju.16226","Yim A","2024","Near-infrared spectroscopy as a novel method of ex vivo bladder cancer tissue characterisation.","BJU international","BJU Int","Journal Article","Bladder Cancer","No",""
"37638657","10.1002/ijc.34690","Yu EY","2024","Genome-wide exploration of genetic interactions for bladder cancer risk.","International journal of cancer","Int J Cancer","Journal Article; Research Support, Non-U.S. Gov't","Bladder Cancer","No",""
"38306973","10.1088/1361-6560/ad25c7","Yu J","2024","A novel predict method for muscular invasion of bladder cancer based on 3D mp-MRI feature fusion.","Physics in medicine and biology","Phys Med Biol","Journal Article","Bladder Cancer","No",""
"38456745","10.1002/jmri.29342","Yu R","2024","MRI-Based Machine Learning Radiomics for Preoperative Assessment of Human Epidermal Growth Factor Receptor 2 Status in Urothelial Bladder Carcinoma.","Journal of magnetic resonance imaging : JMRI","J Magn Reson Imaging","Journal Article","Bladder Cancer","No",""
"38776840","10.1016/j.media.2024.103189","Yue X","2024","Involving logical clinical knowledge into deep neural networks to improve bladder tumor segmentation.","Medical image analysis","Med Image Anal","Journal Article","Bladder Cancer","No",""
"38824904","10.1016/j.intimp.2024.112184","Zhang J","2024","Integrated analysis of multiple transcriptomic approaches and machine learning integration algorithms reveals high endothelial venules as a prognostic immune-related biomarker in bladder cancer.","International immunopharmacology","Int Immunopharmacol","Journal Article","Bladder Cancer","No",""
"38652125","10.1007/s00261-024-04280-1","Zhang X","2024","Bladder MRI with deep learning-based reconstruction: a prospective evaluation of muscle invasiveness using VI-RADS.","Abdominal radiology (New York)","Abdom Radiol (NY)","Journal Article","Bladder Cancer","No",""
"38835478","10.2147/CMAR.S457269","Zhang X","2024","Predictive Value of the Total Bilirubin and CA50 Screened Based on Machine Learning for Recurrence of Bladder Cancer Patients.","Cancer management and research","Cancer Manag Res","Journal Article","Bladder Cancer","No",""
"38174830","10.1002/cam4.6901","Zheng Y","2024","A computed tomography urography-based machine learning model for predicting preoperative pathological grade of upper urinary tract urothelial carcinoma.","Cancer medicine","Cancer Med","Journal Article","Bladder Cancer","No",""
"38704627","10.1097/JS9.0000000000001510","Zheng Y","2024","A commentary on 'A CT-based deep learning model predicts overall survival in patients with muscle invasive bladder cancer after radical cystectomy: a multicenter retrospective cohort study'.","International journal of surgery (London, England)","Int J Surg","Journal Article; Multicenter Study","Bladder Cancer","No",""
"39696125","10.1186/s12885-024-13325-z","Zheng Y","2024","Development and validation of a radiomics-based nomogram for predicting pathological grade of upper urinary tract urothelial carcinoma.","BMC cancer","BMC Cancer","Journal Article; Validation Study","Bladder Cancer","No",""
"39188685","10.3389/fonc.2024.1440626","Zhu M","2024","Application of artificial intelligence in the diagnosis and treatment of urinary tumors.","Frontiers in oncology","Front Oncol","Journal Article; Review","Bladder Cancer","No",""
"38650443","10.1002/lsm.23788","Zlobina NV","2024","In vivo assessment of bladder cancer with diffuse reflectance and fluorescence spectroscopy: A comparative study.","Lasers in surgery and medicine","Lasers Surg Med","Comparative Study; Journal Article; Research Support, Non-U.S. Gov't","Bladder Cancer","No",""
"39735606","10.3389/fonc.2024.1477166","Zou XC","2024","Predicting distant metastasis of bladder cancer using multiple machine learning models: a study based on the SEER database with external validation.","Frontiers in oncology","Front Oncol","Journal Article","Bladder Cancer","No",""
"39839785","10.3389/fonc.2024.1509362","Abbas S","2024","AI predicting recurrence in non-muscle-invasive bladder cancer: systematic review with study strengths and weaknesses.","Frontiers in oncology","Front Oncol","Journal Article; Systematic Review","Broad Reviews","No",""
"37945097","10.1016/j.ucl.2023.06.005","Abid R","2024","Artificial Intelligence in Urology: Current Status and Future Perspectives.","The Urologic clinics of North America","Urol Clin North Am","Journal Article; Review","Broad Reviews","No",""
"39272809","10.3390/cancers16172951","Antolin A","2024","The Role of Radiomics in the Prediction of Clinically Significant Prostate Cancer in the PI-RADS v2 and v2.1 Era: A Systematic Review.","Cancers","Cancers (Basel)","Journal Article; Review","Broad Reviews","No",""
"38702888","10.1684/abc.2024.1882","Bachelot G","2024","[Artificial intelligence: to a better predictive strategy for testicular sperm extraction outcome in azoospermia].","Annales de biologie clinique","Ann Biol Clin (Paris)","Journal Article; Review","Broad Reviews","No",""
"39868377","10.3389/fonc.2024.1502629","Bang S","2024","Harnessing machine learning to predict prostate cancer survival: a review.","Frontiers in oncology","Front Oncol","Journal Article; Review","Broad Reviews","No",""
"38099997","10.1007/s11934-023-01193-2","Bazarkin A","2024","Assessment of Prostate and Bladder Cancer Genomic Biomarkers Using Artificial Intelligence: a Systematic Review.","Current urology reports","Curr Urol Rep","Journal Article; Systematic Review","Broad Reviews","No",""
"38730727","10.3390/cancers16091775","Bellos T","2024","Artificial Intelligence in Urologic Robotic Oncologic Surgery: A Narrative Review.","Cancers","Cancers (Basel)","Journal Article; Review","Broad Reviews","No",""
"38613805","10.1089/end.2023.0690","Bhatia A","2024","Application of Natural Language Processing in Electronic Health Record Data Extraction for Navigating Prostate Cancer Care: A Narrative Review.","Journal of endourology","J Endourol","Journal Article; Review","Broad Reviews","No",""
"39618104","10.1080/17434440.2024.2435546","Bignante G","2024","Robotic-assisted surgery for the treatment of urologic cancers: recent advances.","Expert review of medical devices","Expert Rev Med Devices","Journal Article; Review","Broad Reviews","No",""
"38785576","10.3390/ejihpe14050078","Borna S","2024","Artificial Intelligence Algorithms for Expert Identification in Medical Domains: A Scoping Review.","European journal of investigation in health, psychology and education","Eur J Investig Health Psychol Educ","Journal Article; Scoping Review","Broad Reviews","No",""
"36639335","10.1016/j.urolonc.2022.12.002","Busby D","2024","Applications of artificial intelligence in prostate cancer histopathology.","Urologic oncology","Urol Oncol","Journal Article; Review","Broad Reviews","No",""
"37524914","10.1038/s41585-023-00796-1","Cacciamani GE","2024","Artificial intelligence and urology: ethical considerations for urologists and patients.","Nature reviews. Urology","Nat Rev Urol","Journal Article; Review","Broad Reviews","No",""
"38978280","10.4103/aja202431","Calogero AE","2024","Artificial intelligence in andrology - fact or fiction: essential takeaway for busy clinicians.","Asian journal of andrology","Asian J Androl","Journal Article; Review","Broad Reviews","No",""
"39527349","10.1007/s11701-024-02143-x","Carbin DD","2024","Artificial intelligence in robot-assisted radical prostatectomy: where do we stand today?","Journal of robotic surgery","J Robot Surg","Journal Article; Review","Broad Reviews","No",""
"39238342","10.21037/cco-24-52","Castellani D","2024","Advancements in artificial intelligence for robotic-assisted radical prostatectomy in men suffering from prostate cancer: results from a scoping review.","Chinese clinical oncology","Chin Clin Oncol","Journal Article; Scoping Review","Broad Reviews","No",""
"39103279","10.3760/cma.j.cn112151-20231030-00322","Chen H","2024","[Application and research progress of artificial intelligence in pathological diagnosis of renal cell carcinoma].","Zhonghua bing li xue za zhi = Chinese journal of pathology","Zhonghua Bing Li Xue Za Zhi","Journal Article; Review","Broad Reviews","No",""
"39335738","10.3390/diagnostics14182059","Chowdhury AT","2024","Artificial Intelligence Tools in Pediatric Urology: A Comprehensive Review of Recent Advances.","Diagnostics (Basel, Switzerland)","Diagnostics (Basel)","Journal Article; Review","Broad Reviews","No",""
"38783663","10.4103/aja202420","Crafa A","2024","Predictive parameters of the efficacy of varicocele repair: a review.","Asian journal of andrology","Asian J Androl","Journal Article; Review","Broad Reviews","No",""
"38149773","10.1002/nau.25362","Damaser MS","2024","Is the time right for a new initiative in mathematical modeling of the lower urinary tract? ICI-RS 2023.","Neurourology and urodynamics","Neurourol Urodyn","Journal Article; Review","Broad Reviews","No",""
"39505775","10.1007/s00120-024-02471-8","Drager DL","2024","[Small renal mass: which criteria are decisive for a tumor board?].","Urologie (Heidelberg, Germany)","Urologie","English Abstract; Journal Article; Review","Broad Reviews","No",""
"39029807","10.1016/j.urology.2024.07.010","Durant AM","2024","The Current Application and Future Potential of Artificial Intelligence in Renal Cancer.","Urology","Urology","Journal Article; Review","Broad Reviews","No",""
"38769791","10.21037/cco-23-150","Eissa A","2024","Current applications of ex-vivo fluorescent confocal microscope in urological practice: a systematic review of literature.","Chinese clinical oncology","Chin Clin Oncol","Journal Article; Systematic Review","Broad Reviews","No",""
"38344598","10.7759/cureus.52148","Fairag M","2024","Robotic Revolution in Surgery: Diverse Applications Across Specialties and Future Prospects Review Article.","Cureus","Cureus","Journal Article; Review","Broad Reviews","No",""
"38568094","10.1148/ryai.230138","Fassia MK","2024","Deep Learning Prostate MRI Segmentation Accuracy and Robustness: A Systematic Review.","Radiology. Artificial intelligence","Radiol Artif Intell","Journal Article; Research Support, N.I.H., Extramural; Research Support, Non-U.S. Gov't; Systematic Review","Broad Reviews","No",""
"39305366","10.1007/s11934-024-01233-5","Furtado TP","2024","The Promise of Artificial Intelligence in Peyronie's Disease.","Current urology reports","Curr Urol Rep","Journal Article; Review","Broad Reviews","No",""
"37921238","10.1002/nau.25319","Gammie A","2024","Can we use machine learning to improve the interpretation and application of urodynamic data?: ICI-RS 2023.","Neurourology and urodynamics","Neurourol Urodyn","Journal Article; Review","Broad Reviews","No",""
"37909882","10.1097/MOU.0000000000001144","Gelikman DG","2024","AI-powered radiomics: revolutionizing detection of urologic malignancies.","Current opinion in urology","Curr Opin Urol","Journal Article; Review","Broad Reviews","No",""
"37382282","10.5534/wjmh.230050","Ghayda RA","2024","Artificial Intelligence in Andrology: From Semen Analysis to Image Diagnostics.","The world journal of men's health","World J Mens Health","Journal Article; Review","Broad Reviews","No",""
"37945096","10.1016/j.ucl.2023.06.003","Goldenberg MG","2024","Surgical Artificial Intelligence in Urology: Educational Applications.","The Urologic clinics of North America","Urol Clin North Am","Journal Article; Review","Broad Reviews","No",""
"39365615","10.3897/folmed.66.e124998","Gurung J","2024","The expanding role of artificial intelligence in the histopathological diagnosis in urological oncology: a literature review.","Folia medica","Folia Med (Plovdiv)","Journal Article; Review","Broad Reviews","No",""
"37604982","10.1038/s41585-023-00805-3","Hashemi Gheinani A","2024","Bioinformatics in urology - molecular characterization of pathophysiology and response to treatment.","Nature reviews. Urology","Nat Rev Urol","Journal Article; Review","Broad Reviews","No",""
"38396481","10.3390/diagnostics14040442","He K","2024","Progress of Multiparameter Magnetic Resonance Imaging in Bladder Cancer: A Comprehensive Literature Review.","Diagnostics (Basel, Switzerland)","Diagnostics (Basel)","Journal Article; Review","Broad Reviews","No",""
"39555437","10.4103/iju.iju_39_24","Hengky A","2024","Can artificial intelligence aid the urologists in detecting bladder cancer?","Indian journal of urology : IJU : journal of the Urological Society of India","Indian J Urol","Journal Article; Review","Broad Reviews","No",""
"38281623","10.1016/j.amjms.2024.01.018","Ho YS","2024","Artificial intelligence and machine learning trends in kidney care.","The American journal of the medical sciences","Am J Med Sci","Journal Article; Review","Broad Reviews","No",""
"39459360","10.3390/medicina60101573","Hong SY","2024","Recent Advances in Robotic Surgery for Urologic Tumors.","Medicina (Kaunas, Lithuania)","Medicina (Kaunas)","Journal Article; Review","Broad Reviews","No",""
"39527161","10.1007/s11934-024-01241-5","Huang Z","2024","Enhancing Male Fertility Through AI-Based Management of Varicoceles.","Current urology reports","Curr Urol Rep","Journal Article; Review","Broad Reviews","No",""
"39429690","10.14789/jmj.JMJ24-0008-R","Ide H","2024","Revolutionary Advances of Robotic Surgery in Urology Field.","Juntendo Iji zasshi = Juntendo medical journal","Juntendo Iji Zasshi","Journal Article; Review","Broad Reviews","No",""
"37902120","10.1097/MOU.0000000000001135","Ikeda A","2024","Overview of current applications and trends in artificial intelligence for cystoscopy and transurethral resection of bladder tumours.","Current opinion in urology","Curr Opin Urol","Journal Article; Review; Video-Audio Media","Broad Reviews","No",""
"39767586","10.3390/biomedicines12122679","Kaltsas A","2024","Predictors of Successful Testicular Sperm Extraction: A New Era for Men with Non-Obstructive Azoospermia.","Biomedicines","Biomedicines","Journal Article; Review","Broad Reviews","No",""
"37945095","10.1016/j.ucl.2023.08.001","Kaneko M","2024","The Novel Green Learning Artificial Intelligence for Prostate Cancer Imaging: A Balanced Alternative to Deep Learning and Radiomics.","The Urologic clinics of North America","Urol Clin North Am","Journal Article; Review","Broad Reviews","No",""
"39410530","10.3390/diagnostics14192127","Khalid U","2024","Artificial Intelligence Algorithms and Their Current Role in the Identification and Comparison of Gleason Patterns in Prostate Cancer Histopathology: A Comprehensive Review.","Diagnostics (Basel, Switzerland)","Diagnostics (Basel)","Journal Article; Review","Broad Reviews","No",""
"37925349","10.1016/j.euo.2023.10.018","Khene ZE","2024","Clinical Application of Digital and Computational Pathology in Renal Cell Carcinoma: A Systematic Review.","European urology oncology","Eur Urol Oncol","Journal Article; Systematic Review","Broad Reviews","No",""
"39325194","10.1007/s00345-024-05247-z","Khene ZE","2024","Clinical application of radiomics for the prediction of treatment outcome and survival in patients with renal cell carcinoma: a systematic review.","World journal of urology","World J Urol","Journal Article; Systematic Review","Broad Reviews","No",""
"38888003","10.1089/end.2023.0695","Khizir L","2024","From Diagnosis to Precision Surgery: The Transformative Role of Artificial Intelligence in Urologic Imaging.","Journal of endourology","J Endourol","Journal Article; Review","Broad Reviews","No",""
"38331659","10.1016/j.jpurol.2024.01.020","Khondker A","2024","Application of STREAM-URO and APPRAISE-AI reporting standards for artificial intelligence studies in pediatric urology: A case example with pediatric hydronephrosis.","Journal of pediatric urology","J Pediatr Urol","Journal Article; Review","Broad Reviews","No",""
"39678498","10.3389/fonc.2024.1465098","Kim H","2024","Machine learning approaches for spatial omics data analysis in digital pathology: tools and applications in genitourinary oncology.","Frontiers in oncology","Front Oncol","Journal Article; Review","Broad Reviews","No",""
"39725798","10.1007/s11934-024-01252-2","Kinachtchouk N","2024","Artificial Intelligence (AI) and Men's Health Clinic Efficiency and Clinic Billing.","Current urology reports","Curr Urol Rep","Journal Article; Review","Broad Reviews","No",""
"37945102","10.1016/j.ucl.2023.06.002","Knudsen JE","2024","Artificial Intelligence in Pathomics and Genomics of Renal Cell Carcinoma.","The Urologic clinics of North America","Urol Clin North Am","Journal Article; Review","Broad Reviews","No",""
"38948339","10.1002/rmb2.12590","Kobayashi H","2024","Potential for artificial intelligence in medicine and its application to male infertility.","Reproductive medicine and biology","Reprod Med Biol","Journal Article; Review","Broad Reviews","No",""
"39048694","10.1007/s00120-024-02396-2","Kowalewski KF","2024","[Large language models in science].","Urologie (Heidelberg, Germany)","Urologie","English Abstract; Journal Article; Review","Broad Reviews","No",""
"39312102","10.1007/s11934-024-01240-6","Lama J","2024","AI for BPH Surgical Decision-Making: Cost Effectiveness and Outcomes.","Current urology reports","Curr Urol Rep","Journal Article; Review","Broad Reviews","No",""
"37945103","10.1016/j.ucl.2023.07.002","Laurie MA","2024","Bladder Cancer and Artificial Intelligence: Emerging Applications.","The Urologic clinics of North America","Urol Clin North Am","Journal Article; Review","Broad Reviews","No",""
"39451602","10.3390/diagnostics14202279","Leite KRM","2024","Artificial Intelligence in Uropathology.","Diagnostics (Basel, Switzerland)","Diagnostics (Basel)","Journal Article; Review","Broad Reviews","No",""
"39302528","10.1007/s11934-024-01232-6","Lewis K","2024","The Emerging Role of Artificial Intelligence and Automated Platforms for the Assessment of Penile Curvature: A Scoping Review.","Current urology reports","Curr Urol Rep","Journal Article; Scoping Review","Broad Reviews","No",""
"39164787","10.1186/s40779-024-00566-z","Li JK","2024","Intelligent medicine in focus: the 5 stages of evolution in robot-assisted surgery for prostate cancer in the past 20 years and future implications.","Military Medical Research","Mil Med Res","Journal Article; Review","Broad Reviews","No",""
"39046415","","Liang ZC","2024","[Advances in artificial intelligence-assisted MRI radiomics in the diagnosis and treatment of prostate cancer].","Zhonghua nan ke xue = National journal of andrology","Zhonghua Nan Ke Xue","English Abstract; Journal Article; Review","Broad Reviews","No",""
"38339239","10.3390/cancers16030486","Liu J","2024","A Systematic Review on Artificial Intelligence Evaluating Metastatic Prostatic Cancer and Lymph Nodes on PSMA PET Scans.","Cancers","Cancers (Basel)","Journal Article; Review","Broad Reviews","No",""
"39518036","10.3390/cancers16213596","Liu J","2024","Predicting Biochemical Recurrence of Prostate Cancer Post-Prostatectomy Using Artificial Intelligence: A Systematic Review.","Cancers","Cancers (Basel)","Journal Article; Review","Broad Reviews","No",""
"38837301","10.1002/nau.25490","Liu X","2024","Applications of machine learning in urodynamics: A narrative review.","Neurourology and urodynamics","Neurourol Urodyn","Journal Article; Review","Broad Reviews","No",""
"39080137","10.1245/s10434-024-15769-w","Lu H","2024","Effects of Bony Pelvic and Prostate Dimensions on Surgical Difficulty of Robot-Assisted Radical Prostatectomy: An Original Study and Meta-analysis.","Annals of surgical oncology","Ann Surg Oncol","Journal Article; Meta-Analysis","Broad Reviews","No",""
"39556140","10.1007/s11934-024-01237-1","Lumbiganon S","2024","Artificial Intelligence as a Tool for Creating Patient Visit Summary: A Scoping Review and Guide to Implementation in an Erectile Dysfunction Clinic.","Current urology reports","Curr Urol Rep","Journal Article; Scoping Review","Broad Reviews","No",""
"39575423","10.3389/fonc.2024.1487676","Ma X","2024","Artificial intelligence application in the diagnosis and treatment of bladder cancer: advance, challenges, and opportunities.","Frontiers in oncology","Front Oncol","Journal Article; Review","Broad Reviews","No",""
"38256493","10.3390/jcm13020359","Mian AH","2024","Navigating Now and Next: Recent Advances and Future Horizons in Robotic Radical Prostatectomy.","Journal of clinical medicine","J Clin Med","Journal Article; Review","Broad Reviews","No",""
"39470953","10.1007/s11934-024-01247-z","Mian AH","2024","Current and Future Directions of Technology in Assessment of Peyronie's Disease.","Current urology reports","Curr Urol Rep","Journal Article; Review","Broad Reviews","No",""
"38877816","10.1089/end.2023.0680","Monga M","2024","Artificial Intelligence in Endourology: Maximizing the Promise Through Consideration of the Principles of Diffusion of Innovation Theory.","Journal of endourology","J Endourol","Journal Article; Review","Broad Reviews","No",""
"38112900","10.1007/s11934-023-01192-3","Naik N","2024","Smart Diagnosis of Urinary Tract Infections: is Artificial Intelligence the Fast-Lane Solution?","Current urology reports","Curr Urol Rep","Journal Article; Review","Broad Reviews","No",""
"39520645","10.1007/s11934-024-01239-z","Naik N","2024","Artificial Intelligence for Clinical Management of Male Infertility, a Scoping Review.","Current urology reports","Curr Urol Rep","Journal Article; Scoping Review","Broad Reviews","No",""
"37962176","10.1097/MOU.0000000000001151","Nedbal C","2024","ChatGPT in urology practice: revolutionizing efficiency and patient care with generative artificial intelligence.","Current opinion in urology","Curr Opin Urol","Journal Article; Review","Broad Reviews","No",""
"38714511","10.4111/icu.20230435","Pak S","2024","Applications of artificial intelligence in urologic oncology.","Investigative and clinical urology","Investig Clin Urol","Journal Article; Research Support, Non-U.S. Gov't; Review","Broad Reviews","No",""
"39148679","10.7717/peerj.17870","Pang S","2024","Research and progress on the mechanism of lower urinary tract neuromodulation: a literature review.","PeerJ","PeerJ","Journal Article; Review","Broad Reviews","No",""
"38399566","10.3390/medicina60020279","Panner Selvam MK","2024","Current Updates on Involvement of Artificial Intelligence and Machine Learning in Semen Analysis.","Medicina (Kaunas, Lithuania)","Medicina (Kaunas)","Journal Article; Review","Broad Reviews","No",""
"38512350","10.1007/s00464-024-10772-4","Pavone M","2024","Ultrasound-guided robotic surgical procedures: a systematic review.","Surgical endoscopy","Surg Endosc","Journal Article; Research Support, Non-U.S. Gov't; Systematic Review","Broad Reviews","No",""
"38349336","10.32074/1591-951X-925","Pepe P","2024","Advances in radiology and pathology of prostate cancer: a review for the pathologist.","Pathologica","Pathologica","Journal Article; Review","Broad Reviews","No",""
"38886246","10.1007/s11934-024-01221-9","Pozzi E","2024","Artificial Intelligence Modeling and Priapism.","Current urology reports","Curr Urol Rep","Journal Article; Review","Broad Reviews","No",""
"39323919","10.1002/bco2.390","Qin S","2024","ChatGPT and generative AI in urology and surgery-A narrative review.","BJUI compass","BJUI Compass","Journal Article; Review","Broad Reviews","No",""
"37945098","10.1016/j.ucl.2023.08.003","Ramacciotti LS","2024","Comprehensive Assessment of MRI-based Artificial Intelligence Frameworks Performance in the Detection, Segmentation, and Classification of Prostate Lesions Using Open-Source Databases.","The Urologic clinics of North America","Urol Clin North Am","Journal Article; Review","Broad Reviews","No",""
"39001527","10.3390/cancers16132465","Reitano G","2024","Treatment and Staging Intensification Strategies Associated with Radical Prostatectomy for High-Risk Prostate Cancer: Efficacy Evaluation and Exploration of Novel Approaches.","Cancers","Cancers (Basel)","Journal Article; Review","Broad Reviews","No",""
"38125666","10.1007/s13755-023-00264-5","Ren S","2024","From molecular mechanisms of prostate cancer to translational applications: based on multi-omics fusion analysis and intelligent medicine.","Health information science and systems","Health Inf Sci Syst","Journal Article; Review","Broad Reviews","No",""
"38935882","10.1200/EDBK_438516","Riaz IB","2024","Applications of Artificial Intelligence in Prostate Cancer Care: A Path to Enhanced Efficiency and Outcomes.","American Society of Clinical Oncology educational book. American Society of Clinical Oncology. Annual Meeting","Am Soc Clin Oncol Educ Book","Journal Article; Review","Broad Reviews","No",""
"39054210","10.1016/j.diii.2024.07.003","Rowe SP","2024","Molecular imaging for non-invasive risk stratification of renal masses.","Diagnostic and interventional imaging","Diagn Interv Imaging","Journal Article; Review","Broad Reviews","No",""
"39611162","10.1016/j.euros.2024.10.020","Sakalis V","2024","AGREE II Quality Assessment of National and International Clinical Practice Guidelines on Prostate Cancer Management by the OPTIMA Consortium.","European urology open science","Eur Urol Open Sci","Journal Article; Review","Broad Reviews","No",""
"38540219","10.3390/biomedicines12030606","Salybekov AA","2024","Artificial Intelligence Reporting Guidelines' Adherence in Nephrology for Improved Research and Clinical Outcomes.","Biomedicines","Biomedicines","Journal Article; Review","Broad Reviews","No",""
"37501529","10.1097/PAP.0000000000000406","Schukow C","2024","Application of ChatGPT in Routine Diagnostic Pathology: Promises, Pitfalls, and Potential Future Directions.","Advances in anatomic pathology","Adv Anat Pathol","Journal Article; Review","Broad Reviews","No",""
"37945105","10.1016/j.ucl.2023.08.002","Scott Wang HH","2024","Artificial Intelligence in Pediatric Urology.","The Urologic clinics of North America","Urol Clin North Am","Journal Article; Review","Broad Reviews","No",""
"38982018","10.1007/s11255-024-04149-8","Shah N","2024","Current advances in the use of artificial intelligence in predicting and managing urological complications.","International urology and nephrology","Int Urol Nephrol","Journal Article; Review","Broad Reviews","No",""
"38416321","10.1007/s11934-024-01200-0","Sinha S","2024","The Use of Uroflowmetry as a Diagnostic Test.","Current urology reports","Curr Urol Rep","Journal Article; Review","Broad Reviews","No",""
"38874270","10.1089/end.2023.0700","Solano C","2024","ChatGPT in Urology: Bridging Knowledge and Practice for Tomorrow's Healthcare, a Comprehensive Review.","Journal of endourology","J Endourol","Journal Article; Systematic Review","Broad Reviews","No",""
"39190175","10.5489/cuaj.8681","Suartz CV","2024","Artificial intelligence for predicting response to neoadjuvant chemotherapy for bladder cancer A comprehensive systematic review and meta-analysis.","Canadian Urological Association journal = Journal de l'Association des urologues du Canada","Can Urol Assoc J","Journal Article; Review","Broad Reviews","No",""
"37723300","10.1007/s11934-023-01184-3","Talyshinskii A","2024","Potential of AI-Driven Chatbots in Urology: Revolutionizing Patient Care Through Artificial Intelligence.","Current urology reports","Curr Urol Rep","Journal Article; Review","Broad Reviews","No",""
"38791888","10.3390/cancers16101809","Talyshinskii A","2024","Catalyzing Precision Medicine: Artificial Intelligence Advancements in Prostate Cancer Diagnosis and Management.","Cancers","Cancers (Basel)","Journal Article; Review","Broad Reviews","No",""
"39390918","10.21037/cco-24-47","Tamborino F","2024","Current status, evolution, and future perspectives in robotic platform systems for prostate cancer treatment: a narrative review.","Chinese clinical oncology","Chin Clin Oncol","Journal Article; Review","Broad Reviews","No",""
"37945104","10.1016/j.ucl.2023.06.004","Tano ZE","2024","Surgical Artificial Intelligence: Endourology.","The Urologic clinics of North America","Urol Clin North Am","Journal Article; Review","Broad Reviews","No",""
"39563551","","Taratkin M S","2024","[Artificial intelligence and large language models: challenges and prospects in research and medicine].","Urologiia (Moscow, Russia : 1999)","Urologiia","English Abstract; Journal Article; Review","Broad Reviews","No",""
"38243605","10.1111/1754-9485.13621","Temperley HC","2024","Current applications and future potential of ChatGPT in radiology: A systematic review.","Journal of medical imaging and radiation oncology","J Med Imaging Radiat Oncol","Journal Article; Systematic Review","Broad Reviews","No",""
"39663266","10.1007/s11934-024-01251-3","Teoman AS","2024","Artificial Intelligence-Based Clinical Decision-Making in Erectile Dysfunction: a Narrative Review.","Current urology reports","Curr Urol Rep","Journal Article; Review","Broad Reviews","No",""
"38632898","10.1177/15533506241248239","Tozsin A","2024","The Role of Artificial Intelligence in Medical Education: A Systematic Review.","Surgical innovation","Surg Innov","Journal Article; Systematic Review","Broad Reviews","No",""
"39415082","10.1186/s12882-024-03793-7","Tran TT","2024","Artificial intelligence and predictive models for early detection of acute kidney injury: transforming clinical practice.","BMC nephrology","BMC Nephrol","Journal Article; Review","Broad Reviews","No",""
"39447096","10.1200/PO.24.00145","Tward JD","2024","Prostate Cancer Risk Stratification in NRG Oncology Phase III Randomized Trials Using Multimodal Deep Learning With Digital Histopathology.","JCO precision oncology","JCO Precis Oncol","Journal Article; Meta-Analysis","Broad Reviews","No",""
"39238293","10.56434/j.arch.esp.urol.20247707.99","Tzelves L","2024","ChatGPT in Clinical Medicine, Urology and Academia: A Review.","Archivos espanoles de urologia","Arch Esp Urol","Journal Article; Review","Broad Reviews","No",""
"37945100","10.1016/j.ucl.2023.06.006","Wong EY","2024","Genomics and Artificial Intelligence: Prostate Cancer.","The Urologic clinics of North America","Urol Clin North Am","Journal Article; Review","Broad Reviews","No",""
"38160172","10.1016/j.euf.2023.12.003","Zattoni F","2024","Potential Applications of New Headsets for Virtual and Augmented Reality in Urology.","European urology focus","Eur Urol Focus","Journal Article; Review","Broad Reviews","No",""
"38593808","10.1016/j.xcrm.2024.101506","Zhu L","2024","Harnessing artificial intelligence for prostate cancer management.","Cell reports. Medicine","Cell Rep Med","Journal Article; Review","Broad Reviews","No",""
"39308594","10.62347/JSAE9732","Zhu M","2024","Artificial intelligence in pathologic diagnosis, prognosis and prediction of prostate cancer.","American journal of clinical and experimental urology","Am J Clin Exp Urol","Journal Article; Review","Broad Reviews","No",""
"38433288","10.1111/his.15153","van Diest PJ","2024","Pros and cons of artificial intelligence implementation in diagnostic pathology.","Histopathology","Histopathology","Journal Article; Review","Broad Reviews","No",""
"38371602","10.2147/CIA.S432368","Akerla J","2024","Do LUTS Predict Mortality? An Analysis Using Random Forest Algorithms.","Clinical interventions in aging","Clin Interv Aging","Journal Article","Governance","No",""
"39164055","10.3346/jkms.2024.39.e231","Alnaimat F","2024","Evolution of Research Reporting Standards: Adapting to the Influence of Artificial Intelligence, Statistics Software, and Writing Tools.","Journal of Korean medical science","J Korean Med Sci","Journal Article; Review","Governance","No",""
"39461857","10.1136/bmjopen-2024-089125","Baana M","2024","Using artificial intelligence for bladder cancer detection during cystoscopy and its impact on clinical outcomes: a protocol for a systematic review and meta-analysis.","BMJ open","BMJ Open","Journal Article","Governance","No",""
"38613819","10.1089/end.2023.0697","Bakker AFHA","2024","Estimating Surgical Urethral Length on Intraoperative Robot-Assisted Prostatectomy Images Using Artificial Intelligence Anatomy Recognition.","Journal of endourology","J Endourol","Journal Article","Governance","No",""
"37296271","10.1038/s41391-023-00684-0","Baydoun A","2024","Artificial intelligence applications in prostate cancer.","Prostate cancer and prostatic diseases","Prostate Cancer Prostatic Dis","Journal Article; Review","Governance","No",""
"38623791","10.1089/end.2024.0020","Berger JH","2024","It Is Time to Consider the Ethical Implications of Artificial Intelligence Use in Generating Manuscripts for Peer-Reviewed Journals.","Journal of endourology","J Endourol","Letter","Governance","No",""
"39070100","10.1016/j.euros.2024.06.007","Bhavsar NA","2024","Design and Rationale of the Outcomes Database to Prospectively Assess the Changing Therapy Landscape in Renal Cell Carcinoma Registry: A Multi-institutional, Prospective Study of Patients with Metastatic Renal Cell Carcinoma.","European urology open science","Eur Urol Open Sci","Journal Article","Governance","No",""
"38937295","10.1007/s00330-024-10869-3","Bozgo V","2024","Prostate MRI and artificial intelligence during active surveillance: should we jump on the bandwagon?","European radiology","Eur Radiol","Journal Article; Review","Governance","No",""
"38386789","10.1590/S1677-5538.IBJU.2023.0570","Braga AVNM","2024","Use of ChatGPT in Urology and its Relevance in Clinical Practice: Is it useful?","International braz j urol : official journal of the Brazilian Society of Urology","Int Braz J Urol","Journal Article","Governance","No",""
"39240144","10.2196/55148","Brehmer A","2024","Establishing Medical Intelligence-Leveraging Fast Healthcare Interoperability Resources to Improve Clinical Management: Retrospective Cohort and Clinical Implementation Study.","Journal of medical Internet research","J Med Internet Res","Journal Article; Research Support, Non-U.S. Gov't","Governance","No",""
"39507511","10.1016/j.euros.2024.10.009","Carl N","2024","Comparing Patient's Confidence in Clinical Capabilities in Urology: Large Language Models Versus Urologists.","European urology open science","Eur Urol Open Sci","Journal Article","Governance","No",""
"38104555","10.1159/000535841","Cen HS","2024","Diversity in Renal Mass Data Cohorts: Implications for Urology AI Researchers.","Oncology","Oncology","Journal Article","Governance","No",""
"39477382","10.21873/invivo.13785","Chang KY","2024","An Artificial Intelligence-assisted Diagnostic System Improves Upper Urine Tract Cytology Diagnosis.","In vivo (Athens, Greece)","In Vivo","Journal Article","Governance","No",""
"38983463","10.21037/tau-23-629","Checcucci E","2024","Transitioning from ""Dr. Google"" to ""Dr. ChatGPT"": the advent of artificial intelligence chatbots.","Translational andrology and urology","Transl Androl Urol","Comment; Editorial","Governance","No",""
"39673635","10.1007/s00345-024-05385-4","Chung D","2024","Real-world utility of ChatGPT in pre-vasectomy counselling, a safe and efficient practice: a prospective single-centre clinical study.","World journal of urology","World J Urol","Journal Article; Randomized Controlled Trial","Governance","No",""
"38626949","10.1136/bmj.q824","Cohen JF","2024","TRIPOD+AI: an updated reporting guideline for clinical prediction models.","BMJ (Clinical research ed.)","BMJ","Comment; Editorial","Governance","No",""
"38626948","10.1136/bmj-2023-078378","Collins GS","2024","TRIPOD+AI statement: updated guidance for reporting clinical prediction models that use regression or machine learning methods.","BMJ (Clinical research ed.)","BMJ","Journal Article","Governance","No",""
"39509461","10.1371/journal.pdig.0000651","Cross JL","2024","Bias in medical AI: Implications for clinical decision-making.","PLOS digital health","PLOS Digit Health","Journal Article; Review","Governance","No",""
"38304411","10.26633/RPSP.2024.12","Cruz Rivera S","2024","[Guidelines for clinical trial protocols for interventions involving artificial intelligence: the SPIRIT-AI extensionDiretrizes para protocolos de ensaios clinicos com intervencoes que utilizam inteligencia artificial: a extensao SPIRIT-AI].","Revista panamericana de salud publica = Pan American journal of public health","Rev Panam Salud Publica","Case Reports; English Abstract; Journal Article","Governance","No",""
"38787516","10.1590/S1677-5538.IBJU.2024.0113","Daungsupawong H","2024","Use of ChatGPT in Urology and its Relevance in Clinical Practice: Comment.","International braz j urol : official journal of the Brazilian Society of Urology","Int Braz J Urol","Letter","Governance","No",""
"39533250","10.1186/s12916-024-03742-z","Deng R","2024","Comparison of MRI artificial intelligence-guided cognitive fusion-targeted biopsy versus routine cognitive fusion-targeted prostate biopsy in prostate cancer diagnosis: a randomized controlled trial.","BMC medicine","BMC Med","Comparative Study; Journal Article; Randomized Controlled Trial; Research Support, Non-U.S. Gov't","Governance","No",""
"39034409","10.1186/s13037-024-00406-y","Deol ES","2024","Artificial intelligence model for automated surgical instrument detection and counting: an experimental proof-of-concept study.","Patient safety in surgery","Patient Saf Surg","Journal Article","Governance","No",""
"38031481","10.1093/jamia/ocad221","Economou-Zavlanos NJ","2024","Translating ethical and quality principles for the effective, safe and fair development, deployment and use of artificial intelligence technologies in healthcare.","Journal of the American Medical Informatics Association : JAMIA","J Am Med Inform Assoc","Journal Article; Research Support, N.I.H., Extramural","Governance","No",""
"37926642","10.1016/j.eururo.2023.10.014","Eppler M","2024","Awareness and Use of ChatGPT and Large Language Models: A Prospective Cross-sectional Global Survey in Urology.","European urology","Eur Urol","Journal Article","Governance","No",""
"38955940","10.1007/s11255-024-04137-y","Feng C","2024","Optimizing anterior urethral stricture assessment: leveraging AI-assisted three-dimensional sonourethrography in clinical practice.","International urology and nephrology","Int Urol Nephrol","Journal Article","Governance","No",""
"38398201","10.3390/cancers16040810","Feretzakis G","2024","Emerging Trends in AI and Radiomics for Bladder, Kidney, and Prostate Cancer: A Critical Review.","Cancers","Cancers (Basel)","Journal Article; Review","Governance","No",""
"38599593","10.1055/a-2281-8015","Frank J","2024","[Large Language Models for Rapid Simplification of Quality Assurance Data Input: Field Trial with Real Data in the Context of Tumour Documentation in Urology].","Aktuelle Urologie","Aktuelle Urol","English Abstract; Journal Article","Governance","No",""
"39293047","10.2196/58202","Guni A","2024","Revised Tool for the Quality Assessment of Diagnostic Accuracy Studies Using AI (QUADAS-AI): Protocol for a Qualitative Study.","JMIR research protocols","JMIR Res Protoc","Journal Article","Governance","No",""
"38670745","10.1016/S2589-7500(24)00047-5","Han R","2024","Randomised controlled trials evaluating artificial intelligence in clinical practice: a scoping review.","The Lancet. Digital health","Lancet Digit Health","Journal Article; Research Support, N.I.H., Extramural; Research Support, Non-U.S. Gov't; Scoping Review","Governance","No",""
"37938381","10.1007/s00330-023-10384-x","Hasani AM","2024","Evaluating the performance of Generative Pre-trained Transformer-4 (GPT-4) in standardizing radiology reports.","European radiology","Eur Radiol","Comparative Study; Journal Article","Governance","No",""
"40377545","","He Mingze HM","2024","[Development of a Deep Learning-Based System for Supporting Medical Decision-Making in PI-RADS Score Determination].","Urologiia (Moscow, Russia : 1999)","Urologiia","English Abstract; Journal Article; Multicenter Study","Governance","No",""
"38623253","10.1016/j.heliyon.2024.e28878","He X","2024","Predicting prostate cancer recurrence: Introducing PCRPS, an advanced online web server.","Heliyon","Heliyon","Journal Article","Governance","No",""
"38008356","10.1016/j.jcpo.2023.100457","Hesso I","2024","Cancer care pathways across seven countries in Europe: What are the current obstacles? And how can artificial intelligence help?","Journal of cancer policy","J Cancer Policy","Journal Article","Governance","No",""
"38638494","10.1049/htl2.12056","Hofman J","2024","First-in-human real-time AI-assisted instrument deocclusion during augmented reality robotic surgery.","Healthcare technology letters","Healthc Technol Lett","Journal Article","Governance","No",""
"37658139","10.1007/s00330-023-10137-w","Huang J","2024","MRI-based automated machine learning model for preoperative identification of variant histology in muscle-invasive bladder carcinoma.","European radiology","Eur Radiol","Journal Article","Governance","No",""
"38724730","10.1038/s43856-024-00502-1","Huo X","2024","A comprehensive AI model development framework for consistent Gleason grading.","Communications medicine","Commun Med (Lond)","Journal Article","Governance","No",""
"39512805","10.7759/cureus.73128","Ibraheem N","2024","Innovations and Emerging Trends in Prostate Cancer Management: A Literature Review.","Cureus","Cureus","Journal Article; Review","Governance","No",""
"39682641","10.3390/diagnostics14232734","Janicki JJ","2024","Advancing Interstitial Cystitis/Bladder Pain Syndrome (IC/BPS) Diagnosis: A Comparative Analysis of Machine Learning Methodologies.","Diagnostics (Basel, Switzerland)","Diagnostics (Basel)","Journal Article","Governance","No",""
"38242731","10.1016/j.acra.2024.01.003","Kang H","2024","Multiparametric MRI-Based Machine Learning Models for the Characterization of Cystic Renal Masses Compared to the Bosniak Classification, Version 2019: A Multicenter Study.","Academic radiology","Acad Radiol","Comparative Study; Journal Article; Multicenter Study; Research Support, Non-U.S. Gov't","Governance","No",""
"37474402","10.1016/j.euo.2023.06.009","Khene ZE","2024","Development of a Personalized Chat Model Based on the European Association of Urology Oncology Guidelines: Harnessing the Power of Generative Artificial Intelligence in Clinical Practice.","European urology oncology","Eur Urol Oncol","Letter","Governance","No",""
"37594786","10.1111/bju.16159","Khondker A","2024","Predicting obstruction risk using common ultrasonography parameters in paediatric hydronephrosis with machine learning.","BJU international","BJU Int","Journal Article","Governance","No",""
"38773341","10.1038/s41591-024-02978-9","Kinget L","2024","A spatial architecture-embedding HLA signature to predict clinical response to immunotherapy in renal cell carcinoma.","Nature medicine","Nat Med","Journal Article","Governance","No",""
"37740080","10.1007/s00330-023-10243-9","Kocak B","2024","Self-reporting with checklists in artificial intelligence research on medical imaging: a systematic review based on citations of CLAIM.","European radiology","Eur Radiol","Journal Article; Systematic Review","Governance","No",""
"39277683","10.1038/s41746-024-01244-z","Koh HJW","2024","Variational Bayes machine learning for risk adjustment of general outcome indicators with examples in urology.","NPJ digital medicine","NPJ Digit Med","Journal Article","Governance","No",""
"38678674","10.1016/j.ijmedinf.2024.105467","Le BD","2024","Predicting the presence of adherent perinephric fat using MRI radiomics combined with machine learning.","International journal of medical informatics","Int J Med Inform","Journal Article","Governance","No",""
"38498357","10.1097/JS9.0000000000001290","Li J","2024","RARPKB: a knowledge-guide decision support platform for personalized robot-assisted surgery in prostate cancer.","International journal of surgery (London, England)","Int J Surg","Journal Article; Review","Governance","No",""
"38352035","10.26633/RPSP.2024.13","Liu X","2024","[Reporting guidelines for clinical trial reports for interventions involving artificial intelligence: the CONSORT-AI extensionDiretrizes para relatorios de ensaios clinicos com intervencoes que utilizam inteligencia artificial: a extensao CONSORT-AI].","Revista panamericana de salud publica = Pan American journal of public health","Rev Panam Salud Publica","Case Reports; English Abstract; Journal Article","Governance","No",""
"39744068","10.1002/bco2.420","Mandel A","2024","Patients and generative AI: Who owns your diagnosis?","BJUI compass","BJUI Compass","Journal Article","Governance","No",""
"38396089","10.1038/s41698-024-00532-x","Margue G","2024","UroPredict: Machine learning model on real-world data for prediction of kidney cancer recurrence (UroCCR-120).","NPJ precision oncology","NPJ Precis Oncol","Journal Article","Governance","No",""
"38388497","10.1038/s41467-024-45355-3","Martindale APL","2024","Concordance of randomised controlled trials for artificial intelligence interventions with the CONSORT-AI reporting guidelines.","Nature communications","Nat Commun","Journal Article; Systematic Review","Governance","No",""
"39075055","10.1038/s41467-024-49956-w","Martindale APL","2024","Author Correction: Concordance of randomised controlled trials for artificial intelligence interventions with the CONSORT-AI reporting guidelines.","Nature communications","Nat Commun","Published Erratum","Governance","No",""
"38476626","10.2147/IJGM.S456659","Mu Y","2024","The Potential Applications and Challenges of ChatGPT in the Medical Field.","International journal of general medicine","Int J Gen Med","Journal Article; Review","Governance","No",""
"39294061","10.1016/S2589-7500(24)00143-2","Ning Y","2024","Generative artificial intelligence and ethical considerations in health care: a scoping review and ethics checklist.","The Lancet. Digital health","Lancet Digit Health","Journal Article; Research Support, Non-U.S. Gov't; Scoping Review","Governance","No",""
"38199916","10.1016/j.cpet.2023.12.006","Oldan JD","2024","PET/Computed Tomography Transformation of Oncology: Kidney and Urinary Tract Cancers.","PET clinics","PET Clin","Journal Article; Review","Governance","No",""
"39638453","10.5213/inj.2448402.201","Park HJ","2024","Exploring Large Language Models and the Metaverse for Urologic Applications: Potential, Challenges, and the Path Forward.","International neurourology journal","Int Neurourol J","Journal Article","Governance","No",""
"39028011","10.3348/kjr.2024.0598","Park SH","2024","Reporting Guidelines for Artificial Intelligence Studies in Healthcare (for Both Conventional and Large Language Models): What's New in 2024.","Korean journal of radiology","Korean J Radiol","Editorial","Governance","No",""
"38599321","10.1016/j.fjurol.2024.102636","Perrot O","2024","Chatbots vs andrologists: Testing 25 clinical cases.","The French journal of urology","Fr J Urol","Comparative Study; Journal Article","Governance","No",""
"38473404","10.3390/cancers16051047","Piana A","2024","Automatic 3D Augmented-Reality Robot-Assisted Partial Nephrectomy Using Machine Learning: Our Pioneer Experience.","Cancers","Cancers (Basel)","Journal Article","Governance","No",""
"39590151","10.3390/curroncol31110520","Rinderknecht E","2024","Modification and Validation of the System Causability Scale Using AI-Based Therapeutic Recommendations for Urological Cancer Patients: A Basis for the Development of a Prospective Comparative Study.","Current oncology (Toronto, Ont.)","Curr Oncol","Comparative Study; Journal Article; Validation Study","Governance","No",""
"37923632","10.1016/j.euf.2023.10.020","Rodler S","2024","Patients' Trust in Artificial Intelligence-based Decision-making for Localized Prostate Cancer: Results from a Prospective Trial.","European urology focus","Eur Urol Focus","Journal Article","Governance","No",""
"38876123","10.1016/S1470-2045(24)00220-1","Saha A","2024","Artificial intelligence and radiologists in prostate cancer detection on MRI (PI-CAI): an international, paired, non-inferiority, confirmatory study.","The Lancet. Oncology","Lancet Oncol","Comparative Study; Equivalence Trial; Journal Article; Multicenter Study; Research Support, N.I.H., Extramural; Research Support, Non-U.S. Gov't","Governance","Yes","Prostate MRI reader assistance"
"39162591","10.1097/UPJ.0000000000000637","Scott M","2024","Assessing Artificial Intelligence-Generated Responses to Urology Patient In-Basket Messages.","Urology practice","Urol Pract","Journal Article","Governance","No",""
"38350931","10.1186/s12958-024-01193-y","Sengupta P","2024","'Intracytoplasmic sperm injection (ICSI) paradox' and 'andrological ignorance': AI in the era of fourth industrial revolution to navigate the blind spots.","Reproductive biology and endocrinology : RB&E","Reprod Biol Endocrinol","Letter","Governance","No",""
"39462532","","Shah YB","2024","Artificial intelligence improves urologic oncology patient education and counseling.","The Canadian journal of urology","Can J Urol","Comparative Study; Journal Article","Governance","No",""
"39697728","10.21037/tcr-24-180","Soltani-Tehrani AM","2024","Predicting response to bacillus Calmette-Guerin in high-risk non-muscle invasive bladder cancer.","Translational cancer research","Transl Cancer Res","Journal Article; Review","Governance","No",""
"39285449","10.1186/s12911-024-02660-7","Song WH","2024","RCC-Supporter: supporting renal cell carcinoma treatment decision-making using machine learning.","BMC medical informatics and decision making","BMC Med Inform Decis Mak","Journal Article","Governance","No",""
"38881457","10.1097/SLA.0000000000006399","Staubli SM","2024","Decoding the Clavien-Dindo Classification: Artificial Intelligence (AI) as a Novel Tool to Grade Postoperative Complications.","Annals of surgery","Ann Surg","Journal Article","Governance","No",""
"38285173","10.1007/s00292-024-01305-w","Stoll AK","2024","[Histomolecular classification of urothelial carcinoma of the urinary bladder : From histological phenotype to genotype and back].","Pathologie (Heidelberg, Germany)","Pathologie (Heidelb)","English Abstract; Journal Article","Governance","No",""
"39744079","10.1002/bco2.447","Storino Ramacciotti L","2024","A sustainable and expedited 'One-Stop' prostate cancer diagnostic pathway to reduce environmental impact and enhance accessibility.","BJUI compass","BJUI Compass","Journal Article","Governance","No",""
"39333376","10.1038/s41746-024-01258-7","Tam TYC","2024","A framework for human evaluation of large language models in healthcare derived from literature review.","NPJ digital medicine","NPJ Digit Med","Journal Article","Governance","No",""
"38697362","10.1016/j.urology.2024.04.033","Tan HJ","2024","Clinical Decision Support for Surgery: A Mixed Methods Study on Design and Implementation Perspectives From Urologists.","Urology","Urology","Journal Article; Research Support, N.I.H., Extramural; Research Support, Non-U.S. Gov't","Governance","No",""
"38923789","10.1111/bju.16452","Taya M","2024","Perspectives on technology: Prostate Imaging-Reporting and Data System (PI-RADS) interobserver variability.","BJU international","BJU Int","Journal Article; Review","Governance","No",""
"38809149","10.1148/ryai.240300","Tejani AS","2024","Checklist for Artificial Intelligence in Medical Imaging (CLAIM): 2024 Update.","Radiology. Artificial intelligence","Radiol Artif Intell","Editorial; Research Support, N.I.H., Extramural","Governance","No",""
"38404754","10.1117/1.JMI.11.1.015002","Thimansson E","2024","Deep learning performance on MRI prostate gland segmentation: evaluation of two commercially available algorithms compared with an expert radiologist.","Journal of medical imaging (Bellingham, Wash.)","J Med Imaging (Bellingham)","Journal Article","Governance","No",""
"39328740","10.1007/s13193-024-02023-8","Vakili-Ojarood M","2024","Ethical Considerations and Equipoise in Cancer Surgery.","Indian journal of surgical oncology","Indian J Surg Oncol","Journal Article; Review","Governance","No",""
"39242047","10.1016/j.urology.2024.08.071","Werneburg GT","2024","External Validation Demonstrates Machine Learning Models Outperform Human Experts in Prediction of Objective and Patient-reported Overactive Bladder Treatment Outcomes.","Urology","Urology","Journal Article; Validation Study","Governance","Yes","Functional urology and neurourology prediction"
"37919191","10.1016/j.eururo.2023.10.013","Wiklund P","2024","What More Can We Ask of Robotics?","European urology","Eur Urol","Editorial","Governance","No",""
"39242544","10.1186/s13643-024-02646-6","Wilhelm C","2024","Is artificial intelligence for medical professionals serving the patients?  : Protocol for a systematic review on patient-relevant benefits and harms of algorithmic decision-making.","Systematic reviews","Syst Rev","Journal Article","Governance","No",""
"37804007","10.1002/jmri.29025","Woernle A","2024","Picture Perfect: The Status of Image Quality in Prostate MRI.","Journal of magnetic resonance imaging : JMRI","J Magn Reson Imaging","Journal Article; Research Support, Non-U.S. Gov't; Review","Governance","No",""
"38618206","10.1016/j.eclinm.2024.102580","Wu S","2024","An artificial intelligence model for detecting pathological lymph node metastasis in prostate cancer using whole slide images: a retrospective, multicentre, diagnostic study.","EClinicalMedicine","EClinicalMedicine","Journal Article","Governance","No",""
"38686219","10.1016/j.eclinm.2024.102566","Wu S","2024","Development and validation of an artificial intelligence-based model for detecting urothelial carcinoma using urine cytology images: a multicentre, diagnostic study with prospective validation.","EClinicalMedicine","EClinicalMedicine","Journal Article","Governance","No",""
"39559828","10.1177/11795549241296781","Yudovich MS","2024","Artificial Intelligence can Facilitate Application of Risk Stratification Algorithms to Bladder Cancer Patient Case Scenarios.","Clinical Medicine Insights. Oncology","Clin Med Insights Oncol","Journal Article","Governance","No",""
"38310378","10.3760/cma.j.cn112139-20230805-00033","Zhao HC","2024","[Technological development of robot-assisted radical prostatectomy].","Zhonghua wai ke za zhi [Chinese journal of surgery]","Zhonghua Wai Ke Za Zhi","English Abstract; Journal Article","Governance","No",""
"38498394","10.1097/JS9.0000000000001359","Zhu L","2024","Step into the era of large multimodal models: a pilot study on ChatGPT-4V(ision)'s ability to interpret radiological images.","International journal of surgery (London, England)","Int J Surg","Journal Article","Governance","No",""
"38142209","10.1016/j.urolonc.2023.11.002","Zuluaga L","2024","AI-powered real-time annotations during urologic surgery: The future of training and quality metrics.","Urologic oncology","Urol Oncol","Journal Article; Review","Governance","Yes","Surgical video analytics and feedback"
"38165522","10.1186/s41747-023-00402-4","van den Berg I","2024","Automated pelvic MRI measurements associated with urinary incontinence for prostate cancer patients undergoing radical prostatectomy.","European radiology experimental","Eur Radiol Exp","Comment; Journal Article","Governance","No",""
"37735339","10.1007/s11934-023-01185-2","Adhikari K","2024","Exploring the Ethical, Legal, and Social Implications of ChatGPT in Urology.","Current urology reports","Curr Urol Rep","Journal Article; Review","LLMs & GenAI","No",""
"39180045","10.1186/s12894-024-01570-0","Alasker A","2024","Performance of large language models (LLMs) in providing prostate cancer information.","BMC urology","BMC Urol","Journal Article","LLMs & GenAI","No",""
"39329071","10.1016/j.euros.2024.08.022","Baumgartner K","2024","Effectiveness of the Medical Chatbot PROSCA to Inform Patients About Prostate Cancer: Results of a Randomized Controlled Trial.","European urology open science","Eur Urol Open Sci","Journal Article","LLMs & GenAI","No",""
"38199794","10.1093/humrep/dead272","Beilby K","2024","ChatGPT: a reliable fertility decision-making tool?","Human reproduction (Oxford, England)","Hum Reprod","Journal Article","LLMs & GenAI","No",""
"39070149","10.3389/fonc.2024.1386718","Belge Bilgin G","2024","Performance of ChatGPT-4 and Bard chatbots in responding to common patient questions on prostate cancer (177)Lu-PSMA-617 therapy.","Frontiers in oncology","Front Oncol","Journal Article","LLMs & GenAI","No",""
"37968351","10.1038/s41585-023-00836-w","Bertolo R","2024","Generative AI in scientific publishing: disruptive or destructive?","Nature reviews. Urology","Nat Rev Urol","Journal Article","LLMs & GenAI","No",""
"37596194","10.1016/j.jpurol.2023.08.003","Caglar U","2024","Evaluating the performance of ChatGPT in answering questions related to pediatric urology.","Journal of pediatric urology","J Pediatr Urol","Journal Article","LLMs & GenAI","No",""
"37749006","10.1016/j.jpurol.2023.09.003","Caglar U","2024","Response to letter to the editor re ''Evaluating the performance of ChatGPT in answering questions related to pediatric urology''.","Journal of pediatric urology","J Pediatr Urol","Comment; Letter","LLMs & GenAI","No",""
"38460761","10.1016/j.idnow.2024.104884","Cakir H","2024","Evaluating ChatGPT ability to answer urinary tract Infection-Related questions.","Infectious diseases now","Infect Dis Now","Journal Article","LLMs & GenAI","No",""
"38644147","10.1016/j.eururo.2024.02.033","Cardona Ortegon JD","2024","Re: Michael Eppler, Conner Ganjavi, Lorenzo Storino Ramacciotti, et al. Awareness and Use of ChatGPT and Large Language Models: A Prospective Cross-sectional Global Survey in Urology. Eur Urol 2024;85:146-53.","European urology","Eur Urol","Comment; Letter","LLMs & GenAI","No",""
"39347335","10.7759/cureus.67996","Carlson JA","2024","Accuracy and Readability of Artificial Intelligence Chatbot Responses to Vasectomy-Related Questions: Public Beware.","Cureus","Cureus","Journal Article","LLMs & GenAI","No",""
"38644140","10.1016/j.eururo.2024.02.029","Chao-Yang","2024","Re: Michael Eppler, Conner Ganjavi, Lorenzo Storino Ramacciotti, et al. Awareness and Use of ChatGPT and Large Language Models: A Prospective Cross-sectional Global Survey in Urology. Eur Urol 2024;85:146-53.","European urology","Eur Urol","Comment; Letter","LLMs & GenAI","No",""
"38899678","10.1097/UPJ.0000000000000577","Chen A","2024","AUA Guideline Committee Members Determine Quality of Artificial Intelligence‒Generated Responses for Female Stress Urinary Incontinence.","Urology practice","Urol Pract","Journal Article","LLMs & GenAI","No",""
"38564079","10.1007/s11255-024-04009-5","Chiarelli G","2024","Adequacy of prostate cancer prevention and screening recommendations provided by an artificial intelligence-powered large language model.","International urology and nephrology","Int Urol Nephrol","Comparative Study; Journal Article","LLMs & GenAI","No",""
"38233511","10.1038/s41598-024-51531-8","Choi J","2024","Availability of ChatGPT to provide medical information for patients with kidney cancer.","Scientific reports","Sci Rep","Journal Article","LLMs & GenAI","No",""
"37516804","10.1038/s41391-023-00705-y","Cocci A","2024","Quality of information and appropriateness of ChatGPT outputs for urology patients.","Prostate cancer and prostatic diseases","Prostate Cancer Prostatic Dis","Journal Article","LLMs & GenAI","No",""
"37923807","10.1038/s41391-023-00754-3","Cocci A","2024","Quality of information and appropriateness of ChatGPT outputs for urology patients.","Prostate cancer and prostatic diseases","Prostate Cancer Prostatic Dis","Letter","LLMs & GenAI","No",""
"38441078","10.1089/end.2023.0696","Connors C","2024","Evaluation of the Current Status of Artificial Intelligence for Endourology Patient Education: A Blind Comparison of ChatGPT and Google Bard Against Traditional Information Resources.","Journal of endourology","J Endourol","Comparative Study; Evaluation Study; Journal Article","LLMs & GenAI","No",""
"39272684","10.3390/diagnostics14171899","Dal E","2024","Effectiveness of ChatGPT 4.0 in Telemedicine-Based Management of Metastatic Prostate Carcinoma.","Diagnostics (Basel, Switzerland)","Diagnostics (Basel)","Journal Article","LLMs & GenAI","No",""
"37803243","10.1038/s41391-023-00735-6","Daungsupawong H","2024","Social determinants of health into evaluations of quality and appropriateness of AI assistant ChatGPT.","Prostate cancer and prostatic diseases","Prostate Cancer Prostatic Dis","Letter","LLMs & GenAI","No",""
"38530003","10.1002/nau.25457","Daungsupawong H","2024","ChatGPT and the AUA/SUFU guideline on postprostatectomy urinary incontinence.","Neurourology and urodynamics","Neurourol Urodyn","Letter","LLMs & GenAI","No",""
"39033711","10.1016/j.clgc.2024.102145","Demirci A","2024","A Comparison of ChatGPT and Human Questionnaire Evaluations of the Urological Cancer Videos Most Watched on YouTube.","Clinical genitourinary cancer","Clin Genitourin Cancer","Comparative Study; Journal Article","LLMs & GenAI","No",""
"38751951","10.1002/bco2.359","Eckrich J","2024","Urology consultants versus large language models: Potentials and hazards for medical advice in urology.","BJUI compass","BJUI Compass","Journal Article","LLMs & GenAI","No",""
"38182492","10.1016/j.eururo.2023.12.007","Eppler M","2024","Reply to Rui-Cheng Wu, Deng-Xiong Li, and De-Chao Feng's Letter to the Editor re: Michael Eppler, Conner Ganjavi, Lorenzo Storino Ramacciotti, et al. Awareness and Use of ChatGPT and Large Language Models: A Prospective Cross-sectional Global Survey in Urology. Eur Urol. 2024;85:146-53.","European urology","Eur Urol","Letter","LLMs & GenAI","No",""
"39236508","10.1016/j.clgc.2024.102206","Erkan A","2024","Can Patients With Urogenital Cancer Rely on Artificial Intelligence Chatbots for Treatment Decisions?","Clinical genitourinary cancer","Clin Genitourin Cancer","Journal Article","LLMs & GenAI","No",""
"38881226","10.1111/bju.16438","Fay T","2024","ChatGPT - Integrity: Artificial Intelligence Misuse in Medical Writing.","BJU international","BJU Int","Letter","LLMs & GenAI","No",""
"38085847","10.1097/JS9.0000000000000887","Feng ML","2024","Can ChatGPT assist urologists in managing overactive bladders?","International journal of surgery (London, England)","Int J Surg","Journal Article","LLMs & GenAI","No",""
"38009391","10.1111/bju.16240","Gabriel J","2024","Artificial intelligence in the urology multidisciplinary team meeting: can ChatGPT suggest European Association of Urology guideline-recommended prostate cancer treatments?","BJU international","BJU Int","Journal Article","LLMs & GenAI","No",""
"39061736","10.3390/bioengineering11070654","Geanta M","2024","The Emerging Role of Large Language Models in Improving Prostate Cancer Literacy.","Bioengineering (Basel, Switzerland)","Bioengineering (Basel)","Journal Article","LLMs & GenAI","No",""
"39120251","10.3390/healthcare12151548","Geanta M","2024","The Potential Impact of Large Language Models on Doctor-Patient Communication: A Case Study in Prostate Cancer.","Healthcare (Basel, Switzerland)","Healthcare (Basel)","Journal Article","LLMs & GenAI","No",""
"38742548","10.23736/S2724-6051.24.05807-5","Geretto P","2024","Quality of information and appropriateness of ChatGPT outputs for neuro-urology.","Minerva urology and nephrology","Minerva Urol Nephrol","Letter","LLMs & GenAI","No",""
"39141904","10.2196/55939","Gibson D","2024","Evaluating the Efficacy of ChatGPT as a Patient Education Tool in Prostate Cancer: Multimetric Assessment.","Journal of medical Internet research","J Med Internet Res","Journal Article","LLMs & GenAI","No",""
"38791794","10.3390/ijerph21050580","Guimaraes GR","2024","Diagnosis in Bytes: Comparing the Diagnostic Accuracy of Google and ChatGPT 3.5 as an Educational Support Tool.","International journal of environmental research and public health","Int J Environ Res Public Health","Comparative Study; Journal Article","LLMs & GenAI","No",""
"37648630","10.1016/j.euo.2023.07.017","Gupta R","2024","Defining the Role of Large Language Models in Urologic Care and Research.","European urology oncology","Eur Urol Oncol","Editorial","LLMs & GenAI","No",""
"38345343","10.1093/jamia/ocae022","Haberle T","2024","The impact of nuance DAX ambient listening AI documentation: a cohort study.","Journal of the American Medical Informatics Association : JAMIA","J Am Med Inform Assoc","Journal Article","LLMs & GenAI","No",""
"39061628","10.3390/diagnostics14141491","Haider SA","2024","Evaluating Large Language Model (LLM) Performance on Established Breast Classification Systems.","Diagnostics (Basel, Switzerland)","Diagnostics (Basel)","Journal Article","LLMs & GenAI","No",""
"39391252","10.3389/fonc.2024.1457516","Halawani A","2024","Empowering patients: how accurate and readable are large language models in renal cancer education.","Frontiers in oncology","Front Oncol","Journal Article","LLMs & GenAI","No",""
"38701499","10.1097/JS9.0000000000001495","Han Z","2024","Insights into ChatGPT application in renal transplantation.","International journal of surgery (London, England)","Int J Surg","Letter","LLMs & GenAI","No",""
"37879994","10.1016/j.asjsur.2023.10.034","He SK","2024","Surgery in the era of ChatGPT: A bibliometric analysis based on web of science.","Asian journal of surgery","Asian J Surg","Letter","LLMs & GenAI","No",""
"41646097","10.1016/j.esmorw.2024.100078","Hetz MJ","2024","Superhuman performance on urology board questions using an explainable language model enhanced with European Association of Urology guidelines.","ESMO real world data and digital oncology","ESMO Real World Data Digit Oncol","Journal Article","LLMs & GenAI","Yes","Retrieval-grounded guideline support"
"39554303","10.1016/j.euros.2024.10.015","Hirtsiefer C","2024","Capabilities of ChatGPT-3.5 as a Urological Triage System.","European urology open science","Eur Urol Open Sci","Journal Article","LLMs & GenAI","No",""
"38913566","10.1097/UPJ.0000000000000599","Hsueh JY","2024","Exploring the Feasibility of GPT-4 as a Data Extraction Tool for Renal Surgery Operative Notes.","Urology practice","Urol Pract","Journal Article; Research Support, N.I.H., Intramural","LLMs & GenAI","No",""
"37704752","10.1038/s41391-023-00720-z","Hswen Y","2024","The inclusion of social determinants of health into evaluations of quality and appropriateness of AI assistant-ChatGPT.","Prostate cancer and prostatic diseases","Prostate Cancer Prostatic Dis","Letter","LLMs & GenAI","No",""
"37823708","10.1097/COC.0000000000001050","Janopaul-Naylor JR","2024","Physician Assessment of ChatGPT and Bing Answers to American Cancer Society's Questions to Ask About Your Cancer.","American journal of clinical oncology","Am J Clin Oncol","Journal Article; Research Support, N.I.H., Extramural","LLMs & GenAI","No",""
"38484238","10.1097/SPV.0000000000001459","Johnson CM","2024","Evaluation of ChatGPT for Pelvic Floor Surgery Counseling.","Urogynecology (Philadelphia, Pa.)","Urogynecology (Phila)","Journal Article","LLMs & GenAI","No",""
"37749010","10.1016/j.jpurol.2023.08.042","Kleebayoon A","2024","ChatGPT in answering questions related to pediatric urology: Comment.","Journal of pediatric urology","J Pediatr Urol","Comment; Letter","LLMs & GenAI","No",""
"39254470","10.5935/1518-0557.20240050","Kolokythas A","2024","Is Artificial Intelligence (AI) currently able to provide evidence-based scientific responses on methods that can improve the outcomes of embryo transfers? No.","JBRA assisted reproduction","JBRA Assist Reprod","Journal Article","LLMs & GenAI","No",""
"38996805","10.1016/j.cmpb.2024.108302","Lee JW","2024","Development of AI-generated medical responses using the ChatGPT for cancer patients.","Computer methods and programs in biomedicine","Comput Methods Programs Biomed","Journal Article","LLMs & GenAI","No",""
"39167785","10.2196/56500","Li KD","2024","Comparing GPT-4 and Human Researchers in Health Care Data Analysis: Qualitative Description Study.","Journal of medical Internet research","J Med Internet Res","Comparative Study; Journal Article","LLMs & GenAI","No",""
"38472675","10.1245/s10434-024-15107-0","Liang R","2024","Enhanced Artificial Intelligence Strategies in Renal Oncology: Iterative Optimization and Comparative Analysis of GPT 3.5 Versus 4.0.","Annals of surgical oncology","Ann Surg Oncol","Comparative Study; Journal Article","LLMs & GenAI","No",""
"37950022","10.1038/s41391-023-00750-7","Lombardo R","2024","ChatGPT in prostate cancer: myth or reality?","Prostate cancer and prostatic diseases","Prostate Cancer Prostatic Dis","Editorial","LLMs & GenAI","No",""
"39535651","10.1007/s10916-024-02125-4","Malak A","2024","How Useful are Current Chatbots Regarding Urology Patient Information? Comparison of the Ten Most Popular Chatbots' Responses About Female Urinary Incontinence.","Journal of medical systems","J Med Syst","Journal Article","LLMs & GenAI","No",""
"38446864","10.1097/JS9.0000000000001261","Mao C","2024","A commentary on can ChatGPT assist urologists manage overactive bladder?","International journal of surgery (London, England)","Int J Surg","Journal Article","LLMs & GenAI","No",""
"38590955","10.21037/tau-23-545","McMahon A","2024","Exploring the capabilities and challenges of ChatGPT in disseminating urologic information.","Translational andrology and urology","Transl Androl Urol","Comment; Editorial","LLMs & GenAI","No",""
"39697745","10.21037/tcr-23-2234","Mershon JP","2024","Integrating artificial intelligence in renal cell carcinoma: evaluating ChatGPT's performance in educating patients and trainees.","Translational cancer research","Transl Cancer Res","Journal Article","LLMs & GenAI","No",""
"38321995","10.1016/j.euros.2024.01.002","Mesnard B","2024","Artificial Intelligence: Ready To Pass the European Board Examinations in Urology?","European urology open science","Eur Urol Open Sci","Journal Article","LLMs & GenAI","No",""
"39179908","10.1038/s41443-024-00970-y","Mouhawasse E","2024","Can AI chatbots accurately answer patient questions regarding vasectomies?","International journal of impotence research","Int J Impot Res","Journal Article","LLMs & GenAI","No",""
"37567827","10.1016/j.eururo.2023.07.004","Musheyev D","2024","How Well Do Artificial Intelligence Chatbots Respond to the Top Search Queries About Urological Malignancies?","European urology","Eur Urol","Journal Article; Research Support, N.I.H., Extramural","LLMs & GenAI","No",""
"39058491","10.1001/jamanetworkopen.2024.22275","Musheyev D","2024","Readability and Information Quality in Cancer Information From a Free vs Paid Chatbot.","JAMA network open","JAMA Netw Open","Journal Article; Research Support, N.I.H., Extramural","LLMs & GenAI","No",""
"39583573","10.1177/17562872241301729","Nedbal C","2024","Comprehensive consent in urology using decision aids, leaflets, videos and newer technologies: empowering patient choice and shared decision-making.","Therapeutic advances in urology","Ther Adv Urol","Journal Article; Review","LLMs & GenAI","No",""
"38246831","10.1016/j.clgc.2023.12.017","Ozgor F","2024","Urological Cancers and ChatGPT: Assessing the Quality of Information and Possible Risks for Patients.","Clinical genitourinary cancer","Clin Genitourin Cancer","Journal Article","LLMs & GenAI","No",""
"39309216","10.1038/s42256-024-00889-5","Pati P","2024","Accelerating histopathology workflows with generative AI-based virtually multiplexed tumour profiling.","Nature machine intelligence","Nat Mach Intell","Journal Article","LLMs & GenAI","No",""
"38954666","10.1097/JS9.0000000000001775","Peng L","2024","Amplifying Chinese physicians' emphasis on patients' psychological states beyond urologic diagnoses with ChatGPT - a multicenter cross-sectional study.","International journal of surgery (London, England)","Int J Surg","Journal Article; Multicenter Study","LLMs & GenAI","No",""
"38451040","10.1002/nau.25442","Pinto VBP","2024","Conformity of ChatGPT recommendations with the AUA/SUFU guideline on postprostatectomy urinary incontinence.","Neurourology and urodynamics","Neurourol Urodyn","Journal Article","LLMs & GenAI","No",""
"38651742","10.1002/nau.25479","Pinto VBP","2024","Insights and future directions for ChatGPT in medical practice: Addressing comments on our study.","Neurourology and urodynamics","Neurourol Urodyn","Letter","LLMs & GenAI","No",""
"39141845","10.1097/JU.0000000000004199","Ramacciotti LS","2024","Generative Artificial Intelligence Platform for Automating Social Media Posts From Urology Journal Articles: A Cross-Sectional Study and Randomized Assessment.","The Journal of urology","J Urol","Journal Article","LLMs & GenAI","No",""
"38242990","10.1038/s41443-024-00823-8","Razdan S","2024","Response to commentary on: assessing ChatGPT's ability to answer questions pertaining to erectile dysfunction: can our patients trust it?","International journal of impotence research","Int J Impot Res","Journal Article","LLMs & GenAI","No",""
"39729119","10.1007/s00345-024-05399-y","Robinson EJ","2024","Physician vs. AI-generated messages in urology: evaluation of accuracy, completeness, and preference by patients and physicians.","World journal of urology","World J Urol","Comparative Study; Journal Article","LLMs & GenAI","Yes","Ambient documentation support"
"38944693","10.1002/ijgo.15751","Rotem R","2024","The future of patient education: A study on AI-driven responses to urinary incontinence inquiries.","International journal of gynaecology and obstetrics: the official organ of the International Federation of Gynaecology and Obstetrics","Int J Gynaecol Obstet","Journal Article","LLMs & GenAI","No",""
"39004580","10.1067/j.cpradiol.2024.07.007","Sacoransky E","2024","ChatGPT and assistive AI in structured radiology reporting: A systematic review.","Current problems in diagnostic radiology","Curr Probl Diagn Radiol","Journal Article; Systematic Review","LLMs & GenAI","No",""
"38815140","10.1089/end.2023.0413","Sahin B","2024","Evaluating the Performance of ChatGPT in Urology: A Comparative Study of Knowledge Interpretation and Patient Guidance.","Journal of endourology","J Endourol","Comparative Study; Journal Article","LLMs & GenAI","No",""
"39123458","10.3390/cancers16152731","Santucci D","2024","Comparison between Three Radiomics Models and Clinical Nomograms for Prediction of Lymph Node Involvement in PCa Patients Combining Clinical and Radiomic Features.","Cancers","Cancers (Basel)","Journal Article","LLMs & GenAI","No",""
"39060792","10.1007/s00345-024-05137-4","Schoch J","2024","Performance of ChatGPT-3.5 and ChatGPT-4 on the European Board of Urology (EBU) exams: a comparative analysis.","World journal of urology","World J Urol","Comparative Study; Journal Article","LLMs & GenAI","No",""
"37914380","10.1097/UPJ.0000000000000490","Shah YB","2024","Comparison of ChatGPT and Traditional Patient Education Materials for Men's Health.","Urology practice","Urol Pract","Journal Article","LLMs & GenAI","No",""
"39361038","10.1007/s00345-024-05256-y","Song Y","2024","Letter to the editor for the article ""Performance of ChatGPT-3.5 and ChatGPT-4 on the European Board of Urology (EBU) exams: a comparative analysis"".","World journal of urology","World J Urol","Comment; Comparative Study; Letter","LLMs & GenAI","No",""
"38373482","10.1016/j.acuroe.2024.02.009","Szczesniewski JJ","2024","Quality of information about urologic pathology in English and Spanish from ChatGPT, BARD, and Copilot.","Actas urologicas espanolas","Actas Urol Esp (Engl Ed)","Journal Article","LLMs & GenAI","No",""
"39177349","","Tan XW","2024","[Efficiency of different large language models in China in response to consultations about PCa-related perioperative nursing and health education].","Zhonghua nan ke xue = National journal of andrology","Zhonghua Nan Ke Xue","English Abstract; Journal Article","LLMs & GenAI","No",""
"38259300","10.2147/RRU.S440633","Thia I","2024","ChatGPT: Is This Patient Education Tool for Urological Malignancies Readable for the General Population?","Research and reports in urology","Res Rep Urol","Journal Article","LLMs & GenAI","No",""
"38652322","10.1007/s00345-024-04957-8","Tsai CY","2024","Performance of ChatGPT on the Taiwan urology board examination: insights into current strengths and shortcomings.","World journal of urology","World J Urol","Comparative Study; Journal Article","LLMs & GenAI","No",""
"39047282","10.2196/57721","Tung JYM","2024","Comparison of the Quality of Discharge Letters Written by Large Language Models and Junior Clinicians: Single-Blinded Study.","Journal of medical Internet research","J Med Internet Res","Comparative Study; Journal Article","LLMs & GenAI","No",""
"37802191","10.1016/j.urology.2023.09.029","Vasdev R","2024","Technologic Stewardship in Urology: A Call for Action.","Urology","Urology","Letter","LLMs & GenAI","No",""
"38407629","10.1007/s00345-024-04858-w","Wang J","2024","Letter to the editor: ""ChatGPT and most frequent urological diseases: analysing the quality of information and potential risks for patients"".","World journal of urology","World J Urol","Comment; Letter","LLMs & GenAI","No",""
"39115930","10.2196/56426","Wang Y","2024","Assessing ChatGPT as a Medical Consultation Assistant for Chronic Hepatitis B: Cross-Language Study of English and Chinese.","JMIR medical informatics","JMIR Med Inform","Journal Article","LLMs & GenAI","No",""
"37913954","10.1016/j.radonc.2023.109978","Wu DJ","2024","Pilot applications of GPT-4 in radiation oncology: Summarizing patient symptom intake and targeted chatbot applications.","Radiotherapy and oncology : journal of the European Society for Therapeutic Radiology and Oncology","Radiother Oncol","Journal Article","LLMs & GenAI","No",""
"38650670","10.2147/JMDH.S463128","Wu J","2024","The Application of ChatGPT in Medicine: A Scoping Review and Bibliometric Analysis.","Journal of multidisciplinary healthcare","J Multidiscip Healthc","Journal Article; Scoping Review","LLMs & GenAI","No",""
"38151444","10.1016/j.eururo.2023.11.029","Wu RC","2024","Re: Michael Eppler, Conner Ganjavi, Lorenzo Storino Ramacciotti, et al. Awareness and Use of ChatGPT and Large Language Models: A Prospective Cross-sectional Global Survey in Urology. Eur Urol. 2024;85:146-53.","European urology","Eur Urol","Letter","LLMs & GenAI","No",""
"38143217","10.1016/j.eururo.2023.12.006","Zhao Z","2024","Re: Michael Eppler, Conner Ganjavi, Lorenzo Storino Ramacciotti, et al. Awareness and Use of ChatGPT and Large Language Models: A Prospective Cross-sectional Global Survey in Urology. Eur Urol. 2024;85:146-53.","European urology","Eur Urol","Letter","LLMs & GenAI","No",""
"38593386","10.1200/CCI.23.00275","Zhu L","2024","Multimodal Approach in the Diagnosis of Urologic Malignancies: Critical Assessment of ChatGPT-4V's Image-Reading Capabilities.","JCO clinical cancer informatics","JCO Clin Cancer Inform","Letter; Research Support, Non-U.S. Gov't","LLMs & GenAI","No",""
"38688841","10.2196/57978","Zhu L","2024","The Evaluation of Generative AI Should Include Repetition to Assess Stability.","JMIR mHealth and uHealth","JMIR Mhealth Uhealth","Journal Article; Research Support, Non-U.S. Gov't","LLMs & GenAI","No",""
"39580479","10.1038/s41467-024-54344-5","Zhu X","2024","The nutrient-sensing Rag-GTPase complex in B cells controls humoral immunity via TFEB/TFE3-dependent mitochondrial fitness.","Nature communications","Nat Commun","Journal Article; Research Support, N.I.H., Extramural","LLMs & GenAI","No",""
"37973244","10.1016/j.rcl.2023.06.008","Abreu-Gomez J","2024","Contemporary Approach to Prostate Imaging and Data Reporting System Score 3 Lesions.","Radiologic clinics of North America","Radiol Clin North Am","Journal Article; Review","Prostate Imaging","No",""
"39594242","10.3390/diagnostics14222576","Alqahtani S","2024","Systematic Review of AI-Assisted MRI in Prostate Cancer Diagnosis: Enhancing Accuracy Through Second Opinion Tools.","Diagnostics (Basel, Switzerland)","Diagnostics (Basel)","Journal Article; Review","Prostate Imaging","No",""
"38424368","10.1186/s13244-024-01631-w","Bao J","2024","Prediction of clinically significant prostate cancer using radiomics models in real-world clinical practice: a retrospective multicenter study.","Insights into imaging","Insights Imaging","Journal Article","Prostate Imaging","No",""
"37973236","10.1016/j.rcl.2023.06.006","Barrett T","2024","Update on Optimization of Prostate MR Imaging Technique and Image Quality.","Radiologic clinics of North America","Radiol Clin North Am","Journal Article; Review","Prostate Imaging","No",""
"39520837","10.1016/j.ejrad.2024.111790","Bayerl N","2024","Assessment of a fully-automated diagnostic AI software in prostate MRI: Clinical evaluation and histopathological correlation.","European journal of radiology","Eur J Radiol","Journal Article","Prostate Imaging","No",""
"38792005","10.3390/cancers16101926","Bellin MF","2024","Update on Renal Cell Carcinoma Diagnosis with Novel Imaging Approaches.","Cancers","Cancers (Basel)","Journal Article; Review","Prostate Imaging","No",""
"37572098","10.1002/jmri.28935","Bleker J","2024","The Effect of Image Resampling on the Performance of Radiomics-Based Artificial Intelligence in Multicenter Prostate MRI.","Journal of magnetic resonance imaging : JMRI","J Magn Reson Imaging","Journal Article; Multicenter Study; Research Support, Non-U.S. Gov't","Prostate Imaging","No",""
"39472608","10.1038/s41598-024-76288-y","Burkle SL","2024","A student trained convolutional neural network competing with a commercial AI software and experts in organ at risk segmentation.","Scientific reports","Sci Rep","Journal Article; Multicenter Study","Prostate Imaging","No",""
"39105640","10.1148/radiol.232635","Cai JC","2024","Fully Automated Deep Learning Model to Detect Clinically Significant Prostate Cancer at MRI.","Radiology","Radiology","Journal Article","Prostate Imaging","No",""
"39094629","10.1016/j.radonc.2024.110443","Cao Y","2024","Machine learning predicts conventional imaging metastasis-free survival (MFS) for oligometastatic castration-sensitive prostate cancer (omCSPC) using prostate-specific membrane antigen (PSMA) PET radiomics.","Radiotherapy and oncology : journal of the European Society for Therapeutic Radiology and Oncology","Radiother Oncol","Journal Article","Prostate Imaging","No",""
"38873254","10.3389/fonc.2024.1323247","Castaldo R","2024","Risk score model to automatically detect prostate cancer patients by integrating diagnostic parameters.","Frontiers in oncology","Front Oncol","Journal Article","Prostate Imaging","No",""
"38420669","10.1002/jmri.29277","Chong JJR","2024","Editorial for ""Development and Validation of Interpretable Machine Learning Models for Clinically Significant Prostate Cancer Diagnosis in Patients With Lesions of PI-RADS v2.1 Score >/=3"".","Journal of magnetic resonance imaging : JMRI","J Magn Reson Imaging","Editorial","Prostate Imaging","No",""
"38940911","10.1007/s00261-024-04396-4","Coelho FMA","2024","Strategies for improving image quality in prostate MRI.","Abdominal radiology (New York)","Abdom Radiol (NY)","Journal Article; Review","Prostate Imaging","No",""
"38844661","10.1007/s11517-024-03131-x","Collado-Montanez J","2024","Automatic text classification of prostate cancer malignancy scores in radiology reports using NLP models.","Medical & biological engineering & computing","Med Biol Eng Comput","Journal Article","Prostate Imaging","No",""
"38493072","10.1016/j.euo.2024.03.003","Couchoux T","2024","Performance of a Region of Interest-based Algorithm in Diagnosing International Society of Urological Pathology Grade Group >/=2 Prostate Cancer on the MRI-FIRST Database-CAD-FIRST Study.","European urology oncology","Eur Urol Oncol","Journal Article","Prostate Imaging","No",""
"38889303","10.1093/jnci/djae139","Ding CC","2024","Predicting prostate cancer grade reclassification on active surveillance using a deep learning-based grading algorithm.","Journal of the National Cancer Institute","J Natl Cancer Inst","Journal Article","Prostate Imaging","No",""
"39224922","10.1097/MNM.0000000000001891","Dorri Giv M","2024","Evaluation of the prostate cancer and its metastases in the [ 68 Ga]Ga-PSMA PET/CT images: deep learning method vs. conventional PET/CT processing.","Nuclear medicine communications","Nucl Med Commun","Comparative Study; Journal Article","Prostate Imaging","No",""
"38275002","10.1016/j.phro.2023.100530","Dutta A","2024","Robustness of magnetic resonance imaging and positron emission tomography radiomic features in prostate cancer: Impact on recurrence prediction after radiation therapy.","Physics and imaging in radiation oncology","Phys Imaging Radiat Oncol","Journal Article","Prostate Imaging","No",""
"38876122","10.1016/S1470-2045(24)00284-5","Eklund M","2024","Artificial intelligence for scoring prostate MRI: ready for prospective evaluation.","The Lancet. Oncology","Lancet Oncol","Comment; Journal Article","Prostate Imaging","No",""
"37855699","10.1002/jmri.29090","Fernandez-Quilez A","2024","Prostate Age Gap: An MRI Surrogate Marker of Aging for Prostate Cancer Detection.","Journal of magnetic resonance imaging : JMRI","J Magn Reson Imaging","Journal Article; Research Support, Non-U.S. Gov't","Prostate Imaging","No",""
"38640822","10.1016/j.ejrad.2024.111470","Fransen SJ","2024","Using deep learning to optimize the prostate MRI protocol by assessing the diagnostic efficacy of MRI sequences.","European journal of radiology","Eur J Radiol","Journal Article","Prostate Imaging","No",""
"39613981","10.1186/s13244-024-01863-w","Gade M","2024","Impact of uncertainty quantification through conformal prediction on volume assessment from deep learning-based MRI prostate segmentation.","Insights into imaging","Insights Imaging","Journal Article","Prostate Imaging","No",""
"39299783","10.2967/jnumed.124.267723","Gafita A","2024","Initial Experience with [(177)Lu]Lu-PSMA-617 After Regulatory Approval for Metastatic Castration-Resistant Prostate Cancer: Efficacy, Safety, and Outcome Prediction.","Journal of nuclear medicine : official publication, Society of Nuclear Medicine","J Nucl Med","Journal Article","Prostate Imaging","No",""
"39682289","10.3390/cancers16234103","Ghezzo S","2024","The Challenge of External Generalisability: Insights from the Bicentric Validation of a [(68)Ga]Ga-PSMA-11 PET Based Radiomics Signature for Primary Prostate Cancer Characterisation Using Histopathology as Reference.","Cancers","Cancers (Basel)","Journal Article","Prostate Imaging","No",""
"39097169","10.1016/j.remnie.2024.500032","Gulbahar Ates S","2024","Primary tumor heterogeneity on pre-treatment [68Ga]Ga-PSMA PET/CT for the prediction of biochemical recurrence in prostate cancer.","Revista espanola de medicina nuclear e imagen molecular","Rev Esp Med Nucl Imagen Mol (Engl Ed)","Journal Article","Prostate Imaging","No",""
"39080735","10.1186/s13014-024-02471-0","Gunashekar DD","2024","Comparison of data fusion strategies for automated prostate lesion detection using mpMRI correlated with whole mount histology.","Radiation oncology (London, England)","Radiat Oncol","Comparative Study; Journal Article","Prostate Imaging","No",""
"38538841","10.1007/s00330-024-10700-z","Hamm CA","2024","Reduction of false positives using zone-specific prostate-specific antigen density for prostate MRI-based biopsy decision strategies.","European radiology","Eur Radiol","Journal Article","Prostate Imaging","No",""
"38689190","10.1007/s00345-024-04995-2","Huang J","2024","Development and validation of a clinical-radiomics model for prediction of prostate cancer: a multicenter study.","World journal of urology","World J Urol","Journal Article; Multicenter Study; Validation Study","Prostate Imaging","No",""
"38791977","10.3390/cancers16101897","Huynh LM","2024","Prostate-Specific Membrane Antigen Positron Emission Tomography/Computed Tomography-Derived Radiomic Models in Prostate Cancer Prognostication.","Cancers","Cancers (Basel)","Journal Article; Review","Prostate Imaging","No",""
"38095671","10.1007/s00259-023-06555-z","Jafari E","2024","A convolutional neural network-based system for fully automatic segmentation of whole-body [(68)Ga]Ga-PSMA PET images in prostate cancer.","European journal of nuclear medicine and molecular imaging","Eur J Nucl Med Mol Imaging","Journal Article; Multicenter Study","Prostate Imaging","Yes","PSMA PET quantification and lesion support"
"39303279","10.2196/60323","Janbain A","2024","A Machine Learning Approach for Predicting Biochemical Outcome After PSMA-PET-Guided Salvage Radiotherapy in Recurrent Prostate Cancer After Radical Prostatectomy: Retrospective Study.","JMIR cancer","JMIR Cancer","Journal Article; Multicenter Study; Research Support, Non-U.S. Gov't","Prostate Imaging","No",""
"39590134","10.3390/curroncol31110503","Jensen LJ","2024","Detecting Clinically Significant Prostate Cancer in PI-RADS 3 Lesions Using T2w-Derived Radiomics Feature Maps in 3T Prostate MRI.","Current oncology (Toronto, Ont.)","Curr Oncol","Journal Article","Prostate Imaging","No",""
"38720859","10.21037/qims-23-1379","Jeong J","2024","Deep learning image reconstruction of diffusion-weighted imaging in evaluation of prostate cancer focusing on its clinical implications.","Quantitative imaging in medicine and surgery","Quant Imaging Med Surg","Journal Article","Prostate Imaging","No",""
"38211358","10.1016/j.compmedimag.2024.102326","Jiang H","2024","MicroSegNet: A deep learning approach for prostate segmentation on micro-ultrasound images.","Computerized medical imaging and graphics : the official journal of the Computerized Medical Imaging Society","Comput Med Imaging Graph","Journal Article; Research Support, Non-U.S. Gov't","Prostate Imaging","No",""
"38512516","10.1007/s00261-024-04242-7","Johnson LA","2024","Automated prostate gland segmentation in challenging clinical cases: comparison of three artificial intelligence methods.","Abdominal radiology (New York)","Abdom Radiol (NY)","Comparative Study; Journal Article","Prostate Imaging","No",""
"38720867","10.21037/qims-23-1488","Jurka M","2024","Deep-learning-based reconstruction of T2-weighted magnetic resonance imaging of the prostate accelerated by compressed sensing provides improved image quality at half the acquisition time.","Quantitative imaging in medicine and surgery","Quant Imaging Med Surg","Journal Article","Prostate Imaging","No",""
"38302387","10.1016/j.acra.2023.12.042","Kang Z","2024","Deep Learning Based on ResNet-18 for Classification of Prostate Imaging-Reporting and Data System Category 3 Lesions.","Academic radiology","Acad Radiol","Journal Article; Research Support, Non-U.S. Gov't","Prostate Imaging","No",""
"38925042","10.1016/j.ejrad.2024.111581","Kluckert J","2024","AI-based automated evaluation of image quality and protocol tailoring in patients undergoing MRI for suspected prostate cancer.","European journal of radiology","Eur J Radiol","Journal Article","Prostate Imaging","No",""
"38115809","10.1177/02841851231216555","Krauss W","2024","Radiomics from multisite MRI and clinical data to predict clinically significant prostate cancer.","Acta radiologica (Stockholm, Sweden : 1987)","Acta Radiol","Journal Article","Prostate Imaging","No",""
"38896250","10.1007/s00261-024-04301-z","Kuanar S","2024","Transition-zone PSA-density calculated from MRI deep learning prostate zonal segmentation model for prediction of clinically significant prostate cancer.","Abdominal radiology (New York)","Abdom Radiol (NY)","Journal Article","Prostate Imaging","No",""
"38948055","10.7150/thno.96738","Kuper AT","2024","PSMA-PET follow-up to assess response in patients not receiving PSMA therapy: Is there value beyond localization of disease?","Theranostics","Theranostics","Journal Article","Prostate Imaging","No",""
"38700556","10.1007/s11547-024-01820-z","Laudicella R","2024","PSMA-positive prostatic volume prediction with deep learning based on T2-weighted MRI.","La Radiologia medica","Radiol Med","Journal Article","Prostate Imaging","No",""
"37482489","10.1053/j.semnuclmed.2023.07.003","Lawal IO","2024","Prognostic Value of PSMA PET/CT in Prostate Cancer.","Seminars in nuclear medicine","Semin Nucl Med","Journal Article; Review","Prostate Imaging","No",""
"37666698","10.1016/j.zemedi.2023.08.006","Leube J","2024","PSMA-PET improves deep learning-based automated CT kidney segmentation.","Zeitschrift fur medizinische Physik","Z Med Phys","Journal Article","Prostate Imaging","No",""
"39443896","10.1186/s12894-024-01625-2","Li C","2024","Comparison in prostate cancer diagnosis with PSA 4-10 ng/mL: radiomics-based model VS. PI-RADS v2.1.","BMC urology","BMC Urol","Comparative Study; Journal Article","Prostate Imaging","No",""
"38691111","10.1007/s00259-024-06734-6","Li T","2024","Development and validation of [18 F]-PSMA-1007 PET-based radiomics model to predict biochemical recurrence-free survival following radical prostatectomy.","European journal of nuclear medicine and molecular imaging","Eur J Nucl Med Mol Imaging","Journal Article; Validation Study","Prostate Imaging","No",""
"38587770","10.1007/s10278-024-01104-y","Li Y","2024","An Automated Deep Learning-Based Framework for Uptake Segmentation and Classification on PSMA PET/CT Imaging of Patients with Prostate Cancer.","Journal of imaging informatics in medicine","J Imaging Inform Med","Journal Article","Prostate Imaging","No",""
"37811666","10.1002/jmri.29031","Lin Y","2024","Deep Learning-Based T2-Weighted MR Image Quality Assessment and Its Impact on Prostate Cancer Detection Rates.","Journal of magnetic resonance imaging : JMRI","J Magn Reson Imaging","Journal Article; Research Support, N.I.H., Intramural","Prostate Imaging","No",""
"38958754","10.1007/s00261-024-04468-5","Lin Y","2024","Deep learning-based image quality assessment: impact on detection accuracy of prostate cancer extraprostatic extension on MRI.","Abdominal radiology (New York)","Abdom Radiol (NY)","Journal Article; Research Support, Non-U.S. Gov't","Prostate Imaging","No",""
"39003625","10.1111/bju.16412","Liu J","2024","A systematic review on artificial intelligence evaluating PSMA PET scan for intraprostatic cancer.","BJU international","BJU Int","Journal Article; Systematic Review","Prostate Imaging","No",""
"39272801","10.3390/cancers16172944","Liu JC","2024","MRI T2w Radiomics-Based Machine Learning Models in Imaging Simulated Biopsy Add Diagnostic Value to PI-RADS in Predicting Prostate Cancer: A Retrospective Diagnostic Study.","Cancers","Cancers (Basel)","Journal Article","Prostate Imaging","No",""
"39388841","10.1016/j.compbiomed.2024.109249","Luo L","2024","Role of [(18)F]-PSMA-1007 PET radiomics for seminal vesicle invasion prediction in primary prostate cancer.","Computers in biology and medicine","Comput Biol Med","Journal Article","Prostate Imaging","No",""
"38712741","10.18632/oncotarget.28583","Ma KC","2024","Deep learning-based whole-body PSMA PET/CT attenuation correction utilizing Pix-2-Pix GAN.","Oncotarget","Oncotarget","Journal Article","Prostate Imaging","No",""
"38908295","10.1016/j.compmedimag.2024.102408","Magoulianitis V","2024","PCa-RadHop: A transparent and lightweight feed-forward method for clinically significant prostate cancer segmentation.","Computerized medical imaging and graphics : the official journal of the Computerized Medical Imaging Society","Comput Med Imaging Graph","Journal Article","Prostate Imaging","No",""
"38658286","10.1067/j.cpradiol.2024.04.002","Maki JH","2024","Part I: prostate cancer detection, artificial intelligence for prostate cancer and how we measure diagnostic performance: a comprehensive review.","Current problems in diagnostic radiology","Curr Probl Diagn Radiol","Journal Article; Review","Prostate Imaging","No",""
"38702282","10.1067/j.cpradiol.2024.04.003","Maki JH","2024","Part II: Effect of different evaluation methods to the application of a computer-aided prostate MRI detection/diagnosis (CADe/CADx) device on reader performance.","Current problems in diagnostic radiology","Curr Probl Diagn Radiol","Journal Article","Prostate Imaging","No",""
"37982353","10.1002/jmri.29108","Mir N","2024","Recent Developments in Speeding up Prostate MRI.","Journal of magnetic resonance imaging : JMRI","J Magn Reson Imaging","Journal Article; Review","Prostate Imaging","No",""
"37752032","10.1053/j.semnuclmed.2023.08.004","Mirshahvalad SA","2024","Application of Artificial Intelligence in Oncologic Molecular PET-Imaging: A Narrative Review on Beyond [(18)F]F-FDG Tracers - Part I. PSMA, Choline, and DOTA Radiotracers.","Seminars in nuclear medicine","Semin Nucl Med","Journal Article; Review","Prostate Imaging","No",""
"37822196","10.1016/j.diii.2023.08.001","Moliere S","2024","Reference standard for the evaluation of automatic segmentation algorithms: Quantification of inter observer variability of manual delineation of prostate contour on MRI.","Diagnostic and interventional imaging","Diagn Interv Imaging","Journal Article","Prostate Imaging","No",""
"37263911","10.1016/j.zemedi.2023.05.001","Nachbar M","2024","Automatic AI-based contouring of prostate MRI for online adaptive radiotherapy.","Zeitschrift fur medizinische Physik","Z Med Phys","Journal Article","Prostate Imaging","No",""
"38842692","10.1007/s00330-024-10812-6","Nakai H","2024","Natural language processing pipeline to extract prostate cancer-related information from clinical notes.","European radiology","Eur Radiol","Journal Article","Prostate Imaging","No",""
"38780766","10.1007/s00330-024-10776-7","Oerther B","2024","Performance of an ultra-fast deep-learning accelerated MRI screening protocol for prostate cancer compared to a standard multiparametric protocol.","European radiology","Eur Radiol","Comparative Study; Journal Article","Prostate Imaging","No",""
"38188464","10.1177/17588359231220506","Pan J","2024","Nomogram to predict the presence of PSMA-negative but FDG-positive lesion in castration-resistant prostate cancer: a multicenter cohort study.","Therapeutic advances in medical oncology","Ther Adv Med Oncol","Journal Article","Prostate Imaging","No",""
"38308032","10.1093/bjr/tqad038","Pan K","2024","Multimodal radiomics based on 18F-Prostate-specific membrane antigen-1007 PET/CT and multiparametric MRI for prostate cancer extracapsular extension prediction.","The British journal of radiology","Br J Radiol","Journal Article","Prostate Imaging","No",""
"40039092","10.1109/EMBC53108.2024.10782375","Pensa J","2024","Deep Learning Classification of Prostate Cancer on Confidently Labeled Micro-Ultrasound Images.","Annual International Conference of the IEEE Engineering in Medicine and Biology Society. IEEE Engineering in Medicine and Biology Society. Annual International Conference","Annu Int Conf IEEE Eng Med Biol Soc","Journal Article","Prostate Imaging","No",""
"37955670","10.1007/s00330-023-10427-3","Ponsiglione A","2024","Radiomics for the identification of extraprostatic extension with prostate MRI: a systematic review and meta-analysis.","European radiology","Eur Radiol","Journal Article; Meta-Analysis; Systematic Review","Prostate Imaging","No",""
"38770445","10.18632/oncoscience.603","Qiu RLJ","2024","Deep learning-assisted lesion segmentation in PET/CT imaging: A feasibility study for salvage radiation therapy in prostate cancer.","Oncoscience","Oncoscience","Editorial","Prostate Imaging","No",""
"38547000","10.1109/TMI.2024.3382909","Rajagopal A","2024","Mixed Supervision of Histopathology Improves Prostate Cancer Classification From MRI.","IEEE transactions on medical imaging","IEEE Trans Med Imaging","Journal Article; Research Support, N.I.H., Extramural; Research Support, Non-U.S. Gov't","Prostate Imaging","No",""
"38718224","10.1093/bjr/tqae093","Reinhardt C","2024","AI-accelerated prostate MRI: a systematic review.","The British journal of radiology","Br J Radiol","Journal Article; Systematic Review","Prostate Imaging","No",""
"39074400","10.1097/RLI.0000000000001102","Roest C","2024","Multimodal AI Combining Clinical and Imaging Inputs Improves Prostate Cancer Detection.","Investigative radiology","Invest Radiol","Journal Article; Multicenter Study","Prostate Imaging","No",""
"38363125","10.1002/jmri.29275","Ruan M","2024","Development and Validation of Interpretable Machine Learning Models for Clinically Significant Prostate Cancer Diagnosis in Patients With Lesions of PI-RADS v2.1 Score >/=3.","Journal of magnetic resonance imaging : JMRI","J Magn Reson Imaging","Journal Article; Validation Study","Prostate Imaging","No",""
"38955845","10.1007/s00330-024-10818-0","Schrader A","2024","Prostate cancer risk assessment and avoidance of prostate biopsies using fully automatic deep learning in prostate MRI: comparison to PI-RADS and integration with clinical data in nomograms.","European radiology","Eur Radiol","Comparative Study; Journal Article","Prostate Imaging","No",""
"38705743","10.1016/j.cpet.2024.03.002","Seifert R","2024","Prostate-specific Membrane Antigen: Interpretation Criteria, Standardized Reporting, and the Use of Machine Learning.","PET clinics","PET Clin","Journal Article; Review","Prostate Imaging","No",""
"39068095","10.1016/j.acra.2024.06.048","Shen L","2024","A Feasibility Study of AI-Assisted Compressed Sensing in Prostate T2-Weighted Imaging.","Academic radiology","Acad Radiol","Journal Article; Research Support, Non-U.S. Gov't","Prostate Imaging","No",""
"38900327","10.1007/s00261-024-04434-1","Spilseth B","2024","The importance and future of prostate MRI report templates: improving oncological care.","Abdominal radiology (New York)","Abdom Radiol (NY)","Journal Article; Review","Prostate Imaging","No",""
"38223104","10.21037/qims-23-791","Sun Z","2024","Using an artificial intelligence model to detect and localize visible clinically significant prostate cancer in prostate magnetic resonance imaging: a multicenter external validation study.","Quantitative imaging in medicine and surgery","Quant Imaging Med Surg","Journal Article","Prostate Imaging","No",""
"37877601","10.2214/AJR.23.29969","Tan N","2024","Management of Patients With a Negative Multiparametric Prostate MRI Examination: AJR Expert Panel Narrative Review.","AJR. American journal of roentgenology","AJR Am J Roentgenol","Journal Article; Review","Prostate Imaging","No",""
"39473176","10.2340/1651-226X.2024.40475","Thimansson E","2024","A pilot study of AI-assisted reading of prostate MRI in Organized Prostate Cancer Testing.","Acta oncologica (Stockholm, Sweden)","Acta Oncol","Journal Article","Prostate Imaging","No",""
"38643291","10.1038/s41597-024-03252-w","Tibrewala R","2024","FastMRI Prostate: A public, biparametric MRI dataset to advance machine learning for prostate cancer imaging.","Scientific data","Sci Data","Dataset; Journal Article","Prostate Imaging","No",""
"38563413","10.1111/cpf.12879","Tragardh E","2024","Improving sensitivity through data augmentation with synthetic lymph node metastases for AI-based analysis of PSMA PET-CT images.","Clinical physiology and functional imaging","Clin Physiol Funct Imaging","Comparative Study; Journal Article","Prostate Imaging","No",""
"39032957","10.1016/bs.acr.2024.04.002","Trecarten S","2024","Prostate MRI for the detection of clinically significant prostate cancer: Update and future directions.","Advances in cancer research","Adv Cancer Res","Journal Article; Review","Prostate Imaging","No",""
"39096356","10.1007/s11547-024-01861-4","Tsuboyama T","2024","Recent trends in AI applications for pelvic MRI: a comprehensive review.","La Radiologia medica","Radiol Med","Journal Article; Review","Prostate Imaging","No",""
"37517600","10.1016/j.ijrobp.2023.07.029","Tsui JMG","2024","Assessing the Feasibility of Using Artificial Intelligence-Segmented Dominant Intraprostatic Lesion for Focal Intraprostatic Boost With External Beam Radiation Therapy.","International journal of radiation oncology, biology, physics","Int J Radiat Oncol Biol Phys","Journal Article","Prostate Imaging","No",""
"38771180","10.1148/radiol.240401","Turkbey B","2024","Use of Molecular Imaging to Further Investigate PI-RADS 3 Lesions.","Radiology","Radiology","Editorial","Prostate Imaging","No",""
"38468226","10.1186/s12880-024-01236-1","Wang Y","2024","A noninvasive method for predicting clinically significant prostate cancer using magnetic resonance imaging combined with PRKY promoter methylation level: a machine learning study.","BMC medical imaging","BMC Med Imaging","Journal Article; Research Support, Non-U.S. Gov't","Prostate Imaging","No",""
"37504495","10.1002/jmri.28891","Weisser C","2024","Weakly Supervised MRI Slice-Level Deep Learning Classification of Prostate Cancer Approximates Full Voxel- and Slice-Level Annotation: Effect of Increasing Training Set Size.","Journal of magnetic resonance imaging : JMRI","J Magn Reson Imaging","Journal Article","Prostate Imaging","No",""
"38096741","10.1016/j.ejrad.2023.111252","Wenderott K","2024","Prospective effects of an artificial intelligence-based computer-aided detection system for prostate imaging on routine workflow and radiologists' outcomes.","European journal of radiology","Eur J Radiol","Journal Article","Prostate Imaging","No",""
"38306741","10.1016/j.apergo.2024.104243","Wenderott K","2024","Radiologists' perspectives on the workflow integration of an artificial intelligence-based computer-aided detection system: A qualitative study.","Applied ergonomics","Appl Ergon","Journal Article","Prostate Imaging","No",""
"38704793","10.1007/s11548-024-03119-w","Wilson PFR","2024","Toward confident prostate cancer detection using ultrasound: a multi-center study.","International journal of computer assisted radiology and surgery","Int J Comput Assist Radiol Surg","Journal Article; Multicenter Study","Prostate Imaging","No",""
"39335784","10.3390/diagnostics14182105","Woon D","2024","Imaging in Renal Cell Carcinoma Detection.","Diagnostics (Basel, Switzerland)","Diagnostics (Basel)","Journal Article; Review","Prostate Imaging","No",""
"38583015","10.56434/j.arch.esp.urol.20247702.28","Wu J","2024","Predictive Value of Magnetic Resonance Imaging Radiomics Combined with Serum PSA for the Extracapsular Extension of Prostate Cancer Prediction.","Archivos espanoles de urologia","Arch Esp Urol","Journal Article","Prostate Imaging","No",""
"38388243","10.1016/j.urolonc.2024.01.021","Yang C","2024","Deep learning model for the detection of prostate cancer and classification of clinically significant disease using multiparametric MRI in comparison to PI-RADs score.","Urologic oncology","Urol Oncol","Journal Article; Research Support, Non-U.S. Gov't","Prostate Imaging","No",""
"39592905","10.2174/0115734056341995240906070046","Yang H","2024","Diagnostic Value of Radiomics Based on Various Diffusion Models in Magnetic Resonance Imaging for Prostate Cancer Risk Stratification.","Current medical imaging","Curr Med Imaging","Journal Article","Prostate Imaging","No",""
"38965552","10.1186/s40644-024-00735-2","Yang J","2024","[(68)Ga]Ga‑PSMA‑617 PET-based radiomics model to identify candidates for active surveillance amongst patients with GGG 1-2 prostate cancer at biopsy.","Cancer imaging : the official publication of the International Cancer Imaging Society","Cancer Imaging","Journal Article","Prostate Imaging","No",""
"38424612","10.1186/s40644-024-00675-x","Yazdani E","2024","Automated segmentation of lesions and organs at risk on [(68)Ga]Ga-PSMA-11 PET/CT images using self-supervised learning with Swin UNETR.","Cancer imaging : the official publication of the International Cancer Imaging Society","Cancer Imaging","Journal Article","Prostate Imaging","No",""
"39400232","10.1148/rycan.240050","Yilmaz EC","2024","External Validation of a Previously Developed Deep Learning-based Prostate Lesion Detection Algorithm on Paired External and In-House Biparametric MRI Scans.","Radiology. Imaging cancer","Radiol Imaging Cancer","Journal Article; Validation Study","Prostate Imaging","No",""
"38436698","10.1007/s00261-024-04241-8","Yin X","2024","Algorithms for classification of sequences and segmentation of prostate gland: an external validation study.","Abdominal radiology (New York)","Abdom Radiol (NY)","Journal Article","Prostate Imaging","No",""
"39081575","10.1016/j.patter.2024.100992","Zaridis DI","2024","ProLesA-Net: A multi-channel 3D architecture for prostate MRI lesion segmentation with multi-scale channel and spatial attentions.","Patterns (New York, N.Y.)","Patterns (N Y)","Journal Article","Prostate Imaging","No",""
"39272841","10.3390/cancers16172983","Zhao K","2024","A Deep Learning-Based Framework for Highly Accelerated Prostate MR Dispersion Imaging.","Cancers","Cancers (Basel)","Journal Article","Prostate Imaging","No",""
"39736623","10.1186/s12880-024-01548-2","Zhao W","2024","Interpretable machine learning model for predicting clinically significant prostate cancer: integrating intratumoral and peritumoral radiomics with clinical and metabolic features.","BMC medical imaging","BMC Med Imaging","Journal Article","Prostate Imaging","No",""
"38724765","10.1007/s00330-024-10771-y","van Lohuizen Q","2024","Assessing deep learning reconstruction for faster prostate MRI: visual vs. diagnostic performance metrics.","European radiology","Eur Radiol","Journal Article; Multicenter Study","Prostate Imaging","No",""
"39050912","10.1016/j.euros.2024.06.012","van den Kroonenberg DL","2024","Clinical Validation of Multiparametric Ultrasound for Detecting Clinically Significant Prostate Cancer Using Computer-Aided Diagnosis: A Direct Comparison with the Magnetic Resonance Imaging Pathway.","European urology open science","Eur Urol Open Sci","Journal Article","Prostate Imaging","No",""
"37639187","10.1002/jmri.28956","Adubeiro N","2024","Editorial for ""Detecting Adverse Pathology of Prostate Cancer With a Deep Learning Approach Based on a 3D Swin-Transformer Model and Biparametric MRI: A Multicenter Retrospective Study"".","Journal of magnetic resonance imaging : JMRI","J Magn Reson Imaging","Comment; Editorial","Prostate Pathology","No",""
"39047698","10.1159/000540425","Arafa MA","2024","A Comparison of Systematic, Targeted, and Combined Biopsy Using Machine Learning for Prediction of Prostate Cancer Risk: A Multi-Center Study.","Medical principles and practice : international journal of the Kuwait University, Health Science Centre","Med Princ Pract","Comparative Study; Journal Article; Multicenter Study; Research Support, Non-U.S. Gov't","Prostate Pathology","No",""
"38961742","10.1111/bju.16456","Arvidsson I","2024","Artificial intelligence for detection of prostate cancer in biopsies during active surveillance.","BJU international","BJU Int","Journal Article; Research Support, Non-U.S. Gov't","Prostate Pathology","No",""
"37945099","10.1016/j.ucl.2023.06.001","Azadi Moghadam P","2024","Artificial Intelligence and Pathomics: Prostate Cancer.","The Urologic clinics of North America","Urol Clin North Am","Journal Article; Review","Prostate Pathology","No",""
"38226611","10.1177/15330338231222389","Balraj AS","2024","PRADclass: Hybrid Gleason Grade-Informed Computational Strategy Identifies Consensus Biomarker Features Predictive of Aggressive Prostate Adenocarcinoma.","Technology in cancer research & treatment","Technol Cancer Res Treat","Journal Article","Prostate Pathology","No",""
"37944934","10.1055/a-2175-4446","Bauerle T","2024","Identification of impactful imaging biomarker: Clinical applications for breast and prostate carcinoma.","RoFo : Fortschritte auf dem Gebiete der Rontgenstrahlen und der Nuklearmedizin","Rofo","Journal Article; Review","Prostate Pathology","No",""
"37858505","10.1016/j.acra.2023.09.030","Belue MJ","2024","Deep Learning-Based Interpretable AI for Prostate T2W MRI Quality Evaluation.","Academic radiology","Acad Radiol","Journal Article","Prostate Pathology","No",""
"38786288","10.3390/diagnostics14100990","Browning L","2024","Artificial Intelligence-Based Quality Assessment of Histopathology Whole-Slide Images within a Clinical Workflow: Assessment of 'PathProfiler' in a Diagnostic Pathology Setting.","Diagnostics (Basel, Switzerland)","Diagnostics (Basel)","Journal Article","Prostate Pathology","No",""
"38968206","10.1371/journal.pone.0304847","Butt MA","2024","Using multi-label ensemble CNN classifiers to mitigate labelling inconsistencies in patch-level Gleason grading.","PloS one","PLoS One","Journal Article","Prostate Pathology","No",""
"38734528","10.1016/j.ultrasmedbio.2024.04.007","Chen P","2024","Can 3D Multiparametric Ultrasound Imaging Predict Prostate Biopsy Outcome?","Ultrasound in medicine & biology","Ultrasound Med Biol","Journal Article; Research Support, Non-U.S. Gov't","Prostate Pathology","No",""
"37977054","10.1016/j.ijmedinf.2023.105279","Chen X","2024","Research related to the diagnosis of prostate cancer based on machine learning medical images: A review.","International journal of medical informatics","Int J Med Inform","Journal Article; Review","Prostate Pathology","No",""
"39370971","10.1177/03000605241275338","Chen ZL","2024","Clinical value of a radiomics model based on machine learning for the prediction of prostate cancer.","The Journal of international medical research","J Int Med Res","Journal Article","Prostate Pathology","No",""
"39748708","10.32074/1591-951X-1047","Cimadamore A","2024","The uropathologist of the future: getting ready with intelligence for the prostate cancer tsunami.","Pathologica","Pathologica","Editorial","Prostate Pathology","No",""
"38728903","10.1016/j.media.2024.103191","Dominguez-Morales JP","2024","A systematic comparison of deep learning methods for Gleason grading and scoring.","Medical image analysis","Med Image Anal","Comparative Study; Journal Article","Prostate Pathology","No",""
"38605339","10.1186/s12885-024-12071-6","Duan L","2024","Advantage of whole-mount histopathology in prostate cancer: current applications and future prospects.","BMC cancer","BMC Cancer","Journal Article; Review","Prostate Pathology","No",""
"38438436","10.1038/s41598-024-55228-w","Eminaga O","2024","Critical evaluation of artificial intelligence as a digital twin of pathologists for prostate cancer pathology.","Scientific reports","Sci Rep","Journal Article","Prostate Pathology","No",""
"40604230","10.1038/s44303-023-00005-z","Eminaga O","2024","Artificial intelligence unravels interpretable malignancy grades of prostate cancer on histology images.","Npj imaging","Npj Imaging","Journal Article","Prostate Pathology","No",""
"39025402","10.1016/j.modpat.2024.100563","Faryna K","2024","Evaluation of Artificial Intelligence-Based Gleason Grading Algorithms ""in the Wild"".","Modern pathology : an official journal of the United States and Canadian Academy of Pathology, Inc","Mod Pathol","Journal Article","Prostate Pathology","No",""
"37594900","10.5858/arpa.2022-0460-RA","Frewing A","2024","Don't Fear the Artificial Intelligence: A Systematic Review of Machine Learning for Prostate Cancer Detection in Pathology.","Archives of pathology & laboratory medicine","Arch Pathol Lab Med","Journal Article; Systematic Review","Prostate Pathology","No",""
"38510670","10.4103/jmss.jmss_42_22","Gifani P","2024","Transfer Learning with Pretrained Convolutional Neural Network for Automated Gleason Grading of Prostate Cancer Tissue Microarrays.","Journal of medical signals and sensors","J Med Signals Sens","Journal Article","Prostate Pathology","No",""
"38688825","10.1016/j.euf.2024.04.007","Guenzel K","2024","Diagnostic Utility of Artificial Intelligence-assisted Transperineal Biopsy Planning in Prostate Cancer Suspected Men: A Prospective Cohort Study.","European urology focus","Eur Urol Focus","Journal Article","Prostate Pathology","No",""
"39029903","10.1016/j.modpat.2024.100564","Harder C","2024","Enhancing Prostate Cancer Diagnosis: Artificial Intelligence-Driven Virtual Biopsy for Optimal Magnetic Resonance Imaging-Targeted Biopsy Approach and Gleason Grading Strategy.","Modern pathology : an official journal of the United States and Canadian Academy of Pathology, Inc","Mod Pathol","Journal Article","Prostate Pathology","No",""
"38326860","10.1186/s40644-024-00667-x","Hu C","2024","The practical clinical role of machine learning models with different algorithms in predicting prostate cancer local recurrence after radical prostatectomy.","Cancer imaging : the official publication of the International Cancer Imaging Society","Cancer Imaging","Journal Article","Prostate Pathology","No",""
"39262127","10.1002/jbio.202400233","Huang X","2024","Fast Multiphoton Microscopic Imaging Joint Image Super-Resolution for Automated Gleason Grading of Prostate Cancers.","Journal of biophotonics","J Biophotonics","Journal Article; Research Support, Non-U.S. Gov't","Prostate Pathology","No",""
"38902526","10.1038/s41746-024-01167-9","Hyndman ME","2024","Development of an effective predictive screening tool for prostate cancer using the ClarityDX machine learning platform.","NPJ digital medicine","NPJ Digit Med","Journal Article","Prostate Pathology","No",""
"39083552","10.1371/journal.pone.0308181","Jeong S","2024","Deep-learning-based segmentation using individual patient data on prostate cancer radiation therapy.","PloS one","PLoS One","Journal Article","Prostate Pathology","No",""
"39105644","10.1148/radiol.241009","Johnson PM","2024","AI-powered Diagnostics: Transforming Prostate Cancer Diagnosis with MRI.","Radiology","Radiology","Editorial","Prostate Pathology","No",""
"38927860","10.3390/bioengineering11060624","Kondejkar T","2024","Multi-Scale Digital Pathology Patch-Level Prostate Cancer Grading Using Deep Learning: Use Case Evaluation of DiagSet Dataset.","Bioengineering (Basel, Switzerland)","Bioengineering (Basel)","Journal Article","Prostate Pathology","No",""
"38623561","10.1016/j.csbj.2024.03.028","Kong F","2024","Federated attention consistent learning models for prostate cancer diagnosis and Gleason grading.","Computational and structural biotechnology journal","Comput Struct Biotechnol J","Journal Article","Prostate Pathology","No",""
"38719771","10.1016/j.pathol.2024.02.009","Lami K","2024","Validation of prostate and breast cancer detection artificial intelligence algorithms for accurate histopathological diagnosis and grading: a retrospective study with a Japanese cohort.","Pathology","Pathology","Journal Article; Validation Study","Prostate Pathology","No",""
"39223118","10.1038/s41421-024-00710-y","Li G","2024","PCaseek: ultraspecific urinary tumor DNA detection using deep learning for prostate cancer diagnosis and Gleason grading.","Cell discovery","Cell Discov","Letter","Prostate Pathology","No",""
"39166972","10.1148/ryai.230521","Li H","2024","Deep Learning-based Unsupervised Domain Adaptation via a Unified Model for Prostate Lesion Detection Using Multisite Biparametric MRI Datasets.","Radiology. Artificial intelligence","Radiol Artif Intell","Journal Article; Multicenter Study; Research Support, N.I.H., Extramural; Research Support, Non-U.S. Gov't","Prostate Pathology","No",""
"38142286","10.1093/postmj/qgad127","Li S","2024","An artificial intelligence model based on transrectal ultrasound images of biopsy needle tract tissues to differentiate prostate cancer.","Postgraduate medical journal","Postgrad Med J","Journal Article","Prostate Pathology","No",""
"38713024","10.1148/radiol.230750","Lin Y","2024","Evaluation of a Cascaded Deep Learning-based Algorithm for Prostate Lesion Detection at Biparametric MRI.","Radiology","Radiology","Journal Article; Research Support, Non-U.S. Gov't","Prostate Pathology","No",""
"37357026","10.1053/j.semnuclmed.2023.06.001","Lindgren Belal S","2024","Applications of Artificial Intelligence in PSMA PET/CT for Prostate Cancer Imaging.","Seminars in nuclear medicine","Semin Nucl Med","Journal Article; Review","Prostate Pathology","No",""
"38512615","10.1007/s11547-024-01758-2","Liu Y","2024","Diagnostic accuracy of qualitative and quantitative magnetic resonance imaging-guided contrast-enhanced ultrasound (MRI-guided CEUS) for the detection of prostate cancer: a prospective and multicenter study.","La Radiologia medica","Radiol Med","Journal Article; Multicenter Study","Prostate Pathology","No",""
"38100831","10.1097/JU.0000000000003811","Mannas MP","2024","Stimulated Raman Histology Interpretation by Artificial Intelligence Provides Near-Real-Time Pathologic Feedback for Unprocessed Prostate Biopsies.","The Journal of urology","J Urol","Journal Article","Prostate Pathology","No",""
"38381582","10.1093/ajcp/aqad182","Marletta S","2024","Artificial intelligence-based algorithms for the diagnosis of prostate cancer: A systematic review.","American journal of clinical pathology","Am J Clin Pathol","Journal Article; Systematic Review","Prostate Pathology","No",""
"38507053","10.1007/s00330-024-10699-3","Marvaso G","2024","Can we predict pathology without surgery? Weighing the added value of multiparametric MRI and whole prostate radiomics in integrative machine learning models.","European radiology","Eur Radiol","Journal Article","Prostate Pathology","No",""
"38860576","10.1097/JU.0000000000003960","Mota SM","2024","Artificial Intelligence Improves the Ability of Physicians to Identify Prostate Cancer Extent.","The Journal of urology","J Urol","Journal Article; Multicenter Study","Prostate Pathology","No",""
"39176576","10.3233/SHTI240605","Muller D","2024","Assessing the Performance of Deep Learning for Automated Gleason Grading in Prostate Cancer.","Studies in health technology and informatics","Stud Health Technol Inform","Journal Article","Prostate Pathology","No",""
"38462645","10.1038/s41598-024-56415-5","Ozbozduman K","2024","Machine learning prediction of Gleason grade group upgrade between in-bore biopsy and radical prostatectomy pathology.","Scientific reports","Sci Rep","Journal Article","Prostate Pathology","No",""
"38302801","10.1007/s00432-023-05602-4","Pan H","2024","Quantified treatment effect at the individual level is more indicative for personalized radical prostatectomy recommendation: implications for prostate cancer treatment using deep learning.","Journal of cancer research and clinical oncology","J Cancer Res Clin Oncol","Journal Article","Prostate Pathology","No",""
"38953042","10.1016/j.jpi.2024.100381","Patkar S","2024","A selective CutMix approach improves generalizability of deep learning-based grading and risk assessment of prostate cancer.","Journal of pathology informatics","J Pathol Inform","Journal Article","Prostate Pathology","No",""
"38258603","10.1002/smtd.202301684","Peng Z","2024","Identifying High Gleason Score Prostate Cancer by Prostate Fluid Metabolic Fingerprint-Based Multi-Modal Recognition.","Small methods","Small Methods","Journal Article; Research Support, Non-U.S. Gov't","Prostate Pathology","No",""
"39063947","10.3390/jpm14070693","Poalelungi DG","2024","Revolutionizing Pathology with Artificial Intelligence: Innovations in Immunohistochemistry.","Journal of personalized medicine","J Pers Med","Journal Article; Review","Prostate Pathology","No",""
"39106117","10.1590/S1677-5538.IBJU.2024.0354","Ramacciotti LS","2024","Transperineal versus Transrectal MRI/TRUS fusion-guided prostate biopsy in a large, ethnically diverse, and multiracial cohort.","International braz j urol : official journal of the Brazilian Society of Urology","Int Braz J Urol","Comparative Study; Journal Article","Prostate Pathology","No",""
"38302323","10.1016/j.euo.2024.01.004","Ross AE","2024","External Validation of a Digital Pathology-based Multimodal Artificial Intelligence Architecture in the NRG/RTOG 9902 Phase 3 Trial.","European urology oncology","Eur Urol Oncol","Journal Article; Validation Study","Prostate Pathology","No",""
"37507248","10.1016/j.euf.2023.07.004","Sabbagh A","2024","Multi-institutional Development and External Validation of a Machine Learning Model for the Prediction of Distant Metastasis in Patients Treated by Salvage Radiotherapy for Biochemical Failure After Radical Prostatectomy.","European urology focus","Eur Urol Focus","Journal Article","Prostate Pathology","No",""
"39466503","10.1007/s10916-024-02118-3","Saha S","2024","An Artificial Intelligent System for Prostate Cancer Diagnosis in Whole Slide Images.","Journal of medical systems","J Med Syst","Journal Article","Prostate Pathology","No",""
"38868487","10.1016/j.jpi.2024.100378","Santa-Rosario JC","2024","Validation and three years of clinical experience in using an artificial intelligence algorithm as a second read system for prostate cancer diagnosis-real-world experience.","Journal of pathology informatics","J Pathol Inform","Journal Article","Prostate Pathology","No",""
"38179884","10.1097/PAP.0000000000000425","Satturwar S","2024","Artificial Intelligence-Enabled Prostate Cancer Diagnosis and Prognosis: Current State and Future Implications.","Advances in anatomic pathology","Adv Anat Pathol","Journal Article","Prostate Pathology","No",""
"39150810","10.1109/JBHI.2024.3444908","Schoop RAL","2024","Framework for Deep Learning Based Multi-Modality Image Registration of Snapshot and Pathology Images.","IEEE journal of biomedical and health informatics","IEEE J Biomed Health Inform","Journal Article; Research Support, Non-U.S. Gov't","Prostate Pathology","No",""
"38900978","10.1200/CCI.23.00184","Shao Y","2024","Prostate Cancer Risk Stratification by Digital Histopathology and Deep Learning.","JCO clinical cancer informatics","JCO Clin Cancer Inform","Journal Article; Research Support, Non-U.S. Gov't","Prostate Pathology","No",""
"37787598","10.1002/jmri.29033","Soleimani S","2024","Editorial for ""Deep Learning-Based T2-Weighted MR Image Quality Assessment and Its Impact on Prostate Cancer Detection Rates"".","Journal of magnetic resonance imaging : JMRI","J Magn Reson Imaging","Comment; Editorial","Prostate Pathology","No",""
"37796326","10.1007/s00261-023-04050-5","Sun Y","2024","Machine learning based on radiomics features combing B-mode transrectal ultrasound and contrast-enhanced ultrasound to improve peripheral zone prostate cancer detection.","Abdominal radiology (New York)","Abdom Radiol (NY)","Journal Article; Research Support, Non-U.S. Gov't","Prostate Pathology","No",""
"39797267","10.3390/jcm14010183","Sungur M","2024","Machine Learning-Based Prediction of Prostate Biopsy Necessity Using PSA, MRI, and Hematologic Parameters.","Journal of clinical medicine","J Clin Med","Journal Article","Prostate Pathology","No",""
"39590160","10.3390/curroncol31110530","Takeda H","2024","Clinically Significant Prostate Cancer Prediction Using Multimodal Deep Learning with Prostate-Specific Antigen Restriction.","Current oncology (Toronto, Ont.)","Curr Oncol","Journal Article","Prostate Pathology","No",""
"38598142","10.1007/s11548-024-03104-3","To MNN","2024","LensePro: label noise-tolerant prototype-based network for improving cancer detection in prostate ultrasound with limited annotations.","International journal of computer assisted radiology and surgery","Int J Comput Assist Radiol Surg","Journal Article","Prostate Pathology","No",""
"40783927","","Wang YJ","2024","[Updated techniques of guidance in prostatic biopsy puncture].","Zhonghua nan ke xue = National journal of andrology","Zhonghua Nan Ke Xue","English Abstract; Journal Article; Review","Prostate Pathology","No",""
"39209114","10.1016/j.slast.2024.100184","Wang Z","2024","Feasibility and safety study of advanced prostate biopsy robot system based on MR-TRUS Image flexible fusion technology in animal experiments.","SLAS technology","SLAS Technol","Journal Article","Prostate Pathology","No",""
"39069201","10.1016/j.modpat.2024.100573","Wong PF","2024","Clinical-Grade Validation of an Autofluorescence Virtual Staining System With Human Experts and a Deep Learning System for Prostate Cancer.","Modern pathology : an official journal of the United States and Canadian Academy of Pathology, Inc","Mod Pathol","Journal Article; Validation Study","Prostate Pathology","No",""
"39470422","10.1148/radiol.240041","Yang DD","2024","AI-derived Tumor Volume from Multiparametric MRI and Outcomes in Localized Prostate Cancer.","Radiology","Radiology","Journal Article","Prostate Pathology","No",""
"37602942","10.1002/jmri.28963","Zhao L","2024","Detecting Adverse Pathology of Prostate Cancer With a Deep Learning Approach Based on a 3D Swin-Transformer Model and Biparametric MRI: A Multicenter Retrospective Study.","Journal of magnetic resonance imaging : JMRI","J Magn Reson Imaging","Journal Article; Multicenter Study; Research Support, Non-U.S. Gov't","Prostate Pathology","No",""
"38459100","10.1038/s41598-024-56405-7","Zheng H","2024","AtPCa-Net: anatomical-aware prostate cancer detection network on multi-parametric MRI.","Scientific reports","Sci Rep","Journal Article","Prostate Pathology","No",""
"38467854","10.1007/s00261-024-04212-z","Al-Mubarak H","2024","Characterization of renal masses with MRI-based radiomics: assessment of inter-package and inter-observer reproducibility in a prospective pilot study.","Abdominal radiology (New York)","Abdom Radiol (NY)","Journal Article; Research Support, N.I.H., Extramural; Research Support, Non-U.S. Gov't","Renal/Kidney","No",""
"38415235","10.4103/ua.ua_32_23","Alghafees M","2024","Using machine learning models to predict synchronous genitourinary cancers among gastrointestinal stromal tumor patients.","Urology annals","Urol Ann","Journal Article","Renal/Kidney","No",""
"38672536","10.3390/cancers16081454","Alhussaini AJ","2024","Radiomics Machine Learning Analysis of Clear Cell Renal Cell Carcinoma for Tumour Grade Prediction Based on Intra-Tumoural Sub-Region Heterogeneity.","Cancers","Cancers (Basel)","Journal Article","Renal/Kidney","No",""
"38374643","10.1177/15330338241229368","Amparore D","2024","Computer Vision and Machine-Learning Techniques for Automatic 3D Virtual Images Overlapping During Augmented Reality Guided Robotic Partial Nephrectomy.","Technology in cancer research & treatment","Technol Cancer Res Treat","Journal Article","Renal/Kidney","No",""
"38368481","10.1007/s00261-023-04172-w","Anari PY","2024","Deep learning algorithm (YOLOv7) for automated renal mass detection on contrast-enhanced MRI: a 2D and 2.5D evaluation of results.","Abdominal radiology (New York)","Abdom Radiol (NY)","Clinical Study; Journal Article","Renal/Kidney","No",""
"38512539","10.1007/s00345-024-04889-3","Bai Y","2024","Deep learning using contrast-enhanced ultrasound images to predict the nuclear grade of clear cell renal cell carcinoma.","World journal of urology","World J Urol","Journal Article","Renal/Kidney","No",""
"38612705","10.3390/ijms25073891","Buhas BA","2024","Label-Free SERS of Urine Components: A Powerful Tool for Discriminating Renal Cell Carcinoma through Multivariate Analysis and Machine Learning Techniques.","International journal of molecular sciences","Int J Mol Sci","Journal Article","Renal/Kidney","No",""
"39301494","10.3389/fmed.2024.1447057","Chandramohan D","2024","Diagnostic accuracy of deep learning in detection and prognostication of renal cell carcinoma: a systematic review and meta-analysis.","Frontiers in medicine","Front Med (Lausanne)","Journal Article; Systematic Review","Renal/Kidney","No",""
"38538287","10.31083/j.fbl2903121","Chen B","2024","An Integrated Machine Learning Framework Identifies Prognostic Gene Pair Biomarkers Associated with Programmed Cell Death Modalities in Clear Cell Renal Cell Carcinoma.","Frontiers in bioscience (Landmark edition)","Front Biosci (Landmark Ed)","Journal Article","Renal/Kidney","No",""
"38491523","10.1186/s40001-024-01763-1","Chen R","2024","Machine learning-driven prognostic analysis of cuproptosis and disulfidptosis-related lncRNAs in clear cell renal cell carcinoma: a step towards precision oncology.","European journal of medical research","Eur J Med Res","Journal Article","Renal/Kidney","No",""
"39333970","10.1186/s12885-024-12930-2","Chen R","2024","Multi-sequence MRI-based radiomics model to preoperatively predict the WHO/ISUP grade of clear Cell Renal Cell Carcinoma: a two-center study.","BMC cancer","BMC Cancer","Journal Article; Multicenter Study","Renal/Kidney","No",""
"38445478","10.1097/JS9.0000000000001222","Chen S","2024","Deep learning-based multi-model prediction for disease-free survival status of patients with clear cell renal cell carcinoma after surgery: a multicenter cohort study.","International journal of surgery (London, England)","Int J Surg","Journal Article; Multicenter Study","Renal/Kidney","No",""
"39168777","10.1016/j.pathol.2024.05.012","Chen S","2024","Deep learning-based diagnosis and survival prediction of patients with renal cell carcinoma from primary whole slide images.","Pathology","Pathology","Journal Article","Renal/Kidney","No",""
"39097493","10.1016/j.ultrasmedbio.2024.06.004","Chen YF","2024","Ultrasound-Based Radiomics for Predicting the WHO/ISUP Grading of Clear-Cell Renal Cell Carcinoma.","Ultrasound in medicine & biology","Ultrasound Med Biol","Journal Article; Research Support, Non-U.S. Gov't","Renal/Kidney","No",""
"38742970","10.1148/radiol.232178","Dai C","2024","Deep Learning Assessment of Small Renal Masses at Contrast-enhanced Multiphase CT.","Radiology","Radiology","Journal Article; Multicenter Study","Renal/Kidney","No",""
"38837683","10.1002/cnr2.2116","Deng J","2024","Diagnostic, predictive and prognostic molecular biomarkers in clear cell renal cell carcinoma: A retrospective study.","Cancer reports (Hoboken, N.J.)","Cancer Rep (Hoboken)","Journal Article; Review","Renal/Kidney","No",""
"38993563","10.7150/ijbs.94555","Feng T","2024","Machine Learning-based Framework Develops a Tumor Thrombus Coagulation Signature in Multicenter Cohorts for Renal Cancer.","International journal of biological sciences","Int J Biol Sci","Journal Article","Renal/Kidney","No",""
"39706820","10.1111/jcmm.70297","Fu T","2024","Exploring the Prognostic Value of Tumour-Associated Genes in Clear Cell Renal Cell Carcinoma Through Single-Cell RNA Sequencing Insights.","Journal of cellular and molecular medicine","J Cell Mol Med","Journal Article","Renal/Kidney","No",""
"38728235","10.18632/aging.205767","Gao C","2024","Construction of exosome-related genes risk model in kidney cell carcinoma predicts prognosis and immune therapy response.","Aging","Aging (Albany NY)","Journal Article; Research Support, Non-U.S. Gov't","Renal/Kidney","No",""
"38877591","10.1186/s12967-024-05382-6","Gao F","2024","Deep learning-based pathological prediction of lymph node metastasis for patient with renal cell carcinoma from primary whole slide images.","Journal of translational medicine","J Transl Med","Journal Article","Renal/Kidney","No",""
"38841440","10.1016/j.heliyon.2024.e31816","Gao R","2024","Identification of clear cell renal cell carcinoma subtypes by integrating radiomics and transcriptomics.","Heliyon","Heliyon","Journal Article","Renal/Kidney","No",""
"38534494","10.3390/bioengineering11030220","Gharahbagh AA","2024","Feature Extraction Based on Local Histogram with Unequal Bins and a Recurrent Neural Network for the Diagnosis of Kidney Diseases from CT Images.","Bioengineering (Basel, Switzerland)","Bioengineering (Basel)","Journal Article","Renal/Kidney","No",""
"38666933","10.3390/cimb46040203","Greco F","2024","Radiogenomics and Texture Analysis to Detect von Hippel-Lindau (VHL) Mutation in Clear Cell Renal Cell Carcinoma.","Current issues in molecular biology","Curr Issues Mol Biol","Journal Article; Review","Renal/Kidney","No",""
"38999524","10.3390/jcm13133960","Greco F","2024","Advancements in Radiogenomics for Clear Cell Renal Cell Carcinoma: Understanding the Impact of BAP1 Mutation.","Journal of clinical medicine","J Clin Med","Journal Article; Review","Renal/Kidney","No",""
"39097509","10.1016/j.acra.2024.07.044","Greco F","2024","Radiomics and Radiogenomics Toward Personalized Management of Clear Cell Renal Cell Carcinoma: The Importance of FOXM1.","Academic radiology","Acad Radiol","Comment; Editorial","Renal/Kidney","No",""
"38580922","10.1186/s12885-024-12107-x","Gu Y","2024","The vasculogenic mimicry related signature predicts the prognosis and immunotherapy response in renal clear cell carcinoma.","BMC cancer","BMC Cancer","Journal Article","Renal/Kidney","No",""
"38749869","10.1016/j.acra.2024.03.022","Han J","2024","Development and Validation of a Diagnostic Model for Identifying Clear Cell Renal Cell Carcinoma in Small Renal Masses Based on CT Radiological Features: A Multicenter Study.","Academic radiology","Acad Radiol","Journal Article; Multicenter Study; Research Support, Non-U.S. Gov't; Validation Study","Renal/Kidney","No",""
"39570474","10.1186/s13550-024-01182-7","Han Y","2024","The value of radiomics based on 2-[18 F]FDG PET/CT in predicting WHO/ISUP grade of clear cell renal cell carcinoma.","EJNMMI research","EJNMMI Res","Journal Article","Renal/Kidney","No",""
"38375034","10.3389/fphar.2024.1325447","Hong Y","2024","Identification of molecular subtypes and diagnostic model in clear cell renal cell carcinoma based on collagen-related genes may predict the response of immunotherapy.","Frontiers in pharmacology","Front Pharmacol","Journal Article","Renal/Kidney","No",""
"39249558","10.1007/s10238-024-01465-2","Huang G","2024","APOBEC family reshapes the immune microenvironment and therapy sensitivity in clear cell renal cell carcinoma.","Clinical and experimental medicine","Clin Exp Med","Journal Article","Renal/Kidney","No",""
"39043664","10.1038/s41467-024-50369-y","Huang KB","2024","A multi-classifier system integrated by clinico-histology-genomic analysis for predicting recurrence of papillary renal cell carcinoma.","Nature communications","Nat Commun","Journal Article","Renal/Kidney","No",""
"38164893","10.4274/dir.2023.232386","Huang L","2024","Cystic renal mass screening: machine-learning-based radiomics on unenhanced computed tomography.","Diagnostic and interventional radiology (Ankara, Turkey)","Diagn Interv Radiol","Journal Article","Renal/Kidney","No",""
"38893126","10.3390/cancers16112006","Hwang J","2024","Discovery and Validation of Survival-Specific Genes in Papillary Renal Cell Carcinoma Using a Customized Next-Generation Sequencing Gene Panel.","Cancers","Cancers (Basel)","Journal Article","Renal/Kidney","No",""
"38653593","10.1016/j.urolonc.2024.03.016","Ji J","2024","Network analysis of histopathological image features and genomics data improving prognosis performance in clear cell renal cell carcinoma.","Urologic oncology","Urol Oncol","Journal Article; Research Support, Non-U.S. Gov't","Renal/Kidney","No",""
"39281723","10.1016/j.jncc.2024.06.003","Jiang A","2024","DCS, a novel classifier system based on disulfidptosis reveals tumor microenvironment heterogeneity and guides frontline therapy for clear cell renal carcinoma.","Journal of the National Cancer Center","J Natl Cancer Cent","Journal Article","Renal/Kidney","No",""
"38732512","10.3390/nu16091265","Kim YH","2024","Influence of Dietary Polyunsaturated Fatty Acid Intake on Potential Lipid Metabolite Diagnostic Markers in Renal Cell Carcinoma: A Case-Control Study.","Nutrients","Nutrients","Journal Article","Renal/Kidney","No",""
"38270726","10.1186/s13244-023-01601-8","Klontzas ME","2024","Convolutional neural networks for the differentiation between benign and malignant renal tumors with a multicenter international computed tomography dataset.","Insights into imaging","Insights Imaging","Journal Article","Renal/Kidney","No",""
"39046645","10.1007/s11604-024-01631-2","Lee HJ","2024","CT imaging analysis differentiating papillary renal neoplasm with reverse polarity from papillary renal cell carcinoma: combined with a radiomics model.","Japanese journal of radiology","Jpn J Radiol","Journal Article","Renal/Kidney","No",""
"39107799","10.1186/s40644-024-00744-1","Li B","2024","Radiomics nomogram based on CT radiomics features and clinical factors for prediction of Ki-67 expression and prognosis in clear cell renal cell carcinoma: a two-center study.","Cancer imaging : the official publication of the International Cancer Imaging Society","Cancer Imaging","Journal Article; Multicenter Study; Validation Study","Renal/Kidney","No",""
"39697710","10.21037/tcr-2024-2195","Li L","2024","N-acetyltransferase 10 as a novel prognostic biomarker in papillary renal cell carcinoma: a machine learning and experimental validation study.","Translational cancer research","Transl Cancer Res","Journal Article","Renal/Kidney","No",""
"38573065","10.1097/JS9.0000000000001358","Li S","2024","Incremental value of automatically segmented perirenal adipose tissue for pathological grading of clear cell renal cell carcinoma: a multicenter cohort study.","International journal of surgery (London, England)","Int J Surg","Journal Article; Multicenter Study","Renal/Kidney","No",""
"38992169","10.1186/s13244-024-01739-z","Li X","2024","Radiomics predict the WHO/ISUP nuclear grade and survival in clear cell renal cell carcinoma.","Insights into imaging","Insights Imaging","Journal Article","Renal/Kidney","No",""
"39703069","10.1177/15330338241307686","Li X","2024","Machine Learning-Based Pathomics Model to Predict the Prognosis in Clear Cell Renal Cell Carcinoma.","Technology in cancer research & treatment","Technol Cancer Res Treat","Journal Article","Renal/Kidney","No",""
"39104236","10.56434/j.arch.esp.urol.20247706.92","Liu B","2024","Enhancing the Efficacy of Radiomics-Based Prediction of Fuhrman Pathological Grading in Renal Clear Cell Carcinoma Using Multilayer Spiral CT Imaging.","Archivos espanoles de urologia","Arch Esp Urol","Journal Article","Renal/Kidney","No",""
"38163209","10.1016/j.heliyon.2023.e23184","Liu C","2024","Novel molecular classification and prognosis of papillary renal cell carcinoma based on a large-scale CRISPR-Cas9 screening and machine learning.","Heliyon","Heliyon","Journal Article","Renal/Kidney","No",""
"38390172","10.1016/j.heliyon.2024.e26094","Liu H","2024","Identifying molecular subtypes and tumor microenvironment infiltration signatures in kidney renal clear cell carcinoma based on stemness-associated disulfidptosis genes by integrating machine learning, single-cell analyses and experimental validation.","Heliyon","Heliyon","Journal Article","Renal/Kidney","No",""
"39538070","10.1007/s12672-024-01543-7","Liu J","2024","Developing hypoxia and lactate metabolism-related molecular subtypes and prognostic signature for clear cell renal cell carcinoma through integrating machine learning.","Discover oncology","Discov Oncol","Journal Article","Renal/Kidney","No",""
"38061153","10.1016/j.compbiomed.2023.107779","Liu R","2024","Identification of prognostic coagulation-related signatures in clear cell renal cell carcinoma through integrated multi-omics analysis and machine learning.","Computers in biology and medicine","Comput Biol Med","Journal Article; Research Support, Non-U.S. Gov't","Renal/Kidney","No",""
"38951896","10.1186/s12967-024-05426-x","Liu S","2024","Comprehensive investigation of malignant epithelial cell-related genes in clear cell renal cell carcinoma: development of a prognostic signature and exploration of tumor microenvironment interactions.","Journal of translational medicine","J Transl Med","Journal Article","Renal/Kidney","No",""
"38802547","10.1038/s41598-024-60921-x","Lu C","2024","Multiphase comparative study for WHO/ISUP nuclear grading diagnostic model based on enhanced CT images of clear cell renal cell carcinoma.","Scientific reports","Sci Rep","Comparative Study; Journal Article","Renal/Kidney","No",""
"39705434","10.1097/MD.0000000000040723","Lu Z","2024","Survival analysis of clear cell renal cell carcinoma based on radiomics and deep learning features from CT images.","Medicine","Medicine (Baltimore)","Journal Article","Renal/Kidney","No",""
"38844837","10.1186/s12880-024-01317-1","Luo Y","2024","Ultrasound contrast-enhanced radiomics model for preoperative prediction of the tumor grade of clear cell renal cell carcinoma: an exploratory study.","BMC medical imaging","BMC Med Imaging","Journal Article","Renal/Kidney","No",""
"38298725","10.1016/j.heliyon.2024.e24374","Mahootiha M","2024","Deep learning-assisted survival prognosis in renal cancer: A CT scan-based personalized approach.","Heliyon","Heliyon","Journal Article","Renal/Kidney","No",""
"38738077","10.7759/cureus.57959","Myers MR","2024","Artificial Intelligence-Based Non-invasive Differentiation of Distinct Histologic Subtypes of Renal Tumors With Multiphasic Multidetector Computed Tomography.","Cureus","Cureus","Journal Article","Renal/Kidney","No",""
"38519947","10.1186/s12911-024-02473-8","Oh SW","2024","Machine learning models for predicting the onset of chronic kidney disease after surgery in patients with renal cell carcinoma.","BMC medical informatics and decision making","BMC Med Inform Decis Mak","Journal Article","Renal/Kidney","No",""
"38857246","10.1371/journal.pone.0305252","Panwoon C","2024","Identification of novel biomarkers to distinguish clear cell and non-clear cell renal cell carcinoma using bioinformatics and machine learning.","PloS one","PLoS One","Journal Article","Renal/Kidney","No",""
"39618212","10.12968/hmed.2024.0238","Qiu G","2024","An Application of Machine-Learning-Oriented Radiomics Model in Clear Cell Renal Cell Carcinoma (ccRCC) Early Diagnosis.","British journal of hospital medicine (London, England : 2005)","Br J Hosp Med (Lond)","Journal Article","Renal/Kidney","No",""
"37945101","10.1016/j.ucl.2023.06.007","Raman AG","2024","Radiomics and Artificial Intelligence: Renal Cell Carcinoma.","The Urologic clinics of North America","Urol Clin North Am","Journal Article; Review","Renal/Kidney","No",""
"37820065","10.1093/oncolo/oyad281","Shah V","2024","Toward More Accurate Preoperative Diagnosis of Vein Wall Invasion in Renal Cell Carcinoma Using Computer Vision.","The oncologist","Oncologist","Comment; Editorial","Renal/Kidney","No",""
"37699367","10.1159/000534078","Shieh A","2024","Radiomics Correlation to CD68+ Tumor-Associated Macrophages in Clear Cell Renal Cell Carcinoma.","Oncology","Oncology","Journal Article","Renal/Kidney","No",""
"39563539","","Sirota E S","2024","[Interpretation of the prognosis of early results of nephron-sparing surgery with consideration of surgical learning curve using clinical decision support systems].","Urologiia (Moscow, Russia : 1999)","Urologiia","English Abstract; Journal Article","Renal/Kidney","No",""
"38634876","10.1007/s00330-024-10731-6","Uhlig A","2024","Radiomics and machine learning for renal tumor subtype assessment using multiphase computed tomography in a multicenter setting.","European radiology","Eur Radiol","Journal Article; Multicenter Study","Renal/Kidney","No",""
"38940889","10.1007/s10278-024-01180-0","Usuzaki T","2024","Predicting EGFR Status After Radical Nephrectomy or Partial Nephrectomy for Renal Cell Carcinoma on CT Using a Self-attention-based Model: Variable Vision Transformer (vViT).","Journal of imaging informatics in medicine","J Imaging Inform Med","Journal Article","Renal/Kidney","No",""
"39691372","10.3389/fmed.2024.1464589","Wang F","2024","Development and validation of a prediction model for the prognosis of renal cell carcinoma with liver metastases: a population-based cohort study.","Frontiers in medicine","Front Med (Lausanne)","Journal Article","Renal/Kidney","No",""
"39525508","10.1016/j.ejro.2024.100608","Wang R","2024","MRI-based radiomics machine learning model to differentiate non-clear cell renal cell carcinoma from benign renal tumors.","European journal of radiology open","Eur J Radiol Open","Journal Article","Renal/Kidney","No",""
"38953023","10.3389/fimmu.2024.1427475","Wen X","2024","Anoikis resistance regulates immune infiltration and drug sensitivity in clear-cell renal cell carcinoma: insights from multi omics, single cell analysis and in vitro experiment.","Frontiers in immunology","Front Immunol","Journal Article","Renal/Kidney","No",""
"38343198","10.1111/bju.16276","Wood AM","2024","Fully Automated Versions of Clinically Validated Nephrometry Scores Demonstrate Superior Predictive Utility versus Human Scores.","BJU international","BJU Int","Comparative Study; Journal Article; Research Support, Non-U.S. Gov't","Renal/Kidney","No",""
"39285496","10.1186/s40644-024-00768-7","Wu J","2024","Radiomics predicts the prognosis of patients with clear cell renal cell carcinoma by reflecting the tumor heterogeneity and microenvironment.","Cancer imaging : the official publication of the International Cancer Imaging Society","Cancer Imaging","Journal Article","Renal/Kidney","No",""
"38738709","10.1080/21645515.2024.2350101","Xu X","2024","SPP1 expression indicates outcome of immunotherapy plus tyrosine kinase inhibition in advanced renal cell carcinoma.","Human vaccines & immunotherapeutics","Hum Vaccin Immunother","Journal Article; Research Support, Non-U.S. Gov't","Renal/Kidney","No",""
"39222176","10.1007/s13402-024-00977-z","Xu X","2024","PSMD2 overexpression as a biomarker for resistance and prognosis in renal cell carcinoma treated with immune checkpoint and tyrosine kinase inhibitors.","Cellular oncology (Dordrecht, Netherlands)","Cell Oncol (Dordr)","Journal Article","Renal/Kidney","No",""
"39351978","10.1002/mp.17439","Xue LF","2024","Multi-instance learning for identifying high-risk subregions associated with synchronous distant metastasis in clear cell renal cell carcinoma.","Medical physics","Med Phys","Journal Article","Renal/Kidney","No",""
"38896853","10.1097/JS9.0000000000001808","Xv Y","2024","Three-dimensional deep learning model complements existing models for preoperative disease-free survival prediction in localized clear cell renal cell carcinoma: a multicenter retrospective cohort study.","International journal of surgery (London, England)","Int J Surg","Journal Article; Multicenter Study","Renal/Kidney","No",""
"39429571","10.21037/qims-24-35","Xv Y","2024","Multiparameter computed tomography (CT) radiomics signature fusion-based model for the preoperative prediction of clear cell renal cell carcinoma nuclear grade: a multicenter development and external validation study.","Quantitative imaging in medicine and surgery","Quant Imaging Med Surg","Journal Article","Renal/Kidney","No",""
"39695479","10.1186/s12882-024-03907-1","Yan Y","2024","Machine learning models predict the progression of long-term renal insufficiency in patients with renal cancer after radical nephrectomy.","BMC nephrology","BMC Nephrol","Journal Article","Renal/Kidney","No",""
"39114306","10.3389/fonc.2024.1298710","Yang F","2024","Prediction of clear cell renal cell carcinoma </= 4cm: visual assessment of ultrasound characteristics versus ultrasonographic radiomics analysis.","Frontiers in oncology","Front Oncol","Journal Article","Renal/Kidney","No",""
"37907684","10.1007/s00261-023-04053-2","Yang S","2024","Radiomics analysis based on single phase and different phase combinations of radiomics features from tri-phasic CT to distinguish renal oncocytoma from chromophobe renal cell carcinoma.","Abdominal radiology (New York)","Abdom Radiol (NY)","Journal Article","Renal/Kidney","No",""
"38599101","10.1016/j.intimp.2024.112017","Yang S","2024","Machine learning-based integration develops a stress response stated T cell (Tstr)-related score for predicting outcomes in clear cell renal cell carcinoma.","International immunopharmacology","Int Immunopharmacol","Journal Article","Renal/Kidney","No",""
"39145002","10.1016/j.heliyon.2024.e34877","Yang X","2024","Predicting CTLA4 expression and prognosis in clear cell renal cell carcinoma using a pathomics signature of histopathological images and machine learning.","Heliyon","Heliyon","Journal Article","Renal/Kidney","No",""
"38879708","10.1007/s00261-024-04418-1","Yang Y","2024","Multimodal data integration using machine learning to predict the risk of clear cell renal cancer metastasis: a retrospective multicentre study.","Abdominal radiology (New York)","Abdom Radiol (NY)","Journal Article; Multicenter Study; Research Support, Non-U.S. Gov't","Renal/Kidney","No",""
"39317624","10.1016/j.ultrasmedbio.2024.08.019","Yang Y","2024","Machine Learning-Enabled Fuhrman Grade in Clear-cell Renal Carcinoma Prediction Using Two-dimensional Ultrasound Images.","Ultrasound in medicine & biology","Ultrasound Med Biol","Journal Article; Research Support, Non-U.S. Gov't","Renal/Kidney","No",""
"39575426","10.3389/fonc.2024.1467775","Yang Y","2024","Machine learning-based multiparametric MRI radiomics nomogram for predicting WHO/ISUP nuclear grading of clear cell renal cell carcinoma.","Frontiers in oncology","Front Oncol","Journal Article","Renal/Kidney","No",""
"40177755","10.11817/j.issn.1672-7347.2024.240455","Yang Z","2024","Preoperative CT radiomics-based model for predicting Ki-67 expression in clear cell renal cell carcinoma patients.","Zhong nan da xue xue bao. Yi xue ban = Journal of Central South University. Medical sciences","Zhong Nan Da Xue Xue Bao Yi Xue Ban","Journal Article","Renal/Kidney","No",""
"39390246","10.1007/s12672-024-01437-8","Yao J","2024","Application of artificial intelligence model in pathological staging and prognosis of clear cell renal cell carcinoma.","Discover oncology","Discov Oncol","Journal Article","Renal/Kidney","No",""
"38347265","10.1007/s00261-023-04162-y","Yazdian Anari P","2024","Kidney scoring surveillance: predictive machine learning models for clear cell renal cell carcinoma growth using MRI.","Abdominal radiology (New York)","Abdom Radiol (NY)","Journal Article","Renal/Kidney","No",""
"39358821","10.1186/s40644-024-00775-8","Yu S","2024","CT-based conventional radiomics and quantification of intratumoral heterogeneity for predicting benign and malignant renal lesions.","Cancer imaging : the official publication of the International Cancer Imaging Society","Cancer Imaging","Journal Article","Renal/Kidney","No",""
"39528595","10.1038/s41598-024-79070-2","Yu S","2024","Impact of different nephrectomy types on M0 renal cell carcinoma outcomes in a propensity score matching and deep learning study.","Scientific reports","Sci Rep","Journal Article","Renal/Kidney","No",""
"38299714","10.1002/jmri.29222","Zahergivar A","2024","Non-Invasive Tumor Grade Evaluation in Von Hippel-Lindau-Associated Clear Cell Renal Cell Carcinoma: A Magnetic Resonance Imaging-Based Study.","Journal of magnetic resonance imaging : JMRI","J Magn Reson Imaging","Journal Article","Renal/Kidney","No",""
"38897659","10.1093/bjr/tqae122","Zhang Y","2024","Preoperative prediction of renal fibrous capsule invasion in clear cell renal cell carcinoma using CT-based radiomics model.","The British journal of radiology","Br J Radiol","Journal Article","Renal/Kidney","No",""
"38480074","10.1016/j.acra.2024.01.036","Zhao J","2024","Computed Tomography-Based Radiomics to Predict FOXM1 Expression and Overall Survival in Patients with Clear Cell Renal Cell Carcinoma.","Academic radiology","Acad Radiol","Journal Article; Research Support, Non-U.S. Gov't","Renal/Kidney","No",""
"37672362","10.1093/oncolo/oyad243","Zhao X","2024","The Application of CT Radiomics in the Diagnosis of Vein Wall Invasion in Patients With Renal Cell Carcinoma Combined With Tumor Thrombus.","The oncologist","Oncologist","Journal Article","Renal/Kidney","No",""
"39643905","10.1186/s12885-024-13283-6","Zhao X","2024","Radiomics for differential diagnosis of Bosniak II-IV renal masses via CT imaging.","BMC cancer","BMC Cancer","Journal Article","Renal/Kidney","No",""
"39166457","10.1002/cam4.70112","Zheng Q","2024","Predicting tumor mutation burden and VHL mutation from renal cancer pathology slides with self-supervised deep learning.","Cancer medicine","Cancer Med","Journal Article","Renal/Kidney","No",""
"39564838","","Zholdubaev A A","2024","[Automated system for supporting medical decision-making in the treatment of patients with renal parenchyma neoplasms first experience of using the web-platform Sechenov.AI_nephro results of multicenter testing].","Urologiia (Moscow, Russia : 1999)","Urologiia","English Abstract; Journal Article; Multicenter Study","Renal/Kidney","No",""
"39121453","10.1089/end.2024.32789.pd","Dasgupta P","2024","The Rise of AI in Endourology and Robotic Surgery.","Journal of endourology","J Endourol","Editorial","Surgical AI","No",""
"38390732","10.1097/SLA.0000000000006245","De Backer P","2024","Privacy-proof Live Surgery Streaming: Development and Validation of a Low-cost, Real-time Robotic Surgery Anonymization Algorithm.","Annals of surgery","Ann Surg","Journal Article; Validation Study","Surgical AI","No",""
"38585210","10.1016/j.euros.2024.02.005","Gon Park S","2024","Deep Learning Model for Real‑time Semantic Segmentation During Intraoperative Robotic Prostatectomy.","European urology open science","Eur Urol Open Sci","Journal Article","Surgical AI","Yes","Surgical video analytics and feedback"
"38265365","10.1097/JU.0000000000003845","Khanna A","2024","Automated Identification of Key Steps in Robotic-Assisted Radical Prostatectomy Using Artificial Intelligence.","The Journal of urology","J Urol","Journal Article","Surgical AI","No",""
"38874610","10.1007/s00464-024-10959-9","Li L","2024","Skill assessment based on clutch use in cross-platform robot-assisted surgery.","Surgical endoscopy","Surg Endosc","Journal Article; Research Support, Non-U.S. Gov't","Surgical AI","No",""
"39527379","10.1007/s11701-024-02153-9","Li Y","2024","AI solutions for overcoming delays in telesurgery and telementoring to enhance surgical practice and education.","Journal of robotic surgery","J Robot Surg","Journal Article; Review","Surgical AI","No",""
"38244130","10.1007/s11701-023-01807-4","Olsen RG","2024","Surgical gestures can be used to assess surgical competence in robot-assisted surgery : A validity investigating study of simulated RARP.","Journal of robotic surgery","J Robot Surg","Journal Article","Surgical AI","No",""
"39505514","10.4111/icu.20240159","Pak S","2024","Application of deep learning for semantic segmentation in robotic prostatectomy: Comparison of convolutional neural networks and visual transformers.","Investigative and clinical urology","Investig Clin Urol","Comparative Study; Journal Article","Surgical AI","No",""
"39394622","10.3760/cma.j.cn112139-20240702-00326","Zhang XP","2024","[Emphasizing the innovation of urological robotic-assisted surgical instruments and technology driven by new quality productivity forces].","Zhonghua wai ke za zhi [Chinese journal of surgery]","Zhonghua Wai Ke Za Zhi","English Abstract; Journal Article","Surgical AI","No",""
"41203404","10.1080/20565623.2025.2583010","Abdelkefi O","2025","Deep-learning based model for sperm morphology assessment using the SMD/MSS dataset.","Future science OA","Future Sci OA","Journal Article","Andrology","No",""
"39375288","10.1111/andr.13773","Ao N","2025","Rapid detection of mouse spermatogenic defects by testicular cellular composition analysis via enhanced deep learning model.","Andrology","Andrology","Journal Article","Andrology","No",""
"39873458","10.5152/tud.2025.24098","Barlas IS","2025","Quality of Chatbot Responses to the Most Popular Questions Regarding Erectile Dysfunction.","Urology research & practice","Urol Res Pract","Journal Article","Andrology","No",""
"38714784","10.1038/s41443-024-00898-3","Baturu M","2025","Frequently asked questions on erectile dysfunction: evaluating artificial intelligence answers with expert mentorship.","International journal of impotence research","Int J Impot Res","Journal Article","Andrology","No",""
"39674680","10.1093/jsxmed/qdae176","Belladelli F","2025","A novel algorithm-based risk classification for vascular damage in men with erectile dysfunction.","The journal of sexual medicine","J Sex Med","Journal Article","Andrology","No",""
"41301861","10.3390/biomedicines13112768","Bereczki K","2025","Machine Learning-Based Prediction of IVF Outcomes: The Central Role of Female Preprocedural Factors.","Biomedicines","Biomedicines","Journal Article","Andrology","No",""
"40675554","10.1016/j.xfss.2025.07.003","Borges E Jr","2025","Artificial intelligence-driven oocyte assessment for predicting blastulation and high-quality blastocyst formation in severe male factor infertility.","F&S science","F S Sci","Journal Article","Andrology","No",""
"41299699","10.1186/s12958-025-01479-9","Carrion-Sisternas L","2025","Automated AI for real-time sperm selection in ICSI: reducing variability and studying the role of sperm in embryo development.","Reproductive biology and endocrinology : RB&E","Reprod Biol Endocrinol","Journal Article; Observational Study","Andrology","Yes","AI-assisted sperm selection for ICSI"
"40599296","10.12182/20250360401","Chen Y","2025","[Advances in the Application of Artificial Intelligence in the Field of Male Infertility].","Sichuan da xue xue bao. Yi xue ban = Journal of Sichuan University. Medical science edition","Sichuan Da Xue Xue Bao Yi Xue Ban","English Abstract; Journal Article; Review","Andrology","No",""
"39652237","10.1007/s10815-024-03338-9","Colaco S","2025","FertilitY Predictor-a machine learning-based web tool for the prediction of assisted reproduction outcomes in men with Y chromosome microdeletions.","Journal of assisted reproduction and genetics","J Assist Reprod Genet","Journal Article; Systematic Review","Andrology","No",""
"39118538","10.4103/aja202438","Crafa A","2025","Predictability of varicocele repair success: preliminary results of a machine learning-based approach.","Asian journal of andrology","Asian J Androl","Journal Article","Andrology","No",""
"41219923","10.1186/s13048-025-01830-z","Ding K","2025","An early prediction model for high-quality blastocyst development based on ANA titer and baseline demographic characteristics in the first IVF/ICSI cycle.","Journal of ovarian research","J Ovarian Res","Journal Article","Andrology","No",""
"40944781","10.1007/s11701-025-02791-7","Fang Y","2025","Comment on: ""Interpretable machine learning model predicts 1-year inguinal hernia risk after robot-assisted radical prostatectomy"".","Journal of robotic surgery","J Robot Surg","Letter","Andrology","No",""
"41320951","10.1080/14647273.2025.2591161","Fee N","2025","Patient perceptions on the use of artificial intelligence (AI) in fertility treatment.","Human fertility (Cambridge, England)","Hum Fertil (Camb)","Journal Article","Andrology","No",""
"39625636","10.23736/S2724-6051.24.05876-2","Ferro M","2025","Assessing the influence of smoking on inflammatory markers in bacillus Calmette Guerin response among bladder cancer patients: a novel machine-learning approach.","Minerva urology and nephrology","Minerva Urol Nephrol","Journal Article; Multicenter Study","Andrology","No",""
"39604250","10.1097/MOU.0000000000001252","Garabed LR","2025","The changing landscape of nonobstructive azoospermia.","Current opinion in urology","Curr Opin Urol","Journal Article; Review","Andrology","No",""
"41054734","10.1016/j.xfre.2025.08.005","Garrido N","2025","Toward predictive andrology: integrating basic semen analysis mitochondrial deoxyribonucleic acid and artificial intelligence to forecast reproductive outcomes.","F&S reports","F S Rep","Editorial","Andrology","No",""
"41164316","10.3389/fradi.2025.1682725","Genc O","2025","Comparison of artificial intelligence models and physicians in patient education for varicocele embolization: a double-blind randomized controlled trial.","Frontiers in radiology","Front Radiol","Journal Article","Andrology","No",""
"41415112","10.1093/sexmed/qfaf101","Geyik S","2025","Prediction of severe erectile dysfunction after penile fracture repair: machine learning analysis results from the reconstruction and trauma working group of the society of urological surgery (RAT-SUS).","Sexual medicine","Sex Med","Journal Article","Andrology","No",""
"40457087","10.1007/s11701-025-02412-3","Ghaffar U","2025","Computer vision for evaluating retraction of the neurovascular bundle during nerve-sparing prostatectomy.","Journal of robotic surgery","J Robot Surg","Journal Article","Andrology","No",""
"39016301","10.1111/andr.13693","Gokmen O","2025","Artificial intelligence and clinical guidance in male reproductive health: ChatGPT4.0's AUA/ASRM guideline compliance evaluation.","Andrology","Andrology","Journal Article; Observational Study","Andrology","No",""
"39558539","10.1111/bju.16583","Golan R","2025","Can artificial intelligence evaluate the quality of YouTube videos on erectile dysfunction?","BJU international","BJU Int","Journal Article","Andrology","No",""
"40277979","10.3390/membranes15040109","Gongora A","2025","The Nexus Between Sperm Membrane Integrity, Sperm Motility, and DNA Fragmentation.","Membranes","Membranes (Basel)","Journal Article","Andrology","No",""
"39963581","10.1002/bco2.493","Haghpanah A","2025","Differentiating between obstructive and non-obstructive azoospermia: A machine learning-based approach.","BJUI compass","BJUI Compass","Journal Article","Andrology","No",""
"40717115","10.1038/s41598-025-12025-3","Hajimirzaie SS","2025","Predicting postpartum female sexual interest/arousal disorder via adiponectin and biopsychosocial factors: a cohort-based decision tree study.","Scientific reports","Sci Rep","Journal Article","Andrology","No",""
"39662639","10.1016/j.ygeno.2024.110977","Huang S","2025","Multiomics identification of programmed cell death-related characteristics for nonobstructive azoospermia based on a 675-combination machine learning computational framework.","Genomics","Genomics","Journal Article","Andrology","No",""
"41243616","10.1080/07853890.2025.2582245","Huang S","2025","Machine learning-based preliminary screening tool for clinical pregnancy prediction: towards management of IVF/ICSI stages.","Annals of medicine","Ann Med","Journal Article","Andrology","No",""
"41607542","10.3389/fonc.2025.1707946","Huang X","2025","Predicting HER2 overexpression in prostate cancer using machine learning: implications for personalized therapy.","Frontiers in oncology","Front Oncol","Journal Article","Andrology","No",""
"40616541","10.4103/jcrt.jcrt_1373_24","Jadhav A","2025","Evaluation of the efficacy of automated machine learning enhanced planning system and a comparative analysis with manual planning system.","Journal of cancer research and therapeutics","J Cancer Res Ther","Comparative Study; Journal Article","Andrology","No",""
"40261982","10.1530/RAF-25-0014","Jaruenpunyasak J","2025","Artificial intelligence model for the assessment of unstained live sperm morphology.","Reproduction & fertility","Reprod Fertil","Journal Article","Andrology","No",""
"40387955","10.1007/s12672-025-02685-y","Jiang H","2025","XGBoost model for predicting erectile dysfunction risk after radical prostatectomy: development and validation using machine learning.","Discover oncology","Discov Oncol","Journal Article","Andrology","No",""
"40660017","10.1007/s43032-025-01927-2","Kaya Y","2025","A Novel Machine Learning Model for Predicting Natural Conception Using Non-Laboratory-Based Data.","Reproductive sciences (Thousand Oaks, Calif.)","Reprod Sci","Journal Article; Research Support, Non-U.S. Gov't","Andrology","No",""
"39359167","10.1111/andr.13776","Kayra MV","2025","Machine learning-based classification of varicocoele grading: A promising approach for diagnosis and treatment optimization.","Andrology","Andrology","Journal Article","Andrology","No",""
"40929291","10.1371/journal.pone.0330914","Kilic S","2025","Deep feature engineering for accurate sperm morphology classification using CBAM-enhanced ResNet50.","PloS one","PLoS One","Journal Article","Andrology","No",""
"40731851","10.3390/medicina61071222","Lau HM","2025","Advances in Techniques in Radical Prostatectomy.","Medicina (Kaunas, Lithuania)","Medicina (Kaunas)","Journal Article; Review","Andrology","No",""
"40431886","10.3390/s25103093","Lei P","2025","Deep Learning Models for Multi-Part Morphological Segmentation and Evaluation of Live Unstained Human Sperm.","Sensors (Basel, Switzerland)","Sensors (Basel)","Journal Article","Andrology","No",""
"40487847","10.1093/hropen/hoaf024","Leung ETY","2025","Automatic identification of human spermatozoa with zona pellucida-binding capability using deep learning.","Human reproduction open","Hum Reprod Open","Journal Article","Andrology","No",""
"40719805","10.1007/s10815-025-03589-0","Li C","2025","An efficient advanced YOLOv8 framework for sperm motility detection.","Journal of assisted reproduction and genetics","J Assist Reprod Genet","Journal Article","Andrology","No",""
"40962908","10.1007/s11306-025-02333-0","Li J","2025","Metabolomic profiling and machine learning-based biomarker identification for oligoasthenozoospermia.","Metabolomics : Official journal of the Metabolomic Society","Metabolomics","Journal Article","Andrology","No",""
"41656806","10.11817/j.issn.1672-7347.2025.240638","Li Q","2025","[Progress in the application of artificial intelligence in assisted reproduction].","Zhong nan da xue xue bao. Yi xue ban = Journal of Central South University. Medical sciences","Zhong Nan Da Xue Xue Bao Yi Xue Ban","English Abstract; Journal Article; Review","Andrology","No",""
"40615526","10.1038/s41598-025-09787-1","Li Y","2025","Sperm metabolomic signatures of asthenozoospermia and teratozoospermia in Chinese reproductive-age men.","Scientific reports","Sci Rep","Journal Article","Andrology","No",""
"40780689","10.1016/j.reprotox.2025.109026","Li Y","2025","Identification of key genes involved in phthalate-induced male erectile dysfunction: Insights from network toxicology and bioinformatics analyses.","Reproductive toxicology (Elmsford, N.Y.)","Reprod Toxicol","Journal Article; Research Support, Non-U.S. Gov't","Andrology","No",""
"40783955","","Lin SB","2025","[Artificial intelligence fluorescence method versus traditional flow cytometry for detection of sperm DFI in oligospermia patients].","Zhonghua nan ke xue = National journal of andrology","Zhonghua Nan Ke Xue","Comparative Study; English Abstract; Journal Article","Andrology","No",""
"39798834","10.1016/j.neuroscience.2025.01.015","Liu X","2025","Altered brain activity and functional connectivity in psychogenic erectile dysfunction: Combining findings from LOOCV-SVM-RFE and rs-fMRI.","Neuroscience","Neuroscience","Journal Article","Andrology","No",""
"40227699","10.3390/cancers17071173","Manini C","2025","Hot Spots in Urogenital Basic Cancer Research and Clinics.","Cancers","Cancers (Basel)","Journal Article; Review","Andrology","No",""
"41096028","10.3390/jcm14196948","Mauchart P","2025","Personal KPIs in IVF Laboratory: Are They Measurable or Distortable? A Case Study Using AI-Based Benchmarking.","Journal of clinical medicine","J Clin Med","Journal Article","Andrology","No",""
"41583305","10.7759/cureus.99969","Mohan Kumar SK","2025","Analysis of AI-Generated Patient Education Guides for Urological Conditions: A Comparative Study Between ChatGPT and Gemini.","Cureus","Cureus","Journal Article","Andrology","No",""
"40901096","10.1097/MS9.0000000000003560","Obeidat A","2025","A machine learning algorithm to predict the success of a second microsurgical testicular sperm extraction.","Annals of medicine and surgery (2012)","Ann Med Surg (Lond)","Journal Article","Andrology","No",""
"40765530","10.1097/CU9.0000000000000282","Ogbodo E","2025","Patient consent in the modern era: Novel tools and practical considerations in urology.","Current urology","Curr Urol","Journal Article","Andrology","No",""
"41522305","10.21037/tau-2025-508","Price B","2025","Determining accuracy of diagnosis and management of common presenting semen analyses using artificial intelligence programs.","Translational andrology and urology","Transl Androl Urol","Journal Article","Andrology","No",""
"40186251","10.1186/s40001-025-02479-6","Qaderi K","2025","Artificial intelligence (AI) approaches to male infertility in IVF: a mapping review.","European journal of medical research","Eur J Med Res","Journal Article; Systematic Review","Andrology","No",""
"41283060","10.3389/fruro.2025.1702569","Russo GI","2025","Validation of AI-based semen analysis by urologists in training: clinical impact after varicocelectomy.","Frontiers in urology","Front Urol","Journal Article","Andrology","No",""
"39860522","10.3390/jcm14020516","Sagir L","2025","Predicting Semen Analysis Parameters from Testicular Ultrasonography Images Using Deep Learning Algorithms: An Innovative Approach to Male Infertility Diagnosis.","Journal of clinical medicine","J Clin Med","Journal Article","Andrology","No",""
"40259991","10.1093/sexmed/qfaf023","Sahin MF","2025","AI-assisted transcription of YouTube videos on penile enlargement: analysis of their text quality and readability.","Sexual medicine","Sex Med","Journal Article","Andrology","No",""
"39626503","10.1016/j.cmpb.2024.108522","Saikali S","2025","Development and Assessment of an AI-based Machine Learning Model for Predicting Urinary Continence and Erectile Function Recovery after Robotic-Assisted Radical Prostatectomy: Insights from a Prostate Cancer Referral Center.","Computer methods and programs in biomedicine","Comput Methods Programs Biomed","Journal Article","Andrology","No",""
"41508389","10.5534/wjmh.250096","Santi D","2025","Machine Learning Evaluation of Semen Analysis Could Reveal New Infertility-Related Markers: A Pilot Study.","The world journal of men's health","World J Mens Health","Journal Article","Andrology","No",""
"41054723","10.1016/j.xfre.2025.05.002","Sawant S","2025","A machine learning approach using semen parameters and sperm mitochondrial DNA copy number to predict couples' fecundity.","F&S reports","F S Rep","Journal Article","Andrology","No",""
"40881062","10.1177/20552076251367645","Shao X","2025","Evaluating artificial intelligence chatbots' responses to gynecomastia inquiries: Comparative study of information quality, readability, and guideline consistency.","Digital health","Digit Health","Journal Article","Andrology","No",""
"41298875","10.1038/s41684-025-01647-9","Shapovalova N","2025","Beyond swimming: emerging parameters for predicting the fertility of mouse spermatozoa.","Lab animal","Lab Anim (NY)","Journal Article; Research Support, Non-U.S. Gov't; Review","Andrology","No",""
"41112797","10.1364/BOE.567655","Sokolovski L","2025","Label-free refractive index mapping of human sperm cells.","Biomedical optics express","Biomed Opt Express","Journal Article","Andrology","No",""
"39957379","10.1093/jsxmed/qdaf016","Soltani R","2025","PenoMeter: a machine learning and algorithmic tool to advance Peyronie's disease assessment.","The journal of sexual medicine","J Sex Med","Journal Article; Research Support, Non-U.S. Gov't","Andrology","No",""
"40737549","10.5935/1518-0557.20250024","Taitson PF","2025","Artificial Intelligence and Male Infertility.","JBRA assisted reproduction","JBRA Assist Reprod","Editorial","Andrology","No",""
"40764805","10.1038/s41598-025-14706-5","Tian Z","2025","Altered gray matter morphometry in psychogenic erectile dysfunction patients: A Surface-based morphometry study.","Scientific reports","Sci Rep","Journal Article","Andrology","No",""
"40004597","10.3390/jcm14041066","Tiptiri-Kourpeti A","2025","A Narrative Review on the Sperm Selection Methods in Assisted Reproductive Technology: Out with the New, the Old Is Better?","Journal of clinical medicine","J Clin Med","Journal Article; Review","Andrology","No",""
"40941720","10.3390/diagnostics15172234","Turkoglu AK","2025","Category-Aware Two-Stage Divide-and-Ensemble Framework for Sperm Morphology Classification.","Diagnostics (Basel, Switzerland)","Diagnostics (Basel)","Journal Article","Andrology","No",""
"40665042","10.1038/s41443-025-01135-1","Unal A","2025","Postoperative complication severity prediction in penile prosthesis implantation: a machine learning-based predictive modeling study.","International journal of impotence research","Int J Impot Res","Journal Article","Andrology","No",""
"40772399","10.23736/S2724-6051.25.06609-1","Vedovo F","2025","Agreement between artificial intelligence, experts, and the European Association of Urology Guidelines: insights from a study on the management of benign prostatic hyperplasia.","Minerva urology and nephrology","Minerva Urol Nephrol","Journal Article","Andrology","No",""
"38789696","10.1038/s41443-024-00901-x","Venishetty N","2025","Commentary on: Frequently asked questions on erectile dysfunction: evaluating artificial intelligence answers with expert mentorship.","International journal of impotence research","Int J Impot Res","Journal Article","Andrology","No",""
"40319937","10.1016/j.jpedsurg.2025.162358","Wahyudi I","2025","Circapproved: Digital Pattern Recognition via Artificial Neural Network for the Identification of Normal Penis Parameters for Circumcision Eligibility Using Mobile App.","Journal of pediatric surgery","J Pediatr Surg","Journal Article","Andrology","No",""
"41139020","10.1016/j.jare.2025.10.040","Wen L","2025","Artificial intelligence-driven precision treatment of reproductive medicine-related diseases: the optimal protocol choice for IVF-ET.","Journal of advanced research","J Adv Res","Journal Article","Andrology","No",""
"39952966","10.1038/s41598-025-88387-5","Xiao H","2025","Developing a nomogram model for predicting non-obstructive azoospermia using machine learning techniques.","Scientific reports","Sci Rep","Journal Article","Andrology","No",""
"40114829","10.21037/tau-24-629","Yang C","2025","Seminal plasma PGK2 serves as a predictive biomarker for post-varicocelectomy sperm motility improvement in varicocele subjects.","Translational andrology and urology","Transl Androl Urol","Journal Article","Andrology","No",""
"40163276","10.1007/s10815-025-03453-1","Yi S","2025","Correlation analysis of a novel artificial intelligence optical microscope-assisted semen assessment system with IVF outcomes.","Journal of assisted reproduction and genetics","J Assist Reprod Genet","Journal Article","Andrology","No",""
"40962235","10.1016/j.reprotox.2025.109063","Zhu G","2025","Integrative computational dissection of monobenzyl phthalate spermatotoxicity: High-affinity binding disrupts ACE2-CYP17A1 coregulation in non-obstructive azoospermia.","Reproductive toxicology (Elmsford, N.Y.)","Reprod Toxicol","Journal Article; Research Support, Non-U.S. Gov't","Andrology","No",""
"39937816","10.1097/UPJ.0000000000000792","Alshak MN","2025","Assessing ChatGPT Responses to Frequently Asked Patient Questions in Reconstructive Urology.","Urology practice","Urol Pract","Journal Article","Benign/Functional","No",""
"39753897","10.1038/s41598-024-84978-w","Alvarez ML","2025","Flow prediction in sound-based uroflowmetry.","Scientific reports","Sci Rep","Journal Article; Research Support, Non-U.S. Gov't","Benign/Functional","No",""
"40514381","10.1038/s41597-025-05358-1","Alvarez ML","2025","Annotated dataset of simulated voiding sound for urine flow estimation.","Scientific data","Sci Data","Dataset; Journal Article","Benign/Functional","No",""
"40339918","10.1016/j.jhin.2025.04.024","Arjmand A","2025","Comparative analysis of machine learning models for predicting hospital- and community-associated urinary tract infections using demographic, hospital, and socioeconomic predictors.","The Journal of hospital infection","J Hosp Infect","Comparative Study; Journal Article","Benign/Functional","No",""
"40908659","10.1002/nau.70139","Arslan F","2025","Artificial Intelligence-Based Analysis of Uroflowmetry Patterns in Children: A Machine Learning Perspective.","Neurourology and urodynamics","Neurourol Urodyn","Journal Article","Benign/Functional","No",""
"41342912","10.1007/s00345-025-06097-z","Batista-Miranda JE","2025","Artificial inteligence reading of cystometric traces provides good correlation with human diagnosis.","World journal of urology","World J Urol","Journal Article; Observational Study","Benign/Functional","No",""
"41189111","10.1093/jalm/jfaf131","Boerman AW","2025","Predicting Urine Culture Outcomes in Adult Patients Using Machine Learning with the Aim of Reducing Unnecessary Urine Cultures.","The journal of applied laboratory medicine","J Appl Lab Med","Journal Article","Benign/Functional","No",""
"41302181","10.3390/life15111757","Boschert AL","2025","Spaceflight and Medical Microbiology: Possible Implications for Standard Infection Diagnostics and Therapy.","Life (Basel, Switzerland)","Life (Basel)","Journal Article","Benign/Functional","No",""
"40782046","10.1080/21505594.2025.2546063","Bradley ES","2025","The urinary microbiome distinguishes symptomatic urinary tract infection from asymptomatic older adult patients presenting to the emergency department.","Virulence","Virulence","Journal Article","Benign/Functional","No",""
"39656920","10.1093/postmj/qgae170","Cicek FE","2025","ChatGPT versus expert feedback on clinical reasoning questions and their effect on learning: a randomized controlled trial.","Postgraduate medical journal","Postgrad Med J","Journal Article; Randomized Controlled Trial","Benign/Functional","No",""
"39803866","10.1002/nau.25654","Cotterill N","2025","Do We Have Sufficient Evidence to Derive Innovative Approaches to Assessing Unmet Need, Delivering Education on Bladder and Bowel Continence Health, and Providing a Better Environment for Joint Decision-Making? ICI-RS 2024.","Neurourology and urodynamics","Neurourol Urodyn","Journal Article","Benign/Functional","No",""
"41154310","10.3390/healthcare13202632","Dolezel D","2025","Predicting High Urinary Tract Infection Rates in Skilled Nursing Facilities: A Machine Learning Approach.","Healthcare (Basel, Switzerland)","Healthcare (Basel)","Journal Article","Benign/Functional","No",""
"39727030","10.1002/nau.25646","Drinnan M","2025","Moving Beyond the Bladder Diary: Does New Technology Now Allow Us to Take Investigation of LUTS Into the Community? ICI-RS 2024.","Neurourology and urodynamics","Neurourol Urodyn","Journal Article","Benign/Functional","No",""
"40852762","10.1002/nau.70131","Gan ZS","2025","Evaluation of Bladder Dysfunction Outcomes Among Standardized Bladder Shapes in Children With Spina Bifida.","Neurourology and urodynamics","Neurourol Urodyn","Journal Article","Benign/Functional","No",""
"41030273","10.1002/btm2.70038","Ganguly A","2025","USENSE: A proof-of-concept self-screening tool for home-based recurrent urinary tract infection management.","Bioengineering & translational medicine","Bioeng Transl Med","Journal Article","Benign/Functional","No",""
"40393873","10.1016/j.pathol.2025.02.011","Graham M","2025","Artificial intelligence automation of urine culture reading with BD Kiestra Urine Culture Application: measurement of performance and potential efficiency gains.","Pathology","Pathology","Journal Article","Benign/Functional","No",""
"40751187","10.1186/s12887-025-05936-7","He Y","2025","Development of a machine learning model for predicting renal damage in children with closed spinal dysraphism.","BMC pediatrics","BMC Pediatr","Journal Article","Benign/Functional","No",""
"41170945","10.1128/aac.00422-25","Hodbert E","2025","Exploring multidrug resistance patterns in community-acquired Escherichia coli urinary tract infections with machine learning.","Antimicrobial agents and chemotherapy","Antimicrob Agents Chemother","Journal Article","Benign/Functional","No",""
"41310832","10.1186/s40168-025-02213-8","Hoque MM","2025","Prediction of symptomatic and asymptomatic bacteriuria in spinal cord injury patients using machine learning.","Microbiome","Microbiome","Journal Article","Benign/Functional","No",""
"40440564","10.2196/70339","Hose BZ","2025","Use of ChatGPT for Urinary Symptom Management Among People With Spinal Cord Injury or Disease: Qualitative Study.","JMIR rehabilitation and assistive technologies","JMIR Rehabil Assist Technol","Journal Article","Benign/Functional","No",""
"40867963","10.3390/antibiotics14080768","Ialongo C","2025","Artificial Neural Network for the Fast Screening of Samples from Suspected Urinary Tract Infections.","Antibiotics (Basel, Switzerland)","Antibiotics (Basel)","Journal Article","Benign/Functional","No",""
"40384598","10.1002/nau.70057","Jeong HJ","2025","Portable Ultrasound Bladder Volume Measurement Over Entire Volume Range Using a Deep Learning Artificial Intelligence Model in a Selected Cohort: A Proof of Principle Study.","Neurourology and urodynamics","Neurourol Urodyn","Clinical Trial; Journal Article","Benign/Functional","No",""
"40412086","10.1016/j.compbiomed.2025.110337","Jojoa-Acosta M","2025","Comparison of three classifiers in detection of obstruction of the lower urinary tract using recorded sounds of voiding.","Computers in biology and medicine","Comput Biol Med","Comparative Study; Journal Article","Benign/Functional","No",""
"39888618","10.1001/jamanetworkopen.2024.56950","Jones N","2025","Use of Machine Learning to Assess the Management of Uncomplicated Urinary Tract Infection.","JAMA network open","JAMA Netw Open","Journal Article; Research Support, N.I.H., Extramural; Research Support, Non-U.S. Gov't","Benign/Functional","No",""
"40635415","10.5213/inj.2550110.055","Kim J","2025","Advancing Bladder Health Diagnostics: The Potential of Optical Techniques for Noninvasive Assessment of Lower Urinary Tract Disorders.","International neurourology journal","Int Neurourol J","Journal Article","Benign/Functional","No",""
"41355259","10.5213/inj.2550266.133","Lee JH","2025","Deep Learning-Based Uroflowmetry Curve Analysis Improves the Noninvasive Diagnosis of Lower Urinary Tract Symptoms.","International neurourology journal","Int Neurourol J","Journal Article","Benign/Functional","No",""
"41230156","10.21037/tau-2025-350","Li B","2025","Body mass index mediates the association between heavy metal exposure and overactive bladder risk: insights from a nationally representative cross-sectional study using explainable machine learning.","Translational andrology and urology","Transl Androl Urol","Journal Article","Benign/Functional","No",""
"40308970","10.3389/fcimb.2025.1555617","Li K","2025","Aptamer-functionalized graphene quantum dots combined with artificial intelligence detect bacteria for urinary tract infections.","Frontiers in cellular and infection microbiology","Front Cell Infect Microbiol","Journal Article","Benign/Functional","No",""
"40618693","10.1016/j.compbiomed.2025.110721","Li Q","2025","Identification of inflammation-related biomarkers and therapeutic targets for neurogenic bladder fibrosis via multi-omics analysis.","Computers in biology and medicine","Comput Biol Med","Journal Article","Benign/Functional","No",""
"41437298","10.1186/s40001-025-03730-w","Lin S","2025","Novel noninvasive assessment of upper urinary tract urine flow dynamics: a deep learning-driven reconstruction model combined with CFD simulation.","European journal of medical research","Eur J Med Res","Journal Article","Benign/Functional","No",""
"40995080","10.3389/fmed.2025.1665035","Liu L","2025","Predicting mortality in intensive care unit patients with CAUTI using an interpretable machine learning model: a retrospective cohort study from MIMIC-IV database.","Frontiers in medicine","Front Med (Lausanne)","Journal Article","Benign/Functional","No",""
"40211837","10.5213/inj.2448430.215","Liu X","2025","Real-Time Typical Urodynamic Signal Recognition System Using Deep Learning.","International neurourology journal","Int Neurourol J","Journal Article","Benign/Functional","No",""
"40891911","10.1097/JS9.0000000000003268","Liu X","2025","Research on the auxiliary diagnosis of male neurogenic lower urinary tract dysfunction based on a deep-learning algorithm.","International journal of surgery (London, England)","Int J Surg","Journal Article","Benign/Functional","No",""
"40263325","10.1038/s41598-025-97962-9","Mao Y","2025","Machine learning modeling and multi objective optimization of artificial detrusor.","Scientific reports","Sci Rep","Journal Article","Benign/Functional","No",""
"39803869","10.1002/nau.25665","Mei H","2025","Deep Learning and Numerical Analysis for Bladder Outflow Obstruction and Detrusor Underactivity Diagnosis in Men: A Novel Urodynamic Evaluation Scheme.","Neurourology and urodynamics","Neurourol Urodyn","Journal Article","Benign/Functional","No",""
"40382094","10.1016/j.cnc.2025.02.005","Mitchell Tan K","2025","Point-of-Care Sensors and Medical Internet-of-Things Technologies to Manage Catheter-Associated Urinary Tract Infections in the Intensive Care Unit.","Critical care nursing clinics of North America","Crit Care Nurs Clin North Am","Journal Article; Review","Benign/Functional","No",""
"41199746","10.3389/fgene.2025.1651917","Nayak DSK","2025","aiGeneR 3.0: an enhanced deep network model for resistant strain identification and multi-drug resistance prediction in Escherichia coli causing urinary tract infection using next-generation sequencing data.","Frontiers in genetics","Front Genet","Journal Article","Benign/Functional","No",""
"40631435","10.1002/nau.70116","Nejad-Mansouri M","2025","Utilizing Predictive Analytics to Understand Neurogenic Bladder Symptom Score (NBSS) Variations in Adults With Acquired Spinal Cord Injury.","Neurourology and urodynamics","Neurourol Urodyn","Journal Article","Benign/Functional","No",""
"40760055","10.1007/s00345-025-05849-1","Omae K","2025","Unsupervised machine learning approach to interpret complex lower urinary tract symptoms and their impact on quality of life in adult women.","World journal of urology","World J Urol","Journal Article","Benign/Functional","No",""
"40506923","10.3390/diagnostics15111351","Ozkara BB","2025","Predicting Early Outcomes of Prostatic Artery Embolization Using n-Butyl Cyanoacrylate Liquid Embolic Agent: A Machine Learning Study.","Diagnostics (Basel, Switzerland)","Diagnostics (Basel)","Journal Article","Benign/Functional","No",""
"41355263","10.5213/inj.2550324.162","Park JM","2025","An Artificial Intelligence-Based System for Identifying Ureteral Stricture Regions.","International neurourology journal","Int Neurourol J","Journal Article","Benign/Functional","No",""
"40949436","10.21037/tau-2025-282","Peng B","2025","A female overactive bladder risk model developed by machine learning: based on 2007-2018 NHANES data.","Translational andrology and urology","Transl Androl Urol","Journal Article","Benign/Functional","No",""
"41083921","10.1111/bju.70035","Santucci J","2025","Quality of patient information on interstitial cystitis from artificial intelligence chatbots.","BJU international","BJU Int","Journal Article","Benign/Functional","No",""
"40608890","10.1371/journal.pdig.0000896","Sarwal V","2025","Machine learning for the prediction of urosepsis using electronic health record data.","PLOS digital health","PLOS Digit Health","Journal Article","Benign/Functional","No",""
"40423071","10.3390/jpm15050200","Sergounioti A","2025","From Preliminary Urinalysis to Decision Support: Machine Learning for UTI Prediction in Real-World Laboratory Data.","Journal of personalized medicine","J Pers Med","Journal Article","Benign/Functional","No",""
"40070953","10.1016/j.heliyon.2025.e42737","Sheele JM","2025","Machine learning to predict urine culture antibiotic sensitivities in the emergency department.","Heliyon","Heliyon","Journal Article","Benign/Functional","No",""
"40851013","10.1038/s41598-025-16677-z","Sheele JM","2025","Machine learning to predict bacteriuria in the emergency department.","Scientific reports","Sci Rep","Journal Article","Benign/Functional","No",""
"41454715","10.1177/03915603251406813","Sigva H","2025","Artificial intelligence-assisted uroflowmetry and automated evaluation of lower urinary system symptoms.","Urologia","Urologia","Journal Article","Benign/Functional","No",""
"40427144","10.3390/cancers17101647","Slusarczyk A","2025","Prediction of Glomerular Filtration Rate Following Partial Nephrectomy for Localized Renal Cell Carcinoma with Different Machine Learning Techniques.","Cancers","Cancers (Basel)","Journal Article","Benign/Functional","No",""
"39481544","10.1016/j.ajic.2024.10.027","Sufriyana H","2025","Estimating individual risk of catheter-associated urinary tract infections using explainable artificial intelligence on clinical data.","American journal of infection control","Am J Infect Control","Journal Article","Benign/Functional","No",""
"40121274","10.1038/s41598-025-92847-3","Tafazoli N","2025","Machine learning-based prediction of vesicoureteral reflux outcomes in infants under antibiotic prophylaxis.","Scientific reports","Sci Rep","Journal Article","Benign/Functional","No",""
"41181557","10.1177/20552076251393289","Tang R","2025","Personalized insights into urinary tract infection management: A text mining analysis of online consultation data.","Digital health","Digit Health","Journal Article","Benign/Functional","No",""
"40722581","10.3390/diagnostics15141832","Tsai VFS","2025","An Emerging Trend of At-Home Uroflowmetry-Designing a New Vibration-Based Uroflowmeter with Artificial Intelligence Pattern Recognition of Uroflow Curves and Comparing with Other Technologies.","Diagnostics (Basel, Switzerland)","Diagnostics (Basel)","Journal Article","Benign/Functional","No",""
"40668382","10.1007/s00345-025-05805-z","Van Huele A","2025","AI-driven scientometric analysis with recency insights: lower urinary tract symptoms in older and frail populations.","World journal of urology","World J Urol","Journal Article","Benign/Functional","No",""
"39828726","10.1038/s41598-024-82282-1","Wang H","2025","Enhancing predictive accuracy for urinary tract infections post-pediatric pyeloplasty with explainable AI: an ensemble TabNet approach.","Scientific reports","Sci Rep","Journal Article; Research Support, Non-U.S. Gov't","Benign/Functional","No",""
"41383132","10.1021/acs.analchem.5c05097","Wang X","2025","Orthogonal Biochemical Sensing for Concentration-Independent Bacterial Fingerprinting.","Analytical chemistry","Anal Chem","Journal Article","Benign/Functional","No",""
"40132220","10.1097/JU.0000000000004547","Weaver JK","2025","Machine Learning Analysis of Videourodynamics to Predict Incident Hydronephrosis in Patients With Spina Bifida.","The Journal of urology","J Urol","Journal Article","Benign/Functional","No",""
"40734612","10.13075/mp.5893.01623","Wrobel M","2025","[Micturition disorders in people aged 65 and more].","Medycyna pracy","Med Pr","English Abstract; Journal Article; Review","Benign/Functional","No",""
"40266674","10.1099/jmm.0.002008","Yamamoto K","2025","Accuracy of classification of urinary Gram-stain findings by a computer-aided diagnosis app compared with microbiology specialists.","Journal of medical microbiology","J Med Microbiol","Comparative Study; Journal Article","Benign/Functional","No",""
"41438455","10.3389/fped.2025.1677292","Ye LZ","2025","Machine learning model for predicting urinary tract infection risk in febrile children under 3 years of age.","Frontiers in pediatrics","Front Pediatr","Journal Article","Benign/Functional","No",""
"41355257","10.5213/inj.2550316.158","Youn S","2025","Artificial Intelligence for Predicting Treatment Failure in Neurourology: From Automated Urodynamics to Precision Management.","International neurourology journal","Int Neurourol J","Journal Article","Benign/Functional","No",""
"40816601","10.1016/j.urology.2025.08.022","Yucel OB","2025","Artificial Intelligence for Objective Assessment of Pediatric Uroflowmetry Curves.","Urology","Urology","Journal Article","Benign/Functional","No",""
"40537498","10.1038/s41598-025-01752-2","Zeng X","2025","Evaluating the utility of ChatGPT in addressing conceptual and non-conceptual questions related to urodynamic quality control and trace analysis.","Scientific reports","Sci Rep","Journal Article","Benign/Functional","No",""
"40377126","10.17305/bb.2025.12335","Zhang H","2025","Predicting overactive bladder from inflammatory markers: A machine learning approach using NHANES 2005-2020.","Biomolecules & biomedicine","Biomol Biomed","Journal Article","Benign/Functional","No",""
"40314730","10.1007/s10096-025-05155-z","Zhang L","2025","Construction and validation of an interpretable XGBoost machine learning model to predict ESBL positivity rates based on urinalysis data.","European journal of clinical microbiology & infectious diseases : official publication of the European Society of Clinical Microbiology","Eur J Clin Microbiol Infect Dis","Journal Article; Validation Study","Benign/Functional","No",""
"40657535","10.1109/JTEHM.2025.3544486","Zhang W","2025","Automated Evaluation of Urodynamic Examinations Through Local Linear Models: Validation on Spinal Cord Injury Individuals.","IEEE journal of translational engineering in health and medicine","IEEE J Transl Eng Health Med","Journal Article; Research Support, Non-U.S. Gov't","Benign/Functional","No",""
"40329494","10.1002/nau.70049","van Dort W","2025","Letter to the Editor: Deep Learning and Numerical Analysis for Bladder Outflow Obstruction and Detrusor Underactivity Diagnosis in Men: A Novel Urodynamic Evaluation Scheme.","Neurourology and urodynamics","Neurourol Urodyn","Letter","Benign/Functional","No",""
"40518703","10.1002/nau.70075","van Leersum CM","2025","Envisioning the Future of AI in Urodynamics: Exploratory Interviews With Experts.","Neurourology and urodynamics","Neurourol Urodyn","Journal Article","Benign/Functional","No",""
"41335879","10.1109/EMBC58623.2025.11254767","Abbas S","2025","Attention-enabled Explainable AI for Bladder Cancer Recurrence Prediction.","Annual International Conference of the IEEE Engineering in Medicine and Biology Society. IEEE Engineering in Medicine and Biology Society. Annual International Conference","Annu Int Conf IEEE Eng Med Biol Soc","Journal Article","Bladder Cancer","No",""
"41095734","10.3390/diagnostics15192515","Abd El-Aziz AA","2025","EfficientNet-B3-Based Automated Deep Learning Framework for Multiclass Endoscopic Bladder Tissue Classification.","Diagnostics (Basel, Switzerland)","Diagnostics (Basel)","Journal Article","Bladder Cancer","No",""
"41097787","10.3390/cancers17193261","Albers Acosta E","2025","Beyond Visualization: Advanced Imaging, Theragnostics and Biomarker Integration in Urothelial Bladder Cancer.","Cancers","Cancers (Basel)","Journal Article; Review","Bladder Cancer","No",""
"40121304","10.1038/s41746-025-01560-y","Bai Z","2025","Predicting response to neoadjuvant chemotherapy in muscle-invasive bladder cancer via interpretable multimodal deep learning.","NPJ digital medicine","NPJ Digit Med","Journal Article","Bladder Cancer","No",""
"39928162","10.1007/s00345-025-05485-9","Bardowska K","2025","Evaluation of six novel biomarkers for predicting recurrence of non-muscle invasive bladder cancer after endoscopic resection- a prospective observational study.","World journal of urology","World J Urol","Journal Article; Observational Study","Bladder Cancer","No",""
"40104687","10.2147/RRU.S386026","Ben Muvhar R","2025","Recent Advances and Emerging Innovations in Transurethral Resection of Bladder Tumor (TURBT) for Non-Muscle Invasive Bladder Cancer: A Comprehensive Review of Current Literature.","Research and reports in urology","Res Rep Urol","Journal Article; Review","Bladder Cancer","No",""
"41010559","10.3390/jcm14186353","Beyatli M","2025","Expert Evaluation of ChatGPT-4 Responses to Upper Tract Urothelial Carcinoma Questions: A Prospective Comparative Study with Guideline-Based and Patient-Focused Queries.","Journal of clinical medicine","J Clin Med","Journal Article","Bladder Cancer","No",""
"40002643","10.3390/diagnostics15040492","Bitina-Barlote E","2025","Liquid Biopsy Based Bladder Cancer Diagnostic by Machine Learning.","Diagnostics (Basel, Switzerland)","Diagnostics (Basel)","Journal Article","Bladder Cancer","No",""
"39841985","10.2196/56946","Cabon S","2025","Combining a Risk Factor Score Designed From Electronic Health Records With a Digital Cytology Image Scoring System to Improve Bladder Cancer Detection: Proof-of-Concept Study.","Journal of medical Internet research","J Med Internet Res","Journal Article","Bladder Cancer","No",""
"40121216","10.1038/s41598-024-82909-3","Cai L","2025","Deep learning on T2WI to predict the muscle-invasive bladder cancer: a multi-center clinical study.","Scientific reports","Sci Rep","Journal Article; Multicenter Study","Bladder Cancer","No",""
"41324013","10.1016/j.eclinm.2025.103640","Cai L","2025","A non-invasive MRI-based multimodal fusion deep learning model (MF-DLM) for predicting overall survival in bladder cancer: a multicentre retrospective study.","EClinicalMedicine","EClinicalMedicine","Journal Article","Bladder Cancer","No",""
"40926363","10.2174/0115734056350444250418075406","Cao T","2025","CT-based Radiomics of Intratumoral and Peritumoral Regions to Predict the Recurrence Risk in Patients with Non-muscle-invasive Bladder Cancer within Two Years after TURBT.","Current medical imaging","Curr Med Imaging","Journal Article","Bladder Cancer","No",""
"40514253","10.1016/j.eururo.2025.05.035","Chang SS","2025","Computational Histology Artificial Intelligence (CHAI) Enhances Risk Stratification of High-grade Ta Non-muscle-invasive Bladder Cancer in a Multicenter Cohort: Comparison to Current European Association of Urology and American Urological Association Stratification Schemes.","European urology","Eur Urol","Letter","Bladder Cancer","No",""
"41039226","10.1186/s12885-025-14753-1","Chen B","2025","A study on predicting recurrence of non-muscle-invasive bladder cancer within 2 years using mp-MRI radiomics.","BMC cancer","BMC Cancer","Journal Article","Bladder Cancer","No",""
"40959568","10.7150/ijms.110096","Chen H","2025","FAM174B remodels the tumor microenvironment, inhibits the infiltration of macrophage, predicts the molecular subtype and therapeutic response of bladder cancer.","International journal of medical sciences","Int J Med Sci","Journal Article","Bladder Cancer","No",""
"40053821","10.1097/JS9.0000000000001999","Chen K","2025","Correlation of noninvasive imaging of tumour-infiltrating lymphocytes with survival and BCG immunotherapy response in patients with bladder cancer: a multicentre cohort study.","International journal of surgery (London, England)","Int J Surg","Journal Article; Multicenter Study","Bladder Cancer","No",""
"40376515","10.21037/tau-2024-688","Chen Y","2025","Identification and validation of a 9-RBPs-related gene signature associated with prognosis and immune infiltration in bladder cancer based on bioinformatics analysis and machine learning.","Translational andrology and urology","Transl Androl Urol","Journal Article","Bladder Cancer","No",""
"40381672","10.1016/j.cca.2025.120367","Cheng J","2025","Development and validation of a machine learning model based on complete blood counts to predict clinical outcomes in urothelial carcinoma patients.","Clinica chimica acta; international journal of clinical chemistry","Clin Chim Acta","Journal Article; Multicenter Study; Validation Study","Bladder Cancer","No",""
"38978228","10.1080/10408347.2024.2373923","Cheng K","2025","Applications of Biosensors in Bladder Cancer.","Critical reviews in analytical chemistry","Crit Rev Anal Chem","Journal Article; Review","Bladder Cancer","No",""
"40650155","10.3390/ijms26136378","Chung CM","2025","Integrative Analysis of GATA3 Expression and Variants as Prognostic Biomarkers in Urothelial Cancer.","International journal of molecular sciences","Int J Mol Sci","Journal Article","Bladder Cancer","No",""
"39174411","10.1016/j.eururo.2024.08.004","Colombel M","2025","Re: Predicting Non-muscle Invasive Bladder Cancer Outcomes Using Artificial Intelligence: A Systematic Review Using APPRAISE-AI.","European urology","Eur Urol","Journal Article","Bladder Cancer","No",""
"40119324","10.1186/s12885-025-13942-2","Dai L","2025","Using machine learning for predicting cancer-specific mortality in bladder cancer patients undergoing radical cystectomy: a SEER-based study.","BMC cancer","BMC Cancer","Journal Article","Bladder Cancer","No",""
"40631341","10.1177/11795549251350242","Daungsupawong H","2025","Comment on: ""Artificial Intelligence Can Facilitate Application of Risk Stratification Algorithms to Bladder Cancer Patient Case Scenarios"".","Clinical Medicine Insights. Oncology","Clin Med Insights Oncol","Letter","Bladder Cancer","No",""
"40189676","10.1038/s41598-025-96089-1","Deng Q","2025","Development and validation of interpretable machine learning models to predict distant metastasis and prognosis of muscle-invasive bladder cancer patients.","Scientific reports","Sci Rep","Journal Article","Bladder Cancer","No",""
"40893176","10.1007/s13755-025-00373-3","Ding Y","2025","Unraveling bladder cancer-related circRNA biomarkers: a hybrid model combining deep learning and statistics.","Health information science and systems","Health Inf Sci Syst","Journal Article","Bladder Cancer","No",""
"41327160","10.1186/s12885-025-15107-7","Du C","2025","Enhancing prediction accuracy for muscle invasion in bladder cancer using a dual-energy CT-based interpretable model incorporating habitat radiomics and deep learning.","BMC cancer","BMC Cancer","Journal Article","Bladder Cancer","No",""
"40781767","10.1002/mp.18021","Du Y","2025","Habitat-based radiomic model for predicting muscle invasion in bladder cancer: A multi-center study using enhanced-CT and machine learning.","Medical physics","Med Phys","Journal Article; Multicenter Study","Bladder Cancer","No",""
"40987672","10.1016/j.acra.2025.08.029","Du Y","2025","Comprehensive Assessment of Tumor Stromal Heterogeneity in Bladder Cancer by Deep Learning and Habitat Radiomics.","Academic radiology","Acad Radiol","Journal Article","Bladder Cancer","No",""
"40107091","10.1016/j.ejca.2025.115367","Duwe G","2025","Development of an artificial intelligence-generated, explainable treatment recommendation system for urothelial carcinoma and renal cell carcinoma to support multidisciplinary cancer conferences.","European journal of cancer (Oxford, England : 1990)","Eur J Cancer","Journal Article","Bladder Cancer","No",""
"39929768","10.1111/jcmm.70361","Eckhart L","2025","Machine Learning Accurately Predicts Muscle Invasion of Bladder Cancer Based on Three miRNAs.","Journal of cellular and molecular medicine","J Cell Mol Med","Journal Article","Bladder Cancer","No",""
"40234491","10.1038/s41598-025-95002-0","El-Atier RA","2025","Accurate bladder cancer diagnosis using ensemble deep leaning.","Scientific reports","Sci Rep","Journal Article","Bladder Cancer","No",""
"40273730","10.1016/j.ejca.2025.115440","Felici A","2025","Artificial intelligence to predict cancer risk, are we there yet? A comprehensive review across cancer types.","European journal of cancer (Oxford, England : 1990)","Eur J Cancer","Journal Article; Review","Bladder Cancer","No",""
"41049846","10.3389/fonc.2025.1636358","Feng R","2025","Multimodal prognostic models for bladder urothelial carcinoma: uroplakin III combined with serum and demographic data.","Frontiers in oncology","Front Oncol","Journal Article","Bladder Cancer","No",""
"39755362","10.1016/j.canlet.2025.217438","Gong Y","2025","A foundation model with weak experiential guidance in detecting muscle invasive bladder cancer on MRI.","Cancer letters","Cancer Lett","Journal Article","Bladder Cancer","No",""
"40500142","10.1080/10255842.2025.2516767","Gu Y","2025","Machine learning-driven construction and validation of an intra-tumoral heterogeneity-associated prognostic model for bladder urothelial carcinoma.","Computer methods in biomechanics and biomedical engineering","Comput Methods Biomech Biomed Engin","Journal Article","Bladder Cancer","No",""
"40167648","10.1007/s00261-025-04895-y","Guo E","2025","Optimizing bladder magnetic resonance imaging: accelerating scan time and improving image quality through deep learning.","Abdominal radiology (New York)","Abdom Radiol (NY)","Journal Article","Bladder Cancer","No",""
"40065444","10.1186/s40644-025-00849-1","Han X","2025","A CT-based interpretable deep learning signature for predicting PD-L1 expression in bladder cancer: a two-center study.","Cancer imaging : the official publication of the International Cancer Imaging Society","Cancer Imaging","Journal Article; Multicenter Study","Bladder Cancer","No",""
"41454198","10.1038/s41746-025-02232-7","He Q","2025","Prior knowledge-guided multimodal deep learning system for biomarker exploration and prognosis prediction of urothelial carcinoma.","NPJ digital medicine","NPJ Digit Med","Journal Article","Bladder Cancer","No",""
"40103464","10.2174/0115734056377754250304040058","He X","2025","A Machine Learning Model Based on Multi-Phase Contrast-enhanced CT for the Preoperative Prediction of the Muscle-Invasive Status of Bladder Cancer.","Current medical imaging","Curr Med Imaging","Journal Article","Bladder Cancer","No",""
"41244924","10.3389/fonc.2025.1664965","Hou J","2025","Explainable machine learning model predicts response to adjuvant therapy after radical cystectomy in bladder cancer.","Frontiers in oncology","Front Oncol","Journal Article","Bladder Cancer","No",""
"40456708","10.1002/jbio.202500161","Hu J","2025","Hyperspectral Imaging for Predicting Bladder Cancer Grading: A Novel Diagnostic Approach.","Journal of biophotonics","J Biophotonics","Journal Article; Research Support, Non-U.S. Gov't","Bladder Cancer","No",""
"40859961","10.1002/mco2.70324","Huang X","2025","Artificial Intelligence-Based Multimodal Prediction of Postoperative Adjuvant Immunotherapy Benefit in Urothelial Carcinoma: Results From the Phase III, Multicenter, Randomized, IMvigor010 Trial.","MedComm","MedComm (2020)","Journal Article","Bladder Cancer","No",""
"40955208","10.7759/cureus.90077","Ibraheem N","2025","Integrated Magnetic Resonance Imaging in Muscle-Invasive Bladder Cancer: A Comprehensive Review.","Cureus","Cureus","Journal Article; Review","Bladder Cancer","No",""
"40906037","10.1007/s13258-025-01677-0","Jeong IS","2025","Deep learning-driven whole-slide image analysis predicts chemo-resistance and motility subtypes in muscle-invasive bladder cancer.","Genes & genomics","Genes Genomics","Journal Article","Bladder Cancer","No",""
"40093987","10.1016/j.eclinm.2025.103125","Jiang F","2025","Deep learning-based model for prediction of early recurrence and therapy response on whole slide images in non-muscle-invasive bladder cancer: a retrospective, multicentre study.","EClinicalMedicine","EClinicalMedicine","Journal Article","Bladder Cancer","No",""
"41420667","10.1007/s12672-025-04278-1","Jiang L","2025","Innovative AI model for bladder cancer diagnosis.","Discover oncology","Discov Oncol","Journal Article","Bladder Cancer","No",""
"39472420","10.1245/s10434-024-16422-2","Jiao P","2025","Deep Learning Predicts Lymphovascular Invasion Status in Muscle Invasive Bladder Cancer Histopathology.","Annals of surgical oncology","Ann Surg Oncol","Journal Article","Bladder Cancer","No",""
"41277127","10.1080/17520363.2025.2590778","Jin T","2025","A CT-based deep learning radiomics model for predicting HER2 expression and prognosis in non-muscle-invasive bladder cancer.","Biomarkers in medicine","Biomark Med","Journal Article","Bladder Cancer","No",""
"40959811","10.4103/joc.joc_158_24","Kameda M","2025","Machine Learning of Urine Cytology Highlights Increased Neutrophil Count in Muscle-Invasive Urothelial Carcinoma.","Journal of cytology","J Cytol","Journal Article","Bladder Cancer","No",""
"41344926","10.1016/j.eururo.2025.11.010","Khene ZE","2025","Artificial Intelligence for Risk Prediction in Non-muscle-invasive Bladder Cancer: From Complexity to Clinical Clarity.","European urology","Eur Urol","Editorial","Bladder Cancer","No",""
"41426936","10.7759/cureus.97160","Khormi SA","2025","Artificial Intelligence in MRI for Urologic Oncology: A Systematic Review of Diagnostic Accuracy and Clinical Utility.","Cureus","Cureus","Journal Article; Review","Bladder Cancer","No",""
"41062388","10.1016/j.eururo.2025.09.4145","Kwong JCC","2025","Development and International Evaluation of an Artificial Intelligence-based Model (PROGRxN-BCa) Using the World Health Organization 2004/2022 Grading System to Predict Progression Risk and Improve Substratification for Non-muscle-invasive Bladder Cancer.","European urology","Eur Urol","Journal Article","Bladder Cancer","No",""
"40070785","10.3892/ol.2025.14946","Lee HY","2025","Prediction of post‑nephroureterectomy renal function in non‑dialysis upper tract urothelial carcinoma using machine learning with PyCaret and SHAP explanations.","Oncology letters","Oncol Lett","Journal Article","Bladder Cancer","No",""
"41096834","10.3390/ijms26199570","Levy J","2025","Comparative Analysis of CT and MRI Combined with RNA Sequencing for Radiogenomic Staging of Bladder Cancer.","International journal of molecular sciences","Int J Mol Sci","Comparative Study; Journal Article","Bladder Cancer","No",""
"40224987","10.21037/tcr-24-2023","Li G","2025","Enhanced prognostic prediction of cancer-specific mortality in elderly bladder cancer patients post-radical cystectomy: an XGBoost model study.","Translational cancer research","Transl Cancer Res","Journal Article","Bladder Cancer","No",""
"39455346","10.1016/j.acra.2024.09.036","Li H","2025","Coupling Habitat Radiomic Analysis with the Diversification of the Tumor ecosystem: Illuminating New Strategy in the Assessment of Postoperative Recurrence of Non-Muscle Invasive Bladder Cancer.","Academic radiology","Acad Radiol","Journal Article","Bladder Cancer","No",""
"41268830","10.2174/0115680096434051251113094536","Li H","2025","Integrative Deep Learning from H&E Images Reveals Prognostically Distinct Pathology-Based Subtypes in Bladder Cancer.","Current cancer drug targets","Curr Cancer Drug Targets","Journal Article","Bladder Cancer","No",""
"40099418","10.1089/end.2024.0860","Li KP","2025","Enhanced Artificial Intelligence in Bladder Cancer Management: A Comparative Analysis and Optimization Study of Multiple Large Language Models.","Journal of endourology","J Endourol","Comparative Study; Journal Article","Bladder Cancer","No",""
"40552483","10.1089/end.2025.0426","Li KP","2025","Response to Letter: Reply Letter to Dr. Kumar et al. on: Enhanced Artificial Intelligence in Bladder Cancer Management: A Comparative Analysis and Optimization Study of Multiple Large Language Models.","Journal of endourology","J Endourol","Letter","Bladder Cancer","No",""
"39738572","10.1007/s00261-024-04715-9","Li L","2025","A novel artificial intelligence segmentation model for early diagnosis of bladder tumors.","Abdominal radiology (New York)","Abdom Radiol (NY)","Journal Article","Bladder Cancer","No",""
"40391846","10.1002/advs.202416161","Li X","2025","Non-Invasive Tumor Budding Evaluation and Correlation with Treatment Response in Bladder Cancer: A Multi-Center Cohort Study.","Advanced science (Weinheim, Baden-Wurttemberg, Germany)","Adv Sci (Weinh)","Journal Article; Multicenter Study","Bladder Cancer","No",""
"41079089","10.3389/fonc.2025.1591742","Lisson CG","2025","Machine learning-based radiomics for bladder cancer staging: evaluating the role of imaging timing in differentiating T2 from T3 disease.","Frontiers in oncology","Front Oncol","Journal Article","Bladder Cancer","No",""
"41031178","10.2147/JIR.S529335","Liu Z","2025","Integrating Pre- and Postoperative Systemic Inflammatory Markers for Acute Kidney Injury Prediction Following Radical Cystectomy: A Multi-Center Retrospective Study.","Journal of inflammation research","J Inflamm Res","Journal Article","Bladder Cancer","No",""
"39401682","10.1016/j.modpat.2024.100631","Lobo J","2025","Digital and Computational Pathology Applications in Bladder Cancer: Novel Tools Addressing Clinically Pressing Needs.","Modern pathology : an official journal of the United States and Canadian Academy of Pathology, Inc","Mod Pathol","Journal Article; Review","Bladder Cancer","No",""
"39383345","10.1097/JU.0000000000004278","Lotan Y","2025","Predicting Response to Intravesical Bacillus Calmette-Guerin in High-Risk Nonmuscle-Invasive Bladder Cancer Using an Artificial Intelligence-Powered Pathology Assay: Development and Validation in an International 12-Center Cohort.","The Journal of urology","J Urol","Journal Article; Multicenter Study; Validation Study","Bladder Cancer","No",""
"40239974","10.1097/JU.0000000000004541","Lotan Y","2025","Artificial Intelligence Biomarkers Predict Poor Efficacy of Bacillus Calmette-Guerin Rechallenge in Previously Bacillus Calmette-Guerin-Treated Nonmuscle-Invasive Bladder Cancer.","The Journal of urology","J Urol","Editorial","Bladder Cancer","No",""
"39786584","10.1007/s00261-024-04767-x","Luo C","2025","Noninvasive identification of HER2 status by integrating multiparametric MRI-based radiomics model with the vesical imaging-reporting and data system (VI-RADS) score in bladder urothelial carcinoma.","Abdominal radiology (New York)","Abdom Radiol (NY)","Journal Article","Bladder Cancer","No",""
"40747464","10.14440/bladder.2024.0054","Mahapatra C","2025","Artificial intelligence for diagnosing bladder pathophysiology: An updated review and future prospects.","Bladder (San Francisco, Calif.)","Bladder (San Franc)","Journal Article; Review","Bladder Cancer","No",""
"40448001","10.1186/s12880-025-01727-9","Marcon J","2025","Radiomics-based differentiation of upper urinary tract urothelial and renal cell carcinoma in preoperative computed tomography datasets.","BMC medical imaging","BMC Med Imaging","Journal Article","Bladder Cancer","No",""
"40765429","10.1097/MOU.0000000000001309","Mastroleo F","2025","Artificial intelligence in muscle-invasive bladder cancer: opportunities, challenges, and clinical impact.","Current opinion in urology","Curr Opin Urol","Journal Article; Review","Bladder Cancer","No",""
"40762048","10.1080/14737140.2025.2543454","Membribes SC","2025","Established and emerging biomarkers approaches in urothelial carcinoma.","Expert review of anticancer therapy","Expert Rev Anticancer Ther","Journal Article; Review","Bladder Cancer","No",""
"41168844","10.1186/s40360-025-01016-9","Ming J","2025","Imidacloprid contributes to bladder cancer progression: preliminary evidence based on network toxicology, machine learning and molecular docking.","BMC pharmacology & toxicology","BMC Pharmacol Toxicol","Journal Article","Bladder Cancer","No",""
"40577661","10.1200/CCI-24-00249","Miyake M","2025","Deep Learning Model for Natural Language to Assess Effectiveness of Patients With Non-Muscle Invasive Bladder Cancer Receiving Intravesical Bacillus Calmette-Guerin Therapy.","JCO clinical cancer informatics","JCO Clin Cancer Inform","Journal Article","Bladder Cancer","No",""
"41595937","10.3390/bioengineering13010004","Mohamed AA","2025","Explainable Computational Imaging for Precision Oncology: An Interpretable Deep Learning Framework for Bladder Cancer Histopathology Diagnosis.","Bioengineering (Basel, Switzerland)","Bioengineering (Basel)","Journal Article","Bladder Cancer","No",""
"40566494","10.3390/life15060839","Nechifor-Boila IA","2025","Artificial Intelligence (AI) for Programmed Death Ligand-1 (PD-L1) Immunohistochemical Assessment in Urothelial Carcinomas: ""Teaching"" Cell Differentiation to AI Systems.","Life (Basel, Switzerland)","Life (Basel)","Journal Article","Bladder Cancer","No",""
"40848592","10.1016/j.ejca.2025.115733","Oka S","2025","Letter Re: Development of an artificial intelligence-generated, explainable treatment recommendation system for urothelial carcinoma and renal cell carcinoma to support multidisciplinary cancer conferences.","European journal of cancer (Oxford, England : 1990)","Eur J Cancer","Letter","Bladder Cancer","No",""
"40287344","10.1016/j.euo.2025.04.006","Packiam VT","2025","Presence of an Artificial Intelligence-powered Predictive Biomarker Is Associated with a Poor Response to Intravesical Bacillus Calmette-Guerin but Not to Intravesical Sequential Gemcitabine/Docetaxel in Patients with High-grade Non-muscle-invasive Bladder Cancer.","European urology oncology","Eur Urol Oncol","Journal Article","Bladder Cancer","No",""
"40867248","10.3390/cancers17162619","Padulles B","2025","Machine Learning-Based Gene Expression Analysis to Identify Prognostic Biomarkers in Upper Tract Urothelial Carcinoma.","Cancers","Cancers (Basel)","Journal Article","Bladder Cancer","No",""
"41136495","10.1038/s41598-025-21096-1","Park JY","2025","Multi-institutional validation of AI models for classifying urothelial neoplasms in digital pathology.","Scientific reports","Sci Rep","Journal Article; Multicenter Study; Validation Study","Bladder Cancer","No",""
"39529480","10.1097/MOU.0000000000001249","Pastorino GL","2025","The role of MRI in muscle-invasive bladder cancer: an update from the last two years.","Current opinion in urology","Curr Opin Urol","Journal Article; Review","Bladder Cancer","No",""
"40918470","10.32604/or.2025.064331","Peng L","2025","Integrating Spatial Multi-Omics and Machine Learning to Unravel the Role of PANoptosis in Bladder Cancer Prognosis and Immunotherapy Response.","Oncology research","Oncol Res","Journal Article","Bladder Cancer","No",""
"40494842","10.1038/s41698-025-00969-8","Piyawajanusorn C","2025","Predicting atezolizumab response in metastatic urothelial carcinoma patients using machine learning on integrated tumour gene expression and clinical data.","NPJ precision oncology","NPJ Precis Oncol","Journal Article","Bladder Cancer","No",""
"40247223","10.1186/s12885-025-14109-9","Qiu H","2025","Machine learning-based characterization of stemness features and construction of a stemness subtype classifier for bladder cancer.","BMC cancer","BMC Cancer","Journal Article","Bladder Cancer","No",""
"41378299","10.3389/fonc.2025.1619309","Ruojing W","2025","Deep learning-based survival analysis of bladder cancer patients in the Putuo District, Shanghai, China.","Frontiers in oncology","Front Oncol","Journal Article","Bladder Cancer","No",""
"40080780","10.1200/CCI.24.00059","Shao W","2025","Novel Computational Pipeline Enables Reliable Diagnosis of Inverted Urothelial Papilloma and Distinguishes It From Urothelial Carcinoma.","JCO clinical cancer informatics","JCO Clin Cancer Inform","Journal Article","Bladder Cancer","No",""
"40410301","10.1038/s41598-025-02767-5","Sharma P","2025","Bladder lesion detection using EfficientNet and hybrid attention transformer through attention transformation.","Scientific reports","Sci Rep","Journal Article","Bladder Cancer","No",""
"40687668","10.21037/tau-2025-28","Shen J","2025","Immune-related genes can accurately predict survival in bladder cancer: a retrospective study via two independent immunotherapy cohorts.","Translational andrology and urology","Transl Androl Urol","Journal Article","Bladder Cancer","No",""
"41298892","10.1038/s41698-025-01195-y","Shen J","2025","Bladder cancer diagnostic and prognostic models from DNA methylation by multi algorithm machine learning.","NPJ precision oncology","NPJ Precis Oncol","Journal Article","Bladder Cancer","No",""
"41463635","10.3390/bioengineering12121338","Song M","2025","Beyond VI-RADS Uncertainty: Leveraging Spatiotemporal DCE-MRI to Predict Bladder Cancer Muscle Invasion.","Bioengineering (Basel, Switzerland)","Bioengineering (Basel)","Journal Article","Bladder Cancer","No",""
"41272207","10.1038/s41598-025-27593-7","Sun D","2025","Evaluating the reliability of large language models for clinical data extraction in bladder cancer prognosis.","Scientific reports","Sci Rep","Journal Article","Bladder Cancer","No",""
"40842585","10.3389/fonc.2025.1644250","Sun H","2025","A multi-data fusion deep learning model for prognostic prediction in upper tract urothelial carcinoma.","Frontiers in oncology","Front Oncol","Journal Article","Bladder Cancer","No",""
"40547707","10.1021/acsomega.5c01496","Sun M","2025","Integrated Multiomics Analysis and Machine Learning Approaches in Bladder Cancer: Unveiling the Impact of Immunogenic Cell Death and Its Key Gene SLC2A3 on Prognosis and Personalized Treatment Strategies.","ACS omega","ACS Omega","Journal Article","Bladder Cancer","No",""
"40978552","10.1155/humu/2227219","Sun Y","2025","PAQR4: A Critical Senescence-Related Gene Influencing Immune Evasion and Metastasis in Bladder Urothelial Carcinoma.","Human mutation","Hum Mutat","Journal Article","Bladder Cancer","No",""
"39455543","10.1007/s10278-024-01228-1","Sunnetci KM","2025","Comparative Bladder Cancer Tissues Prediction Using Vision Transformer.","Journal of imaging informatics in medicine","J Imaging Inform Med","Comparative Study; Journal Article","Bladder Cancer","No",""
"39991573","10.7150/jca.105066","Tan Z","2025","Integrative multi-omics and machine learning identify a robust signature for discriminating prognosis and therapeutic targets in bladder cancer.","Journal of Cancer","J Cancer","Journal Article","Bladder Cancer","No",""
"41001025","10.3389/fonc.2025.1607173","Tang Q","2025","Development and validation of a risk prediction model for distant metastasis in muscle-invasive bladder cancer: a retrospective study integrating SEER data with external validation cohort and biomarker analysis.","Frontiers in oncology","Front Oncol","Journal Article","Bladder Cancer","No",""
"40122457","10.1016/j.ajpath.2025.01.016","Teng F","2025","Machine Learning and Mendelian Randomization Reveal a Tumor Immune Cell Profile for Predicting Bladder Cancer Risk and Immunotherapy Outcomes.","The American journal of pathology","Am J Pathol","Journal Article","Bladder Cancer","No",""
"40295062","10.21873/anticanres.17572","Tung CH","2025","Light Bladder Net: Non-invasive Bladder Cancer Prediction by Weighted Deep Learning Approaches and Graphical Data Transformation.","Anticancer research","Anticancer Res","Evaluation Study; Journal Article; Validation Study","Bladder Cancer","No",""
"40817408","10.1038/s41598-025-15801-3","Veliskova M","2025","The role of spectral characteristics of urine in bladder cancer diagnostics.","Scientific reports","Sci Rep","Journal Article","Bladder Cancer","No",""
"40550189","10.1016/j.suronc.2025.102253","Vetsch T","2025","Preoperative prediction of severe short-term complications in patients with bladder cancer undergoing radical cystectomy.","Surgical oncology","Surg Oncol","Journal Article","Bladder Cancer","No",""
"40597924","10.1186/s12885-025-14279-6","Wang B","2025","Multi-machine learning model based on radiomics features to predict prognosis of muscle-invasive bladder cancer.","BMC cancer","BMC Cancer","Journal Article","Bladder Cancer","No",""
"40401561","10.1002/iub.70028","Wang C","2025","Discovery and Validation of a New Biomarker Integrating Ferroptosis and Glycolysis-Related Genes in Bladder Cancer.","IUBMB life","IUBMB Life","Journal Article; Research Support, Non-U.S. Gov't","Bladder Cancer","No",""
"41242671","10.1016/j.jbi.2025.104959","Wang X","2025","Unveiling novel bladder cancer associations from multicentred primary and secondary care electronic health records by machine learning: a case-control study.","Journal of biomedical informatics","J Biomed Inform","Journal Article; Multicenter Study","Bladder Cancer","No",""
"40457401","10.1186/s12916-025-04163-2","Wang Y","2025","Unsupervised learning-based quantitative analysis of CT intratumoral subregions predicts risk stratification of bladder cancer patients.","BMC medicine","BMC Med","Journal Article","Bladder Cancer","No",""
"40528211","10.1186/s12967-025-06682-1","Wang Z","2025","Pathway-based cancer transcriptome deciphers a high-resolution intrinsic heterogeneity within bladder cancer classification.","Journal of translational medicine","J Transl Med","Journal Article","Bladder Cancer","No",""
"40170507","10.1002/nau.70040","Woo SJQ","2025","Machine Vision Augmentation to Detect Detrusor Overactivity in Overactive Bladder: A Frontier of Artificial Intelligence Application in Functional Urology-Proof of Concept Clinical Study.","Neurourology and urodynamics","Neurourol Urodyn","Journal Article","Bladder Cancer","No",""
"40382748","10.1186/s13244-025-01988-6","Xiao B","2025","Deep learning feature-based model for predicting lymphovascular invasion in urothelial carcinoma of bladder using CT images.","Insights into imaging","Insights Imaging","Journal Article","Bladder Cancer","No",""
"41462442","10.1186/s12880-025-02060-x","Xiao B","2025","An interpretable machine learning model based on CT imaging for predicting lymphovascular invasion and survival in bladder urothelial carcinoma: a multicenter study.","BMC medical imaging","BMC Med Imaging","Journal Article; Multicenter Study","Bladder Cancer","No",""
"41225338","10.1186/s12866-025-04455-w","Xie H","2025","XGBoost-based urinary microbial signatures enable non-invasive diagnosis and prognosis for urothelial carcinoma.","BMC microbiology","BMC Microbiol","Journal Article","Bladder Cancer","No",""
"39954510","10.1016/j.cmpb.2025.108645","Xu J","2025","An accurate and trustworthy deep learning approach for bladder tumor segmentation with uncertainty estimation.","Computer methods and programs in biomedicine","Comput Methods Programs Biomed","Journal Article","Bladder Cancer","No",""
"40427675","10.3390/biology14050486","Yang J","2025","Integration of Single-Cell and Bulk Transcriptome to Reveal an Endothelial Transition Signature Predicting Bladder Cancer Prognosis.","Biology","Biology (Basel)","Journal Article","Bladder Cancer","No",""
"40317981","10.1002/cncy.70017","Yang WL","2025","Does artificial intelligence redefine nuclear-to-cytoplasmic ratio threshold for diagnosing high-grade urothelial carcinoma?","Cancer cytopathology","Cancer Cytopathol","Journal Article","Bladder Cancer","No",""
"41228219","10.3390/cancers17213425","Yang Z","2025","Urinary Biomarkers in Bladder Cancer: FDA-Approved Tests and Emerging Tools for Diagnosis and Surveillance.","Cancers","Cancers (Basel)","Journal Article; Review","Bladder Cancer","No",""
"39258759","10.1002/jmri.29592","Yazdani Nia I","2025","Editorial for ""Multiparametric MRI-Based Deep Learning Radiomics Model for Assessing 5-Year Recurrence Risk in Non-Muscle Invasive Bladder Cancer"".","Journal of magnetic resonance imaging : JMRI","J Magn Reson Imaging","Editorial","Bladder Cancer","No",""
"39964991","10.1371/journal.pone.0311637","Ye Z","2025","Unsupervised neural network-based image stitching method for bladder endoscopy.","PloS one","PLoS One","Journal Article","Bladder Cancer","No",""
"40787990","10.1097/JS9.0000000000003140","Yu N","2025","CT-based radiomics signature of visceral adipose tissue for prediction of early recurrence in patients with NMIBC: a multicentre cohort study.","International journal of surgery (London, England)","Int J Surg","Journal Article; Multicenter Study","Bladder Cancer","No",""
"41079095","10.3389/fonc.2025.1653506","Yu ZJ","2025","Ensemble machine learning models for predicting bone metastasis in bladder cancer.","Frontiers in oncology","Front Oncol","Journal Article","Bladder Cancer","No",""
"41436663","10.1007/s00345-025-06144-9","Yuan S","2025","Diagnostic performance of artificial intelligence in detecting bladder carcinoma.","World journal of urology","World J Urol","Journal Article","Bladder Cancer","No",""
"41438758","10.3389/fimmu.2025.1708324","Zhang J","2025","SWI/SNF complex alterations predict immunotherapy response in bladder cancer.","Frontiers in immunology","Front Immunol","Journal Article","Bladder Cancer","No",""
"40994220","10.1002/mc.70042","Zhang L","2025","RNA m(5)C Modifications in the Development and Prognosis of Muscle-Invasive Bladder Cancer.","Molecular carcinogenesis","Mol Carcinog","Journal Article","Bladder Cancer","No",""
"40819151","10.1038/s41698-025-01083-5","Zhang M","2025","An interpretable CT-based deep learning model for predicting overall survival in patients with bladder cancer: a multicenter study.","NPJ precision oncology","NPJ Precis Oncol","Journal Article","Bladder Cancer","No",""
"40000794","10.1038/s41598-025-91075-z","Zhao Q","2025","Predicting 90-day risk of urinary tract infections following urostomy in bladder cancer patients using machine learning and explainability.","Scientific reports","Sci Rep","Journal Article","Bladder Cancer","No",""
"39690281","10.1007/s00261-024-04748-0","Zhao T","2025","A multimodal deep-learning model based on multichannel CT radiomics for predicting pathological grade of bladder cancer.","Abdominal radiology (New York)","Abdom Radiol (NY)","Journal Article; Review","Bladder Cancer","No",""
"41423684","10.1186/s12894-025-02025-w","Zhao Y","2025","Beyond diagnosis: exploring the extended clinical utility of urine fluorescence in situ hybridization in upper tract urothelial carcinoma.","BMC urology","BMC Urol","Journal Article","Bladder Cancer","No",""
"39792275","10.1007/s00345-025-05440-8","Zheng Q","2025","Deep learning-based lymph node metastasis status predicts prognosis from muscle-invasive bladder cancer histopathology.","World journal of urology","World J Urol","Journal Article","Bladder Cancer","No",""
"40437334","10.1245/s10434-025-17538-9","Zheng Q","2025","ASO Author Reflections: Artificial Intelligence in Bladder Cancer-Transforming Diagnosis and Treatment Paradigms.","Annals of surgical oncology","Ann Surg Oncol","Journal Article","Bladder Cancer","No",""
"39979837","10.1186/s12885-025-13688-x","Zheng Z","2025","Pathology-based deep learning features for predicting basal and luminal subtypes in bladder cancer.","BMC cancer","BMC Cancer","Journal Article","Bladder Cancer","No",""
"41455036","10.1007/s12672-025-04275-4","Zhong MY","2025","Explainable machine learning predicts overall survival in female bladder cancer patients after radical cystectomy.","Discover oncology","Discov Oncol","Journal Article","Bladder Cancer","No",""
"41233664","10.1007/s10585-025-10383-w","Zou XC","2025","A radiomics-driven machine learning model for predicting bladder cancer prognosis identifies genes associated with radiomic features.","Clinical & experimental metastasis","Clin Exp Metastasis","Journal Article","Bladder Cancer","No",""
"39501515","10.1515/bmt-2024-0333","Zou Y","2025","Prediction of muscular-invasive bladder cancer using multi-view fusion self-distillation model based on 3D T2-Weighted images.","Biomedizinische Technik. Biomedical engineering","Biomed Tech (Berl)","Journal Article","Bladder Cancer","No",""
"40121550","10.1093/sxmrev/qeaf009","Abou Chawareb E","2025","Sexual health in the era of artificial intelligence: a scoping review of the literature.","Sexual medicine reviews","Sex Med Rev","Journal Article; Scoping Review","Broad Reviews","No",""
"40689969","10.1007/s00120-025-02637-y","Adler SO","2025","[Digital health: a green future for healthcare?].","Urologie (Heidelberg, Germany)","Urologie","English Abstract; Journal Article; Review","Broad Reviews","No",""
"41157181","10.3390/life15101508","Al Barajraji M","2025","Beyond PSA: The Future of Prostate Cancer Diagnosis Using Artificial Intelligence, Novel Biomarkers, and Advanced Imagery.","Life (Basel, Switzerland)","Life (Basel)","Journal Article; Review","Broad Reviews","No",""
"41514540","10.3390/cancers18010028","Al-Khanaty A","2025","Using Artificial Intelligence as a Risk Prediction Model in Patients with Equivocal Multiparametric Prostate MRI Findings.","Cancers","Cancers (Basel)","Journal Article; Review","Broad Reviews","No",""
"41111365","10.56434/j.arch.esp.urol.20257808.126","Alshammari D","2025","Recent Advances in Paediatric Vesicoureteral Reflux: Risk Assessment and Management Strategies.","Archivos espanoles de urologia","Arch Esp Urol","Journal Article; Review","Broad Reviews","No",""
"40776861","10.56434/j.arch.esp.urol.20257806.86","Altunhan A","2025","Artificial Intelligence and Human Factors in Urology.","Archivos espanoles de urologia","Arch Esp Urol","Journal Article; Review","Broad Reviews","No",""
"41589160","10.7759/cureus.100134","Anber A","2025","Artificial Intelligence in Renal Transplantation Over the Past Decade: A Narrative Review of Clinical Applications, Current Limitations, and Future Directions.","Cureus","Cureus","Journal Article; Review","Broad Reviews","No",""
"40456969","10.1038/s41391-025-00990-9","Au RC","2025","Artificial intelligence may enhance the role of magnetic resonance imaging in prostate cancer focal therapy.","Prostate cancer and prostatic diseases","Prostate Cancer Prostatic Dis","Journal Article; Review","Broad Reviews","No",""
"40383692","10.1016/j.jpurol.2025.05.004","Babu R","2025","Objective assessment of penile curvature in hypospadias: A narrative review.","Journal of pediatric urology","J Pediatr Urol","Journal Article; Systematic Review","Broad Reviews","No",""
"40382217","10.1016/j.euf.2025.04.031","Bogaert W","2025","Bridging Vision and Text: Applications and Challenges of Vision-Language Models in Urological Surgery.","European urology focus","Eur Urol Focus","Journal Article; Review","Broad Reviews","No",""
"41440193","10.3390/curroncol32120665","Buck L","2025","The Emerging Role of Multimodal Artificial Intelligence in Urological Surgery.","Current oncology (Toronto, Ont.)","Curr Oncol","Journal Article; Review","Broad Reviews","No",""
"40002567","10.3390/diagnostics15040416","Bulai CA","2025","The Impact of Transurethral Enucleation Therapeutic Approach in All-Size Benign Prostatic Obstruction Pathology: From Contemporary Technological Advances to Evidence-Based Clinical Progresses.","Diagnostics (Basel, Switzerland)","Diagnostics (Basel)","Journal Article; Review","Broad Reviews","No",""
"40071089","10.3389/fonc.2025.1511880","Chai K","2025","Evolving paradigms in prostate cancer screening: a decade of bibliometric insights and technological advancements.","Frontiers in oncology","Front Oncol","Journal Article; Systematic Review","Broad Reviews","No",""
"39505676","10.1016/j.jasc.2024.09.001","Chukwudebe O","2025","A review of the performance of urinary cytology with a focus on atypia, upper tract and updates on novel ancillary testing.","Journal of the American Society of Cytopathology","J Am Soc Cytopathol","Journal Article; Review","Broad Reviews","No",""
"40860646","10.2147/RRU.S526184","Cicchetti R","2025","The Use of Artificial Intelligence in Urologic Oncology: Current Insights and Challenges.","Research and reports in urology","Res Rep Urol","Journal Article; Review","Broad Reviews","No",""
"40579440","10.1038/s41443-025-01112-8","Clark H","2025","Utilization of artificial intelligence in Men's Health: Opportunities for innovation and quality improvement.","International journal of impotence research","Int J Impot Res","Journal Article; Review","Broad Reviews","No",""
"40475298","10.1177/20552076251348834","Dai F","2025","Global trends in the use of artificial intelligence for urological tumor histopathology: A 20-year bibliometric analysis.","Digital health","Digit Health","Journal Article; Review","Broad Reviews","No",""
"41403092","10.1080/0886022X.2025.2598080","Ding R","2025","AI-based pathomics in kidney diseases: progress and application.","Renal failure","Ren Fail","Journal Article; Review","Broad Reviews","No",""
"40217721","10.3390/jcm14072272","Doykov M","2025","Artificial Intelligence-Augmented Advancements in the Diagnostic Challenges Within Renal Cell Carcinoma.","Journal of clinical medicine","J Clin Med","Journal Article; Review","Broad Reviews","No",""
"41050390","10.1080/20905998.2024.2443334","Eskandar K","2025","Artificial intelligence in urology: Revolutionizing diagnostics and treatment planning.","Arab journal of urology","Arab J Urol","Journal Article; Review","Broad Reviews","No",""
"40467750","10.1038/s41598-025-04893-6","Fan B","2025","Development of a machine learning-based model to predict urethral recurrence following radical cystectomy: a multicentre retrospective study and updated meta-analysis.","Scientific reports","Sci Rep","Journal Article; Meta-Analysis; Multicenter Study","Broad Reviews","No",""
"39963119","10.3389/fdgth.2025.1482712","Fattah FH","2025","Comparative analysis of ChatGPT and Gemini (Bard) in medical inquiry: a scoping review.","Frontiers in digital health","Front Digit Health","Journal Article; Systematic Review","Broad Reviews","No",""
"40396272","10.1111/bju.16757","Felemban S","2025","Current application of blockchain technology in healthcare and its potential roles in Urology.","BJU international","BJU Int","Journal Article; Systematic Review","Broad Reviews","No",""
"40761430","10.1177/17562872251352553","Ferro M","2025","Artificial intelligence and radiomics applications in adrenal lesions: a systematic review.","Therapeutic advances in urology","Ther Adv Urol","Journal Article; Review","Broad Reviews","No",""
"39450700","10.1002/nau.25606","Finazzi Agro E","2025","How Can We Show That Artificial Intelligence May Improve Our Assessment and Management of Lower Urinary Tract Dysfunctions?-ICI-RS 2024.","Neurourology and urodynamics","Neurourol Urodyn","Journal Article; Review","Broad Reviews","No",""
"41328689","10.1002/nau.70198","Finazzi Agro E","2025","How Could the Proposed International Continence Society (ICS) Global Urodynamics Data Repository (GUDRep) Demonstrate the Clinical Role and Cost Effectiveness of Urodynamics in Individual Patients? ICI-RS 2025.","Neurourology and urodynamics","Neurourol Urodyn","Journal Article; Review","Broad Reviews","No",""
"41239278","10.1186/s12882-025-04576-4","Firuzpour F","2025","Artificial intelligence-driven kidney organ allocation: systematic review of clinical outcome prediction, ethical frameworks, and decision-making algorithms.","BMC nephrology","BMC Nephrol","Journal Article; Systematic Review","Broad Reviews","No",""
"40183181","10.23736/S2724-6051.25.06195-6","Gallo ML","2025","Current applications and future perspectives of artificial intelligence in functional urology and neurourology: how far can we get?","Minerva urology and nephrology","Minerva Urol Nephrol","Journal Article; Review","Broad Reviews","No",""
"40026054","10.1097/MOU.0000000000001272","Ganjavi C","2025","Generative artificial intelligence in oncology.","Current opinion in urology","Curr Opin Urol","Journal Article; Review","Broad Reviews","No",""
"40050880","10.1186/s12894-025-01722-w","Garbas K","2025","Beyond urodynamics: non-invasive approaches to diagnosing detrusor underactivity in men with lower urinary tract symptoms - a systematic review.","BMC urology","BMC Urol","Journal Article; Systematic Review","Broad Reviews","No",""
"40843405","10.4103/ua.ua_88_25","Gradwell LEF","2025","Predictive tools and scoring systems for surgical intervention in antenatal hydronephrosis and pelviureteric junction obstruction: An ATLAS based on comprehensive review of literature.","Urology annals","Urol Ann","Journal Article; Review","Broad Reviews","No",""
"41229580","10.4103/ua.ua_31_25","Gradwell LEF","2025","Atlas of predictive tools and scoring systems for outcomes in patients with posterior urethral valves: A comprehensive review of the literature.","Urology annals","Urol Ann","Journal Article; Review","Broad Reviews","No",""
"41114342","10.3389/fonc.2025.1675459","Gu S","2025","Algorithms on the rise: a machine learning-driven survey of prostate cancer literature.","Frontiers in oncology","Front Oncol","Journal Article; Systematic Review","Broad Reviews","No",""
"41310306","10.1038/s41585-025-01111-w","Guer M","2025","Micro-ultrasound for prostate cancer.","Nature reviews. Urology","Nat Rev Urol","Journal Article; Review","Broad Reviews","No",""
"39970501","10.1016/j.surg.2025.109173","Hatcher AJ","2025","The evolution of surgical skills simulation education: Robotic skills.","Surgery","Surgery","Journal Article; Review","Broad Reviews","No",""
"40114650","10.1097/MOU.0000000000001282","Hershenhouse JS","2025","The advance of artificial intelligence in outpatient urology: current applications and future directions.","Current opinion in urology","Curr Opin Urol","Journal Article; Review","Broad Reviews","No",""
"40745595","10.1186/s12916-025-04274-w","Huo B","2025","Reporting guideline for Chatbot Health Advice studies: the CHART statement.","BMC medicine","BMC Med","Guideline; Journal Article","Broad Reviews","No",""
"40753040","10.1016/j.artmed.2025.103222","Huo B","2025","Reporting guideline for chatbot health advice studies: The CHART statement.","Artificial intelligence in medicine","Artif Intell Med","Guideline; Journal Article","Broad Reviews","No",""
"41409960","10.7759/cureus.96958","Ishtiaq S","2025","Artificial Intelligence as a Tool in the Diagnosis of Bladder Cancer: A Narrative Review.","Cureus","Cureus","Journal Article; Review","Broad Reviews","No",""
"40116665","10.5489/cuaj.9065","Ismail A","2025","Retiring trends The role of artificial intelligence in mitigating the urologist shortage in Canada.","Canadian Urological Association journal = Journal de l'Association des urologues du Canada","Can Urol Assoc J","Journal Article; Review","Broad Reviews","No",""
"39764557","10.1093/hropen/hoae070","Jamalirad H","2025","AI predictive models and advancements in microdissection testicular sperm extraction for non-obstructive azoospermia: a systematic scoping review.","Human reproduction open","Hum Reprod Open","Journal Article; Scoping Review","Broad Reviews","No",""
"41416297","10.7759/cureus.97047","Khalil W","2025","Generative Artificial Intelligence in Urology: Navigating the Frontier of Ethical, Legal, and Clinical Challenges.","Cureus","Cureus","Journal Article; Review","Broad Reviews","No",""
"40104869","10.1097/MOU.0000000000001280","Khawaja Z","2025","Generative artificial intelligence powered chatbots in urology.","Current opinion in urology","Curr Opin Urol","Journal Article; Review","Broad Reviews","No",""
"39304391","10.1016/j.urolonc.2024.08.014","Khene ZE","2025","Prognostic models for predicting oncological outcomes after surgical resection of a nonmetastatic renal cancer: A critical review of current literature.","Urologic oncology","Urol Oncol","Journal Article; Research Support, Non-U.S. Gov't; Review","Broad Reviews","No",""
"39956703","10.1016/j.jpurol.2025.01.035","Khondker A","2025","A living scoping review and online repository of artificial intelligence models in pediatric urology: Results from the AI-PEDURO collaborative.","Journal of pediatric urology","J Pediatr Urol","Journal Article; Scoping Review","Broad Reviews","No",""
"41369719","10.1007/s11934-025-01308-x","Khosla L","2025","Models and Metrics for Medical Education in Urology: Medical Student Education, Resident Education, and Future Directions.","Current urology reports","Curr Urol Rep","Journal Article; Review","Broad Reviews","No",""
"40652109","10.1007/s11701-025-02555-3","Kok Wah JN","2025","AI-driven robotic surgery in oncology: advancing precision, personalization, and patient outcomes.","Journal of robotic surgery","J Robot Surg","Journal Article; Review","Broad Reviews","No",""
"40428881","10.3390/medicina61050923","Kostakopoulos N","2025","Artificial Intelligence and Novel Technologies for the Diagnosis of Upper Tract Urothelial Carcinoma.","Medicina (Kaunas, Lithuania)","Medicina (Kaunas)","Journal Article; Review","Broad Reviews","No",""
"40400999","10.62347/CSIJ8326","Kumar D","2025","Integration of magnetic resonance imaging and deep learning for prostate cancer detection: a systematic review.","American journal of clinical and experimental urology","Am J Clin Exp Urol","Journal Article; Review","Broad Reviews","No",""
"40167778","10.1007/s00345-025-05583-8","Li J","2025","Will artificial intelligence (AI) replace cytopathologists: a scoping review of current applications and evidence of A.I. in urine cytology.","World journal of urology","World J Urol","Journal Article; Scoping Review","Broad Reviews","No",""
"39926279","10.3389/fonc.2025.1516264","Li MY","2025","Digital pathology and artificial intelligence in renal cell carcinoma focusing on feature extraction: a literature review.","Frontiers in oncology","Front Oncol","Journal Article; Systematic Review","Broad Reviews","No",""
"40629505","10.1097/CM9.0000000000003689","Li W","2025","Artificial intelligence in prostate cancer.","Chinese medical journal","Chin Med J (Engl)","Journal Article; Review","Broad Reviews","No",""
"41121112","10.1186/s12894-025-01946-w","Liang B","2025","Deep learning-based approach for sperm morphology analysis.","BMC urology","BMC Urol","Journal Article; Review","Broad Reviews","No",""
"40760134","10.1038/s41598-025-11445-5","Ling C","2025","Diagnostic systematic review and meta-analysis of machine learning in predicting biochemical recurrence of prostate cancer.","Scientific reports","Sci Rep","Journal Article; Meta-Analysis; Systematic Review","Broad Reviews","No",""
"41278308","10.62347/ZTWJ5779","Liu M","2025","Artificial intelligence in prostate cancer: navigating the new frontier of precision uro-oncology.","American journal of clinical and experimental urology","Am J Clin Exp Urol","Journal Article; Review","Broad Reviews","No",""
"40054053","10.1016/j.surg.2025.109263","MacMillan L","2025","What affects operating room turnover time? A systematic review and mapping of the evidence.","Surgery","Surgery","Journal Article; Systematic Review","Broad Reviews","No",""
"40301250","10.1007/978-3-031-82990-1_1","Marinaro J","2025","Current and Future Applications of Artificial Intelligence to Diagnose and Treat Male Infertility.","Advances in experimental medicine and biology","Adv Exp Med Biol","Journal Article; Review","Broad Reviews","No",""
"40066658","10.1097/MOU.0000000000001275","McGee LM","2025","Integration of novel artificial intelligence tools in pediatric urologic practice.","Current opinion in urology","Curr Opin Urol","Journal Article; Review","Broad Reviews","No",""
"40345451","10.1016/j.urology.2025.04.059","McSweeney ST","2025","Artificial Intelligence in the Business of Urology.","Urology","Urology","Journal Article; Review","Broad Reviews","No",""
"40569337","10.1007/s00345-025-05777-0","Minore A","2025","Non-conventional diagnostic tools for lower urinary tract symptoms and bladder outlet obstruction in men: a perspective review.","World journal of urology","World J Urol","Journal Article; Review","Broad Reviews","No",""
"40439363","10.31557/APJCP.2025.26.5.1519","Mohammadi S","2025","Identification of Factors Affecting Prostate Cancer Using Machine Learning Methods: A Systematic Review.","Asian Pacific journal of cancer prevention : APJCP","Asian Pac J Cancer Prev","Journal Article; Systematic Review","Broad Reviews","No",""
"39547898","10.1016/j.euo.2024.11.001","Moliere S","2025","A Systematic Review of the Diagnostic Accuracy of Deep Learning Models for the Automatic Detection, Localization, and Characterization of Clinically Significant Prostate Cancer on Magnetic Resonance Imaging.","European urology oncology","Eur Urol Oncol","Journal Article; Systematic Review","Broad Reviews","No",""
"40423718","10.1007/s00345-025-05706-1","Moulaei K","2025","Applications, benefits, and challenges of adopting teleurology: a scoping review.","World journal of urology","World J Urol","Journal Article; Scoping Review","Broad Reviews","No",""
"40713289","10.1016/j.euf.2025.07.004","Murad L","2025","The Current State of Artificial Intelligence for Benign Prostatic Hyperplasia.","European urology focus","Eur Urol Focus","Journal Article; Review","Broad Reviews","No",""
"41106980","10.1016/j.ucl.2025.07.005","Murad L","2025","Artificial Intelligence in Benign Prostatic Hyperplasia.","The Urologic clinics of North America","Urol Clin North Am","Journal Article; Review","Broad Reviews","No",""
"40316000","10.1016/j.urology.2025.04.044","Murray G","2025","Gender Authorship Among Urology Artificial Intelligence Publications: A 10-Year Retrospective Analysis.","Urology","Urology","Journal Article; Review","Broad Reviews","No",""
"39992554","10.1007/s11934-025-01257-5","Nashed JY","2025","Artificial Intelligence in Andrology: A New Frontier in Male Infertility Diagnosis and Treatment.","Current urology reports","Curr Urol Rep","Journal Article; Review","Broad Reviews","No",""
"40681874","10.1007/s00345-025-05834-8","Nedbal C","2025","Simulation-based training in minimally invasive surgical therapies (MIST): current evidence and future directions for artificial intelligence integration-a systematic review by EAU endourology.","World journal of urology","World J Urol","Journal Article; Systematic Review","Broad Reviews","No",""
"41144029","10.1007/s00345-025-05524-5","Nedbal C","2025","Current utility of artificial intelligence in benign prostate surgery: a review of literature on behalf of the EAU section of endourology.","World journal of urology","World J Urol","Journal Article; Review","Broad Reviews","No",""
"40739419","10.1007/s00464-025-11907-x","Olsen RG","2025","Untangling surgical gesture analysis-are we even speaking the same language? a systematic review.","Surgical endoscopy","Surg Endosc","Journal Article; Systematic Review","Broad Reviews","No",""
"41472921","10.1016/j.prnil.2025.02.002","Paik I","2025","Artificial intelligence-driven digital pathology in urological cancers: current trends and future directions.","Prostate international","Prostate Int","Journal Article; Review","Broad Reviews","No",""
"39945126","10.1097/MOU.0000000000001267","Paluszek O","2025","Artificial intelligence and patient education.","Current opinion in urology","Curr Opin Urol","Journal Article; Review","Broad Reviews","No",""
"40017386","10.1097/MOU.0000000000001274","Panken EJ","2025","Man and machine: exploring the intersection of artificial intelligence and men's health.","Current opinion in urology","Curr Opin Urol","Journal Article; Review","Broad Reviews","No",""
"40876359","10.1016/j.ejso.2025.110412","Pavone M","2025","Image-guided real-time optical biopsy in oncologic surgery: a systematic review of the role of confocal microscopy in the era of digital surgery.","European journal of surgical oncology : the journal of the European Society of Surgical Oncology and the British Association of Surgical Oncology","Eur J Surg Oncol","Journal Article; Systematic Review","Broad Reviews","No",""
"40659882","10.1007/s00120-025-02651-0","Rinderknecht E","2025","[Digital urology : Possible uses for artificial intelligence and digital health applications].","Urologie (Heidelberg, Germany)","Urologie","English Abstract; Journal Article; Review","Broad Reviews","No",""
"40553373","10.1007/s00120-025-02620-7","Rodler S","2025","[Practical artificial intelligence for urology : Technical principles, current application and future implementation of AI in practice].","Urologie (Heidelberg, Germany)","Urologie","English Abstract; Journal Article; Review","Broad Reviews","No",""
"40275551","10.4103/aja20257","Rowaiee R","2025","Recent advances in the management of male infertility.","Asian journal of andrology","Asian J Androl","Journal Article; Review","Broad Reviews","No",""
"41106989","10.1016/j.ucl.2025.07.006","Sandhu JS","2025","Review of Current Guidelines and Innovations in Benign Prostatic Hyperplasia Evaluation and Management.","The Urologic clinics of North America","Urol Clin North Am","Journal Article; Review","Broad Reviews","No",""
"41390951","10.1080/14737140.2025.2604617","Saran Manivasagam S","2025","Integrating artificial intelligence across the bladder cancer continuum: progress, promise, and pitfalls.","Expert review of anticancer therapy","Expert Rev Anticancer Ther","Journal Article; Review","Broad Reviews","No",""
"38982304","10.1038/s41585-024-00904-9","Shkolyar E","2025","Optimizing cystoscopy and TURBT: enhanced imaging and artificial intelligence.","Nature reviews. Urology","Nat Rev Urol","Journal Article; Research Support, N.I.H., Extramural; Research Support, U.S. Gov't, Non-P.H.S.; Review","Broad Reviews","No",""
"40255837","10.7759/cureus.80852","Sriram A","2025","Artificial Intelligence in Medical Education: Transforming Learning and Practice.","Cureus","Cureus","Journal Article; Review","Broad Reviews","No",""
"40439780","10.1007/s11934-025-01277-1","Thompson RAM","2025","Artificial Intelligence Use in Medical Education: Best Practices and Future Directions.","Current urology reports","Curr Urol Rep","Journal Article; Review","Broad Reviews","No",""
"39227277","10.1016/j.beem.2024.101923","Tudos Z","2025","The current and upcoming era of radiomics in phaeochromocytoma and paraganglioma.","Best practice & research. Clinical endocrinology & metabolism","Best Pract Res Clin Endocrinol Metab","Journal Article; Research Support, Non-U.S. Gov't; Review","Broad Reviews","No",""
"40429314","10.3390/jcm14103318","Urso L","2025","The Role of Radiomics and Artificial Intelligence Applied to Staging PSMA PET in Assessing Prostate Cancer Aggressiveness.","Journal of clinical medicine","J Clin Med","Journal Article; Review","Broad Reviews","No",""
"40243377","10.1111/iju.70075","Utsumi T","2025","Development, Validation, and Clinical Utility of a Nomogram for Urological Tumors: How to Build the Best Predictive Model.","International journal of urology : official journal of the Japanese Urological Association","Int J Urol","Journal Article; Review","Broad Reviews","No",""
"40114646","10.1097/MOU.0000000000001278","Verma R","2025","Ethical aspects of artificial intelligence: what urologists need to know.","Current opinion in urology","Curr Opin Urol","Journal Article; Review","Broad Reviews","No",""
"39776281","10.1007/s11701-024-02205-0","Wah JNK","2025","Revolutionizing surgery: AI and robotics for precision, risk reduction, and innovation.","Journal of robotic surgery","J Robot Surg","Journal Article; Systematic Review","Broad Reviews","No",""
"40643724","10.1007/s11934-025-01283-3","Wang VL","2025","Current Applications and Limitations of Augmented Reality in Urological Surgery: A Practical Primer and 'State of the Field'.","Current urology reports","Curr Urol Rep","Journal Article; Review","Broad Reviews","No",""
"40914722","10.1016/j.acra.2025.08.035","Wang Z","2025","AI-driven and Traditional Radiomic Model for Predicting Muscle Invasion in Bladder Cancer via Multi-parametric Imaging: A Systematic Review and Meta-analysis.","Academic radiology","Acad Radiol","Journal Article; Meta-Analysis; Systematic Review","Broad Reviews","No",""
"40402304","10.1007/s00120-025-02619-0","Willaschek T","2025","[Taking digital healthcare to the next level: what practices and clinics need for digitalization!].","Urologie (Heidelberg, Germany)","Urologie","English Abstract; Journal Article; Review","Broad Reviews","No",""
"41158862","10.3389/fonc.2025.1614891","Wu Y","2025","Advances in imaging and artificial intelligence for precision diagnosis and biopsy guidance in prostate cancer.","Frontiers in oncology","Front Oncol","Journal Article; Review","Broad Reviews","No",""
"40221553","10.1245/s10434-025-17228-6","Yang X","2025","Recent Advances in Artificial Intelligence for Precision Diagnosis and Treatment of Bladder Cancer: A Review.","Annals of surgical oncology","Ann Surg Oncol","Journal Article; Review","Broad Reviews","No",""
"40645505","10.1016/j.radonc.2025.111039","Zamboglou C","2025","oDigital pathology biomarkers for guiding radiotherapy-based treatment concepts in prostate cancer - a systematic review and expert consensus.","Radiotherapy and oncology : journal of the European Society for Therapeutic Radiology and Oncology","Radiother Oncol","Consensus Statement; Journal Article; Research Support, Non-U.S. Gov't; Systematic Review","Broad Reviews","No",""
"40620716","10.3389/fonc.2025.1577794","Zheng Y","2025","Application of radiomics-based prediction model to predict preoperative lymph node metastasis in prostate cancer: a systematic review and meta-analysis.","Frontiers in oncology","Front Oncol","Journal Article; Systematic Review","Broad Reviews","No",""
"39505734","10.1007/s00330-024-11160-1","Zhong J","2025","Node-RADS: a systematic review and meta-analysis of diagnostic performance, category-wise malignancy rates, and inter-observer reliability.","European radiology","Eur Radiol","Journal Article; Meta-Analysis; Systematic Review","Broad Reviews","No",""
"40371421","10.5173/ceju.2024.0064","Zwolski M","2025","Review of different convolutional neural networks used in segmentation of prostate during fusion biopsy.","Central European journal of urology","Cent European J Urol","Journal Article; Review","Broad Reviews","No",""
"39734143","10.1016/j.jpurol.2024.12.005","Abbas TO","2025","International consensus on research priorities in hypospadias using a Delphi study approach.","Journal of pediatric urology","J Pediatr Urol","Journal Article","Governance","No",""
"41339469","10.1038/s41746-025-02193-x","Akatsuka J","2025","Clinically informed intermediate reasoning enables generalizable prostate cancer prognostication through machine learning in limited settings.","NPJ digital medicine","NPJ Digit Med","Journal Article","Governance","No",""
"39258420","10.1002/lary.31756","Alapati R","2025","Assessing the Reporting Quality of Machine Learning Algorithms in Head and Neck Oncology.","The Laryngoscope","Laryngoscope","Journal Article","Governance","No",""
"39343658","10.1016/j.urolonc.2024.09.004","Altintas E","2025","Navigating the gray zone: Machine learning can differentiate malignancy in PI-RADS 3 lesions.","Urologic oncology","Urol Oncol","Journal Article","Governance","No",""
"40090974","10.1186/s43046-025-00265-3","Arafa MA","2025","Prediction of prostate biopsy outcomes at different cut-offs of prostate-specific antigen using machine learning: a multicenter study.","Journal of the Egyptian National Cancer Institute","J Egypt Natl Canc Inst","Journal Article; Multicenter Study","Governance","No",""
"39747744","10.1186/s13244-024-01884-5","Arita Y","2025","Multiparametric MRI and artificial intelligence in predicting and monitoring treatment response in bladder cancer.","Insights into imaging","Insights Imaging","Journal Article","Governance","No",""
"40263578","10.1038/s41443-025-01056-z","Bahceci T","2025","Comparative analysis of the effectiveness of microsoft copilot artificial intelligence chatbot and google search in answering patient inquiries about infertility: evaluating readability, understandability, and actionability.","International journal of impotence research","Int J Impot Res","Comparative Study; Journal Article","Governance","No",""
"40281621","10.1186/s12909-025-07202-x","Basaranoglu M","2025","AI-generated questions for urological competency assessment: a prospective educational study.","BMC medical education","BMC Med Educ","Journal Article","Governance","No",""
"40841657","10.1186/s12894-025-01911-7","Basaranoglu M","2025","Artificial intelligence-based prediction of treatment failure and medication non-adherence in overactive bladder management.","BMC urology","BMC Urol","Journal Article","Governance","No",""
"41074935","10.1007/s00345-025-05990-x","Basaranoglu M","2025","From digital assistants to clinical partners: revolutionizing pediatric urology through large language model-powered decision support and patient education.","World journal of urology","World J Urol","Journal Article","Governance","No",""
"40221284","10.1016/j.acra.2025.03.039","Belue MJ","2025","External Validation of an Artificial Intelligence Algorithm Using Biparametric MRI and Its Simulated Integration with Conventional PI-RADS for Prostate Cancer Detection.","Academic radiology","Acad Radiol","Journal Article; Validation Study","Governance","No",""
"40841818","10.1038/s41598-025-16362-1","Bergero MA","2025","Artificial intelligence model for predicting early biochemical recurrence of prostate cancer after robotic-assisted radical prostatectomy.","Scientific reports","Sci Rep","Journal Article","Governance","No",""
"40532198","10.2196/69095","Bisset B","2025","Applications and Outcomes of Telehealth and Integrated Care in Men's Health Urology.","Journal of medical Internet research","J Med Internet Res","Journal Article","Governance","No",""
"39983011","10.1158/1078-0432.CCR-24-3656","Bjartell A","2025","Validation of a Digital Pathology-Based Multimodal Artificial Intelligence Biomarker in a Prospective, Real-World Prostate Cancer Cohort Treated with Prostatectomy.","Clinical cancer research : an official journal of the American Association for Cancer Research","Clin Cancer Res","Journal Article","Governance","No",""
"41382062","10.1186/s12885-025-15363-7","Blondeau A","2025","Sarcopenia measured by artificial intelligence as a predictor of overall survival in localized bladder cancer, a multicenter study.","BMC cancer","BMC Cancer","Journal Article; Multicenter Study","Governance","No",""
"40747475","10.1080/20905998.2024.2381972","Boeri L","2025","Idiopathic male infertility - what are we missing?","Arab journal of urology","Arab J Urol","Journal Article","Governance","No",""
"41221432","10.1002/bco2.70108","Browning L","2025","Exploring patient and clinician opinions, perspectives and acceptance of the use of artificial intelligence in the histological diagnosis of prostate cancer.","BJUI compass","BJUI Compass","Journal Article","Governance","No",""
"40493367","10.1001/jamanetworkopen.2025.14452","Busch F","2025","Multinational Attitudes Toward AI in Health Care and Diagnostics Among Hospital Patients.","JAMA network open","JAMA Netw Open","Journal Article; Research Support, Non-U.S. Gov't","Governance","No",""
"41440224","10.3390/curroncol32120696","Cano I","2025","Readability Optimization of Layperson Summaries in Urological Oncology Clinical Trials: Outcomes from the BRIDGE-AI 8 Study.","Current oncology (Toronto, Ont.)","Curr Oncol","Journal Article","Governance","No",""
"40771241","10.3389/fpubh.2025.1605908","Cao H","2025","Battle of the artificial intelligence: a comprehensive comparative analysis of DeepSeek and ChatGPT for urinary incontinence-related questions.","Frontiers in public health","Front Public Health","Comparative Study; Journal Article","Governance","No",""
"40162930","10.4103/ijpm.ijpm_339_24","Caputo A","2025","Computer-assisted diagnosis to improve diagnostic pathology: A review.","Indian journal of pathology & microbiology","Indian J Pathol Microbiol","Journal Article; Review","Governance","No",""
"39967059","10.1111/bju.16676","Carl N","2025","Evaluating interactions of patients with large language models for medical information.","BJU international","BJU Int","Journal Article","Governance","No",""
"40810905","10.1007/s00345-025-05872-2","Carl N","2025","Patient insights into empathy, compassion and self-disclosure in medical large language models: results from the IPALLM III study.","World journal of urology","World J Urol","Journal Article","Governance","No",""
"40232163","10.23736/S2724-6051.25.06133-6","Cei F","2025","Awareness and use of generative AI-powered tools: results of one-year follow-up prospective cross-sectional global survey.","Minerva urology and nephrology","Minerva Urol Nephrol","Journal Article","Governance","No",""
"39509034","10.1007/s11255-024-04270-8","Chen CC","2025","Artificial intelligence algorithms enhance urine cytology reporting confidence in postoperative follow-up for upper urinary tract urothelial carcinoma.","International urology and nephrology","Int Urol Nephrol","Journal Article","Governance","No",""
"40421957","10.1093/oncolo/oyaf112","Chen D","2025","Concordance with SPIRIT-AI guidelines in reporting of randomized controlled trial protocols investigating artificial intelligence in oncology: a systematic review.","The oncologist","Oncologist","Journal Article; Systematic Review","Governance","No",""
"40923022","10.1136/bmjonc-2025-000733","Chen D","2025","Concordance with CONSORT-AI guidelines in reporting of randomised controlled trials investigating artificial intelligence in oncology: a systematic review.","BMJ oncology","BMJ Oncol","Journal Article","Governance","No",""
"40055071","10.1016/j.urolonc.2025.02.009","Chen F","2025","Molecular testing in urinary cytology specimens: Current status and future directions.","Urologic oncology","Urol Oncol","Journal Article; Review","Governance","No",""
"39953261","10.1007/s10278-025-01438-1","Chen G","2025","Automated Grading of Vesicoureteral Reflux (VUR) Using a Dual-Stream CNN Model with Deep Supervision.","Journal of imaging informatics in medicine","J Imaging Inform Med","Journal Article","Governance","No",""
"40304828","10.1007/s11701-025-02340-2","Chen W","2025","Pioneering AI-guided fluorescence-like navigation in urological surgery: real-time ureter segmentation during robot-assisted radical cystectomy using convolutional neural network.","Journal of robotic surgery","J Robot Surg","Journal Article","Governance","No",""
"41377844","10.3389/frai.2025.1678292","Chen X","2025","Explainable machine learning to predict postoperative ileus after radical cystectomy: an 11-year real-world cohort.","Frontiers in artificial intelligence","Front Artif Intell","Journal Article","Governance","No",""
"41228295","10.3390/cancers17213503","Ciccone V","2025","Improving Early Prostate Cancer Detection Through Artificial Intelligence: Evidence from a Systematic Review.","Cancers","Cancers (Basel)","Journal Article; Review","Governance","No",""
"41117971","10.1007/s00345-025-05978-7","Cinar NB","2025","Evaluation of inflammatory markers in survival analysis of patients undergoing radical cystectomy using machine learning.","World journal of urology","World J Urol","Journal Article","Governance","No",""
"40739973","10.12771/emj.2025.00668","Collins GS","2025","TRIPOD+AI statement: updated guidance for reporting clinical prediction models that use regression or machine learning methods: a Korean translation.","Ewha medical journal","Ewha Med J","Guideline; Journal Article","Governance","No",""
"40698358","10.1016/j.jlb.2025.100310","Crocetto F","2025","Liquid Biopsy: Current advancements in clinical practice for bladder cancer.","The journal of liquid biopsy","J Liq Biopsy","Journal Article; Review","Governance","No",""
"41179687","10.3389/fonc.2025.1656244","Cui Z","2025","CT-based deep learning for preoperative prediction of pathological grading of renal clear cell carcinoma.","Frontiers in oncology","Front Oncol","Journal Article","Governance","No",""
"40901472","10.3389/fimmu.2025.1467357","Dai Q","2025","Tumor associated neutrophils promote prostate cancer progression by mediating neutrophil trap secretion through PSMA1- NF-kappaB-HIF-1alpha signaling axis.","Frontiers in immunology","Front Immunol","Journal Article","Governance","No",""
"41374949","10.3390/cancers17233747","Dorado CQ","2025","Redefining Prostate Cancer Precision: Radiogenomics, Theragnostics, and AI-Driven Biomarkers.","Cancers","Cancers (Basel)","Journal Article; Review","Governance","No",""
"39470660","10.5489/cuaj.8870","Elterman D","2025","Evaluation of proudP A sound-based approach to uroflowmetry.","Canadian Urological Association journal = Journal de l'Association des urologues du Canada","Can Urol Assoc J","Journal Article","Governance","No",""
"40240642","10.1007/s11547-025-02003-0","Engel H","2025","Diagnostic performance of a fully automated AI algorithm for lesion detection and PI-RADS classification in patients with suspected prostate cancer.","La Radiologia medica","Radiol Med","Journal Article","Governance","No",""
"40646490","10.1186/s12911-025-03098-1","Engesser C","2025","Accompanying the prostate cancer patient pathway: evaluation of novel clinical decision support software in patients with early diagnosis of prostate cancer.","BMC medical informatics and decision making","BMC Med Inform Decis Mak","Journal Article","Governance","No",""
"40775975","10.3233/SHTI250957","Fan Z","2025","Predicting Nephrectomy Risk in Patients with Renal Cancer Using Real-World Electronic Health Records.","Studies in health technology and informatics","Stud Health Technol Inform","Journal Article","Governance","No",""
"41113971","10.62347/GLJC3405","Fang H","2025","Prediction of pediatric Wilms tumor recurrence using interpretable machine learning models: insights from a 20-year real-world study and the prognostic value of Ki-67.","American journal of cancer research","Am J Cancer Res","Journal Article","Governance","No",""
"41284104","10.1007/s00345-025-06104-3","Faraj S","2025","Artificial intelligence chatbots vs. YPUC pediatric urologists: performance on a Campbell Walsh urology hypospadiology questionnaire.","World journal of urology","World J Urol","Comparative Study; Journal Article","Governance","No",""
"41079030","10.1016/j.eclinm.2025.103498","Feng X","2025","End-to-end deep learning model for the diagnosis and segmentation of primary retroperitoneal neoplasm: a multicenter cohort study.","EClinicalMedicine","EClinicalMedicine","Journal Article","Governance","No",""
"40712901","10.1016/j.critrevonc.2025.104862","Ferro M","2025","Emerging biomarkers in bladder cancer: Translating molecular advances into precision oncology.","Critical reviews in oncology/hematology","Crit Rev Oncol Hematol","Journal Article; Review","Governance","No",""
"40952146","10.1080/19396368.2025.2551006","Filiponi M","2025","Navigating male infertility through testicular biopsy: outcomes, predictive parameters, and surgical innovation.","Systems biology in reproductive medicine","Syst Biol Reprod Med","Journal Article; Review","Governance","No",""
"40036728","10.1200/CCI-24-00193","Flach RN","2025","Prospective Clinical Implementation of Paige Prostate Detect Artificial Intelligence Assistance in the Detection of Prostate Cancer in Prostate Biopsies: CONFIDENT P Trial Implementation of Artificial Intelligence Assistance in Prostate Cancer Detection.","JCO clinical cancer informatics","JCO Clin Cancer Inform","Journal Article","Governance","Yes","Prostate digital pathology"
"41111869","10.7759/cureus.92571","Frutuoso J","2025","Building a Safe and Transparent Workflow for Large Language Model (LLM)-Assisted Clinical Trials and Prediction Models: A Technical Report.","Cureus","Cureus","Journal Article","Governance","No",""
"41381961","10.1007/s00345-025-06134-x","Gadzhiev N","2025","Smartphone-AI videouroflowmetry evaluation (SAVE study): a concordance study with standard uroflowmetry.","World journal of urology","World J Urol","Journal Article","Governance","No",""
"40418294","10.1007/s11934-025-01276-2","Gavi F","2025","Multiomics in Renal Cell Carcinoma: Current Landscape and Future Directions for Precision Medicine.","Current urology reports","Curr Urol Rep","Journal Article; Review","Governance","No",""
"40830988","10.1186/s40644-025-00916-7","Glemser PA","2025","Improving risk stratification of PI-RADS 3 + 1 lesions of the peripheral zone: expert lexicon of terms, multi-reader performance and contribution of artificial intelligence.","Cancer imaging : the official publication of the International Cancer Imaging Society","Cancer Imaging","Journal Article","Governance","No",""
"41449174","10.1038/s41598-025-32334-x","Goh H","2025","Prostate cancer diagnosis using sensitive and sophisticated machine learning classifiers based on non-invasive urinary RNA biomarkers (PCASSO).","Scientific reports","Sci Rep","Journal Article","Governance","No",""
"41385037","10.1007/s11255-025-04953-w","Grizzi F","2025","Multifactor machine learning models for predicting urinary tract infections: a pilot study.","International urology and nephrology","Int Urol Nephrol","Journal Article","Governance","No",""
"41349639","10.1016/j.fjurol.2025.103062","Gumus K","2025","Evaluating AI chatbots in enuresis nocturna information: A comparative analysis of readability, reliability and quality.","The French journal of urology","Fr J Urol","Journal Article","Governance","No",""
"40158093","10.1186/s12894-025-01740-8","Guo L","2025","Diagnostic performance of advanced large language models in cystoscopy: evidence from a retrospective study and clinical cases.","BMC urology","BMC Urol","Journal Article","Governance","No",""
"40312898","10.4111/icu.20250040","Hacibey I","2025","Assessment of artificial intelligence performance in answering questions on onabotulinum toxin and sacral neuromodulation.","Investigative and clinical urology","Investig Clin Urol","Journal Article","Governance","No",""
"40998194","10.1016/j.canlet.2025.218059","Hammouda K","2025","AI-informed computational pathology classifier predicts outcomes across treatment modalities in muscle-invasive urothelial carcinoma.","Cancer letters","Cancer Lett","Journal Article","Governance","No",""
"41049816","10.1016/j.ajur.2024.09.009","Han F","2025","Optimized graph neural network-multilayer perceptron fusion classifier for metastatic prostate cancer detection in Western and Asian populations.","Asian journal of urology","Asian J Urol","Journal Article","Governance","No",""
"39881216","10.1186/s12885-025-13582-6","Han JH","2025","Fully automated segmentation and classification of renal tumors on CT scans via machine learning.","BMC cancer","BMC Cancer","Journal Article","Governance","No",""
"41039477","10.1186/s12909-025-07965-3","He Y","2025","AI-assisted diagnosis of renal cell carcinoma: educational needs and cognitive assessment based on the WHO classification 2022.","BMC medical education","BMC Med Educ","Journal Article","Governance","No",""
"40627160","10.1007/s00259-025-07426-5","Hein SP","2025","AI lesion tracking in PET/CT imaging: a proposal for a Siamese-based CNN pipeline applied to PSMA PET/CT scans.","European journal of nuclear medicine and molecular imaging","Eur J Nucl Med Mol Imaging","Journal Article","Governance","No",""
"41370833","10.2196/80247","Holst D","2025","Transparent Reporting of AI in Systematic Literature Reviews: Development of the PRISMA-trAIce Checklist.","JMIR AI","JMIR AI","Journal Article","Governance","No",""
"39799356","10.1186/s12909-024-06321-1","Hui Z","2025","Application of ChatGPT-assisted problem-based learning teaching method in clinical medical education.","BMC medical education","BMC Med Educ","Journal Article; Randomized Controlled Trial","Governance","No",""
"40747871","10.1001/jamanetworkopen.2025.30220","Huo B","2025","Reporting Guideline for Chatbot Health Advice Studies: The CHART Statement.","JAMA network open","JAMA Netw Open","Journal Article","Governance","No",""
"41203886","10.1038/s41746-025-02113-z","Huo B","2025","Reporting guidelines for studies involving generative artificial intelligence applications: what do I use, and when?","NPJ digital medicine","NPJ Digit Med","Letter","Governance","No",""
"40377592","","Izmailova A A","2025","[Usage of artificial intelligence in the clinical practice of urologists in observations with renal parenchymal neoplasms].","Urologiia (Moscow, Russia : 1999)","Urologiia","English Abstract; Journal Article","Governance","No",""
"40175990","10.1186/s12894-025-01736-4","Jager A","2025","Development and validation of a framework for registration of whole-mount radical prostatectomy histopathology with three-dimensional transrectal ultrasound.","BMC urology","BMC Urol","Journal Article; Validation Study","Governance","No",""
"39535999","10.1021/acssensors.4c02073","Jian Y","2025","TC-Sniffer: A Transformer-CNN Bibranch Framework Leveraging Auxiliary VOCs for Few-Shot UBC Diagnosis via Electronic Noses.","ACS sensors","ACS Sens","Journal Article; Research Support, Non-U.S. Gov't","Governance","No",""
"40183953","10.1007/s00259-025-07248-5","Jiang J","2025","Interpretable multimodal deep learning model for predicting post-surgical international society of urological pathology grade in primary prostate cancer.","European journal of nuclear medicine and molecular imaging","Eur J Nucl Med Mol Imaging","Journal Article","Governance","No",""
"39804478","10.1007/s00345-024-05423-1","Kaiser P","2025","The interaction of structured data using openEHR and large Language models for clinical decision support in prostate cancer.","World journal of urology","World J Urol","Journal Article","Governance","No",""
"40011809","10.1186/s12880-025-01606-3","Kan HC","2025","Using deep learning to differentiate among histology renal tumor types in computed tomography scans.","BMC medical imaging","BMC Med Imaging","Journal Article","Governance","No",""
"40462792","10.7759/cureus.83389","Kato J","2025","Efficacy, Satisfaction, and Safety of Low-Intensity, Large-Area Shock Wave Therapy With Dual-Probe Energy Delivery for Erectile Dysfunction.","Cureus","Cureus","Journal Article","Governance","No",""
"40940944","10.3390/cancers17172847","Katsimperis S","2025","Single-Port vs. Multi-Port Robotic Surgery in Urologic Oncology: A Comparative Analysis of Current Evidence and Future Directions.","Cancers","Cancers (Basel)","Journal Article; Review","Governance","No",""
"41095855","10.3390/jcm14196775","Katsimperis S","2025","Beyond Da Vinci: Comparative Review of Next-Generation Robotic Platforms in Urologic Surgery.","Journal of clinical medicine","J Clin Med","Journal Article; Review","Governance","No",""
"40706197","10.1016/j.ijmedinf.2025.106046","Kazlouski A","2025","Towards practical federated learning and evaluation for medical prediction models.","International journal of medical informatics","Int J Med Inform","Journal Article","Governance","No",""
"39424499","10.1016/j.jpurol.2024.10.003","Khondker A","2025","AI-PEDURO - Artificial intelligence in pediatric urology: Protocol for a living scoping review and online repository.","Journal of pediatric urology","J Pediatr Urol","Journal Article","Governance","No",""
"39937033","10.4274/dir.2025.243182","Kocak B","2025","Adherence to the Checklist for Artificial Intelligence in Medical Imaging (CLAIM): an umbrella review with a comprehensive two-level analysis.","Diagnostic and interventional radiology (Ankara, Turkey)","Diagn Interv Radiol","Journal Article","Governance","No",""
"39962886","10.1097/MOU.0000000000001268","Koett M","2025","Redefining prostate cancer care: innovations and future directions in active surveillance.","Current opinion in urology","Curr Opin Urol","Journal Article; Review","Governance","No",""
"39871591","10.1093/ejendo/lvae162","Kong J","2025","More than meets the eye: predicting adrenocortical carcinoma outcomes with pathomics.","European journal of endocrinology","Eur J Endocrinol","Journal Article","Governance","No",""
"40923021","10.1136/bmjonc-2025-000891","Kwong JCC","2025","Five years after CONSORT-AI, not much has changed: a call to action for artificial intelligence research in oncology.","BMJ oncology","BMJ Oncol","Editorial","Governance","No",""
"40144691","10.1016/j.eclinm.2025.103146","Lai C","2025","Development and validation of a deep learning-based automated computed tomography image segmentation and diagnostic model for infectious hydronephrosis: a retrospective multicentre cohort study.","EClinicalMedicine","EClinicalMedicine","Journal Article","Governance","No",""
"39909534","10.1136/bmj-2024-081554","Lekadir K","2025","FUTURE-AI: international consensus guideline for trustworthy and deployable artificial intelligence in healthcare.","BMJ (Clinical research ed.)","BMJ","Journal Article","Governance","No",""
"40790928","10.1002/mp.18025","Lenfant L","2025","Defining ground truth for prostate segmentation of transrectal ultrasound images: Inter- and intra-observer variability of manual versus semi-automatic methods.","Medical physics","Med Phys","Comparative Study; Journal Article","Governance","No",""
"41035662","10.3389/fonc.2025.1559887","Li T","2025","Machine learning-based analysis identifies glucose metabolism-related genes ADPGK as potential diagnostic biomarkers for clear cell renal cell carcinoma.","Frontiers in oncology","Front Oncol","Journal Article","Governance","No",""
"40380110","10.1186/s12880-025-01715-z","Li X","2025","A CT-based intratumoral and peritumoral radiomics nomogram for postoperative recurrence risk stratification in localized clear cell renal cell carcinoma.","BMC medical imaging","BMC Med Imaging","Journal Article; Multicenter Study; Randomized Controlled Trial","Governance","No",""
"40148907","10.1186/s40001-025-02480-z","Liu K","2025","Detection of sperm DNA damage in male infertility patients and evaluation of Levocarnitine efficacy using sperm chromatin diffusion (SCD) and AI-DFI methods: a cross-sectional study.","European journal of medical research","Eur J Med Res","Journal Article","Governance","No",""
"41114364","10.3389/fonc.2025.1661695","Liu Z","2025","Interpretable machine learning models based on multi-dimensional fusion data for predicting positive surgical margins in robot-assisted radical prostatectomy: a retrospective study.","Frontiers in oncology","Front Oncol","Journal Article","Governance","No",""
"39935008","10.2196/57231","Lopes J","2025","Enhancing Surgery Scheduling in Health Care Settings With Metaheuristic Optimization Models: Algorithm Validation Study.","JMIR medical informatics","JMIR Med Inform","Journal Article; Validation Study","Governance","No",""
"40587587","10.3791/68083","Lough L","2025","Detection and Isolation of Cancer in Prostate Biopsies Using Stimulated Raman Histology and Artificial Intelligence.","Journal of visualized experiments : JoVE","J Vis Exp","Journal Article; Video-Audio Media","Governance","No",""
"41004321","10.2196/72412","Luo X","2025","Using Large Language Models to Assess the Consistency of Randomized Controlled Trials on AI Interventions With CONSORT-AI: Cross-Sectional Survey.","Journal of medical Internet research","J Med Internet Res","Journal Article","Governance","No",""
"41121083","10.1186/s12885-025-14828-z","Maroto JP","2025","Real-world evidence in localized and locally advanced prostate cancer: applying artificial intelligence to electronic health records.","BMC cancer","BMC Cancer","Journal Article","Governance","No",""
"40448800","10.1007/s11548-025-03383-4","Mezzina M","2025","Surgeons versus computer vision: a comparative analysis on surgical phase recognition capabilities.","International journal of computer assisted radiology and surgery","Int J Comput Assist Radiol Surg","Comparative Study; Journal Article","Governance","No",""
"41024245","10.1186/s40644-025-00938-1","Min K","2025","Precision medicine in prostate cancer: individualized treatment through radiomics, genomics, and biomarkers.","Cancer imaging : the official publication of the International Cancer Imaging Society","Cancer Imaging","Journal Article; Review","Governance","No",""
"40623883","10.1136/bmjopen-2024-097591","Mulliqi N","2025","Development and retrospective validation of an artificial intelligence system for diagnostic assessment of prostate biopsies: study protocol.","BMJ open","BMJ Open","Journal Article; Validation Study","Governance","No",""
"39853655","10.1007/s13304-025-02106-3","Nabata KJ","2025","Evaluating human ability to distinguish between ChatGPT-generated and original scientific abstracts.","Updates in surgery","Updates Surg","Journal Article; Observational Study","Governance","No",""
"41262209","10.1049/htl2.70026","Naderian S","2025","A Systematic Review of Artificial Intelligence-Based Clinical Decision Support Systems in Prostate Cancer Management.","Healthcare technology letters","Healthc Technol Lett","Journal Article; Review","Governance","No",""
"40067913","10.1097/UPJ.0000000000000808","Nazzal EM","2025","Use and Usefulness of Risk Prediction Tools in Urologic Surgery: Current State and Path Forward.","Urology practice","Urol Pract","Journal Article; Research Support, N.I.H., Extramural; Research Support, Non-U.S. Gov't","Governance","No",""
"40854776","10.3760/cma.j.cn112338-20241105-00692","Niu B","2025","[Interpretation of the Updated Guidance for Reporting Clinical Prediction Models that Use Regression or Machine Learning Methods].","Zhonghua liu xing bing xue za zhi = Zhonghua liuxingbingxue zazhi","Zhonghua Liu Xing Bing Xue Za Zhi","English Abstract; Journal Article","Governance","No",""
"41384684","10.1002/nau.70178","Ockrim J","2025","What Evidence Do We Need From Objective and Subjective Outcomes in Order to Recommend Specific Operative Procedures for Men to Relieve BPO and Women With SUI? ICI-RS 2025.","Neurourology and urodynamics","Neurourol Urodyn","Journal Article; Review","Governance","No",""
"40887115","10.1136/bmjopen-2024-090422","Ofagbor O","2025","Utilisation of artificial intelligence to enhance the detection rates of renal cancer on cross-sectional imaging: protocol for a systematic review and meta-analysis.","BMJ open","BMJ Open","Journal Article","Governance","No",""
"40282460","10.3390/cancers17081283","Oyaert M","2025","Novel Urinary Biomarkers for the Detection of Bladder Cancer.","Cancers","Cancers (Basel)","Journal Article; Review","Governance","No",""
"41322957","10.1016/j.euros.2025.10.022","Ozkan A","2025","Validation of Artificial Intelligence-enhanced Stimulated Raman Histopathology for Intraoperative Margin Assessment During Robot-assisted Radical Prostatectomy: Preliminary Results from the ROBOSPEC Study.","European urology open science","Eur Urol Open Sci","Journal Article","Governance","No",""
"41278054","10.7759/cureus.97486","Patel T","2025","From Pen to Portal: Using Artificial Intelligence to Evaluate the Impact of Electronic Patient Information and Communication (EPIC) on the Quality of Urology Clinic Letters at a Major London Hospital.","Cureus","Cureus","Journal Article","Governance","No",""
"41202191","10.1200/CCI-25-00086","Persily J","2025","Development, External Validation, and Deployment of RFAN-ML: A Machine Learning Model to Estimate Renal Function After Nephrectomy.","JCO clinical cancer informatics","JCO Clin Cancer Inform","Journal Article; Validation Study","Governance","No",""
"40379137","10.1016/j.idnow.2025.105090","Pinto A","2025","Evaluating the impact of artificial intelligence in antimicrobial stewardship: a comparative meta-analysis with traditional risk scoring systems.","Infectious diseases now","Infect Dis Now","Comparative Study; Journal Article; Meta-Analysis; Systematic Review","Governance","No",""
"38871841","10.1038/s41391-024-00847-7","Puerto Nino AK","2025","Can ChatGPT provide high-quality patient information on male lower urinary tract symptoms suggestive of benign prostate enlargement?","Prostate cancer and prostatic diseases","Prostate Cancer Prostatic Dis","Journal Article","Governance","No",""
"40474054","10.1186/s12880-025-01741-x","Qu J","2025","Development and validation of a CT algorithm based on intratumoral necrosis and tumor morphology to predict the nuclear grade of small (2-4 cm) solid clear cell renal cell carcinoma.","BMC medical imaging","BMC Med Imaging","Journal Article; Validation Study","Governance","No",""
"39179437","10.1016/j.urolonc.2024.08.002","Ramacciotti LS","2025","The learning curve for transperineal MRI/TRUS fusion prostate biopsy: A prospective evaluation of a stepwise approach.","Urologic oncology","Urol Oncol","Journal Article","Governance","No",""
"41381251","10.1016/j.euo.2025.11.016","Rinderknecht E","2025","Benchmarking Large Language Models Against Multidisciplinary Tumor Boards in Urological Oncology: Results from the Blinded, Prospective CONCORDIA Study.","European urology oncology","Eur Urol Oncol","Journal Article","Governance","No",""
"40465696","10.1371/journal.pone.0324175","Rodler S","2025","GPT-4 generates accurate and readable patient education materials aligned with current oncological guidelines: A randomized assessment.","PloS one","PLoS One","Journal Article; Randomized Controlled Trial","Governance","No",""
"41412890","10.1016/j.euf.2025.12.007","Roessler N","2025","Harnessing Artificial Intelligence for Risk Stratification and Outcome Prediction in Urologic Cancers: A Systematic Review.","European urology focus","Eur Urol Focus","Journal Article; Review","Governance","No",""
"40877457","10.1186/s13550-025-01312-9","Ruhwedel T","2025","AI-driven body composition monitoring and its prognostic role in mCRPC undergoing lutetium-177 PSMA radioligand therapy: insights from a retrospective single-center analysis.","EJNMMI research","EJNMMI Res","Journal Article","Governance","No",""
"40332649","10.1007/s11547-025-02017-8","Russo T","2025","The added value of artificial intelligence using Quantib Prostate for the detection of prostate cancer at multiparametric magnetic resonance imaging.","La Radiologia medica","Radiol Med","Journal Article; Observational Study","Governance","No",""
"41258614","10.1007/s11764-025-01921-2","Sahin MF","2025","What do the current popular artificial intelligence chatbots offer us regarding patient information? Comparison of responses from the ten most popular chatbots about bladder cancer.","Journal of cancer survivorship : research and practice","J Cancer Surviv","Journal Article","Governance","No",""
"41008894","10.3390/cancers17183053","Santarelli V","2025","Latest Advancements and Future Directions in Prostate Cancer Surgery: Reducing Invasiveness and Expanding Indications.","Cancers","Cancers (Basel)","Journal Article; Review","Governance","No",""
"40288021","10.1016/j.saa.2025.126274","Sarkees E","2025","Evaluation of the diagnostic potential of Fourier transform-infrared spectroscopy on urine for urothelial bladder cancer: an in-hospital field study.","Spectrochimica acta. Part A, Molecular and biomolecular spectroscopy","Spectrochim Acta A Mol Biomol Spectrosc","Journal Article","Governance","No",""
"39812861","10.1007/s00423-024-03598-0","Sato K","2025","Objective surgical skill assessment based on automatic recognition of dissection and exposure times in robot-assisted radical prostatectomy.","Langenbeck's archives of surgery","Langenbecks Arch Surg","Journal Article; Multicenter Study","Governance","No",""
"40506189","10.1016/j.gerinurse.2025.103384","Sayabalian A","2025","Artificial Intelligence in Assisted Living and Memory Care: Enhancing Care or Increasing Exposure?","Geriatric nursing (New York, N.Y.)","Geriatr Nurs","Editorial","Governance","No",""
"40709669","10.1002/advs.202508977","Shen R","2025","Artificial Intelligence-Assisted Urine Cytology for Noninvasive Detection of Muscle-Invasive Urothelial Carcinoma: A Multi-Center Diagnostic Study with Prospective Validation.","Advanced science (Weinheim, Baden-Wurttemberg, Germany)","Adv Sci (Weinh)","Journal Article; Multicenter Study; Validation Study","Governance","No",""
"41466327","10.1186/s40644-025-00961-2","Shengfa L","2025","CT-based AI score associates with perioperative outcomes in nephron-sparing surgery for renal cell carcinoma.","Cancer imaging : the official publication of the International Cancer Imaging Society","Cancer Imaging","Journal Article","Governance","No",""
"40619425","10.1186/s40779-025-00621-3","Shi MJ","2025","Performance of GPT-4 for automated prostate biopsy decision-making based on mpMRI: a multi-center evidence study.","Military Medical Research","Mil Med Res","Journal Article; Multicenter Study","Governance","No",""
"40830224","10.1038/s41598-025-99754-7","Singh S","2025","Integrating miRNA profiling and machine learning for improved prostate cancer diagnosis.","Scientific reports","Sci Rep","Journal Article","Governance","No",""
"41268028","10.7759/cureus.97176","Singh S","2025","Effect of TRIPOD+AI Guidelines on the Reporting Quality of Artificial Intelligence Prediction Models in Orthopaedic Surgery: An 18-Month Bibliometric Study.","Cureus","Cureus","Journal Article; Review","Governance","No",""
"40297817","10.3389/fonc.2025.1555247","Smiley A","2025","Methodological and reporting quality of machine learning studies on cancer diagnosis, treatment, and prognosis.","Frontiers in oncology","Front Oncol","Journal Article; Review","Governance","No",""
"41193866","10.1038/s41443-025-01200-9","Sokmen D","2025","Artificial intelligence meets medical rarity: evaluating ChatGPT's responses on post-orgasmic illness syndrome.","International journal of impotence research","Int J Impot Res","Journal Article","Governance","No",""
"40958684","10.1177/08927790251379460","Solano C","2025","Integration of Generative Artificial Intelligence into Urological Practice: A Cross-Sectional Survey Analysis from the EAU Endourology.","Journal of endourology","J Endourol","Journal Article","Governance","No",""
"40954311","10.1038/s41591-025-03953-8","Sounderajah V","2025","The STARD-AI reporting guideline for diagnostic accuracy studies using artificial intelligence.","Nature medicine","Nat Med","Journal Article; Review","Governance","No",""
"40800089","10.21037/tau-2025-400","Tang H","2025","Automatic segmentation of clear cell renal cell carcinoma based on deep learning and a preliminary exploration of the tumor microenvironment.","Translational andrology and urology","Transl Androl Urol","Journal Article","Governance","No",""
"41388186","10.1038/s41391-025-01060-w","Tun HM","2025","Artificial Intelligence (AI)-based tools in the diagnosis and management of prostate cancer: a systematic review and meta-analysis.","Prostate cancer and prostatic diseases","Prostate Cancer Prostatic Dis","Journal Article; Review","Governance","No",""
"41259800","10.2196/78393","Tung JYM","2025","Performance of Retrieval-Augmented Generation Large Language Models in Guideline-Concordant Prostate-Specific Antigen Testing: Comparative Study With Junior Clinicians.","Journal of medical Internet research","J Med Internet Res","Comparative Study; Journal Article","Governance","No",""
"41339223","10.56434/j.arch.esp.urol.20257809.152","Ulutas KT","2025","Assessing ChatGPT on Male HPV Disorders: Repeated Assessments of Urological and Dermatological Accuracy Using Evidence-Based Guidelines.","Archivos espanoles de urologia","Arch Esp Urol","Journal Article","Governance","No",""
"40929720","10.2196/65811","Wahyudi I","2025","Deep Learning-Based Pattern Recognition for Detecting Penile Abnormalities: Protocol for Developing a Mobile App for Circumcision Eligibility.","JMIR research protocols","JMIR Res Protoc","Journal Article","Governance","No",""
"41248462","10.2196/68573","Wang L","2025","Application of Narrative and AI-Assisted Follow-Up After Voluntary Medical Male Circumcision: Multicenter, Double-Blind, Prospective, Randomized Controlled Trial.","Journal of medical Internet research","J Med Internet Res","Journal Article; Multicenter Study; Randomized Controlled Trial","Governance","No",""
"40696357","10.1186/s12957-025-03948-2","Wang X","2025","Harnessing organoid technology in urological cancer: advances and applications in urinary system tumors.","World journal of surgical oncology","World J Surg Oncol","Journal Article; Review","Governance","No",""
"40192862","10.1186/s13244-025-01959-x","Wang Y","2025","AI-based automatic estimation of single-kidney glomerular filtration rate and split renal function using non-contrast CT.","Insights into imaging","Insights Imaging","Journal Article","Governance","No",""
"41421980","10.1186/s12911-025-03314-y","Wang Z","2025","Leveraging laboratory biomarkers to predict urosepsis after upper urinary tract stone surgery: an explainable machine learning approach.","BMC medical informatics and decision making","BMC Med Inform Decis Mak","Journal Article","Governance","No",""
"39948585","10.1186/s12885-025-13622-1","Wegener E","2025","A multicentre implementation trial of an Artificial Intelligence-driven biomarker to inform Shared decisions for androgen deprivation therapy in men undergoing prostate radiotherapy: the ASTuTE protocol.","BMC cancer","BMC Cancer","Clinical Trial Protocol; Journal Article","Governance","No",""
"39710428","10.1111/bju.16626","Werneburg GT","2025","External validation of predictive models for antibiotic susceptibility of urine culture.","BJU international","BJU Int","Journal Article; Validation Study","Governance","No",""
"41229180","10.1002/nau.70186","Werneburg GT","2025","What Is Required for AI to Improve the Assessment and Treatment of Patients With Lower Urinary Tract Dysfunction? ICI-RS 2025.","Neurourology and urodynamics","Neurourol Urodyn","Journal Article","Governance","No",""
"39687669","10.1016/j.lanepe.2024.101145","Wilhelm C","2025","Benefits and harms associated with the use of AI-related algorithmic decision-making systems by healthcare professionals: a systematic review.","The Lancet regional health. Europe","Lancet Reg Health Eur","Journal Article","Governance","No",""
"41177875","10.1186/s40001-025-03426-1","Xie W","2025","An innovative approach for predicting prostate cancer Gleason grading: machine learning-based fusion of multimodal ultrasound, clinical and laboratory indicators.","European journal of medical research","Eur J Med Res","Journal Article","Governance","No",""
"40863454","10.3390/jpm15080392","Yang J","2025","Comparison Between the Human-Sourced Ellipsoid Method and Kidney Volumetry Using Artificial Intelligence in Polycystic Kidney Disease.","Journal of personalized medicine","J Pers Med","Journal Article","Governance","No",""
"40050483","10.1245/s10434-025-17015-3","Ye Z","2025","Leveraging Deep Learning in Real-Time Intelligent Bladder Tumor Detection During Cystoscopy: A Diagnostic Study.","Annals of surgical oncology","Ann Surg Oncol","Journal Article","Governance","No",""
"40911140","10.1007/s11701-025-02723-5","Yu W","2025","Interpretable machine learning model predicts 1-year inguinal hernia risk after robot-assisted radical prostatectomy.","Journal of robotic surgery","J Robot Surg","Journal Article","Governance","No",""
"40804076","10.1038/s41598-025-09989-7","Zhang KS","2025","In vivo variability of MRI radiomics features in prostate lesions assessed by a test-retest study with repositioning.","Scientific reports","Sci Rep","Journal Article","Governance","No",""
"41258601","10.1007/s12672-025-04030-9","Zhong M","2025","Prediction of bone or lung metastasis in prostate cancer using machine learning: a SEER-based study with external validation.","Discover oncology","Discov Oncol","Journal Article","Governance","No",""
"40761518","10.1136/bmjmed-2025-001632","","2025","Reporting guideline for chatbot health advice studies: the Chatbot Assessment Reporting Tool (CHART) statement.","BMJ medicine","BMJ Med","Journal Article","Governance","No",""
"40514273","10.1016/j.jpurol.2025.05.030","'t Hoen LA","2025","Annual updates of the European Association of Urology - European Society for Pediatric Urology (EAU-ESPU) paediatric urology guidelines: Are large-language models (LLM) better than the usual structured methodology?","Journal of pediatric urology","J Pediatr Urol","Journal Article","LLMs & GenAI","No",""
"39939234","10.1016/j.jpurol.2025.01.026","Adriansyah IA","2025","Evaluating the utility of ChatGPT in enhancing parental education and clinical support in hypospadias care.","Journal of pediatric urology","J Pediatr Urol","Journal Article","LLMs & GenAI","No",""
"40652730","10.1016/j.jss.2025.06.026","Ahmed HS","2025","Evaluating the Performance of Large Language Models on Multispecialty FRCS Section 1 Questions.","The Journal of surgical research","J Surg Res","Evaluation Study; Journal Article","LLMs & GenAI","No",""
"41406331","10.5489/cuaj.9302","Ahmet H","2025","Comparative assessment of AI models in addressing questions on priapism: An evaluation of response quality and clinical utility.","Canadian Urological Association journal = Journal de l'Association des urologues du Canada","Can Urol Assoc J","Journal Article","LLMs & GenAI","No",""
"40111716","10.1007/s11255-025-04461-x","Anil H","2025","The digital dialogue on premature ejaculation: evaluating the efficacy of artificial intelligence-driven responses.","International urology and nephrology","Int Urol Nephrol","Journal Article","LLMs & GenAI","No",""
"40741907","10.1111/bju.16873","Asker OF","2025","Chatbots in urology: accuracy, calibration, and comprehensibility; is DeepSeek taking over the throne?","BJU international","BJU Int","Journal Article","LLMs & GenAI","No",""
"40045710","10.1002/nau.70015","Bacchiani M","2025","Re: Conformity of ChatGPT Recommendations With the AUA/SUFU Guideline on Postprostatectomy Urinary Incontinence.","Neurourology and urodynamics","Neurourol Urodyn","Letter","LLMs & GenAI","No",""
"39347975","10.1007/s00261-024-04619-8","Bulbul O","2025","Assessing ChatGPT's summarization of (68)Ga PSMA PET/CT reports for patients.","Abdominal radiology (New York)","Abdom Radiol (NY)","Journal Article","LLMs & GenAI","No",""
"40387322","10.1111/bju.16774","Cacciamani GE","2025","Bridging the gap: the role of large language model refinement in readability in urology research.","BJU international","BJU Int","Journal Article","LLMs & GenAI","No",""
"41335754","10.1109/EMBC58623.2025.11254435","Cammarota S","2025","Towards Intelligent Agents for Radiotherapy: Integrating Exploration-Exploitation with Foundation Models.","Annual International Conference of the IEEE Engineering in Medicine and Biology Society. IEEE Engineering in Medicine and Biology Society. Annual International Conference","Annu Int Conf IEEE Eng Med Biol Soc","Journal Article","LLMs & GenAI","No",""
"40776397","10.1080/10410236.2025.2537807","Chou WS","2025","Portrayal of Cancer Patients in the Era of AI: A Content Analysis of Images Produced by Generative AI Tools.","Health communication","Health Commun","Journal Article","LLMs & GenAI","No",""
"40292374","10.4103/iju.iju_409_24","Cilli M","2025","Does chatGPT-4.0's awareness of conversing with a urologist affect the accuracy of responses to questions about ""sexually transmitted urethritis in men""?","Indian journal of urology : IJU : journal of the Urological Society of India","Indian J Urol","Journal Article","LLMs & GenAI","No",""
"40756242","10.4103/iju.iju_246_25","Cilli M","2025","Author Reply Re: Does chatGPT-4.0's awareness of conversing with a urologist affect the accuracy of responses to questions about ""sexually transmitted urethritis in men""?","Indian journal of urology : IJU : journal of the Urological Society of India","Indian J Urol","Journal Article","LLMs & GenAI","No",""
"39603351","10.1016/j.urology.2024.11.036","Cole MW","2025","Accuracy of a ChatGPT in Diagnosing Urologic Conditions From Cross-sectional Imaging.","Urology","Urology","Journal Article","LLMs & GenAI","No",""
"38926606","10.1038/s41391-024-00864-6","Collin H","2025","ChatGPT can help guide and empower patients after prostate cancer diagnosis.","Prostate cancer and prostatic diseases","Prostate Cancer Prostatic Dis","Journal Article","LLMs & GenAI","No",""
"39877560","10.1002/bco2.427","Collin H","2025","Improving clinical efficiency using retrieval-augmented generation in urologic oncology: A guideline-enhanced artificial intelligence approach.","BJUI compass","BJUI Compass","Journal Article","LLMs & GenAI","No",""
"40776057","10.3233/SHTI251039","Das A","2025","Efficient Training Corpus Retrieval for Large Language Model Fine Tuning: A Case Study in Cancer.","Studies in health technology and informatics","Stud Health Technol Inform","Journal Article","LLMs & GenAI","No",""
"41085611","10.1007/s11701-025-02871-8","Davuluri T","2025","Quality assessment of patient-facing urologic telesurgery content using validated tools.","Journal of robotic surgery","J Robot Surg","Journal Article","LLMs & GenAI","No",""
"40338279","10.1007/s00345-025-05654-w","Digiacomo A","2025","Chatgpt vs traditional pedagogy: a comparative study in urological learning.","World journal of urology","World J Urol","Comparative Study; Journal Article; Randomized Controlled Trial","LLMs & GenAI","No",""
"39969880","10.1001/jamanetworkopen.2024.60637","Duggan MJ","2025","Clinician Experiences With Ambient Scribe Technology to Assist With Documentation Burden and Efficiency.","JAMA network open","JAMA Netw Open","Journal Article; Research Support, N.I.H., Extramural","LLMs & GenAI","No",""
"40993200","10.1038/s41443-025-01179-3","Gonultas S","2025","Chatbots' performance in premature ejaculation questions: a comparative analysis of reliability, readability, and understandability.","International journal of impotence research","Int J Impot Res","Comparative Study; Journal Article","LLMs & GenAI","No",""
"40192830","10.1007/s00120-025-02558-w","Haas M","2025","[Making prostate cancer research accessible: chatGPT-4 as a tool to enhance lay communication].","Urologie (Heidelberg, Germany)","Urologie","English Abstract; Journal Article","LLMs & GenAI","No",""
"40851045","10.1007/s00117-025-01499-x","Hacibey I","2025","Bosniak classification of renal cysts using large language models: a comparative study.","Radiologie (Heidelberg, Germany)","Radiologie (Heidelb)","Comparative Study; Journal Article","LLMs & GenAI","No",""
"40130001","10.1016/j.mcpdig.2025.100198","Hao Y","2025","Retrospective Comparative Analysis of Prostate Cancer In-Basket Messages: Responses From Closed-Domain Large Language Models Versus Clinical Teams.","Mayo Clinic proceedings. Digital health","Mayo Clin Proc Digit Health","Journal Article","LLMs & GenAI","No",""
"41413170","10.1038/s41746-025-02166-0","Hao Y","2025","Personalizing prostate cancer education for patients using an EHR-Integrated LLM agent.","NPJ digital medicine","NPJ Digit Med","Journal Article","LLMs & GenAI","No",""
"40619793","10.4274/balkanmedj.galenos.2025.2025-4-69","Haque F","2025","Generative Artificial Intelligence in Prostate Cancer Imaging.","Balkan medical journal","Balkan Med J","Journal Article; Review","LLMs & GenAI","No",""
"38744934","10.1038/s41391-024-00826-y","Hershenhouse JS","2025","Accuracy, readability, and understandability of large language models for prostate cancer information to the public.","Prostate cancer and prostatic diseases","Prostate Cancer Prostatic Dis","Journal Article","LLMs & GenAI","No",""
"40838104","10.1515/mr-2024-0086","Islam MZ","2025","The potential of generative AI with prostate-specific membrane antigen (PSMA) PET/CT: challenges and future directions.","Medical review (2021)","Med Rev (2021)","Journal Article; Review","LLMs & GenAI","No",""
"41095693","10.3390/diagnostics15192474","Jo E","2025","Large Language Model and Knowledge Graph-Driven AJCC Staging of Prostate Cancer Using Pathology Reports.","Diagnostics (Basel, Switzerland)","Diagnostics (Basel)","Journal Article","LLMs & GenAI","No",""
"39823203","10.1097/SPV.0000000000001638","Johnson ES","2025","Use of ChatGPT to Generate Informed Consent for Surgery in Urogynecology.","Urogynecology (Philadelphia, Pa.)","Urogynecology (Phila)","Journal Article","LLMs & GenAI","No",""
"40717051","10.4103/njcp.njcp_61_25","Karaaslan M","2025","Is ChatGPT-4o an Effective Tool for Providing Accurate Responses to Frequently Asked Questions by Varicocele Patients?","Nigerian journal of clinical practice","Niger J Clin Pract","Journal Article","LLMs & GenAI","No",""
"39948824","10.1002/pros.24871","Kavak EE","2025","Progression-Free Survival Prediction Performance of ChatGPT: Analysis With Real Life Data in Early and Locally Advanced Prostate Cancer.","The Prostate","Prostate","Journal Article","LLMs & GenAI","No",""
"40185842","10.1038/s41746-025-01519-z","Ke YH","2025","Retrieval augmented generation for 10 large language models and its generalizability in assessing medical fitness.","NPJ digital medicine","NPJ Digit Med","Journal Article","LLMs & GenAI","No",""
"41038938","10.1038/s41598-025-17639-1","Khanmammadova N","2025","Evaluation of prostate cancer pathology reports generated by ChatGPT to enhance patient comprehension.","Scientific reports","Sci Rep","Journal Article","LLMs & GenAI","No",""
"41355258","10.5213/inj.2550274.137","Kim EJ","2025","Privacy-by-Design Framework for Large Language Model Chatbots in Urology.","International neurourology journal","Int Neurourol J","Journal Article","LLMs & GenAI","No",""
"40031953","10.5489/cuaj.9020","Kim JK","2025","Use of artificial intelligence-generated multiple-choice questions for the examination of surgical subspecialty residents Report of feasibility and psychometric analysis.","Canadian Urological Association journal = Journal de l'Association des urologues du Canada","Can Urol Assoc J","Journal Article","LLMs & GenAI","No",""
"38943282","10.1089/end.2024.0373","Kleebayoon A","2025","Evaluating the Performance of ChatGPT in Urology: Comment.","Journal of endourology","J Endourol","Letter","LLMs & GenAI","No",""
"40999290","10.1007/s10815-025-03679-z","Li W","2025","The potential of large language models in the field of infertility: a systematic review.","Journal of assisted reproduction and genetics","J Assist Reprod Genet","Journal Article; Systematic Review","LLMs & GenAI","No",""
"40664228","10.1088/1361-6560/adf02c","Liu S","2025","Automated radiotherapy treatment planning guided by GPT-4Vision.","Physics in medicine and biology","Phys Med Biol","Journal Article","LLMs & GenAI","No",""
"40538057","10.1111/bju.16806","Lockhart K","2025","Can ChatGPT pass the urology fellowship examination? Artificial intelligence capability in surgical training assessment.","BJU international","BJU Int","Journal Article","LLMs & GenAI","No",""
"38228809","10.1038/s41391-024-00789-0","Lombardo R","2025","Quality of information and appropriateness of Open AI outputs for prostate cancer.","Prostate cancer and prostatic diseases","Prostate Cancer Prostatic Dis","Journal Article","LLMs & GenAI","No",""
"40400997","10.62347/UIAP7979","Luo PW","2025","DeepSeek vs ChatGPT: a comparison study of their performance in answering prostate cancer radiotherapy questions in multiple languages.","American journal of clinical and experimental urology","Am J Clin Exp Urol","Journal Article","LLMs & GenAI","No",""
"41047358","10.5534/wjmh.250144","Luo Z","2025","Quality and Readability Analysis of Artificial Intelligence-Generated Medical Information Related to Prostate Cancer: A Cross-Sectional Study of ChatGPT and DeepSeek.","The world journal of men's health","World J Mens Health","Journal Article","LLMs & GenAI","No",""
"40967196","10.5489/cuaj.9238","MacNevin W","2025","Evaluation of ChatGPT's performance on answering pediatric urology questions based on association guidelines.","Canadian Urological Association journal = Journal de l'Association des urologues du Canada","Can Urol Assoc J","Journal Article","LLMs & GenAI","No",""
"39948169","10.1007/s00345-025-05500-z","Malshy K","2025","Evaluating ChatGPT's role in urological counseling and clinical decision support.","World journal of urology","World J Urol","Comment; Letter","LLMs & GenAI","No",""
"41149502","10.3390/curroncol32100582","Maywald L","2025","Readability of Chatbot Responses in Prostate Cancer and Urological Care: Objective Metrics Versus Patient Perceptions.","Current oncology (Toronto, Ont.)","Curr Oncol","Journal Article","LLMs & GenAI","No",""
"41028089","10.1038/s41598-025-13077-1","Najdi J","2025","Assessment of the validity of ChatGPT-3.5 responses to patient-generated queries following BPH surgery.","Scientific reports","Sci Rep","Journal Article","LLMs & GenAI","No",""
"39862490","10.1016/j.pec.2025.108677","Nickel B","2025","Are AI chatbots concordant with evidence-based cancer screening recommendations?","Patient education and counseling","Patient Educ Couns","Journal Article","LLMs & GenAI","No",""
"40052309","10.14744/tjtes.2024.03377","Ortac M","2025","ChatGPT's competence in responding to urological emergencies.","Ulusal travma ve acil cerrahi dergisi = Turkish journal of trauma & emergency surgery : TJTES","Ulus Travma Acil Cerrahi Derg","Journal Article","LLMs & GenAI","No",""
"39854615","10.1177/08901171251316371","Owens OL","2025","A Comparison of Prostate Cancer Screening Information Quality on Standard and Advanced Versions of ChatGPT, Google Gemini, and Microsoft Copilot: A Cross-Sectional Study.","American journal of health promotion : AJHP","Am J Health Promot","Comparative Study; Journal Article","LLMs & GenAI","No",""
"40397820","10.2196/72522","Owens OL","2025","Evaluating an AI Chatbot ""Prostate Cancer Info"" for Providing Quality Prostate Cancer Screening Information: Cross-Sectional Study.","JMIR cancer","JMIR Cancer","Journal Article","LLMs & GenAI","No",""
"41312143","10.1177/20552076251393290","Pan X","2025","LLM-BCgrading: Large language model-based Chinese medical long text classification for bladder cancer grade prediction.","Digital health","Digit Health","Journal Article","LLMs & GenAI","No",""
"40120697","10.1016/j.urology.2025.03.027","Patel HV","2025","Exploring Vacuum Erection Device User Feedback: A GPT-4 Thematic Analysis.","Urology","Urology","Journal Article","LLMs & GenAI","No",""
"41227199","10.3390/jcm14217804","Patel K","2025","Evaluating the Readability and Quality of Bladder Cancer Information from AI Chatbots: A Comparative Study Between ChatGPT, Google Gemini, Grok, Claude and DeepSeek.","Journal of clinical medicine","J Clin Med","Journal Article","LLMs & GenAI","No",""
"40231382","10.1002/nau.70033","Pinto VBP","2025","Response to Letter to the Editor: Conformity of ChatGPT Recommendations With the AUA/SUFU Guideline on Postprostatectomy Urinary Incontinence.","Neurourology and urodynamics","Neurourol Urodyn","Letter","LLMs & GenAI","No",""
"41272253","10.1038/s43856-025-01194-x","Prenosil GA","2025","Neuro-symbolic AI for auditable cognitive information extraction from medical reports.","Communications medicine","Commun Med (Lond)","Journal Article","LLMs & GenAI","No",""
"39838829","10.1093/ajcp/aqae185","Proctor ES","2025","Bridging the gap: Evaluating ChatGPT-generated, personalized, patient-centered prostate biopsy reports.","American journal of clinical pathology","Am J Clin Pathol","Journal Article","LLMs & GenAI","No",""
"40372170","10.4081/aiua.2025.13596","Prontera PP","2025","ChatGPT artificial intelligence in clinical data analysis: an example comparing standard vs fusion prostate biopsy outcomes after robotic-assisted radical prostatectomy (RaRP).","Archivio italiano di urologia, andrologia : organo ufficiale [di] Societa italiana di ecografia urologica e nefrologica","Arch Ital Urol Androl","Comparative Study; Journal Article","LLMs & GenAI","No",""
"39085590","10.1038/s41391-024-00877-1","Puerto Nino AK","2025","Reply to RE: Can ChatGPT provide high-quality patient information on male lower urinary tract symptoms suggestive of benign prostate enlargement?","Prostate cancer and prostatic diseases","Prostate Cancer Prostatic Dis","Editorial","LLMs & GenAI","No",""
"39117164","10.1016/j.ijrobp.2024.07.2149","Rajendran P","2025","Autodelineation of Treatment Target Volume for Radiation Therapy Using Large Language Model-Aided Multimodal Learning.","International journal of radiation oncology, biology, physics","Int J Radiat Oncol Biol Phys","Journal Article","LLMs & GenAI","No",""
"40869522","10.3390/jcm14165697","Ralla B","2025","How Accurate Is AI? A Critical Evaluation of Commonly Used Large Language Models in Responding to Patient Concerns About Incidental Kidney Tumors.","Journal of clinical medicine","J Clin Med","Journal Article","LLMs & GenAI","No",""
"39536769","10.5534/wjmh.240228","Ran B","2025","Unlocking the Potential of ChatGPT in Male Sexual Health and Dysfunction: A Hold Endeavor and Comprehensive Study.","The world journal of men's health","World J Mens Health","Journal Article","LLMs & GenAI","No",""
"40262653","10.1097/RCT.0000000000001709","Reyes C","2025","Beyond Human Limits: The Promise and Pitfalls of Large Language Models in Radiology Research.","Journal of computer assisted tomography","J Comput Assist Tomogr","Journal Article; Review","LLMs & GenAI","No",""
"39996902","10.3390/curroncol32020102","Rinderknecht E","2025","Leveraging Large Language Models for High-Quality Lay Summaries: Efficacy of ChatGPT-4 with Custom Prompts in a Consecutive Series of Prostate Cancer Manuscripts.","Current oncology (Toronto, Ont.)","Curr Oncol","Journal Article","LLMs & GenAI","No",""
"41259712","10.2196/76598","Rinderknecht E","2025","Using ChatGPT-4 for Lay Summarization in Prostate Cancer Research to Advance Patient-Centered Communication: Large-Scale Generative AI Performance Evaluation.","Journal of medical Internet research","J Med Internet Res","Evaluation Study; Journal Article","LLMs & GenAI","No",""
"41438399","10.18502/ijrm.v23i10.20316","Sajjadi H","2025","Presenting a conceptual model for decision support systems in infertility: A developmental study.","International journal of reproductive biomedicine","Int J Reprod Biomed","Journal Article","LLMs & GenAI","No",""
"40217829","10.3390/jcm14072378","Sarikaya M","2025","Use of Artificial Intelligence in Vesicoureteral Reflux Disease: A Comparative Study of Guideline Compliance.","Journal of clinical medicine","J Clin Med","Journal Article","LLMs & GenAI","No",""
"40676242","10.1007/s00345-025-05832-w","Shafiullah","2025","Letter to the editor regarding: ""comparative analysis of the performance of the large language models DeepSeek-V3, DeepSeek-R1, OpenAI o3-mini and OpenAI o3-mini high in urology"".","World journal of urology","World J Urol","Comment; Letter","LLMs & GenAI","No",""
"40875232","10.1001/jamanetworkopen.2025.29418","Srinivasan A","2025","Large Language Model Analysis of Reporting Quality of Randomized Clinical Trial Articles: A Systematic Review.","JAMA network open","JAMA Netw Open","Journal Article; Systematic Review","LLMs & GenAI","No",""
"40821282","10.7759/cureus.88167","Sriram A","2025","Context-Aware Retrieval-Augmented Generation for Artificial Intelligence in Urology.","Cureus","Cureus","Journal Article","LLMs & GenAI","No",""
"39914668","10.1016/j.urology.2025.01.054","Stapleton P","2025","Quality of Information on Wilms Tumor From Artificial Intelligence Chatbots: What Are Your Patients and Their Families Reading?","Urology","Urology","Journal Article","LLMs & GenAI","No",""
"39509585","10.1097/UPJ.0000000000000740","Stenzl A","2025","Evaluation of ChatGPT as a Reliable Source of Medical Information on Prostate Cancer for Patients: Global Comparative Survey of Medical Oncologists and Urologists.","Urology practice","Urol Pract","Comparative Study; Journal Article; Research Support, Non-U.S. Gov't","LLMs & GenAI","No",""
"40753506","10.1093/sxmrev/qeaf042","Tong W","2025","Letter to the Editor on ""Exploring the potential of DeepSeek-R1 in sexual and reproductive"".","Sexual medicine reviews","Sex Med Rev","Journal Article","LLMs & GenAI","No",""
"39653020","10.1097/JU.0000000000004357","Touma NJ","2025","Artificial Intelligence as a Discriminator of Competence in Urological Training: Are We There?","The Journal of urology","J Urol","Journal Article","LLMs & GenAI","No",""
"40503867","10.5489/cuaj.9256","Touma NJ","2025","Resident assessment in urology: ChatGPT, take the wheel?","Canadian Urological Association journal = Journal de l'Association des urologues du Canada","Can Urol Assoc J","Journal Article","LLMs & GenAI","No",""
"39792259","10.1007/s00066-024-02342-3","Trapp C","2025","Patient- and clinician-based evaluation of large language models for patient education in prostate cancer radiotherapy.","Strahlentherapie und Onkologie : Organ der Deutschen Rontgengesellschaft ... [et al]","Strahlenther Onkol","Journal Article; Research Support, Non-U.S. Gov't","LLMs & GenAI","No",""
"41144006","10.1007/s00345-025-05961-2","Turcotte B","2025","Comprehensive analysis of 55,213 stones: understanding common morphological associations advances endoscopic stone recognition and AI integration.","World journal of urology","World J Urol","Journal Article","LLMs & GenAI","No",""
"41230140","10.21037/tau-2025-500","Wang W","2025","Feasibility analysis of generative artificial intelligence tools as a means of medical science popularization on urological diseases.","Translational andrology and urology","Transl Androl Urol","Journal Article","LLMs & GenAI","No",""
"39513562","10.1002/pros.24814","Warren CJ","2025","Quality of Chatbot Information Related to Benign Prostatic Hyperplasia.","The Prostate","Prostate","Journal Article","LLMs & GenAI","No",""
"40775854","10.3233/SHTI250836","Wosny M","2025","Large Language Models for Detection of Genetic Variants in Biomedical Literature.","Studies in health technology and informatics","Stud Health Technol Inform","Journal Article","LLMs & GenAI","No",""
"40622427","10.1007/s00345-025-05757-4","Yan Z","2025","Comparative analysis of the performance of the large language models DeepSeek-V3, DeepSeek-R1, open AI-O3 mini and open AI-O3 mini high in urology.","World journal of urology","World J Urol","Comparative Study; Journal Article","LLMs & GenAI","No",""
"39743220","10.5534/wjmh.240173","Yuan LH","2025","The In-depth Comparative Analysis of Four Large Language AI Models for Risk Assessment and Information Retrieval from Multi-Modality Prostate Cancer Work-up Reports.","The world journal of men's health","World J Mens Health","Journal Article","LLMs & GenAI","No",""
"39814625","10.1016/j.transproceed.2024.12.028","Zhan Y","2025","Evaluating AI Chatbot Responses to Postkidney Transplant Inquiries.","Transplantation proceedings","Transplant Proc","Journal Article","LLMs & GenAI","No",""
"41370657","10.2214/AJR.25.33846","Abreu-Gomez J","2025","MRI for Prostate Cancer Local Staging: AJR Expert Panel Narrative Review.","AJR. American journal of roentgenology","AJR Am J Roentgenol","Journal Article; Review","Prostate Imaging","No",""
"40042400","10.1148/ryai.250016","Adams LC","2025","Accelerating Complex Tissue Analysis in Prostate MRI: From Hours to Seconds Using Physics-informed Neural Networks.","Radiology. Artificial intelligence","Radiol Artif Intell","Comment; Journal Article","Prostate Imaging","No",""
"41305024","10.3390/s25226815","Al-Qurri A","2025","Enhanced Deep Neural Network for Prostate Segmentation in Micro-Ultrasound Images.","Sensors (Basel, Switzerland)","Sensors (Basel)","Journal Article","Prostate Imaging","No",""
"41240504","10.1016/j.ejmp.2025.105188","Alqarni M","2025","Evaluation of domain shift sources and generalisability in AI-based prostate MRI autocontouring for radiotherapy.","Physica medica : PM : an international journal devoted to the applications of physics to medicine and biology : official journal of the Italian Association of Biomedical Physics (AIFB)","Phys Med","Journal Article","Prostate Imaging","No",""
"41353223","10.1038/s41598-025-26189-5","Alqarni M","2025","An investigation of race bias in deep learning-based segmentation of prostate MRI images.","Scientific reports","Sci Rep","Journal Article","Prostate Imaging","No",""
"40418923","10.1159/000546509","Arafa MA","2025","Does Machine Learning Prediction of Magnetic Resonance Imaging Prostate Imaging Reporting and Data System Correlate with Target Prostate Biopsy Results?","Medical principles and practice : international journal of the Kuwait University, Health Science Centre","Med Princ Pract","Journal Article","Prostate Imaging","No",""
"39349172","10.1016/j.remnie.2024.500065","Aydinbelge-Dizdar N","2025","Reliability and Readability evaluation of chatbots responses as a patient information resource for the most common PET/CT scans.","Revista espanola de medicina nuclear e imagen molecular","Rev Esp Med Nucl Imagen Mol (Engl Ed)","Journal Article","Prostate Imaging","No",""
"39354727","10.4274/dir.2024.242856","Ayyildiz H","2025","Machine learning models for discriminating clinically significant from clinically insignificant prostate cancer using bi-parametric magnetic resonance imaging.","Diagnostic and interventional radiology (Ankara, Turkey)","Diagn Interv Radiol","Journal Article","Prostate Imaging","No",""
"40647554","10.3390/cancers17132257","Bacchetti E","2025","A Deep Learning Model Integrating Clinical and MRI Features Improves Risk Stratification and Reduces Unnecessary Biopsies in Men with Suspected Prostate Cancer.","Cancers","Cancers (Basel)","Journal Article","Prostate Imaging","No",""
"39881076","10.1186/s13244-024-01896-1","Bao J","2025","3D-AttenNet model can predict clinically significant prostate cancer in PI-RADS category 3 patients: a retrospective multicenter study.","Insights into imaging","Insights Imaging","Journal Article","Prostate Imaging","No",""
"40320939","10.4274/dir.2025.243102","Basar Y","2025","Pix2Pix generative-adversarial network in improving the quality of T2-weighted prostate magnetic resonance imaging: a multi-reader study.","Diagnostic and interventional radiology (Ankara, Turkey)","Diagn Interv Radiol","Journal Article","Prostate Imaging","No",""
"40819603","10.1016/j.compmedimag.2025.102625","Bashkanov O","2025","Multimodal data fusion with irregular PSA kinetics for automated prostate cancer grading.","Computerized medical imaging and graphics : the official journal of the Computerized Medical Imaging Society","Comput Med Imaging Graph","Journal Article","Prostate Imaging","No",""
"40935613","10.2967/jnumed.125.269584","Beintner-Skawran S","2025","[(68)Ga]Ga-PSMA-11 PET Tumor Volume Predicts Overall Survival of Patients with Metastatic Prostate Cancer Undergoing Taxane-Based Chemotherapy.","Journal of nuclear medicine : official publication, Society of Nuclear Medicine","J Nucl Med","Journal Article","Prostate Imaging","No",""
"39521638","10.1016/j.euo.2024.10.011","Benitez CM","2025","Treatment Response Assessment According to Updated PROMISE Criteria in Patients with Metastatic Prostate Cancer Using an Automated Imaging Platform for Identification, Measurement, and Temporal Tracking of Disease.","European urology oncology","Eur Urol Oncol","Journal Article","Prostate Imaging","No",""
"39140635","10.2214/AJR.24.31860","Benndorf M","2025","Beyond the AJR: Large-Scale Evidence for Good Diagnostic Accuracy of Automated Artificial Intelligence-Based Prostate MRI Interpretation Calls for Prospective Evaluation.","AJR. American journal of roentgenology","AJR Am J Roentgenol","Comment; Journal Article","Prostate Imaging","No",""
"40533824","10.1186/s40644-025-00894-w","Bian L","2025","Using radiomics model for predicting extraprostatic extension with PSMA PET/CT studies: a comparative study with the Mehralivand grading system.","Cancer imaging : the official publication of the International Cancer Imaging Society","Cancer Imaging","Comparative Study; Journal Article","Prostate Imaging","No",""
"40361959","10.3390/diagnostics15091141","Boellaard TN","2025","Comparing AI and Manual Segmentation of Prostate MRI: Towards AI-Driven 3D-Model-Guided Prostatectomy.","Diagnostics (Basel, Switzerland)","Diagnostics (Basel)","Journal Article","Prostate Imaging","No",""
"41150011","10.3390/jimaging11100335","Bolocan VO","2025","Artificial Intelligence in Prostate MRI: Current Evidence and Clinical Translation Challenges-A Narrative Review.","Journal of imaging","J Imaging","Journal Article; Review","Prostate Imaging","No",""
"40690835","10.1016/j.ejrad.2025.112317","Brender JR","2025","Predicting ADC map quality from T2-weighted MRI: A deep learning approach for early quality assessment to assist point-of-care.","European journal of radiology","Eur J Radiol","Journal Article; Multicenter Study","Prostate Imaging","No",""
"39348812","10.1159/000541628","Bulbul O","2025","Prediction of Lesion-Based Treatment Response after Two Cycles of Lu-177 Prostate Specific Membrane Antigen Treatment in Metastatic Castration-Resistant Prostate Cancer Using Machine Learning.","Urologia internationalis","Urol Int","Journal Article","Prostate Imaging","No",""
"41109951","10.12659/MSM.949996","Cai H","2025","Automated Multimodal Image Registration for Prostate Cancer Using Squeeze-and-Excitation ResNet with Thin Plate Spline Transformation: A Deep Learning Approach.","Medical science monitor : international medical journal of experimental and clinical research","Med Sci Monit","Journal Article","Prostate Imaging","No",""
"39739041","10.1007/s00330-024-11299-x","Cavallo AU","2025","Prostate cancer MRI methodological radiomics score: a EuSoMII radiomics auditing group initiative.","European radiology","Eur Radiol","Journal Article; Review","Prostate Imaging","No",""
"40399853","10.1186/s12885-025-14301-x","Chai L","2025","Synthesizing [(18)F]PSMA-1007 PET bone images from CT images with GAN for early detection of prostate cancer bone metastases: a pilot validation study.","BMC cancer","BMC Cancer","Journal Article; Validation Study","Prostate Imaging","No",""
"39839009","10.21037/qims-24-1149","Chen F","2025","A machine learning model incorporating (18)F-prostate-specific membrane antigen-1007 positron emission tomography/computed tomography and multiparametric magnetic resonance imaging for predicting prostate-specific antigen persistence in patients with prostate cancer after radical prostatectomy.","Quantitative imaging in medicine and surgery","Quant Imaging Med Surg","Journal Article","Prostate Imaging","No",""
"41595557","10.3390/biomedicines14010020","Chen H","2025","Comparison of Artificial Intelligence and Radiologists in MRI-Based Prostate Cancer Diagnosis: A Meta-Analysis of Accuracy and Effectiveness.","Biomedicines","Biomedicines","Journal Article","Prostate Imaging","No",""
"39496535","10.1016/j.acra.2024.10.009","Chen T","2025","A Multimodal Deep Learning Nomogram for the Identification of Clinically Significant Prostate Cancer in Patients with Gray-Zone PSA Levels: Comparison with Clinical and Radiomics Models.","Academic radiology","Acad Radiol","Comparative Study; Journal Article","Prostate Imaging","No",""
"40616986","10.1016/j.clinimag.2025.110556","Chimmula RR","2025","Comparative analysis of machine learning-derived nomogram and biomarkers in predicting side-specific extraprostatic extension: Preliminary findings.","Clinical imaging","Clin Imaging","Comparative Study; Journal Article","Prostate Imaging","No",""
"39277920","10.1016/j.bios.2024.116773","Choi JY","2025","Explainable artificial intelligence-driven prostate cancer screening using exosomal multi-marker based dual-gate FET biosensor.","Biosensors & bioelectronics","Biosens Bioelectron","Journal Article","Prostate Imaging","No",""
"41415644","10.3348/jksr.2025.0062","Choi MH","2025","AI in Prostate MRI: A Task-Based Review.","Journal of the Korean Society of Radiology","J Korean Soc Radiol","Journal Article; Review","Prostate Imaging","No",""
"40312897","10.4111/icu.20240456","Chung Y","2025","Evaluating prostate cancer diagnostic methods: The role and relevance of digital rectal examination in modern era.","Investigative and clinical urology","Investig Clin Urol","Journal Article; Review","Prostate Imaging","No",""
"40444499","10.23736/S1824-4785.25.03640-4","Dadgar H","2025","The value of artificial intelligence in PSMA PET: a pathway to improved efficiency and results.","The quarterly journal of nuclear medicine and molecular imaging : official publication of the Italian Association of Nuclear Medicine (AIMN) [and] the International Association of Radiopharmacology (IAR), [and] Section of the Society of...","Q J Nucl Med Mol Imaging","Journal Article; Systematic Review","Prostate Imaging","No",""
"40503095","10.1016/j.redii.2025.100059","Dana J","2025","Deep learning reconstruction in biparametric prostate MRI: Impact on qualitative and radiomics analyses.","Research in diagnostic and interventional imaging","Res Diagn Interv Imaging","Journal Article","Prostate Imaging","No",""
"39699671","10.1007/s00330-024-11287-1","Debs N","2025","Evaluation of a deep learning prostate cancer detection system on biparametric MRI against radiological reading.","European radiology","Eur Radiol","Comparative Study; Journal Article","Prostate Imaging","No",""
"40293532","10.1007/s00345-025-05649-7","Deniffel D","2025","Optimizing biopsy decisions in PI-RADS 3 lesions: cross-institutional validation of a local clinical risk model.","World journal of urology","World J Urol","Journal Article; Multicenter Study; Validation Study","Prostate Imaging","No",""
"40278014","10.3390/jimaging11040098","Dimitriadis A","2025","Assessing Cancer Presence in Prostate MRI Using Multi-Encoder Cross-Attention Networks.","Journal of imaging","J Imaging","Journal Article","Prostate Imaging","No",""
"40506972","10.3390/diagnostics15111400","Dorri Giv M","2025","Optimizing Attenuation Correction in (68)Ga-PSMA PET Imaging Using Deep Learning and Artifact-Free Dataset Refinement.","Diagnostics (Basel, Switzerland)","Diagnostics (Basel)","Journal Article","Prostate Imaging","No",""
"40665093","10.1007/s12149-025-02086-9","Enei Y","2025","Comparison of diagnostic performance between manual diagnosis following PROMISE V2 and aPROMISE utilizing Ga/F-PSMA PET/CT.","Annals of nuclear medicine","Ann Nucl Med","Comparative Study; Journal Article","Prostate Imaging","No",""
"39579754","10.1016/j.clinimag.2024.110363","Esengur OT","2025","Multimodal approach to optimize biopsy decision-making for PI-RADS 3 lesions on multiparametric MRI.","Clinical imaging","Clin Imaging","Journal Article","Prostate Imaging","No",""
"40143433","10.1002/jmri.29754","Esengur OT","2025","Toward a Refined PI-RADS: The Feasibility and Limitations of More Informative Metrics in Reviewing MRI Scans.","Journal of magnetic resonance imaging : JMRI","J Magn Reson Imaging","Journal Article; Review","Prostate Imaging","No",""
"39905119","10.1038/s41598-025-88297-6","Esteban LM","2025","Integrating radiological and clinical data for clinically significant prostate cancer detection with machine learning techniques.","Scientific reports","Sci Rep","Journal Article","Prostate Imaging","No",""
"39414421","10.1016/j.euo.2024.09.017","Fazekas T","2025","Molecular Correlates of Prostate Cancer Visibility on Multiparametric Magnetic Resonance Imaging: A Systematic Review.","European urology oncology","Eur Urol Oncol","Journal Article; Systematic Review","Prostate Imaging","No",""
"39143247","10.1007/s00330-024-11012-y","Fransen SJ","2025","Patient perspectives on the use of artificial intelligence in prostate cancer diagnosis on MRI.","European radiology","Eur Radiol","Journal Article; Multicenter Study","Prostate Imaging","Yes","Prostate MRI reader assistance"
"40481873","10.1007/s00330-025-11727-6","Fransen SJ","2025","Simulating workload reduction with an AI-based prostate cancer detection pathway using a prediction uncertainty metric.","European radiology","Eur Radiol","Journal Article","Prostate Imaging","No",""
"40473460","10.2967/jnumed.124.268071","Gafita A","2025","Treatment Response Evaluation in Prostate Cancer Using PSMA PET/CT.","Journal of nuclear medicine : official publication, Society of Nuclear Medicine","J Nucl Med","Journal Article; Review","Prostate Imaging","No",""
"41244649","10.3389/fradi.2025.1695043","Gassenmaier S","2025","High-resolution deep learning-reconstructed T2-weighted imaging for the improvement of image quality and extraprostatic extension assessment in prostate MRI.","Frontiers in radiology","Front Radiol","Journal Article","Prostate Imaging","No",""
"40526126","10.1007/s00259-025-07404-x","Gauthe M","2025","Deep-learning-based software versus experienced nuclear medicine physician to read [(18)F]-piflufolastat used for PSMA-PET/CT imaging in prostate cancer patients presenting with first biochemical recurrence: A comparative study of detection rate.","European journal of nuclear medicine and molecular imaging","Eur J Nucl Med Mol Imaging","Journal Article","Prostate Imaging","No",""
"40668633","10.2214/AJR.24.32399","Gelikman DG","2025","Evaluating Artificial Intelligence-Assisted Prostate Biparametric MRI Interpretation: An International Multireader Study.","AJR. American journal of roentgenology","AJR Am J Roentgenol","Journal Article; Multicenter Study","Prostate Imaging","No",""
"41299313","10.1186/s12880-025-02064-7","Geng Y","2025","Application value of radiomics features based on PSMA PET/CT in diagnosis of clinically significant prostate cancer: a comparison between manual and automatic segmentation.","BMC medical imaging","BMC Med Imaging","Comparative Study; Journal Article","Prostate Imaging","No",""
"41336891","10.1109/EMBC58623.2025.11252891","Ghorbanzadeh G","2025","Resolution Enhancement of Prostate 3D MRI and Ultrasound Using Implicit Neural Representations.","Annual International Conference of the IEEE Engineering in Medicine and Biology Society. IEEE Engineering in Medicine and Biology Society. Annual International Conference","Annu Int Conf IEEE Eng Med Biol Soc","Journal Article","Prostate Imaging","No",""
"40016318","10.1007/s00330-024-11323-0","Giganti F","2025","AI-powered prostate cancer detection: a multi-centre, multi-scanner validation study.","European radiology","Eur Radiol","Journal Article; Multicenter Study; Validation Study","Prostate Imaging","No",""
"40299162","10.1186/s41747-025-00584-z","Gloe JN","2025","Deep learning for quality assessment of axial T2-weighted prostate MRI: a tool to reduce unnecessary rescanning.","European radiology experimental","Eur Radiol Exp","Journal Article","Prostate Imaging","No",""
"41696070","10.3389/fonc.2025.1700447","Gong H","2025","Robust prostate cancer risk stratification from unregistered mpMRI via learned cross-modal correspondence.","Frontiers in oncology","Front Oncol","Journal Article","Prostate Imaging","No",""
"40445307","10.1007/s00261-025-05019-2","Grabke EP","2025","Using AI to triage patients without clinically significant prostate cancer using biparametric MRI and PSA.","Abdominal radiology (New York)","Abdom Radiol (NY)","Journal Article","Prostate Imaging","No",""
"39542946","10.1007/s00261-024-04667-0","Gundogdu H","2025","Enhancing bone metastasis prediction in prostate cancer using quantitative mpMRI features, ISUP grade and PSA density: a machine learning approach.","Abdominal radiology (New York)","Abdom Radiol (NY)","Journal Article","Prostate Imaging","No",""
"39976857","10.1007/s11548-025-03335-y","Harmanani M","2025","TRUSWorthy: toward clinically applicable deep learning for confident detection of prostate cancer in micro-ultrasound.","International journal of computer assisted radiology and surgery","Int J Comput Assist Radiol Surg","Journal Article","Prostate Imaging","No",""
"40418374","10.1007/s00261-025-05014-7","Harmon SA","2025","Research-based clinical deployment of artificial intelligence algorithm for prostate MRI.","Abdominal radiology (New York)","Abdom Radiol (NY)","Journal Article","Prostate Imaging","No",""
"41211255","10.7759/cureus.96226","Hasan MR","2025","Artificial Intelligence Across the Prostate Cancer Pathway: Screening, Imaging, Pathology, and Biomarkers.","Cureus","Cureus","Journal Article; Review","Prostate Imaging","No",""
"41102432","10.1038/s41598-025-20284-3","Hasbay E","2025","A modified deep learning approach for seminal vesicle region localization in prostate MRI.","Scientific reports","Sci Rep","Journal Article","Prostate Imaging","No",""
"39948672","10.1186/s12935-025-03677-2","Hu J","2025","An online clustering algorithm predicting model for prostate cancer based on PHI-related variables and PI-RADS in different PSA populations.","Cancer cell international","Cancer Cell Int","Journal Article","Prostate Imaging","No",""
"39807983","10.1148/radiol.240238","Huang H","2025","Deep Learning to Simulate Contrast-Enhanced MRI for Evaluating Suspected Prostate Cancer.","Radiology","Radiology","Journal Article; Multicenter Study","Prostate Imaging","No",""
"40967759","10.2967/jnumed.125.270077","Jackson P","2025","Deep Learning for Automated Measures of SUV and Molecular Tumor Volume in [(68)Ga]PSMA-11 or [(18)F]DCFPyL, [(18)F]FDG, and [(177)Lu]Lu-PSMA-617 Imaging with Global Threshold Regional Consensus Network.","Journal of nuclear medicine : official publication, Society of Nuclear Medicine","J Nucl Med","Journal Article","Prostate Imaging","No",""
"41013451","10.1186/s12880-025-01914-8","Jafari E","2025","Efficacy of PSMA PET/CT radiomics analysis for risk stratification in newly diagnosed prostate cancer: a multicenter study.","BMC medical imaging","BMC Med Imaging","Journal Article","Prostate Imaging","No",""
"40936696","10.3389/fonc.2025.1615005","Ji Y","2025","Biparametric MRI-based radiomics for differentiating clinically significant prostate cancer among prostate-specific antigen level of gray zone.","Frontiers in oncology","Front Oncol","Journal Article","Prostate Imaging","No",""
"40259798","10.1002/jmri.29798","Johnson PM","2025","Prostate Cancer Risk Stratification and Scan Tailoring Using Deep Learning on Abbreviated Prostate MRI.","Journal of magnetic resonance imaging : JMRI","J Magn Reson Imaging","Journal Article","Prostate Imaging","No",""
"41355262","10.5213/inj.2550294.147","Jung S","2025","Radiomics Reproducibility in Prostate Cancer Diagnosis Based on PROSTATEx.","International neurourology journal","Int Neurourol J","Journal Article","Prostate Imaging","No",""
"41635777","10.3389/fruro.2025.1726795","Kaya M","2025","Lesion detection using artificial intelligence models in MR images of prostate cancer and prostatitis patients and comparison of model performance.","Frontiers in urology","Front Urol","Journal Article","Prostate Imaging","No",""
"39794510","10.1007/s00259-024-07060-7","Kersting D","2025","Staging of prostate Cancer with ultra-fast PSMA-PET scans enhanced by AI.","European journal of nuclear medicine and molecular imaging","Eur J Nucl Med Mol Imaging","Journal Article","Prostate Imaging","No",""
"39869819","10.1097/JU.0000000000004456","Kim EH","2025","An Artificial Intelligence Model Using Diffusion Basis Spectrum Imaging Metrics Accurately Predicts Clinically Significant Prostate Cancer.","The Journal of urology","J Urol","Journal Article","Prostate Imaging","No",""
"41101977","10.2967/jnumed.125.270242","Koehler D","2025","PSMA PET Evaluation with a Deep Learning Platform Compared with a Standard Image Viewer and Histopathology.","Journal of nuclear medicine : official publication, Society of Nuclear Medicine","J Nucl Med","Comparative Study; Journal Article","Prostate Imaging","No",""
"40361501","10.3390/cancers17091575","Korb M","2025","Detection of Local Prostate Cancer Recurrence from PET/CT Scans Using Deep Learning.","Cancers","Cancers (Basel)","Journal Article","Prostate Imaging","No",""
"41359160","10.1007/s00330-025-12198-5","Langkilde F","2025","Evaluation of AI for prostate cancer detection in biparametric-MRI screening population data.","European radiology","Eur Radiol","Journal Article","Prostate Imaging","No",""
"39129080","10.1016/j.urolonc.2024.05.012","Launer BM","2025","A contemporary review: mpMRI in prostate cancer screening and diagnosis.","Urologic oncology","Urol Oncol","Journal Article; Review","Prostate Imaging","No",""
"39535870","10.1093/bjr/tqae236","Lee KL","2025","Assessing the performance of ChatGPT and Bard/Gemini against radiologists for Prostate Imaging-Reporting and Data System classification based on prostate multiparametric MRI text reports.","The British journal of radiology","Br J Radiol","Journal Article","Prostate Imaging","No",""
"40067105","10.1148/radiol.232788","Lee YJ","2025","MRI-based Deep Learning Algorithm for Assisting Clinically Significant Prostate Cancer Detection: A Bicenter Prospective Study.","Radiology","Radiology","Journal Article; Multicenter Study","Prostate Imaging","No",""
"39967033","10.1177/02841851251317646","Li Y","2025","Bi-parametric MRI radiomic model for prostate cancer diagnosis: value of intralesional and perilesional radiomics.","Acta radiologica (Stockholm, Sweden : 1987)","Acta Radiol","Journal Article","Prostate Imaging","No",""
"39969539","10.1007/s00259-025-07134-0","Lin H","2025","Prediction of adverse pathology in prostate cancer using a multimodal deep learning approach based on [(18)F]PSMA-1007 PET/CT and multiparametric MRI.","European journal of nuclear medicine and molecular imaging","Eur J Nucl Med Mol Imaging","Journal Article","Prostate Imaging","No",""
"39776403","10.1007/s11255-025-04366-9","Liu J","2025","Ultrasound radiomics model based on grayscale transrectal ultrasound-guided biopsy for diagnosing prostate cancer and predicting distant metastasis.","International urology and nephrology","Int Urol Nephrol","Journal Article","Prostate Imaging","No",""
"39893058","10.1053/j.semnuclmed.2024.12.001","Liu J","2025","The Value of Artificial Intelligence in Prostate-Specific Membrane Antigen Positron Emission Tomography: An Update.","Seminars in nuclear medicine","Semin Nucl Med","Journal Article; Review","Prostate Imaging","No",""
"41286063","10.1038/s41598-025-28767-z","Liu L","2025","Human level information extraction from clinical reports with finetuned language models.","Scientific reports","Sci Rep","Journal Article","Prostate Imaging","No",""
"40160627","10.21037/qims-24-1263","Long H","2025","Improved prostate cancer diagnosis: upgraded prostate imaging reporting and data system (PI-RADS) scores by zoomed diffusion-weighted imaging enhance deep-learning-based computer-aided diagnosis accuracy.","Quantitative imaging in medicine and surgery","Quant Imaging Med Surg","Journal Article","Prostate Imaging","No",""
"40188349","10.1186/s12885-025-14022-1","Lu F","2025","Biparametric MRI-based radiomics for prediction of clinically significant prostate cancer of PI-RADS category 3 lesions.","BMC cancer","BMC Cancer","Journal Article","Prostate Imaging","No",""
"39753878","10.1038/s41598-024-84908-w","Lu Y","2025","Biparametric MRI-based radiomics for noninvastive discrimination of benign prostatic hyperplasia nodules (BPH) and prostate cancer nodules: a bio-centric retrospective cohort study.","Scientific reports","Sci Rep","Journal Article; Research Support, Non-U.S. Gov't","Prostate Imaging","No",""
"41220354","10.32604/cju.2025.068853","Lyu J","2025","AI-based detection of MRI-invisible prostate cancer with nnU-Net.","The Canadian journal of urology","Can J Urol","Journal Article","Prostate Imaging","No",""
"39865180","10.1007/s00259-024-07065-2","Ma Q","2025","PSMA PET/CT based multimodal deep learning model for accurate prediction of pelvic lymph-node metastases in prostate cancer patients identified as candidates for extended pelvic lymph node dissection by preoperative nomograms.","European journal of nuclear medicine and molecular imaging","Eur J Nucl Med Mol Imaging","Journal Article","Prostate Imaging","No",""
"40788246","","Ma Y","2025","[Research progress on screening prostate cancer in the PSA＂gray zone＂and PI-RADS 3 lesions].","Zhonghua nan ke xue = National journal of andrology","Zhonghua Nan Ke Xue","English Abstract; Journal Article; Review","Prostate Imaging","No",""
"39356481","10.2214/AJR.24.31715","Margolis DJA","2025","Quantitative Prostate MRI, From the AJR Special Series on Quantitative Imaging.","AJR. American journal of roentgenology","AJR Am J Roentgenol","Journal Article; Review","Prostate Imaging","No",""
"40849083","10.1016/j.radonc.2025.111113","Medici F","2025","Refining prognostic stratification in salvage radiotherapy for prostate cancer: a retrospective multicenter cohort study using PSMA-PET and machine learning.","Radiotherapy and oncology : journal of the European Society for Therapeutic Radiology and Oncology","Radiother Oncol","Journal Article; Multicenter Study","Prostate Imaging","No",""
"41295107","10.3390/jimaging11110390","Miao KH","2025","Next-Generation Advances in Prostate Cancer Imaging and Artificial Intelligence Applications.","Journal of imaging","J Imaging","Journal Article; Review","Prostate Imaging","No",""
"39138108","10.1016/j.acra.2024.08.004","Mirshahvalad SA","2025","Value of Dynamic Contrast-Enhanced MRI for Grade Group Prediction in Prostate Cancer: A Radiomics Pilot Study.","Academic radiology","Acad Radiol","Journal Article","Prostate Imaging","No",""
"39847533","10.1093/bjr/tqaf014","Mirshahvalad SA","2025","[18F]F-DCFPyL PET/MRI radiomics for intraprostatic prostate cancer detection and metastases prediction using whole-gland segmentation.","The British journal of radiology","Br J Radiol","Clinical Trial; Journal Article","Prostate Imaging","No",""
"39572857","10.1002/jbio.202400278","Mitura P","2025","Urine Analysed by FTIR, Chemometrics and Machine Learning Methods in Determination Spectroscopy Marker of Prostate Cancer in Urine.","Journal of biophotonics","J Biophotonics","Journal Article","Prostate Imaging","No",""
"39786674","10.1007/s13246-024-01516-8","Molin K","2025","Evaluating the prognostic value of radiomics and clinical features in metastatic prostate cancer using [(68)Ga]Ga-PSMA-11 PET/CT.","Physical and engineering sciences in medicine","Phys Eng Sci Med","Journal Article","Prostate Imaging","No",""
"40998723","10.2967/jnumed.125.269971","Murthy V","2025","Prognostic Value of AI-Assisted Lesion Tracking on End-of-Treatment PSMA PET in mCRPC Patients Treated with (177)Lu-PSMA: A Retrospective, Single-Center Study.","Journal of nuclear medicine : official publication, Society of Nuclear Medicine","J Nucl Med","Journal Article","Prostate Imaging","No",""
"41094319","10.1186/s13244-025-02110-6","Nakai H","2025","Prostate MRI cancer detection rate by deep learning-assisted image quality categorization: gas-induced susceptibility artifacts in diffusion-weighted imaging.","Insights into imaging","Insights Imaging","Journal Article","Prostate Imaging","No",""
"40267741","10.1016/j.clinimag.2025.110484","Nakrour N","2025","Impact of artificial intelligence assisted lesion detection on radiologists' interpretation at multiparametric prostate MRI.","Clinical imaging","Clin Imaging","Journal Article","Prostate Imaging","No",""
"40735490","10.1016/j.ejro.2025.100671","Nishioka N","2025","Comparative evaluation of four reconstruction techniques for prostate T2-weighted MRI: Sensitivity encoding, compressed sensing, deep learning, and super-resolution.","European journal of radiology open","Eur J Radiol Open","Journal Article","Prostate Imaging","No",""
"40943871","10.3390/jcm14176111","Nissler D","2025","Artificial Intelligence-Assisted Biparametric MRI for Detecting Prostate Cancer-A Comparative Multireader Multicase Accuracy Study.","Journal of clinical medicine","J Clin Med","Journal Article","Prostate Imaging","No",""
"40075662","10.3390/cancers17050815","Oerther B","2025","Multi-Center Benchmarking of a Commercially Available Artificial Intelligence Algorithm for Prostate Imaging Reporting and Data System (PI-RADS) Score Assignment and Lesion Detection in Prostate MRI.","Cancers","Cancers (Basel)","Journal Article","Prostate Imaging","No",""
"39522134","10.1016/j.compbiomed.2024.109339","Ogulmus FE","2025","Integrating PET/CT, radiomics and clinical data: An advanced multi-modal approach for lymph node metastasis prediction in prostate cancer.","Computers in biology and medicine","Comput Biol Med","Journal Article","Prostate Imaging","No",""
"40752973","10.1016/j.diii.2025.07.003","Oldan JD","2025","Theranostics 2.0: Target-driven, artificial intelligence-enabled cancer therapy across tumor types.","Diagnostic and interventional imaging","Diagn Interv Imaging","Journal Article; Review","Prostate Imaging","No",""
"40593911","10.1038/s41598-025-02973-1","Orman M","2025","Multicenter analysis for inter reader agreement of PIQUAL score v2 for basic readers in prostate MRI.","Scientific reports","Sci Rep","Journal Article; Multicenter Study","Prostate Imaging","No",""
"40055229","10.1007/s00330-025-11498-0","Padhani AR","2025","AI and human interactions in prostate cancer diagnosis using MRI.","European radiology","Eur Radiol","Journal Article; Review","Prostate Imaging","No",""
"40805290","10.3390/cancers17152595","Pasecinic V","2025","Predictors of ISUP Grade Group Discrepancies Between Biopsy and Radical Prostatectomy: A Single-Center Analysis of Clinical, Imaging, and Histopathological Parameters.","Cancers","Cancers (Basel)","Journal Article","Prostate Imaging","No",""
"39349786","10.1007/s10278-024-01281-w","Pasini G","2025","A Robust [(18)F]-PSMA-1007 Radiomics Ensemble Model for Prostate Cancer Risk Stratification.","Journal of imaging informatics in medicine","J Imaging Inform Med","Journal Article","Prostate Imaging","No",""
"39906153","10.1016/j.ejro.2025.100635","Pausch AM","2025","Ultra-fast biparametric MRI in prostate cancer assessment: Diagnostic performance and image quality compared to conventional multiparametric MRI.","European journal of radiology open","Eur J Radiol Open","Journal Article","Prostate Imaging","No",""
"40159133","10.1556/650.2025.33214","Poth S","2025","[Artificial intelligence-based fusion prostate biopsy].","Orvosi hetilap","Orv Hetil","Journal Article","Prostate Imaging","No",""
"40664559","10.1016/j.acra.2025.06.022","Reschke P","2025","Deep Learning-Accelerated Prostate MRI: Improving Speed, Accuracy, and Sustainability.","Academic radiology","Acad Radiol","Journal Article","Prostate Imaging","No",""
"41219580","10.1186/s40658-025-00808-6","Rios-Sanchez E","2025","Predicting PSA50 response to [Formula: see text]Lu-PSMA therapy using machine learning and automated total tumor volume.","EJNMMI physics","EJNMMI Phys","Journal Article","Prostate Imaging","No",""
"40815224","10.1148/rycan.240507","Rodrigues AC","2025","Improving Clinically Significant Prostate Cancer Detection with a Multimodal Machine Learning Approach: A Large-Scale Multicenter Study.","Radiology. Imaging cancer","Radiol Imaging Cancer","Journal Article; Multicenter Study","Prostate Imaging","No",""
"40580320","10.1007/s00259-025-07416-7","Roll W","2025","Prognostic value of body composition out of PSMA-PET/CT in prostate cancer patients undergoing PSMA-therapy.","European journal of nuclear medicine and molecular imaging","Eur J Nucl Med Mol Imaging","Journal Article","Prostate Imaging","No",""
"41478805","10.1016/j.acra.2025.12.003","Sacalean V","2025","Artificial Intelligence-Accelerated vs. Conventional Diffusion-Weighted Imaging for Prostate MRI: Comparing Quality and Quantitative Metrics.","Academic radiology","Acad Radiol","Journal Article","Prostate Imaging","No",""
"40264361","10.1002/jmri.29806","Sahb Furtado F","2025","Editorial for ""Prostate Cancer Risk Stratification and Scan Tailoring Using Deep Learning on Abbreviated Prostate MRI"".","Journal of magnetic resonance imaging : JMRI","J Magn Reson Imaging","Editorial","Prostate Imaging","No",""
"40824495","10.1007/s00345-025-05797-w","Saitta C","2025","Machine learning driven diagnostic pathway for clinically significant prostate cancer: the role of micro-ultrasound.","World journal of urology","World J Urol","Journal Article","Prostate Imaging","No",""
"39950963","10.1148/rycan.240019","Salka B","2025","Clinical and Imaging Predictors of False-Positive and False-Negative Results in Prostate Multiparametric MRI Using PI-RADS Version 2.","Radiology. Imaging cancer","Radiol Imaging Cancer","Journal Article","Prostate Imaging","No",""
"40608191","10.1007/s10278-025-01585-5","Salmanpour MR","2025","Radiological and Biological Dictionary of Radiomics Features: Addressing Understandable AI Issues in Personalized Prostate Cancer, Dictionary Version PM1.0.","Journal of imaging informatics in medicine","J Imaging Inform Med","Journal Article","Prostate Imaging","No",""
"41301079","10.3390/cancers17223717","Sandhu K","2025","PSMA Theranostics in Prostate Cancer and Beyond: Current and Future Perspectives.","Cancers","Cancers (Basel)","Journal Article; Review","Prostate Imaging","No",""
"38740720","10.1007/s11548-024-03153-8","Santhirasekaram A","2025","Robust prostate disease classification using transformers with discrete representations.","International journal of computer assisted radiology and surgery","Int J Comput Assist Radiol Surg","Journal Article","Prostate Imaging","No",""
"41467936","10.1186/s41824-025-00280-6","Scavuzzo A","2025","Radiomics-based machine learning models for predicting genomic alterations in metastatic prostate cancer using PSMA PET imaging: a pilot study.","EJNMMI reports","EJNMMI Rep","Journal Article","Prostate Imaging","No",""
"40172658","10.1007/s00261-025-04914-y","Serrano A","2025","Predicting clinically significant prostate cancer in PI-RADS 3 lesions using MRI-based radiomics: a literature review of methodological variations and performance.","Abdominal radiology (New York)","Abdom Radiol (NY)","Journal Article; Systematic Review","Prostate Imaging","No",""
"40683764","10.1016/j.acra.2025.06.059","Shen L","2025","Enhanced Image Quality and Comparable Diagnostic Performance of Prostate Fast Bi-MRI with Deep Learning Reconstruction.","Academic radiology","Acad Radiol","Comparative Study; Journal Article","Prostate Imaging","No",""
"40319443","10.1007/s00432-025-06184-z","Shen Z","2025","PSMA PET/CT for prostate cancer diagnosis: current applications and future directions.","Journal of cancer research and clinical oncology","J Cancer Res Clin Oncol","Journal Article; Review","Prostate Imaging","No",""
"39667642","10.1016/j.mri.2024.110308","Shiraishi K","2025","Enhancing thin slice 3D T2-weighted prostate MRI with super-resolution deep learning reconstruction: Impact on image quality and PI-RADS assessment.","Magnetic resonance imaging","Magn Reson Imaging","Journal Article","Prostate Imaging","No",""
"40803139","10.1016/j.clinimag.2025.110579","Simon BD","2025","A multimodal automated deep learning-based model for predicting biochemical recurrence of prostate cancer following prostatectomy from baseline MRI, Presurgical clinical covariates.","Clinical imaging","Clin Imaging","Journal Article","Prostate Imaging","No",""
"40921333","10.1016/j.radonc.2025.111119","Singh A","2025","Prediction of metastasis-free survival in patients with localized prostate adenocarcinoma using primary tumor and lymph node radiomics from pre-treatment PSMA-PET/CT scans.","Radiotherapy and oncology : journal of the European Society for Therapeutic Radiology and Oncology","Radiother Oncol","Journal Article","Prostate Imaging","No",""
"41336522","10.1109/EMBC58623.2025.11251784","Singireddi S","2025","MPM-DCE: Multi-stage Progressive Mechanism for Early and Late DCE Prostate MRI Synthesis.","Annual International Conference of the IEEE Engineering in Medicine and Biology Society. IEEE Engineering in Medicine and Biology Society. Annual International Conference","Annu Int Conf IEEE Eng Med Biol Soc","Journal Article","Prostate Imaging","No",""
"40831551","10.1002/bco2.70066","Sondermann M","2025","A machine learning algorithm for automatic tumour board recommendations in prostate cancer patients.","BJUI compass","BJUI Compass","Journal Article","Prostate Imaging","No",""
"41415635","10.3348/jksr.2025.0075","Song JS","2025","Prostate MRI Quality Assessment: PI-QUAL and Factors Influencing Image Quality.","Journal of the Korean Society of Radiology","J Korean Soc Radiol","Journal Article; Review","Prostate Imaging","No",""
"40154847","10.1016/j.ijrobp.2025.03.024","Song Y","2025","Multidisciplinary Consensus Prostate Contours on Magnetic Resonance Imaging: Educational Atlas and Reference Standard for Artificial Intelligence Benchmarking.","International journal of radiation oncology, biology, physics","Int J Radiat Oncol Biol Phys","Consensus Statement; Journal Article","Prostate Imaging","No",""
"40056148","10.1080/17434440.2025.2477601","Stevenson E","2025","An overview of utilizing artificial intelligence in localized prostate cancer imaging.","Expert review of medical devices","Expert Rev Med Devices","Journal Article; Review","Prostate Imaging","No",""
"41081880","10.1007/s00261-025-05231-0","Su Z","2025","Development and validation of a nomogram combining PI-RADS v2.1 and clinical indicators for the diagnosis of prostate cancer in patients with PSA </= 20 ng/mL.","Abdominal radiology (New York)","Abdom Radiol (NY)","Journal Article","Prostate Imaging","No",""
"39540567","10.1002/jmri.29660","Sun Z","2025","Assessing the Performance of Artificial Intelligence Assistance for Prostate MRI: A Two-Center Study Involving Radiologists With Different Experience Levels.","Journal of magnetic resonance imaging : JMRI","J Magn Reson Imaging","Journal Article; Multicenter Study","Prostate Imaging","No",""
"40960249","10.2214/AJR.25.33877","Takahashi N","2025","Artificial Intelligence-Assisted Interpretation of Prostate MRI Improves Cancer Detection.","AJR. American journal of roentgenology","AJR Am J Roentgenol","Comment; Journal Article","Prostate Imaging","No",""
"39795634","10.3390/diagnostics15010106","Telecan T","2025","Automatic Characterization of Prostate Suspect Lesions on T2-Weighted Image Acquisitions Using Texture Features and Machine-Learning Methods: A Pilot Study.","Diagnostics (Basel, Switzerland)","Diagnostics (Basel)","Journal Article","Prostate Imaging","No",""
"40563684","10.3390/cancers17122035","Telecan T","2025","ISUP Grade Prediction of Prostate Nodules on T2WI Acquisitions Using Clinical Features, Textural Parameters and Machine Learning-Based Algorithms.","Cancers","Cancers (Basel)","Journal Article","Prostate Imaging","No",""
"40361490","10.3390/cancers17091563","Toosi A","2025","Computer-Aided Detection (CADe) of Small Metastatic Prostate Cancer Lesions on 3D PSMA PET Volumes Using Multi-Angle Maximum Intensity Projections.","Cancers","Cancers (Basel)","Journal Article","Prostate Imaging","No",""
"40232134","10.1148/radiol.240140","Turkbey B","2025","Requirements for AI Development and Reporting for MRI Prostate Cancer Detection in Biopsy-Naive Men: PI-RADS Steering Committee, Version 1.0.","Radiology","Radiology","Journal Article; Review","Prostate Imaging","No",""
"40512493","10.1001/jamanetworkopen.2025.15672","Twilt JJ","2025","AI-Assisted vs Unassisted Identification of Prostate Cancer in Magnetic Resonance Images.","JAMA network open","JAMA Netw Open","Comparative Study; Journal Article; Multicenter Study; Research Support, Non-U.S. Gov't","Prostate Imaging","Yes","Prostate MRI reader assistance"
"40710401","10.3390/jpm15070284","Ursprung S","2025","Prostate MRI Using Deep Learning Reconstruction in Response to Cancer Screening Demands-A Systematic Review and Meta-Analysis.","Journal of personalized medicine","J Pers Med","Journal Article; Review","Prostate Imaging","No",""
"41164426","10.1002/pro6.70014","Usmani S","2025","Deep learning (DL)-based advancements in prostate cancer imaging: Artificial intelligence (AI)-based segmentation of (68)Ga-PSMSA PET for tumor volume assessment.","Precision radiation oncology","Precis Radiat Oncol","Journal Article; Review","Prostate Imaging","No",""
"40508192","10.3390/ijms26115386","Vakili S","2025","Transforming Prostate Cancer Care: Innovations in Diagnosis, Treatment, and Future Directions.","International journal of molecular sciences","Int J Mol Sci","Journal Article; Review","Prostate Imaging","No",""
"40518464","10.1186/s41824-025-00254-8","Valind K","2025","AI based automatic measurement of split renal function in [(18)F]PSMA-1007 PET/CT.","EJNMMI reports","EJNMMI Rep","Journal Article","Prostate Imaging","No",""
"40613800","10.1002/jmri.70004","Valizadeh G","2025","Enhancing Prostate Cancer Classification: A Comprehensive Review of Multiparametric MRI and Deep Learning Integration.","Journal of magnetic resonance imaging : JMRI","J Magn Reson Imaging","Journal Article; Review","Prostate Imaging","No",""
"39729944","10.1016/j.ejrad.2024.111897","Walter-Rittel TC","2025","Automated 24-sector grid-map algorithm for prostate mpMRI improves precision and efficacy of prostate lesion location reporting.","European journal of radiology","Eur J Radiol","Journal Article","Prostate Imaging","No",""
"40661774","10.3389/fonc.2025.1539537","Wang Y","2025","Assessment of prostate cancer aggressiveness through the combined analysis of prostate MRI and 2.5D deep learning models.","Frontiers in oncology","Front Oncol","Journal Article","Prostate Imaging","No",""
"40000986","10.1186/s12880-025-01602-7","Wang Z","2025","Comparison of the impact of rectal susceptibility artifacts in prostate magnetic resonance imaging on subjective evaluation and deep learning: a two-center retrospective study.","BMC medical imaging","BMC Med Imaging","Comparative Study; Journal Article; Multicenter Study","Prostate Imaging","No",""
"40723170","10.3390/cancers17142285","Wybranska JM","2025","Integrating (68)Ga-PSMA-11 PET/CT with Clinical Risk Factors for Enhanced Prostate Cancer Progression Prediction.","Cancers","Cancers (Basel)","Journal Article","Prostate Imaging","No",""
"41272268","10.1038/s41391-025-01053-9","Xie XR","2025","AI-aided diagnostic performance for prostate MRI: systematic review and meta-analysis.","Prostate cancer and prostatic diseases","Prostate Cancer Prostatic Dis","Journal Article; Review","Prostate Imaging","No",""
"40949443","10.21037/tau-2025-209","Xing H","2025","Diagnostic value and external validation of biparametric magnetic resonance imaging radiomics in clinically significant prostate cancer.","Translational andrology and urology","Transl Androl Urol","Journal Article","Prostate Imaging","No",""
"40012156","10.18926/AMO/68355","Yamamoto Y","2025","Prediction of Prostate Cancer Grades Using Radiomic Features.","Acta medica Okayama","Acta Med Okayama","Journal Article","Prostate Imaging","No",""
"39349643","10.1007/s00261-024-04601-4","Yang F","2025","End-to-end [(18)F]PSMA-1007 PET/CT radiomics-based pipeline for predicting ISUP grade group in prostate cancer.","Abdominal radiology (New York)","Abdom Radiol (NY)","Journal Article","Prostate Imaging","No",""
"41054593","10.5937/jomb0-57639","Yang F","2025","Combination of prostate cancer antigen 3 (PCA3), sarcosine, glypican-1 (GPC1), urokinase plasminogen activator receptor (uPAR), and thymidine kinase 1 (TK1), and T2WI and DWI radiomics model for distinguishing benign prostatic hyperplasia, prostate cancer, and prostatitis.","Journal of medical biochemistry","J Med Biochem","Journal Article","Prostate Imaging","No",""
"41170469","10.3389/fonc.2025.1640159","Yang J","2025","Multimodal integration of [(18)F]PSMA-1007 PET/CT semiquantitative parameters and clinicopathological data for predicting prostate cancer metastasis.","Frontiers in oncology","Front Oncol","Journal Article","Prostate Imaging","No",""
"41230149","10.21037/tau-2025-412","Yang Y","2025","Predicting bone metastasis and high-grade Gleason scores in prostate cancer: a retrospective study integrating clinical features and magnetic resonance imaging radiomics.","Translational andrology and urology","Transl Androl Urol","Journal Article","Prostate Imaging","No",""
"40830810","10.1186/s40644-025-00927-4","Yao F","2025","Multimodal imaging deep learning model for predicting extraprostatic extension in prostate cancer using MpMRI and 18 F-PSMA-PET/CT.","Cancer imaging : the official publication of the International Cancer Imaging Society","Cancer Imaging","Journal Article","Prostate Imaging","No",""
"40393564","10.1016/j.ijrobp.2025.05.014","Yazdani E","2025","Machine Learning-based Dose Prediction in [(177)Lu]Lu-PSMA-617 Therapy by Integrating Biomarkers and Radiomic Features from [(68)Ga]Ga-PSMA-11 Positron Emission Tomography/Computed Tomography.","International journal of radiation oncology, biology, physics","Int J Radiat Oncol Biol Phys","Journal Article","Prostate Imaging","No",""
"40985608","10.1002/mp.70030","Yazdani E","2025","Transforming [(177)Lu]Lu-PSMA-617 treatment planning: Machine learning-based radiodosiomics and swin UNETR using pretherapy PSMA positron emission tomography/computed tomography (PET/CT).","Medical physics","Med Phys","Journal Article","Prostate Imaging","No",""
"40933081","10.1177/20552076251375870","Yu J","2025","Weakly supervised deep learning for multimodal MRI-TRUS registration: Toward assisting prostate biopsy guidance.","Digital health","Digit Health","Journal Article","Prostate Imaging","No",""
"40235810","10.21037/qims-24-2162","Yuan Y","2025","Multimodal radiomics based on fluorine-18 prostate-specific membrane antigen positron emission tomography and multiparametric magnetic resonance imaging in predicting persistent prostate-specific antigen after radical prostatectomy.","Quantitative imaging in medicine and surgery","Quant Imaging Med Surg","Journal Article","Prostate Imaging","No",""
"40553115","10.1007/s00259-025-07412-x","Zhang H","2025","Machine learning-based construction and validation of an radiomics model for predicting ISUP grading in prostate cancer: a multicenter radiomics study based on [68Ga]Ga-PSMA PET/CT.","European journal of nuclear medicine and molecular imaging","Eur J Nucl Med Mol Imaging","Journal Article; Multicenter Study; Validation Study","Prostate Imaging","No",""
"40976756","10.1016/j.acra.2025.09.004","Zhang H","2025","Comparison of Prostate-Specific Membrane Antigen Positron Emission Tomography and Conventional Imaging Modalities in the Detection of Biochemical Recurrence of Prostate Cancer and Assessment of the Role of Artificial Intelligence: A Systematic Review and Meta-analysis.","Academic radiology","Acad Radiol","Comparative Study; Journal Article; Meta-Analysis; Systematic Review","Prostate Imaging","No",""
"40541547","10.1016/j.acra.2025.05.062","Zhang Q","2025","Radiomics for Detection of Prostate Cancer in PI-RADS 3 Lesions: A Systematic Review and Meta-analysis.","Academic radiology","Acad Radiol","Journal Article; Meta-Analysis; Systematic Review","Prostate Imaging","No",""
"41364797","10.2196/80981","Zhang X","2025","Artificial Intelligence-Enabled Imaging for Predicting Preoperative Extraprostatic Extension in Prostate Cancer: Systematic Review and Meta-Analysis.","Journal of medical Internet research","J Med Internet Res","Journal Article; Meta-Analysis; Systematic Review","Prostate Imaging","No",""
"40710620","10.3390/jimaging11070234","Zhang-Yin J","2025","Implantation of an Artificial Intelligence Denoising Algorithm Using SubtlePET with Various Radiotracers: 18F-FDG, 68Ga PSMA-11 and 18F-FDOPA, Impact on the Technologist Radiation Doses.","Journal of imaging","J Imaging","Journal Article","Prostate Imaging","No",""
"39753478","10.1016/j.acra.2024.12.012","Zheng B","2025","An Automatic Deep-Radiomics Framework for Prostate Cancer Diagnosis and Stratification in Patients with Serum Prostate-Specific Antigen of 4.0-10.0 ng/mL: A Multicenter Retrospective Study.","Academic radiology","Acad Radiol","Journal Article; Multicenter Study; Observational Study","Prostate Imaging","No",""
"40601075","10.1007/s11547-025-02037-4","Zhong J","2025","Combining MRI radiomics, hypoxia gene signature score and clinical variables for prediction of biochemical recurrence-free survival after radiotherapy in prostate cancer.","La Radiologia medica","Radiol Med","Journal Article","Prostate Imaging","No",""
"40859774","10.1111/bju.16892","Zhou SR","2025","ProMUS-NET: Artificial intelligence detects more prostate cancer than urologists on micro-ultrasonography.","BJU international","BJU Int","Comparative Study; Journal Article","Prostate Imaging","Yes","Micro-ultrasound lesion localization"
"41016076","10.1016/j.crad.2025.107070","Zhuang D","2025","Investigating the role of multiparametric and biparametric MRI based on PI-RADS v2.1 and machine learning models in prostate cancer diagnosis.","Clinical radiology","Clin Radiol","Journal Article","Prostate Imaging","No",""
"39698957","10.1002/jmrs.841","Zou Y","2025","A two-stage model for precise identification and Gleason grading of clinically significant prostate cancer: a hybrid approach.","Journal of medical radiation sciences","J Med Radiat Sci","Journal Article","Prostate Imaging","No",""
"41192119","10.1016/j.compbiomed.2025.111262","de Almeida JG","2025","Self-supervised learning leads to improved performance in biparametric prostate MRI classification.","Computers in biology and medicine","Comput Biol Med","Journal Article","Prostate Imaging","No",""
"40380382","10.3233/SHTI250270","Akebli H","2025","Graph Neural Networks for Gleason Grading in Prostate Histopathology Images.","Studies in health technology and informatics","Stud Health Technol Inform","Journal Article","Prostate Pathology","No",""
"40567084","10.32604/cju.2025.066016","Arafa MA","2025","Machine learning-based comparison of transperineal vs. transrectal biopsy for prostate cancer diagnosis: evaluating procedural effectiveness.","The Canadian journal of urology","Can J Urol","Comparative Study; Journal Article","Prostate Pathology","No",""
"40239134","10.1200/JCO.24.00365","Armstrong AJ","2025","Development and Validation of an Artificial Intelligence Digital Pathology Biomarker to Predict Benefit of Long-Term Hormonal Therapy and Radiotherapy in Men With High-Risk Prostate Cancer Across Multiple Phase III Trials.","Journal of clinical oncology : official journal of the American Society of Clinical Oncology","J Clin Oncol","Clinical Trial, Phase III; Journal Article; Randomized Controlled Trial; Validation Study","Prostate Pathology","No",""
"41353287","10.1038/s41598-025-30947-w","Balan J","2025","Reproducibility of digital pathology features extracted from deep learning and foundational AI models on sequential tissue slides.","Scientific reports","Sci Rep","Journal Article","Prostate Pathology","No",""
"41028766","10.1038/s41598-025-10420-4","Bennett RD","2025","Automating prostate volume acquisition using abdominal ultrasound scans for prostate-specific antigen density calculations.","Scientific reports","Sci Rep","Comparative Study; Journal Article","Prostate Pathology","No",""
"41094148","10.1038/s43856-025-01185-y","Blilie A","2025","Artificial intelligence-assisted prostate cancer diagnosis for reduced use of immunohistochemistry.","Communications medicine","Commun Med (Lond)","Journal Article","Prostate Pathology","No",""
"40722142","10.1186/s12880-025-01841-8","Brancato V","2025","Unveiling key pathomic features for automated diagnosis and Gleason grade estimation in prostate cancer.","BMC medical imaging","BMC Med Imaging","Journal Article","Prostate Pathology","No",""
"39930342","10.1186/s12885-025-13628-9","Cao L","2025","Development of a deep learning system for predicting biochemical recurrence in prostate cancer.","BMC cancer","BMC Cancer","Journal Article","Prostate Pathology","No",""
"40841408","10.1038/s41598-025-15105-6","Chelebian E","2025","Discovery of tumour indicating morphological changes in benign prostate biopsies through AI.","Scientific reports","Sci Rep","Journal Article","Prostate Pathology","No",""
"40081423","10.1016/j.urology.2025.03.004","Cianflone F","2025","Development of Artificial Intelligence-based Real-time Automatic Fusion of Multiparametric Magnetic Resonance Imaging and Transrectal Ultrasonography of the Prostate.","Urology","Urology","Journal Article","Prostate Pathology","No",""
"40971958","10.1371/journal.pone.0331613","Damkliang K","2025","Detection and score grading for prostate adenocarcinoma using semantic segmentation.","PloS one","PLoS One","Journal Article","Prostate Pathology","No",""
"40525301","10.1111/his.15481","Deman F","2025","Practical implementation of AI in a non-academic, non-commercial Pathology laboratory: Real world experience and lessons learned.","Histopathology","Histopathology","Journal Article; Review","Prostate Pathology","No",""
"40422240","10.3390/cells14100737","Devnath L","2025","Recognizing Epithelial Cells in Prostatic Glands Using Deep Learning.","Cells","Cells","Journal Article; Research Support, Non-U.S. Gov't","Prostate Pathology","No",""
"38789385","10.1016/j.euo.2024.05.004","Du X","2025","Effectiveness and Cost-effectiveness of Artificial Intelligence-assisted Pathology for Prostate Cancer Diagnosis in Sweden: A Microsimulation Study.","European urology oncology","Eur Urol Oncol","Journal Article","Prostate Pathology","No",""
"40226937","10.1111/pin.70015","Egevad L","2025","The Role of Artificial Intelligence in the Evaluation of Prostate Pathology.","Pathology international","Pathol Int","Journal Article; Review","Prostate Pathology","No",""
"40367894","10.1016/j.prp.2025.156007","Eloy C","2025","Clinical advantages in providing artificial intelligence-assisted prostate cancer diagnosis: A pilot study.","Pathology, research and practice","Pathol Res Pract","Journal Article","Prostate Pathology","No",""
"40622095","10.1111/iju.70161","Escande R","2025","External Validation on a Japanese Cohort of a Computer-Aided Diagnosis System Aimed at Characterizing ISUP >/= 2 Prostate Cancers at Multiparametric MRI.","International journal of urology : official journal of the Japanese Urological Association","Int J Urol","Journal Article; Validation Study","Prostate Pathology","No",""
"40371496","10.1097/MOU.0000000000001305","Falkenbach F","2025","Recent advancements in personalized management of prostate cancer biochemical recurrence after radical prostatectomy.","Current opinion in urology","Curr Opin Urol","Journal Article; Review","Prostate Pathology","No",""
"39889245","10.1200/PO-24-00653","Feng FY","2025","Digital Pathology-Based Multimodal Artificial Intelligence Scores and Outcomes in a Randomized Phase III Trial in Men With Nonmetastatic Castration-Resistant Prostate Cancer.","JCO precision oncology","JCO Precis Oncol","Clinical Trial, Phase III; Journal Article; Multicenter Study; Randomized Controlled Trial","Prostate Pathology","No",""
"41336763","10.1109/EMBC58623.2025.11254417","Filos D","2025","Effect of Accurate Segmentation of Prostate Areas on Radiomics based model for Prostate Cancer Classification.","Annual International Conference of the IEEE Engineering in Medicine and Biology Society. IEEE Engineering in Medicine and Biology Society. Annual International Conference","Annu Int Conf IEEE Eng Med Biol Soc","Journal Article","Prostate Pathology","No",""
"41317899","10.1016/j.remnie.2025.500263","Garcia JR","2025","Feasibility of transperineal prostate biopsy guided by fusion of [18F]F-PSMA-1007 PET/MRI with real-time transrectal ultrasound. Prostate cancer classification using imaging biomarkers and radiomics in PIRADS 3 lesions.","Revista espanola de medicina nuclear e imagen molecular","Rev Esp Med Nucl Imagen Mol (Engl Ed)","Journal Article","Prostate Pathology","No",""
"39860459","10.3390/jcm14020453","Giannakodimos I","2025","Fusion MRI/Ultrasound-Guided Transperineal Biopsy: A Game Changer in Prostate Cancer Diagnosis.","Journal of clinical medicine","J Clin Med","Journal Article; Review","Prostate Pathology","No",""
"40314071","10.1097/MOU.0000000000001294","Gnanapragasam VJ","2025","Optimizing clinical risk stratification of localized prostate cancer.","Current opinion in urology","Curr Opin Urol","Journal Article; Review","Prostate Pathology","No",""
"39615194","10.1016/j.cmpb.2024.108528","Gumus KZ","2025","Investigation of radiomic features on MRI images to identify extraprostatic extension in prostate cancer.","Computer methods and programs in biomedicine","Comput Methods Programs Biomed","Journal Article","Prostate Pathology","No",""
"39907585","10.1148/ryai.240167","Gundogdu B","2025","Physics-Informed Autoencoder for Prostate Tissue Microstructure Profiling with Hybrid Multidimensional MRI.","Radiology. Artificial intelligence","Radiol Artif Intell","Journal Article; Research Support, N.I.H., Extramural","Prostate Pathology","No",""
"41049847","10.3389/fonc.2025.1615012","Guo F","2025","An interpretable clinical-radiomics-deep learning model based on magnetic resonance imaging for predicting postoperative Gleason grading in prostate cancer: a dual-center study.","Frontiers in oncology","Front Oncol","Journal Article","Prostate Pathology","No",""
"39743217","10.5534/wjmh.240191","Gwon YN","2025","Coping with Complications that Occur after Prostate Biopsy for Satisfactory Evaluation of Call Service Using Artificial Intelligence: A Pilot Randomized Controlled Trial.","The world journal of men's health","World J Mens Health","Journal Article","Prostate Pathology","No",""
"40330342","10.7759/cureus.81748","Huang KA","2025","Current Architectural and Developmental Approaches in Artificial Intelligence Models for Prostate Cancer Detection and Management: A Technical Report.","Cureus","Cureus","Journal Article","Prostate Pathology","No",""
"40449047","10.1016/j.compbiomed.2025.110459","Islam Sumon MS","2025","Multiclass ensemble framework for enhanced prostate gland Segmentation: Integrating Self-ONN decoders with EfficientNet.","Computers in biology and medicine","Comput Biol Med","Journal Article","Prostate Pathology","No",""
"39826798","10.1016/j.modpat.2025.100715","Ji X","2025","Physical Color Calibration of Digital Pathology Scanners for Robust Artificial Intelligence-Assisted Cancer Diagnosis.","Modern pathology : an official journal of the United States and Canadian Academy of Pathology, Inc","Mod Pathol","Journal Article","Prostate Pathology","No",""
"41448704","10.1136/bmjopen-2025-111361","Ji X","2025","Retrospective validation of an artificial intelligence system for diagnostic assessment of prostate biopsies on the ProMort cohort: study protocol.","BMJ open","BMJ Open","Journal Article","Prostate Pathology","No",""
"41034759","10.1186/s12885-025-14917-z","Jin L","2025","Automated machine learning for prostate cancer detection and Gleason score prediction using T2WI: a diagnostic multi-center study.","BMC cancer","BMC Cancer","Journal Article; Multicenter Study","Prostate Pathology","No",""
"39913023","10.1007/s10278-025-01429-2","Kabir S","2025","Automating Prostate Cancer Grading: A Novel Deep Learning Framework for Automatic Prostate Cancer Grade Assessment using Classification and Segmentation.","Journal of imaging informatics in medicine","J Imaging Inform Med","Journal Article","Prostate Pathology","No",""
"40121537","10.1001/jama.2025.3579","Kinnaird A","2025","Microultrasonography-Guided vs MRI-Guided Biopsy for Prostate Cancer Diagnosis: The OPTIMUM Randomized Clinical Trial.","JAMA","JAMA","Clinical Trial, Phase III; Comparative Study; Equivalence Trial; Journal Article; Multicenter Study; Research Support, Non-U.S. Gov't","Prostate Pathology","No",""
"41037000","10.1158/1078-0432.CCR-25-2186","Ku AT","2025","Radiogenomic Profiling of Prostate Tumors prior to External Beam Radiotherapy Converges on a Transcriptomic Signature of TGF-beta Activity Driving Tumor Recurrence.","Clinical cancer research : an official journal of the American Association for Cancer Research","Clin Cancer Res","Journal Article; Observational Study","Prostate Pathology","No",""
"40164701","10.1038/s41598-025-95267-5","Kwak TY","2025","Clinical implications of deep learning based image analysis of whole radical prostatectomy specimens.","Scientific reports","Sci Rep","Journal Article","Prostate Pathology","No",""
"39789130","10.1038/s41598-025-85963-7","Li D","2025","Using XBGoost, an interpretable machine learning model, for diagnosing prostate cancer in patients with PSA < 20 ng/ml based on the PSAMR indicator.","Scientific reports","Sci Rep","Journal Article","Prostate Pathology","No",""
"39841869","10.1097/JU.0000000000004435","Li EV","2025","An Artificial Intelligence-Digital Pathology Algorithm Predicts Survival After Radical Prostatectomy From the Prostate, Lung, Colorectal, and Ovarian Cancer Trial.","The Journal of urology","J Urol","Journal Article; Multicenter Study; Randomized Controlled Trial","Prostate Pathology","No",""
"40471248","10.1007/s00428-025-04136-z","Liu S","2025","The potential use of artificial intelligence in reviewing atypical small acinar proliferation in prostate core biopsy.","Virchows Archiv : an international journal of pathology","Virchows Arch","Journal Article","Prostate Pathology","No",""
"40265019","10.3389/fonc.2025.1538854","Liu X","2025","A retrospective study on predicting clinically significant prostate cancer via a bi-parametric ultrasound-based deep learning radiomics model.","Frontiers in oncology","Front Oncol","Journal Article","Prostate Pathology","No",""
"40047870","10.1007/s00261-025-04858-3","Liu Y","2025","Enhanced ISUP grade prediction in prostate cancer using multi-center radiomics data.","Abdominal radiology (New York)","Abdom Radiol (NY)","Journal Article; Multicenter Study","Prostate Pathology","No",""
"41395283","10.62347/QTAW5624","Luo D","2025","Diagnostic utility of serum prostate-specific antigen and circulating inflammatory markers for differentiating prostate cancer from benign prostatic hyperplasia.","American journal of cancer research","Am J Cancer Res","Journal Article","Prostate Pathology","No",""
"40903321","10.1016/j.urolonc.2025.08.008","Maisch P","2025","Stimulated Raman histology as a novel method for rapid pathologic examination of unprocessed, fresh testicular biopsies to determine seminoma.","Urologic oncology","Urol Oncol","Journal Article","Prostate Pathology","No",""
"39129081","10.1016/j.urolonc.2024.06.023","Mannas MP","2025","Intraoperative margin assessment with near real time pathology during partial gland ablation of prostate cancer: A feasibility study.","Urologic oncology","Urol Oncol","Journal Article","Prostate Pathology","No",""
"39689226","10.1097/JU.0000000000004393","Mannas MP","2025","Stimulated Raman Histology and Artificial Intelligence Provide Near Real-Time Interpretation of Radical Prostatectomy Surgical Margins.","The Journal of urology","J Urol","Journal Article","Prostate Pathology","No",""
"40079401","10.1002/2056-4538.70023","Manz R","2025","Do explainable AI (XAI) methods improve the acceptance of AI in clinical practice? An evaluation of XAI methods on Gleason grading.","The journal of pathology. Clinical research","J Pathol Clin Res","Evaluation Study; Journal Article","Prostate Pathology","No",""
"41062516","10.1038/s41467-025-64712-4","Mittmann G","2025","Pathologist-like explainable AI for interpretable Gleason grading in prostate cancer.","Nature communications","Nat Commun","Journal Article","Prostate Pathology","No",""
"41436315","10.1016/j.eururo.2025.12.007","Morgan TM","2025","Development and Validation of a Multimodal Artificial Intelligence-derived Digital Pathology-based Biomarker Predicting Metastasis Among Patients with Biochemical Recurrence After Radical Prostatectomy in NRG/RTOG Trials.","European urology","Eur Urol","Journal Article","Prostate Pathology","No",""
"40149340","10.3390/cancers17061006","Najjar S","2025","Comparative Analysis of Diagnostic Accuracy and Complication Rate of Transperineal Versus Transrectal Prostate Biopsy in Prostate Cancer Diagnosis.","Cancers","Cancers (Basel)","Journal Article; Review","Prostate Pathology","No",""
"40614658","10.1016/j.ejrad.2025.112274","Natali T","2025","Automatic prostate volume estimation in transabdominal ultrasound images.","European journal of radiology","Eur J Radiol","Journal Article","Prostate Pathology","No",""
"41043642","10.1016/j.modpat.2025.100904","Nateghi R","2025","Artificial Intelligence (AI)-Driven Screening of Equivocal Prostate Immunohistochemistry (IHC) Cases: Development and Validation of a Screening and Cancer Detection Framework.","Modern pathology : an official journal of the United States and Canadian Academy of Pathology, Inc","Mod Pathol","Journal Article; Validation Study","Prostate Pathology","No",""
"40970801","10.1148/rycan.240381","Nguyen C","2025","Deep Learning Classification of Prostate Cancer Using MRI Histopathologic Data.","Radiology. Imaging cancer","Radiol Imaging Cancer","Journal Article","Prostate Pathology","No",""
"39232875","10.1016/j.euo.2024.08.004","Oliveira LD","2025","Comparison of Pathologist and Artificial Intelligence-based Grading for Prediction of Metastatic Outcomes After Radical Prostatectomy.","European urology oncology","Eur Urol Oncol","Comparative Study; Journal Article","Prostate Pathology","No",""
"40273559","10.1016/j.radi.2025.102961","Onwuharine EN","2025","Predictive modelling for prostate cancer aggressiveness using non-invasive MRI techniques.","Radiography (London, England : 1995)","Radiography (Lond)","Journal Article","Prostate Pathology","No",""
"40467357","10.1016/j.landig.2025.100885","Parker CTA","2025","External validation of a digital pathology-based multimodal artificial intelligence-derived prognostic model in patients with advanced prostate cancer starting long-term androgen deprivation therapy: a post-hoc ancillary biomarker study of four phase 3 randomised controlled trials of the STAMPEDE platform protocol.","The Lancet. Digital health","Lancet Digit Health","Clinical Trial, Phase III; Journal Article; Multicenter Study; Randomized Controlled Trial; Validation Study","Prostate Pathology","No",""
"40411485","10.1080/14737140.2025.2512040","Poonkuzhali P","2025","Prostate cancer prediction through a hybrid deep learning method applied to histopathological image.","Expert review of anticancer therapy","Expert Rev Anticancer Ther","Journal Article; Validation Study","Prostate Pathology","No",""
"41328465","10.17116/patol20258706134","Popov GV","2025","[Using the PathVision.ai model of medical decision support in morphological diagnostics of prostate cancer in biopsy material].","Arkhiv patologii","Arkh Patol","English Abstract; Journal Article","Prostate Pathology","No",""
"40152893","10.1089/cmb.2024.0872","Qiu J","2025","Multichannel Contribution Aware Network for Prostate Cancer Grading in Histopathology Images.","Journal of computational biology : a journal of computational molecular cell biology","J Comput Biol","Journal Article","Prostate Pathology","No",""
"41394863","10.3389/fimmu.2025.1670671","Rajih E","2025","Utilization of artificial intelligence in prostate cancer detection: a comprehensive review of innovations in screening and diagnosis.","Frontiers in immunology","Front Immunol","Journal Article; Review","Prostate Pathology","No",""
"40341520","10.1038/s41598-025-00048-9","Ren M","2025","Enhanced hierarchical attention mechanism for mixed MIL in automatic Gleason grading and scoring.","Scientific reports","Sci Rep","Journal Article","Prostate Pathology","No",""
"39792014","10.1148/rycan.240078","Roest C","2025","Development and Validation of a Deep Learning Model Based on MRI and Clinical Characteristics to Predict Risk of Prostate Cancer Progression.","Radiology. Imaging cancer","Radiol Imaging Cancer","Journal Article; Validation Study","Prostate Pathology","No",""
"39880746","10.1016/j.euo.2024.12.012","Rusu M","2025","ProCUSNet: Prostate Cancer Detection on B-mode Transrectal Ultrasound Using Artificial Intelligence for Targeting During Prostate Biopsies.","European urology oncology","Eur Urol Oncol","Journal Article","Prostate Pathology","No",""
"39828871","10.1002/jcla.25143","Satir A","2025","Prediction of Prostate Cancer From Routine Laboratory Markers With Automated Machine Learning.","Journal of clinical laboratory analysis","J Clin Lab Anal","Journal Article","Prostate Pathology","No",""
"38989669","10.1111/bju.16464","Schmidt B","2025","External validation of an artificial intelligence model for Gleason grading of prostate cancer on prostatectomy specimens.","BJU international","BJU Int","Journal Article; Validation Study","Prostate Pathology","No",""
"40763009","","Sebestova G","2025","Utilization of Artificial Intelligence Algorithms for the Diagnosis of Breast, Lung, and Prostate Cancer.","Ceskoslovenska patologie","Cesk Patol","Journal Article; Review","Prostate Pathology","No",""
"40865025","10.1200/CCI-25-00017","Sirintrapun SJ","2025","Review and Commentary on Digital Pathology and Artificial Intelligence in Pathology.","JCO clinical cancer informatics","JCO Clin Cancer Inform","Journal Article; Review","Prostate Pathology","No",""
"40738054","10.1016/j.compbiomed.2025.110777","Soormally C","2025","Deep sensorless tracking of ultrasound probe orientation during freehand transperineal biopsy with spatial context for symmetry disambiguation.","Computers in biology and medicine","Comput Biol Med","Journal Article","Prostate Pathology","No",""
"39752015","10.1007/s11255-024-04342-9","Stojadinovic M","2025","Predicting intermediate-risk prostate cancer using machine learning.","International urology and nephrology","Int Urol Nephrol","Journal Article","Prostate Pathology","No",""
"40404862","10.1038/s41698-025-00934-5","Van Booven DJ","2025","Mitigating bias in prostate cancer diagnosis using synthetic data for improved AI driven Gleason grading.","NPJ precision oncology","NPJ Precis Oncol","Journal Article","Prostate Pathology","No",""
"39537107","10.1016/j.urology.2024.11.001","Vasconcelos Ordones F","2025","A Novel Machine Learning-based Predictive Model of Clinically Significant Prostate Cancer and Online Risk Calculator.","Urology","Urology","Journal Article; Multicenter Study","Prostate Pathology","No",""
"41098618","10.1117/1.JMI.12.6.061408","Winzell F","2025","Longitudinal outcome prediction of prostate cancer patients on active surveillance using multiple instance learning.","Journal of medical imaging (Bellingham, Wash.)","J Med Imaging (Bellingham)","Journal Article","Prostate Pathology","No",""
"41081157","10.21037/qims-2025-439","Xie Z","2025","Multiscale Fourier transform multiple instance learning for the Gleason grading of prostate cancer from whole-slide images.","Quantitative imaging in medicine and surgery","Quant Imaging Med Surg","Journal Article","Prostate Pathology","No",""
"40148363","10.1038/s41598-024-84516-8","Xu Y","2025","Feasibility study of AI-assisted multi-parameter MRI diagnosis of prostate cancer.","Scientific reports","Sci Rep","Journal Article","Prostate Pathology","No",""
"40841351","10.1080/07853890.2025.2547094","Yu P","2025","Deep learning model for predicting extraprostatic extension of prostate cancer based on H&E-stained biopsy digital images.","Annals of medicine","Ann Med","Journal Article","Prostate Pathology","No",""
"40720351","10.3791/68270","Zhang DY","2025","Introduction of an Integrated Pathology Image Management, Artificial Intelligence, and Reporting System.","Journal of visualized experiments : JoVE","J Vis Exp","Journal Article; Video-Audio Media","Prostate Pathology","No",""
"40676748","10.1111/cas.70149","Zhang J","2025","Prognostic and Predictive Value of Machine Learning-Based Biomarker and Pathomics Signatures in Patients With Prostate Cancer.","Cancer science","Cancer Sci","Journal Article; Observational Study; Validation Study","Prostate Pathology","No",""
"40804780","10.1002/mp.18053","Zhang Z","2025","A deep learning derived prostate zonal volume-based biomarker from T2-weighted MRI to distinguish between prostate cancer and benign prostatic hyperplasia.","Medical physics","Med Phys","Journal Article","Prostate Pathology","No",""
"40717135","10.1038/s41598-025-12765-2","Zhou W","2025","A visualized machine learning model using noninvasive parameters to differentiate men with and without prostatic carcinoma before biopsy.","Scientific reports","Sci Rep","Journal Article","Prostate Pathology","No",""
"41276585","10.1038/s41598-025-29742-4","Akram Z","2025","A novel hybrid approach for multi stage kidney cancer diagnosis using RCC ProbNet.","Scientific reports","Sci Rep","Journal Article","Renal/Kidney","No",""
"41283258","10.3390/medsci13040257","Al-Kuwari H","2025","Automated Detection and Grading of Renal Cell Carcinoma in Histopathological Images via Efficient Attention Transformer Network.","Medical sciences (Basel, Switzerland)","Med Sci (Basel)","Journal Article","Renal/Kidney","No",""
"41093950","10.1038/s41598-025-19930-7","Alghamdi M","2025","Computer vision assisted deep transfer learning model for accurate grading of renal cell carcinoma from kidney histopathology images.","Scientific reports","Sci Rep","Journal Article","Renal/Kidney","No",""
"41295556","10.3390/tomography11110122","Aljohani M","2025","Clinical-Oriented Hierarchical Machine Learning Framework for Early Kidney Tumor Detection and Malignant Subtype Classification.","Tomography (Ann Arbor, Mich.)","Tomography","Journal Article","Renal/Kidney","No",""
"41684639","10.3389/fdgth.2025.1709277","Alsaafin A","2025","Multimodal learning for scalable representation of high-dimensional medical data.","Frontiers in digital health","Front Digit Health","Journal Article","Renal/Kidney","No",""
"41046684","10.1016/j.compbiomed.2025.111177","Anusha C","2025","A systematic review on automatic segmentation of renal tumors and cysts using various convolutional neural network architectures in radiological images.","Computers in biology and medicine","Comput Biol Med","Journal Article; Systematic Review","Renal/Kidney","No",""
"40506909","10.3390/diagnostics15111337","Aymerich M","2025","Radiomics-Based Classification of Clear Cell Renal Cell Carcinoma ISUP Grade: A Machine Learning Approach with SHAP-Enhanced Explainability.","Diagnostics (Basel, Switzerland)","Diagnostics (Basel)","Journal Article","Renal/Kidney","No",""
"40963986","10.1055/s-0045-1806751","Baijal N","2025","Role of DECT-Based Imaging Biomarkers and Machine Learning to Predict Renal Cell Carcinoma Subtypes.","The Indian journal of radiology & imaging","Indian J Radiol Imaging","Journal Article","Renal/Kidney","No",""
"40506937","10.3390/diagnostics15111365","Bang S","2025","Computed Tomography-Based Radiomics Diagnostic Model for Fat-Poor Small Renal Tumor Subtypes.","Diagnostics (Basel, Switzerland)","Diagnostics (Basel)","Journal Article","Renal/Kidney","No",""
"40446057","10.1371/journal.pone.0323240","Barros V","2025","Preoperative kidney tumor risk estimation with AI: From logistic regression to transformer.","PloS one","PLoS One","Journal Article","Renal/Kidney","No",""
"39516081","10.1016/j.urolonc.2024.10.020","Belladelli F","2025","A machine learning-based analysis for the definition of an optimal renal biopsy for kidney cancer.","Urologic oncology","Urol Oncol","Journal Article","Renal/Kidney","No",""
"39447001","10.1002/mp.17476","Bhattacharya I","2025","Aggressiveness classification of clear cell renal cell carcinoma using registration-independent radiology-pathology correlation learning.","Medical physics","Med Phys","Journal Article","Renal/Kidney","No",""
"40382483","10.1007/s00261-025-04982-0","Broomand Lomer N","2025","MRI-based radiomics for differentiating high-grade from low-grade clear cell renal cell carcinoma: a systematic review and meta-analysis.","Abdominal radiology (New York)","Abdom Radiol (NY)","Journal Article; Meta-Analysis; Systematic Review","Renal/Kidney","No",""
"40408912","10.1016/j.ejrad.2025.112174","Cakir IM","2025","Improving the diagnostic accuracy of small renal masses: Integration of radiomics and clear cell likelihood scores in multiparametric MRI.","European journal of radiology","Eur J Radiol","Journal Article","Renal/Kidney","No",""
"41601657","10.3389/fimmu.2025.1612262","Cao W","2025","Integrated multi-omic profiling reveals macrophage-driven prognostic signatures in clear cell renal cell carcinoma through machine learning optimization.","Frontiers in immunology","Front Immunol","Journal Article","Renal/Kidney","No",""
"40142250","10.3390/medicina61030438","Chan VW","2025","Percutaneous Image-Guided Ablation of Renal Cancer: Traditional and Emerging Indications, Energy Sources, Techniques, and Future Developments.","Medicina (Kaunas, Lithuania)","Medicina (Kaunas)","Journal Article; Review","Renal/Kidney","No",""
"40099255","10.3389/fendo.2025.1521940","Chang Q","2025","Identification of a novel prognostic and therapeutic prediction model in clear cell renal carcinoma based on Renin-angiotensin system related genes.","Frontiers in endocrinology","Front Endocrinol (Lausanne)","Journal Article","Renal/Kidney","No",""
"40785679","10.11817/j.issn.1672-7347.2025.250082","Chen H","2025","Deep learning algorithm for pathological grading of renal cell carcinoma based on multi-phase enhanced CT.","Zhong nan da xue xue bao. Yi xue ban = Journal of Central South University. Medical sciences","Zhong Nan Da Xue Xue Bao Yi Xue Ban","Journal Article","Renal/Kidney","No",""
"41085922","10.1007/s12672-025-03664-z","Chen J","2025","Single-cell transcriptomic insights into ccRCC: a stemness gene signature for prognosis and treatment response prediction.","Discover oncology","Discov Oncol","Journal Article","Renal/Kidney","No",""
"41301871","10.3390/biomedicines13112778","Chen J","2025","Toxicological Impacts and Mechanistic Insights of Bisphenol a on Clear Cell Renal Cell Carcinoma Progression: A Network Toxicology, Machine Learning and Molecular Docking Study.","Biomedicines","Biomedicines","Journal Article","Renal/Kidney","No",""
"40497793","10.1097/JS9.0000000000002603","Chen P","2025","Artificial intelligence and multi-modal data integration in renal cell carcinoma: A review of its potential and limitations.","International journal of surgery (London, England)","Int J Surg","Journal Article","Renal/Kidney","No",""
"40319322","10.1186/s40644-025-00875-z","Chen Z","2025","Preoperative prediction of WHO/ISUP grade of ccRCC using intratumoral and peritumoral habitat imaging: multicenter study.","Cancer imaging : the official publication of the International Cancer Imaging Society","Cancer Imaging","Journal Article; Multicenter Study","Renal/Kidney","No",""
"39809381","10.1016/j.lfs.2025.123396","Chi S","2025","Integrated multi-omics analysis identifies a machine learning-derived signature for predicting prognosis and therapeutic vulnerability in clear cell renal cell carcinoma.","Life sciences","Life Sci","Journal Article","Renal/Kidney","No",""
"39466875","10.1109/JBHI.2024.3487004","Cho H","2025","A Nuclei-Focused Strategy for Automated Histopathology Grading of Renal Cell Carcinoma.","IEEE journal of biomedical and health informatics","IEEE J Biomed Health Inform","Journal Article","Renal/Kidney","No",""
"39957180","10.5858/arpa.2024-0374-OA","Collins K","2025","Artificial Intelligence-Based Classification of Renal Oncocytic Neoplasms: Advancing From a 2-Class Model of Renal Oncocytoma and Low-Grade Oncocytic Tumor to a 3-Class Model Including Chromophobe Renal Cell Carcinoma.","Archives of pathology & laboratory medicine","Arch Pathol Lab Med","Journal Article","Renal/Kidney","No",""
"41171407","10.1007/s00261-025-05259-2","Cui M","2025","Artificial intelligence-based segmentation of small renal masses: a multi-center, multi-scanner, multi-sequence study.","Abdominal radiology (New York)","Abdom Radiol (NY)","Journal Article","Renal/Kidney","No",""
"40954501","10.1186/s12894-025-01914-4","Dai H","2025","Machine learning model in multi-omics perspective demystifies the prognostic significance of crotonylation heterogeneity in clear cell renal cell carcinoma.","BMC urology","BMC Urol","Journal Article","Renal/Kidney","No",""
"39834512","10.2147/JMDH.S480747","Dong J","2025","Prediction of Distant Metastasis of Renal Cell Carcinoma Based on Interpretable Machine Learning: A Multicenter Retrospective Study.","Journal of multidisciplinary healthcare","J Multidiscip Healthc","Journal Article","Renal/Kidney","No",""
"41361719","10.1007/s00345-025-06132-z","Dong Z","2025","Development and validation of a plasma-urine metabolism diagnostic model for renal cell carcinoma using machine learning.","World journal of urology","World J Urol","Journal Article; Validation Study","Renal/Kidney","No",""
"41137930","10.1007/s00345-025-05893-x","Du L","2025","The CT-based deep learning model outperforms traditional anatomical classification models in preoperatively predicting complications and risk grade in partial nephrectomy.","World journal of urology","World J Urol","Comparative Study; Journal Article","Renal/Kidney","No",""
"41068281","10.1038/s41598-025-19352-5","Eliazer M","2025","Advanced transformer with attention-based neural network framework for precise renal cell carcinoma detection using histological kidney images.","Scientific reports","Sci Rep","Journal Article","Renal/Kidney","No",""
"40334367","10.1016/j.ejrad.2025.112146","Ellmann S","2025","Tumor grade-titude: XGBoost radiomics paves the way for RCC classification.","European journal of radiology","Eur J Radiol","Journal Article","Renal/Kidney","No",""
"39614426","10.1002/biof.2143","Feng X","2025","Deciphering potential molecular mechanisms in clear cell renal cell carcinoma based on the ubiquitin-conjugating enzyme E2 related genes: Identifying UBE2C correlates to infiltration of regulatory T cells.","BioFactors (Oxford, England)","Biofactors","Journal Article","Renal/Kidney","No",""
"41370731","10.1200/PO-25-00709","Filho VOC","2025","Development and Validation of an Intratumor Heterogeneity-Based Prognostic Model for Clear Cell Renal Cell Carcinoma.","JCO precision oncology","JCO Precis Oncol","Journal Article; Validation Study","Renal/Kidney","No",""
"40575014","10.1093/immadv/ltaf013","Ge Q","2025","Regulatory B cells promote the immunosuppressive microenvironment and progression of clear cell renal cell carcinoma.","Immunotherapy advances","Immunother Adv","Journal Article","Renal/Kidney","No",""
"41584585","10.3389/fonc.2025.1709096","Gong Z","2025","A robust ammonia metabolism gene signature identified by machine learning predicts prognosis and immunotherapy response in clear cell renal cell carcinoma.","Frontiers in oncology","Front Oncol","Journal Article","Renal/Kidney","No",""
"39871201","10.1186/s12885-025-13547-9","Gouravani M","2025","Diagnostic performance of artificial intelligence in detection of renal cell carcinoma: a systematic review and meta-analysis.","BMC cancer","BMC Cancer","Journal Article; Meta-Analysis; Systematic Review","Renal/Kidney","No",""
"41127951","10.1111/cts.70348","Grant CW","2025","Application of Machine Learning for Predicting Progression-Free and Overall Survival in Patients With Renal Cell Carcinoma.","Clinical and translational science","Clin Transl Sci","Journal Article","Renal/Kidney","No",""
"40450502","10.1016/j.euf.2025.05.014","Gulati S","2025","Strategies for Treatment De-escalation in Metastatic Renal Cell Carcinoma.","European urology focus","Eur Urol Focus","Journal Article; Review","Renal/Kidney","No",""
"40539890","10.1002/advs.202506165","Guo Y","2025","Radiomics-Based Unsupervised Clustering Identifies Subtypes Associated With Prognosis and Immune Microenvironment in Clear Cell Renal Cell Carcinoma: A Multicenter Study.","Advanced science (Weinheim, Baden-Wurttemberg, Germany)","Adv Sci (Weinh)","Journal Article; Multicenter Study","Renal/Kidney","No",""
"40784843","10.1016/j.acra.2025.07.054","Guo Y","2025","Prediction of Benign and Malignant Small Renal Masses Using CT-Derived Extracellular Volume Fraction: An Interpretable Machine Learning Model.","Academic radiology","Acad Radiol","Journal Article","Renal/Kidney","No",""
"40297120","10.1055/s-0044-1796639","Gupta A","2025","Predicting Renal Cell Carcinoma Subtypes and Fuhrman Grading Using Multiphasic CT-Based Texture Analysis and Machine Learning Techniques.","The Indian journal of radiology & imaging","Indian J Radiol Imaging","Journal Article","Renal/Kidney","No",""
"40529970","10.1055/s-0044-1800804","Gupta A","2025","Deep Learning for Detecting and Subtyping Renal Cell Carcinoma on Contrast-Enhanced CT Scans Using 2D Neural Network with Feature Consistency Techniques.","The Indian journal of radiology & imaging","Indian J Radiol Imaging","Journal Article","Renal/Kidney","No",""
"40051609","10.15586/jkc.v12i1.366","Haghshenas Z","2025","Identification of BCL11A, NTN5, and OGN as Diagnosis Biomarker of Papillary Renal Cell Carcinomas by Bioinformatic Analysis.","Journal of kidney cancer and VHL","J Kidney Cancer VHL","Journal Article","Renal/Kidney","No",""
"41227385","10.3390/cells14211740","Han Y","2025","Distinct Tumor-Associated Macrophage Signatures Shape the Immune Microenvironment and Patient Prognosis in Renal Cell Carcinoma.","Cells","Cells","Journal Article","Renal/Kidney","No",""
"41117752","10.2196/73162","He G","2025","Survival Prediction for Postoperative Patients With Kidney Cancer Based on Computed Tomography Radiomics: Retrospective Cohort Study.","JMIR medical informatics","JMIR Med Inform","Journal Article","Renal/Kidney","No",""
"39862356","10.1007/s12672-025-01806-x","He WB","2025","The predictive value of radiomics and deep learning for synchronous distant metastasis in clear cell renal cell carcinoma.","Discover oncology","Discov Oncol","Journal Article","Renal/Kidney","No",""
"41405787","10.1186/s13244-025-02164-6","He Z","2025","From Radiomics to Radiogenomics: Decoding Renal Cell Carcinoma Biology for Precision Medicine-a narrative review.","Insights into imaging","Insights Imaging","Journal Article; Review","Renal/Kidney","No",""
"40535574","10.3389/fcell.2025.1560095","Hong Y","2025","Identifying a prognostic signature for clear cell renal cell carcinoma: the convergence of single-cell and bulk sequencing with machine learning.","Frontiers in cell and developmental biology","Front Cell Dev Biol","Journal Article","Renal/Kidney","No",""
"40800127","10.3389/fmed.2025.1624198","Hou Z","2025","Explainable machine learning for predicting distant metastases in renal cell carcinoma patients: a population-based retrospective study.","Frontiers in medicine","Front Med (Lausanne)","Journal Article","Renal/Kidney","No",""
"41013841","10.1186/s41065-025-00571-9","Hu J","2025","Metabolic heterogeneity and survival outcomes in papillary renal cell carcinoma: insights from multi-datasets and machine learning analyses.","Hereditas","Hereditas","Journal Article","Renal/Kidney","No",""
"41047317","10.1016/j.eururo.2025.09.4148","Huang C","2025","Development and Validation of a Novel Plasma Metabolomic Signature for the Detection of Renal Cell Carcinoma.","European urology","Eur Urol","Journal Article","Renal/Kidney","No",""
"40800103","10.21037/tau-2025-222","Huang T","2025","A computed tomography-based deep learning model for non-invasively predicting World Health Organization (WHO)/International Society of Urological Pathology (ISUP) pathological grades of clear cell renal cell carcinoma (ccRCC): a multicenter cohort study.","Translational andrology and urology","Transl Androl Urol","Journal Article","Renal/Kidney","No",""
"40157848","10.1016/j.acra.2025.03.007","Huang Z","2025","Exploring the Incremental Value of Aorta Enhancement Normalization Method in Evaluating Renal Cell Carcinoma Histological Subtypes: A Multi-center Large Cohort Study.","Academic radiology","Acad Radiol","Journal Article; Multicenter Study","Renal/Kidney","No",""
"40926367","10.1002/cam4.71196","Ivanova E","2025","Predicting Grade and Patient Survival in Renal Cancer Using Machine Learning Analysis of Nucleolar Prominence.","Cancer medicine","Cancer Med","Journal Article","Renal/Kidney","No",""
"40097393","10.1038/s41467-025-57717-6","Jasti J","2025","Histopathology based AI model predicts anti-angiogenic therapy response in renal cancer clinical trial.","Nature communications","Nat Commun","Journal Article","Renal/Kidney","No",""
"40169443","10.1007/s11255-025-04467-5","Javid M","2025","Role of artificial intelligence in predicting the renal function after nephrectomy in renal cell carcinoma: a systematic review and meta-analysis.","International urology and nephrology","Int Urol Nephrol","Journal Article; Meta-Analysis; Systematic Review","Renal/Kidney","No",""
"39673207","10.1177/03915603241304604","Jeyananthan P","2025","On integrative analysis of multi-level gene expression data in Kidney cancer subgrouping.","Urologia","Urologia","Journal Article","Renal/Kidney","No",""
"39895776","10.7150/jca.105173","Jiao P","2025","CT Urography-Based Radiomics to Predict ISUP Grading of Clear Cell Renal Cell Carcinoma.","Journal of Cancer","J Cancer","Journal Article","Renal/Kidney","No",""
"39963829","10.1093/oncolo/oyae337","Jiwani R","2025","Differentiating between renal medullary and clear cell renal carcinoma with a machine learning radiomics approach.","The oncologist","Oncologist","Journal Article","Renal/Kidney","No",""
"39852683","10.3390/tomography11010003","Karunanayake N","2025","Dual-Stage AI Model for Enhanced CT Imaging: Precision Segmentation of Kidney and Tumors.","Tomography (Ann Arbor, Mich.)","Tomography","Journal Article","Renal/Kidney","No",""
"39907976","10.1007/s11604-025-01740-6","Khene ZE","2025","Impact of contrast enhancement phase on CT-based radiomics analysis for predicting post-surgical recurrence in renal cell carcinoma.","Japanese journal of radiology","Jpn J Radiol","Journal Article","Renal/Kidney","No",""
"40294223","10.1097/JU.0000000000004588","Khene ZE","2025","Predicting Recurrence After Surgical Resection for High-Risk Localized Renal Cell Carcinoma: A Radiomics Clinical Integration Approach.","The Journal of urology","J Urol","Journal Article","Renal/Kidney","No",""
"40756160","10.1016/j.euros.2025.06.005","Khene ZE","2025","Radiomic Profiling of Tumor Thrombus for Predicting Recurrence in Renal Cell Carcinoma.","European urology open science","Eur Urol Open Sci","Journal Article","Renal/Kidney","No",""
"40862694","10.1148/ryai.240798","Lee SW","2025","Development of Privacy-preserving Deep Learning Model with Homomorphic Encryption: A Technical Feasibility Study in Kidney CT Imaging.","Radiology. Artificial intelligence","Radiol Artif Intell","Journal Article; Research Support, Non-U.S. Gov't","Renal/Kidney","No",""
"39833617","10.1007/s12672-025-01787-x","Li G","2025","A risk signature constructed by Tregs-related genes predict the clinical outcomes and immune therapeutic response in kidney cancer.","Discover oncology","Discov Oncol","Journal Article","Renal/Kidney","No",""
"41353523","10.1038/s41698-025-01214-y","Li J","2025","Integration of multi-scale radiomics and deep learning for Ki-67 prediction in clear cell renal carcinoma.","NPJ precision oncology","NPJ Precis Oncol","Journal Article","Renal/Kidney","No",""
"39083142","10.1007/s12094-024-03637-8","Li R","2025","The potential value of dual-energy CT radiomics in evaluating CD8(+), CD163(+) and alphaSMA(+) cells in the tumor microenvironment of clear cell renal cell carcinoma.","Clinical & translational oncology : official publication of the Federation of Spanish Oncology Societies and of the National Cancer Institute of Mexico","Clin Transl Oncol","Journal Article","Renal/Kidney","No",""
"41120253","10.1080/14796694.2025.2577631","Li R","2025","The predictive value of dual-energy computed tomography radiomics in microvessel of clear cell renal cell carcinoma.","Future oncology (London, England)","Future Oncol","Journal Article","Renal/Kidney","No",""
"41212337","10.1007/s12672-025-03856-7","Li R","2025","The value of dual-energy CT radiomics in evaluating vascular maturity and prognosis in clear cell renal cell carcinoma.","Discover oncology","Discov Oncol","Journal Article","Renal/Kidney","No",""
"41107801","10.1186/s12885-025-14836-z","Li W","2025","Multicenter study of CT-based deep learning for predicting preoperative T staging and TNM staging in clear cell renal cell carcinoma.","BMC cancer","BMC Cancer","Journal Article; Multicenter Study","Renal/Kidney","No",""
"41209213","10.21037/qims-24-2284","Li W","2025","CT radiomics for predicting postoperative disease specific survival in clear cell renal cell carcinoma: a multi-center study.","Quantitative imaging in medicine and surgery","Quant Imaging Med Surg","Journal Article","Renal/Kidney","No",""
"40348282","10.1016/j.spinee.2025.05.025","Li Z","2025","Predicting survival outcomes in renal cell carcinoma spinal metastases: a multicenter evaluation of existing prognostic systems.","The spine journal : official journal of the North American Spine Society","Spine J","Evaluation Study; Journal Article; Multicenter Study; Validation Study","Renal/Kidney","No",""
"40450509","10.1016/j.ultrasmedbio.2025.05.006","Liang M","2025","Discriminating Clear Cell From Non-Clear Cell Renal Cell Carcinoma: A Machine Learning Approach Using Contrast-enhanced Ultrasound Radiomics.","Ultrasound in medicine & biology","Ultrasound Med Biol","Journal Article; Research Support, Non-U.S. Gov't","Renal/Kidney","No",""
"41522320","10.21037/tau-2025-539","Lin H","2025","Multimodal artificial intelligence model based on CT for differentiating primary renal sarcomas from renal cell carcinomas: a dual-center retrospective study.","Translational andrology and urology","Transl Androl Urol","Journal Article","Renal/Kidney","No",""
"40061892","10.3389/fonc.2025.1541143","Lin J","2025","Combining clinical characteristics with CT radiomics to predict Ki67 expression level of small renal mass based on artificial intelligence algorithms.","Frontiers in oncology","Front Oncol","Journal Article","Renal/Kidney","No",""
"40016772","10.1186/s12967-025-06251-6","Liu J","2025","A novel stemness-related lncRNA signature predicts prognosis, immune infiltration and drug sensitivity of clear cell renal cell carcinoma.","Journal of translational medicine","J Transl Med","Journal Article","Renal/Kidney","No",""
"41199827","10.3389/fonc.2025.1637032","Liu T","2025","Integrating sarcopenia and non-contrast CT radiomics for preoperative prediction of survival in sarcomatoid renal cell carcinoma.","Frontiers in oncology","Front Oncol","Journal Article","Renal/Kidney","No",""
"39311950","10.1007/s00261-024-04576-2","Liu X","2025","Development and validation of a CT based radiomics nomogram for preoperative prediction of ISUP/WHO grading in renal clear cell carcinoma.","Abdominal radiology (New York)","Abdom Radiol (NY)","Journal Article; Research Support, Non-U.S. Gov't; Validation Study","Renal/Kidney","No",""
"40024922","10.1007/s00261-025-04857-4","Liu X","2025","Computed tomography-based delta-radiomics analysis for preoperative prediction of ISUP pathological nuclear grading in clear cell renal cell carcinoma.","Abdominal radiology (New York)","Abdom Radiol (NY)","Journal Article; Research Support, Non-U.S. Gov't","Renal/Kidney","No",""
"39799252","10.1038/s41598-025-85618-7","Liu Y","2025","Integrated RNA sequencing analysis and machine learning identifies a metabolism-related prognostic signature in clear cell renal cell carcinoma.","Scientific reports","Sci Rep","Journal Article; Research Support, Non-U.S. Gov't","Renal/Kidney","No",""
"40527677","10.1016/j.acra.2025.05.049","Lomer NB","2025","Accuracy of CT-Based Radiomics Models for Preoperative Grading of Clear Cell Renal Cell Carcinoma: A Systematic Review and Meta-analysis.","Academic radiology","Acad Radiol","Journal Article; Meta-Analysis; Systematic Review","Renal/Kidney","No",""
"40496617","10.3389/fonc.2025.1554830","Lv X","2025","Subregion-based radiomics analysis for predicting the histological grade of clear cell renal cell carcinoma.","Frontiers in oncology","Front Oncol","Journal Article","Renal/Kidney","No",""
"41271870","10.1038/s41598-025-25109-x","Ma C","2025","Multimodal deep learning framework integrating multiphase CT and histopathological whole slide imaging for predicting recurrence in ccRCC.","Scientific reports","Sci Rep","Journal Article","Renal/Kidney","No",""
"40133088","10.1016/j.acra.2025.03.002","Mei H","2025","Foundation Model and Radiomics-Based Quantitative Characterization of Perirenal Fat in Renal Cell Carcinoma Surgery.","Academic radiology","Acad Radiol","Journal Article","Renal/Kidney","No",""
"39799164","10.1038/s41598-025-85857-8","Moon SW","2025","Leveraging explainable AI and large-scale datasets for comprehensive classification of renal histologic types.","Scientific reports","Sci Rep","Journal Article; Research Support, Non-U.S. Gov't","Renal/Kidney","No",""
"41018917","10.1002/bco2.70080","Muhlbauer J","2025","AI-driven preoperative risk assessment in kidney cancer surgery: A comparative feasibility study of machine learning models.","BJUI compass","BJUI Compass","Journal Article","Renal/Kidney","No",""
"39966980","10.1186/s40644-025-00835-7","Najem EJ","2025","Navigating advanced renal cell carcinoma in the era of artificial intelligence.","Cancer imaging : the official publication of the International Cancer Imaging Society","Cancer Imaging","Journal Article; Review","Renal/Kidney","No",""
"40939817","10.1016/j.modpat.2025.100884","Papanicolau-Sengos A","2025","DNA Methylation-Based Classification of Kidney Neoplasms.","Modern pathology : an official journal of the United States and Canadian Academy of Pathology, Inc","Mod Pathol","Journal Article","Renal/Kidney","No",""
"41364140","10.1007/s12672-025-04224-1","Peng Y","2025","Mitochondrial energy metabolism genes as prognostic biomarkers in clear cell renal cell carcinoma via single-cell and bulk RNA sequencing analyses.","Discover oncology","Discov Oncol","Journal Article","Renal/Kidney","No",""
"40543210","10.1016/j.esmoop.2025.105323","Peng YL","2025","Early detection of renal cell carcinoma: a novel cell-free DNA fragmentomics-based liquid biopsy assay.","ESMO open","ESMO Open","Journal Article","Renal/Kidney","No",""
"41310187","10.1038/s43856-025-01264-0","Petryshak B","2025","A clinically validated AI framework for kidney cancer detection and characterization.","Communications medicine","Commun Med (Lond)","Journal Article","Renal/Kidney","No",""
"40914665","10.1016/j.urolonc.2025.08.012","Reese SW","2025","Radiomic biomarkers associated with immune checkpoint blockade response for advanced renal cell carcinoma.","Urologic oncology","Urol Oncol","Journal Article","Renal/Kidney","No",""
"40802824","10.1371/journal.pdig.0000970","Rich J","2025","Image Imputation with conditional generative adversarial networks captures clinically relevant imaging features on computed tomography.","PLOS digital health","PLOS Digit Health","Journal Article","Renal/Kidney","No",""
"41067863","10.2967/jnumed.125.271332","Rowe SP","2025","SNMMI/EANM/ACNM Procedure Standard/Procedure Guideline on the Use of Molecular Imaging for Renal Mass Characterization.","Journal of nuclear medicine : official publication, Society of Nuclear Medicine","J Nucl Med","Journal Article; Practice Guideline","Renal/Kidney","No",""
"40293711","10.1093/bjr/tqaf092","Sah A","2025","Quantitative CT biomarkers for renal cell carcinoma subtype differentiation: a comparison of DECT, PCT, and CT texture analysis.","The British journal of radiology","Br J Radiol","Comparative Study; Journal Article","Renal/Kidney","No",""
"39370309","10.1016/j.urolonc.2024.09.025","Shan S","2025","Development and validation of a clinic-radiomics model based on intratumoral habitat imaging for progression-free survival prediction of patients with clear cell renal cell carcinoma: A multicenter study.","Urologic oncology","Urol Oncol","Journal Article; Multicenter Study; Research Support, Non-U.S. Gov't; Validation Study","Renal/Kidney","No",""
"40500522","10.1007/s00432-025-06240-8","Shao Y","2025","Radiogenomic correlation of hypoxia-related biomarkers in clear cell renal cell carcinoma.","Journal of cancer research and clinical oncology","J Cancer Res Clin Oncol","Journal Article","Renal/Kidney","No",""
"40293518","10.1007/s00261-025-04963-3","Sheikhy A","2025","State of the art review of AI in renal imaging.","Abdominal radiology (New York)","Abdom Radiol (NY)","Journal Article; Review","Renal/Kidney","No",""
"41498044","10.1155/mi/8710699","Shi B","2025","Integrative Genomic and Single-Cell Insights Into Efferocytosis-Mediated Immune Regulation in Clear Cell Renal Cell Carcinoma.","Mediators of inflammation","Mediators Inflamm","Journal Article","Renal/Kidney","No",""
"40279530","10.1200/CCI-24-00167","Shiota M","2025","Predictive Model of Objective Response to Nivolumab Monotherapy for Advanced Renal Cell Carcinoma by Machine Learning Using Genetic and Clinical Data: The SNiP-RCC Study.","JCO clinical cancer informatics","JCO Clin Cancer Inform","Journal Article","Renal/Kidney","No",""
"40596969","10.1186/s12880-025-01749-3","Song S","2025","Computed tomography-based radiomics predicts prognostic and treatment-related levels of immune infiltration in the immune microenvironment of clear cell renal cell carcinoma.","BMC medical imaging","BMC Med Imaging","Journal Article","Renal/Kidney","No",""
"40962692","10.1016/j.urolonc.2025.08.020","Song Z","2025","Senescence-associated miRNAs predict survival and modulate the tumor immune microenvironment via SPOCK1 targeting in clear cell renal cell carcinoma.","Urologic oncology","Urol Oncol","Journal Article","Renal/Kidney","No",""
"40834854","10.1016/j.xcrm.2025.102299","Stupichev D","2025","AI-driven multimodal algorithm predicts immunotherapy and targeted therapy outcomes in clear cell renal cell carcinoma.","Cell reports. Medicine","Cell Rep Med","Journal Article","Renal/Kidney","No",""
"41626167","10.3389/fonc.2025.1710329","Sun C","2025","Multi-channel multiphase CT-based deep learning and radiomics fusion model for noninvasive pathological grading of clear cell renal cell carcinoma.","Frontiers in oncology","Front Oncol","Journal Article","Renal/Kidney","No",""
"41217528","10.1007/s10238-025-01907-5","Sun X","2025","Identification of plasma cell infiltration-related gene signatures as a novel prognostic model for clear cell renal cell carcinoma.","Clinical and experimental medicine","Clin Exp Med","Journal Article","Renal/Kidney","No",""
"41275342","10.1080/17520363.2025.2590789","Tian G","2025","A CTCs-based recurrence model for non-metastatic renal cell carcinoma: integrating machine learning and SHAP interpretation.","Biomarkers in medicine","Biomark Med","Journal Article","Renal/Kidney","No",""
"40661946","10.3389/fimmu.2025.1572580","Wang F","2025","A novel nomogram for survival prediction in renal cell carcinoma patients with brain metastases: an analysis of the SEER database.","Frontiers in immunology","Front Immunol","Journal Article","Renal/Kidney","No",""
"40009128","10.1007/s13402-025-01048-7","Wang J","2025","Thymidine kinase 1 indicates resistance to immune checkpoint plus tyrosine kinase inhibition in renal cell carcinoma.","Cellular oncology (Dordrecht, Netherlands)","Cell Oncol (Dordr)","Journal Article","Renal/Kidney","No",""
"40413354","10.1038/s41435-025-00336-4","Wang K","2025","Integrative multi-omics reveal NSUN2 facilitates glycolysis and histone lactylation-driven immune evasion in renal carcinoma.","Genes and immunity","Genes Immun","Journal Article","Renal/Kidney","No",""
"41368246","10.21037/tau-2025-438","Wang M","2025","Machine learning studies for predicting 5-year renal cell cancer survival: a multicenter study.","Translational andrology and urology","Transl Androl Urol","Journal Article","Renal/Kidney","No",""
"40575967","10.21037/cco-24-137","Wang P","2025","Machine learning algorithms in predicting survivability of patients with renal cell carcinoma after nephrectomy: a retrospective study.","Chinese clinical oncology","Chin Clin Oncol","Journal Article","Renal/Kidney","No",""
"41584840","10.3389/fcell.2025.1755318","Wang W","2025","Development of a novel prognostic model based on TRPM4-Induced sodium overload-mediated cell death in kidney cancer.","Frontiers in cell and developmental biology","Front Cell Dev Biol","Journal Article","Renal/Kidney","No",""
"40295487","10.1038/s41467-025-58436-8","Wray R","2025","Angiogenic and immune predictors of neoadjuvant axitinib response in renal cell carcinoma with venous tumour thrombus.","Nature communications","Nat Commun","Journal Article","Renal/Kidney","No",""
"40597030","10.1186/s12882-025-04268-z","Wu C","2025","A predictive model for WHO/ISUP pathologic grading of renal clear cell carcinoma based on CT radiomics: a multicenter study.","BMC nephrology","BMC Nephrol","Journal Article; Multicenter Study","Renal/Kidney","No",""
"39586898","10.1007/s00261-024-04712-y","Wu M","2025","Prediction study of surrounding tissue invasion in clear cell renal cell carcinoma based on multi-phase enhanced CT radiomics.","Abdominal radiology (New York)","Abdom Radiol (NY)","Letter; Multicenter Study","Renal/Kidney","No",""
"40558790","10.3390/jimaging11060191","Wu Y","2025","Prediction of PD-L1 and CD68 in Clear Cell Renal Cell Carcinoma with Green Learning.","Journal of imaging","J Imaging","Journal Article","Renal/Kidney","No",""
"41465898","10.1097/MD.0000000000046862","Wu Y","2025","A multiomics analysis-assisted machine learning model identifies renal hamartoma without visible fat and homogeneous clear cell renal cell carcinoma: A retrospective cohort study.","Medicine","Medicine (Baltimore)","Journal Article","Renal/Kidney","No",""
"40106107","10.1245/s10434-025-17111-4","Xia Y","2025","Intra- and Peritumoral CT-Based Radiomics for Assessing Pathologic T-Staging in Clear Cell Renal Cell Carcinoma: A Multicenter Study.","Annals of surgical oncology","Ann Surg Oncol","Journal Article; Multicenter Study","Renal/Kidney","No",""
"40642093","10.3389/fimmu.2025.1602898","Xie Z","2025","Multi-omics analysis reveals the role of ribosome biogenesis in malignant clear cell renal cell carcinoma and the development of a machine learning-based prognostic model.","Frontiers in immunology","Front Immunol","Journal Article","Renal/Kidney","No",""
"39915478","10.1038/s41467-025-56784-z","Xiong Y","2025","Artificial intelligence links CT images to pathologic features and survival outcomes of renal masses.","Nature communications","Nat Commun","Journal Article","Renal/Kidney","No",""
"40249552","10.1007/s00261-025-04956-2","Xu J","2025","Machine learning-based multiparametric CT radiomics for predicting microvascular invasion before nephrectomy in clear cell renal cell carcinoma.","Abdominal radiology (New York)","Abdom Radiol (NY)","Journal Article","Renal/Kidney","No",""
"40912513","10.1016/j.ejphar.2025.178120","Xu X","2025","KPNA2 expression as a biomarker for immunosuppressive microenvironment predicting response to TKI and immunotherapy in metastatic renal cell carcinoma.","European journal of pharmacology","Eur J Pharmacol","Journal Article","Renal/Kidney","No",""
"41052233","10.1177/15330338251382839","Xu Z","2025","A Prognostic Risk Signature Based on Myeloid-Derived Suppressor Cells and Regulatory T Cells in Clear Cell Renal Cell Carcinoma.","Technology in cancer research & treatment","Technol Cancer Res Treat","Journal Article","Renal/Kidney","No",""
"41640425","10.3389/fcell.2025.1596719","Xue Y","2025","A multi-omics features-based approach integrating immunogenicity and inflammation enhances immunotherapy benefit in clear cell renal cell carcinoma.","Frontiers in cell and developmental biology","Front Cell Dev Biol","Journal Article","Renal/Kidney","No",""
"39788813","10.1016/j.acra.2024.11.072","Xv Y","2025","Interpretable CT Radiomics-based Machine Learning Model for Preoperative Prediction of Ki-67 Expression in Clear Cell Renal Cell Carcinoma.","Academic radiology","Acad Radiol","Journal Article","Renal/Kidney","No",""
"41155123","10.3390/bioengineering12101125","Yang D","2025","Biological Interpretable Machine Learning Model for Predicting Pathological Grading in Clear Cell Renal Cell Carcinoma Based on CT Urography Peritumoral Radiomics Features.","Bioengineering (Basel, Switzerland)","Bioengineering (Basel)","Journal Article","Renal/Kidney","No",""
"40369234","10.1186/s13244-025-01980-0","Yang H","2025","CT-based AI framework leveraging multi-scale features for predicting pathological grade and Ki67 index in clear cell renal cell carcinoma: a multicenter study.","Insights into imaging","Insights Imaging","Journal Article","Renal/Kidney","No",""
"40025304","10.1007/s12672-025-01890-z","Yang J","2025","Unveiling tumor-infiltrating immune cell-driven immune-mediated drug resistance in clear cell renal cell carcinoma: prognostic insights and therapeutic strategies.","Discover oncology","Discov Oncol","Journal Article","Renal/Kidney","No",""
"39147643","10.1016/j.acra.2024.08.006","Yang YC","2025","Sub-regional Radiomics Analysis for Predicting Metastasis Risk in Clear Cell Renal Cell Carcinoma: A Multicenter Retrospective Study.","Academic radiology","Acad Radiol","Journal Article; Multicenter Study","Renal/Kidney","No",""
"40683765","10.1016/j.acra.2025.06.056","Yang Z","2025","2.5D Deep Learning-Based Prediction of Pathological Grading of Clear Cell Renal Cell Carcinoma Using Contrast-Enhanced CT: A Multicenter Study.","Academic radiology","Acad Radiol","Journal Article; Multicenter Study","Renal/Kidney","No",""
"39311948","10.1007/s00261-024-04593-1","Yao C","2025","Predicting postoperative prognosis in clear cell renal cell carcinoma using a multiphase CT-based deep learning model.","Abdominal radiology (New York)","Abdom Radiol (NY)","Journal Article; Research Support, Non-U.S. Gov't","Renal/Kidney","No",""
"39313716","10.1007/s10278-024-01276-7","Yao N","2025","A Robust Deep Learning Method with Uncertainty Estimation for the Pathological Classification of Renal Cell Carcinoma Based on CT Images.","Journal of imaging informatics in medicine","J Imaging Inform Med","Journal Article","Renal/Kidney","No",""
"39975590","10.3389/fonc.2025.1501084","Ye Y","2025","Intratumoral and peritumoral radiomics using multi-phase contrast-enhanced CT for diagnosis of renal oncocytoma and chromophobe renal cell carcinoma: a multicenter retrospective study.","Frontiers in oncology","Front Oncol","Journal Article","Renal/Kidney","No",""
"40002594","10.3390/diagnostics15040443","Yin D","2025","Contrast-Enhanced CT-Based Radiomics Nomogram for Prediction of Pathologic T3a Upstaging in Clinical T1 RCC.","Diagnostics (Basel, Switzerland)","Diagnostics (Basel)","Journal Article","Renal/Kidney","No",""
"40740488","10.1016/j.isci.2025.113061","Yin L","2025","Sample-specific network analysis identifies gene co-expression patterns of immunotherapy response in clear cell renal cell carcinoma.","iScience","iScience","Journal Article","Renal/Kidney","No",""
"40821775","10.3389/fimmu.2025.1636977","Yu P","2025","Unveiling ammonia-induced cell death: a new frontier in clear cell renal cell carcinoma prognosis.","Frontiers in immunology","Front Immunol","Journal Article","Renal/Kidney","No",""
"39938162","10.1016/j.ejrad.2025.111989","Yu S","2025","Integration of radiomic and deep features to reliably differentiate benign renal lesions from renal cell carcinoma.","European journal of radiology","Eur J Radiol","Journal Article","Renal/Kidney","No",""
"39494916","10.1002/mp.17494","Yu Z","2025","Using CT images to assist the segmentation of MR images via generalization: Segmentation of the renal parenchyma of renal carcinoma patients.","Medical physics","Med Phys","Journal Article","Renal/Kidney","No",""
"41249564","10.1007/s10238-025-01886-7","Yuan SP","2025","Predicting distant metastasis in early-onset kidney cancer using machine learning: a SEER database study with external validation.","Clinical and experimental medicine","Clin Exp Med","Journal Article","Renal/Kidney","No",""
"41249481","10.1038/s41746-025-02034-x","Zang X","2025","A multimodal AI model for precision prognosis in clear cell renal cell carcinoma: A multicenter study.","NPJ digital medicine","NPJ Digit Med","Journal Article","Renal/Kidney","No",""
"41462135","10.1186/s12880-025-02046-9","Zhan J","2025","Machine learning-based radiomics from multiparametric MRI for predicting aggressive pathology in clear cell renal cell carcinoma.","BMC medical imaging","BMC Med Imaging","Journal Article","Renal/Kidney","No",""
"41357761","10.1155/humu/4647115","Zhang D","2025","Integrated Genomic and Functional Characterization of Palmitoylation in Clear Cell Renal Cell Carcinoma.","Human mutation","Hum Mutat","Journal Article","Renal/Kidney","No",""
"40545924","10.1002/jbio.202500180","Zhang G","2025","Hyperspectral Imaging Combined With Deep Learning for Precision Grading of Clear Cell Renal Cell Carcinoma.","Journal of biophotonics","J Biophotonics","Journal Article","Renal/Kidney","No",""
"40216577","10.1016/j.acra.2025.03.042","Zhang J","2025","Interpretable Machine Learning Radiomics Model Predicts 5-year Recurrence-Free Survival in Non-metastatic Clear Cell Renal Cell Carcinoma: A Multicenter and Retrospective Cohort Study.","Academic radiology","Acad Radiol","Journal Article; Multicenter Study","Renal/Kidney","No",""
"41394174","10.3389/fsurg.2025.1588208","Zhang T","2025","Clinical decision system for renal cell carcinoma integrating interpretable machine learning algorithms.","Frontiers in surgery","Front Surg","Journal Article","Renal/Kidney","No",""
"41184424","10.1038/s41598-025-22342-2","Zhang Z","2025","Machine learning prediction of overall survival in patients with cT1b renal cell carcinoma after surgical resection using the SEER database.","Scientific reports","Sci Rep","Journal Article","Renal/Kidney","No",""
"40104395","10.3389/fgene.2025.1521663","Zhao B","2025","Development and validation of prognostic and diagnostic models utilizing immune checkpoint-related genes in public datasets for clear cell renal cell carcinoma.","Frontiers in genetics","Front Genet","Journal Article","Renal/Kidney","No",""
"39939018","10.3760/cma.j.cn112152-20240615-00257","Zhao CY","2025","[Establishment of nuclear grade prediction model for T1 clear cell renal cell carcinoma based on CT features and radiomics].","Zhonghua zhong liu za zhi [Chinese journal of oncology]","Zhonghua Zhong Liu Za Zhi","English Abstract; Journal Article","Renal/Kidney","No",""
"40146270","10.1097/JS9.0000000000002368","Zheng Q","2025","Artificial intelligence-based multimodal prediction for nuclear grading status and prognosis of clear cell renal cell carcinoma: a multicenter cohort study.","International journal of surgery (London, England)","Int J Surg","Journal Article; Multicenter Study","Renal/Kidney","No",""
"40358632","10.1097/JS9.0000000000002484","Zheng Q","2025","An artificial intelligence model for nuclear grading of clear cell renal cell carcinoma using whole slide images: a retrospective, multicenter, diagnostic study.","International journal of surgery (London, England)","Int J Surg","Journal Article; Multicenter Study","Renal/Kidney","No",""
"40917726","10.3892/ol.2025.15246","Zheng W","2025","MRI-based diffusion weighted imaging and diffusion kurtosis imaging grading of clear cell renal cell carcinoma using a deep learning classifier.","Oncology letters","Oncol Lett","Journal Article","Renal/Kidney","No",""
"40830065","10.1080/07853890.2025.2548042","Zhou L","2025","Anoikis-related genes predicts prognosis and therapeutic response in renal cell carcinoma.","Annals of medicine","Ann Med","Journal Article","Renal/Kidney","No",""
"40607252","10.7150/ijbs.113737","Zhou S","2025","Interferon Regulatory Factor 4 Recruits Immature B Cells to Signal Tertiary Lymphoid Structure Immaturity and Progression of Clear Cell Renal Cell Carcinoma.","International journal of biological sciences","Int J Biol Sci","Journal Article","Renal/Kidney","No",""
"40687644","10.21037/tau-2025-109","Zhu G","2025","Epithelial-mesenchymal transition classification based on machine learning for predicting prognosis and treatment response in clear cell renal cell carcinoma.","Translational andrology and urology","Transl Androl Urol","Journal Article","Renal/Kidney","No",""
"40124951","10.3389/fphys.2025.1558997","Zhu Y","2025","Multimodal deep learning with MUF-net for noninvasive WHO/ISUP grading of renal cell carcinoma using CEUS and B-mode ultrasound.","Frontiers in physiology","Front Physiol","Journal Article","Renal/Kidney","No",""
"40891042","10.1002/mp.18070","Ziasaeedi N","2025","Radiomics-based kidney lesion classification: Mitigating batch effect with nested combat harmonization.","Medical physics","Med Phys","Journal Article","Renal/Kidney","No",""
"41168440","10.1038/s41585-025-01098-4","Egger M","2025","Optimizing local control in the surgical management of bladder cancer.","Nature reviews. Urology","Nat Rev Urol","Journal Article; Review","Surgical AI","No",""
"41276704","10.1007/s11701-025-02994-y","Hashemi N","2025","Closing the data gap: leveraging pretrained neural networks for robotic surgical assessment on limited clinical data.","Journal of robotic surgery","J Robot Surg","Journal Article","Surgical AI","No",""
"39918224","10.1097/XCS.0000000000001352","Khanna A","2025","Enhancing Accuracy of Operative Reports with Automated Artificial Intelligence Analysis of Surgical Video.","Journal of the American College of Surgeons","J Am Coll Surg","Journal Article","Surgical AI","No",""
"40681897","10.1007/s11701-025-02556-2","Olsen RG","2025","Development of an artificial intelligence algorithm for automated surgical gestures annotation.","Journal of robotic surgery","J Robot Surg","Journal Article","Surgical AI","No",""
"41452786","10.1159/000550223","Santodirocco L","2025","Single-Port Partial Nephrectomy: State of the Art and Future Directions.","Urologia internationalis","Urol Int","Journal Article; Review","Surgical AI","No",""
"40693331","10.1111/bju.16862","Ueki H","2025","Developing an artificial intelligence model for phase recognition in robot-assisted radical prostatectomy.","BJU international","BJU Int","Journal Article","Surgical AI","No",""
"40640619","10.1007/s00464-025-11967-z","Zhao X","2025","Automatic recognition of surgical phase of robot-assisted radical prostatectomy based on artificial intelligence deep-learning model and its application in surgical skill evaluation: a joint study of 18 medical education centers.","Surgical endoscopy","Surg Endosc","Journal Article; Multicenter Study","Surgical AI","Yes","Surgical video analytics and feedback"
"40042659","10.1007/s11701-025-02225-4","Zuluaga L","2025","Assessing operative variability in robot-assisted radical prostatectomy (RARP) through AI.","Journal of robotic surgery","J Robot Surg","Journal Article","Surgical AI","No",""
"41675735","10.1097/MS9.0000000000004757","Ali RN","2026","Exploring advancements in the management of penile cancer in the era of artificial intelligence and machine learning: a narrative review.","Annals of medicine and surgery (2012)","Ann Med Surg (Lond)","Journal Article","Andrology","No",""
"41620505","10.1038/s41598-025-31013-1","Alson S","2026","Machine learning prediction of live birth after IVF using the morphological uterus sonographic assessment group features of adenomyosis.","Scientific reports","Sci Rep","Journal Article","Andrology","No",""
"40791002","10.4103/aja202544","Aragon-Martinez A","2026","Unraveling sperm kinematic heterogeneity with machine learning.","Asian journal of andrology","Asian J Androl","Journal Article; Review","Andrology","No",""
"41916845","10.1016/j.jpurol.2026.105877","Babu R","2026","CurvAssist: An AI assisted pipeline for penile shaft segmentation/ curvature measurement in children with hypospadias.","Journal of pediatric urology","J Pediatr Urol","Journal Article","Andrology","No",""
"41520226","10.1093/bib/bbaf712","Bosch I","2026","Benchmarking knowledge graph embedding models for the prediction of oligogenic combinations.","Briefings in bioinformatics","Brief Bioinform","Journal Article","Andrology","No",""
"41643045","10.1097/MOU.0000000000001359","Cimadamore A","2026","Intraoperative assessment of surgical margins during radical prostatectomy: advances and challenges.","Current opinion in urology","Curr Opin Urol","Journal Article; Review","Andrology","No",""
"41932402","10.1016/j.ijrobp.2026.03.031","Cote N","2026","Simulation-Free Adaptive Prostate SBRT on MR-Linac: Technical Feasibility and Clinical Experience.","International journal of radiation oncology, biology, physics","Int J Radiat Oncol Biol Phys","Journal Article","Andrology","No",""
"41513919","10.1007/s10815-025-03793-y","Dinc C","2026","Study of comparative performance of general-purpose LLM-based systems in predicting IVF outcomes.","Journal of assisted reproduction and genetics","J Assist Reprod Genet","Journal Article","Andrology","No",""
"41619611","10.1016/j.saa.2026.127498","Gao B","2026","Label-free Raman spectroscopy combined with artificial intelligence for functional subtyping of human sperm and prediction of embryo development outcomes.","Spectrochimica acta. Part A, Molecular and biomolecular spectroscopy","Spectrochim Acta A Mol Biomol Spectrosc","Journal Article","Andrology","No",""
"41495164","10.1038/s41746-025-02297-4","Ge Q","2026","Integrative single-cell and spatial transcriptomics with explainable AI reveal lethal prognostic axis in prostate cancer.","NPJ digital medicine","NPJ Digit Med","Journal Article","Andrology","No",""
"41753162","10.3390/jcm15041473","Grosso AA","2026","The Evolving Role of Artificial Intelligence in Andrological Surgery: Current Landscape and Future Direction.","Journal of clinical medicine","J Clin Med","Journal Article; Review","Andrology","No",""
"40263957","10.5534/wjmh.250007","Hamoda TA","2026","Artificial Intelligence in Scientific Writing: Balancing Innovation and Efficiency with Integrity: Perspectives and Position Statements of Global Andrology Forum Expert Group.","The world journal of men's health","World J Mens Health","Editorial","Andrology","No",""
"41397315","10.1016/j.compbiomed.2025.111369","Hashemi Karoii D","2026","Machine learning and multi-omics-based identification of hub paternal imprinted genes PEG11/RTL1, PEG9/DLK1, PEG6/NDN, and PEG5/NNAT in sperm of couples experiencing idiopathic recurrent pregnancy loss.","Computers in biology and medicine","Comput Biol Med","Journal Article","Andrology","No",""
"41172583","10.1016/j.cmpb.2025.109132","Hernandez-Ferrandiz D","2026","AndroGen: Open-source synthetic data generation for automated sperm analysis.","Computer methods and programs in biomedicine","Comput Methods Programs Biomed","Journal Article","Andrology","No",""
"41712191","10.1002/mp.70357","Hizam DA","2026","Learning anatomy from unlabelled CT volumes: A self-supervised framework for improving prostate radiotherapy segmentation.","Medical physics","Med Phys","Journal Article","Andrology","No",""
"41616688","10.1016/j.ecoenv.2026.119794","Jiang X","2026","Integrated omics and machine learning uncover the molecular basis of environmental toxicant 6PPD-Q-induced non-obstructive azoospermia.","Ecotoxicology and environmental safety","Ecotoxicol Environ Saf","Journal Article","Andrology","No",""
"41688827","10.1007/s12015-026-11074-z","Karoii DH","2026","Identifying Mouse Undifferentiated To Differentiated Spermatogonia Stem Cells at the Single-Cell Level Using Machine Learning Approaches.","Stem cell reviews and reports","Stem Cell Rev Rep","Journal Article","Andrology","No",""
"41743552","10.3389/fendo.2026.1772106","Li H","2026","Machine learning-based prediction of IVF/ICSI outcomes in male factor infertility highlighting couple-level BMI.","Frontiers in endocrinology","Front Endocrinol (Lausanne)","Journal Article","Andrology","No",""
"41718741","10.1093/jsxmed/qdag026","Luan J","2026","A prospective multicenter study on plasma metabolomics and machine learning for diagnosing premature ejaculation and predicting dapoxetine treatment response.","The journal of sexual medicine","J Sex Med","Journal Article; Multicenter Study","Andrology","No",""
"41713522","10.1016/j.reprotox.2026.109191","Meng C","2026","Artificial sweeteners and male infertility: Network toxicology and experimental evidence reveal FGFR1 as the critical target.","Reproductive toxicology (Elmsford, N.Y.)","Reprod Toxicol","Journal Article","Andrology","No",""
"41582390","10.2174/0118715303419738251111055407","Miao D","2026","Analysis of the Relationship Between Early Estrogen Response and Cryptorchidism.","Endocrine, metabolic & immune disorders drug targets","Endocr Metab Immune Disord Drug Targets","Journal Article","Andrology","No",""
"41752764","10.3390/medicina62020364","Minano Masip J","2026","Pregnancy AI: Development and Internal Validation of an Artificial Intelligence Tool to Predict Live Births in ICSI and IVF Cycles Using Clinical Features and Embryo Images.","Medicina (Kaunas, Lithuania)","Medicina (Kaunas)","Journal Article","Andrology","No",""
"41596033","10.3390/bioengineering13010102","Mohamed M","2026","AI-Based Augmented Reality Microscope for Real-Time Sperm Detection and Tracking in Micro-TESE.","Bioengineering (Basel, Switzerland)","Bioengineering (Basel)","Journal Article","Andrology","No",""
"41640904","10.7759/cureus.100734","Mohamed Salih EL","2026","Clinical Predictors of Successful Pregnancy After In Vitro Fertilization (IVF): A Comprehensive Systematic Review of Evidence.","Cureus","Cureus","Journal Article; Review","Andrology","No",""
"41713028","10.1088/1361-6560/ae4847","Moreira P","2026","AI-assisted cryo-dose estimation and tissue injury modeling for assessing side effects in MRI-guided prostate cryoablation: a retrospective study.","Physics in medicine and biology","Phys Med Biol","Journal Article","Andrology","No",""
"41900957","10.3390/life16030438","Ozge EC","2026","Adaptive Logit Fusion for Mitigating Class Imbalance in Multi-Category Sperm Morphology Assessment.","Life (Basel, Switzerland)","Life (Basel)","Journal Article","Andrology","No",""
"41825691","10.1016/j.xfss.2026.03.002","Setti A","2026","Artificial intelligence unlocks oocyte competence: MAGENTA outperforms clinical predictors and boosts euploidy modeling.","F&S science","F S Sci","Journal Article","Andrology","No",""
"41531647","10.1002/smmd.70026","Shahali S","2026","An Artificial Intelligence-Based Computer Vision Model for Human Sperm Concentration, Motility, and Kinematics Analysis.","Smart medicine","Smart Med","Journal Article","Andrology","No",""
"41633817","10.1093/humrep/deag005","Shahali S","2026","Refined trajectory smoothing and deep learning classification of human sperm motility.","Human reproduction (Oxford, England)","Hum Reprod","Journal Article","Andrology","No",""
"41406322","10.1071/RD25028","Stasczak A","2026","Advancements in sperm selection and assessment: traditional to cutting-edge methods in assisted reproductive techniques - a narrative review.","Reproduction, fertility, and development","Reprod Fertil Dev","Journal Article; Review","Andrology","No",""
"41711113","10.1111/andr.70195","Wagner T","2026","A Unified Machine Learning Model for Relapse Prediction in Clinical Stage I Testicular Cancer.","Andrology","Andrology","Journal Article","Andrology","No",""
"41642175","10.1093/sxmrev/qeaf075","Wang C","2026","Central neural mechanisms of lifelong premature ejaculation: a narrative synthesis of neuroimaging and electrophysiological evidence.","Sexual medicine reviews","Sex Med Rev","Journal Article; Review","Andrology","No",""
"40916621","10.1111/andr.70114","Xi Y","2026","Machine learning-based personalized prediction of sperm retrieval in patients with non-obstructive azoospermia prior to microdissection testicular sperm extraction: A multi-center cohort study.","Andrology","Andrology","Journal Article; Multicenter Study","Andrology","Yes","Male infertility and sperm-retrieval prediction"
"41382321","10.4103/aja202559","Xia Y","2026","ZhongdaChat-ED: a medical large language model for personalized erectile dysfunction health consultation and professional clinical decision-making using retrieval-augmented generation.","Asian journal of andrology","Asian J Androl","Journal Article","Andrology","No",""
"40897949","10.1007/s11517-025-03418-7","Xu Y","2026","Deep learning-based morphological analysis of human sperm.","Medical & biological engineering & computing","Med Biol Eng Comput","Journal Article","Andrology","No",""
"41561791","10.1088/3049-477X/ae3320","Yan S","2026","Artificial intelligence (AI)-based multi-organ contour quality assurance with uncertainty estimation for online adaptive radiotherapy (oART).","Machine learning. Health","Mach Learn Health","Journal Article","Andrology","No",""
"41710560","10.1093/sexmed/qfaf104","Zhang B","2026","Utilization and prospects of artificial intelligence in the diagnosis, prediction, and treatment of erectile dysfunction.","Sexual medicine","Sex Med","Journal Article; Review","Andrology","No",""
"41559007","10.1021/acs.est.5c14405","Zhang G","2026","A Framework Integrating Single-Cell Metallomic Data in Health Effect Analysis via Quantile Features and Machine Learning.","Environmental science & technology","Environ Sci Technol","Journal Article","Andrology","No",""
"40923191","10.1093/cid/ciaf486","Alshanqeeti S","2026","Comparing Generative Artificial Intelligence vs Experts for Detection of Catheter-Associated Urinary Tract Infection.","Clinical infectious diseases : an official publication of the Infectious Diseases Society of America","Clin Infect Dis","Comparative Study; Journal Article","Benign/Functional","No",""
"41061568","10.1016/j.diagmicrobio.2025.117125","Bhimani A","2026","Multidrug-resistant pathogens in UTIs: A concise review of epidemiology, diagnostics, and patent landscaping for precision healthcare.","Diagnostic microbiology and infectious disease","Diagn Microbiol Infect Dis","Journal Article; Review","Benign/Functional","No",""
"40365799","10.1002/nau.70074","Chew LE","2026","The Future of Urodynamics: Innovations, Challenges, and Possibilities.","Neurourology and urodynamics","Neurourol Urodyn","Journal Article; Review","Benign/Functional","No",""
"41517569","10.3390/jcm15010320","Gradwell LEF","2026","An Atlas of Nomograms, Scoring Systems, and Predictive Tools to Guide Investigation or Management in Patients with Suspected or Confirmed Vesicoureteral Reflux: A Comprehensive Review of the Literature.","Journal of clinical medicine","J Clin Med","Journal Article; Review","Benign/Functional","No",""
"41199126","10.1007/s43440-025-00804-8","Grzegorzek U","2026","The application of machine learning in the evaluation of urinary tract infections incidence in patients in a Nursing and Treatment Facility.","Pharmacological reports : PR","Pharmacol Rep","Journal Article","Benign/Functional","No",""
"41673908","10.1097/INF.0000000000005179","Hajaj C","2026","Machine Learning Tools for Predicting Pediatric Urinary Tract Infections Caused by ESBL-producing Bacteria.","The Pediatric infectious disease journal","Pediatr Infect Dis J","Journal Article","Benign/Functional","No",""
"41086642","10.1016/j.ijmedinf.2025.106143","Lee SJ","2026","Machine learning prediction of multidrug-resistant urinary tract infections in brain and spinal cord injury patients: a dual-center validation study.","International journal of medical informatics","Int J Med Inform","Journal Article; Multicenter Study; Validation Study","Benign/Functional","No",""
"40919823","10.1002/adhm.202502811","Liu C","2026","Recent Technological Advances in Monitoring and Neuromodulation of Non-Malignant and Neurogenic Bladder Conditions.","Advanced healthcare materials","Adv Healthc Mater","Journal Article; Review","Benign/Functional","No",""
"41553751","10.1099/mgen.0.001608","Ross TA","2026","Machine learning-based lineage prediction from antimicrobial susceptibility testing phenotypes for Escherichia coli sequence type 131 clade C surveillance across infection types.","Microbial genomics","Microb Genom","Journal Article","Benign/Functional","No",""
"41855067","10.1109/JBHI.2026.3675965","Saini M","2026","BWS-Net: An Optimal Deep Learning Architecture for the Anterior Bladder Wall Segmentation using Ultrasound Imaging.","IEEE journal of biomedical and health informatics","IEEE J Biomed Health Inform","Journal Article","Benign/Functional","No",""
"41889706","10.2147/RMHP.S561761","Sarmis A","2026","Deep Learning-Based Rapid Identification of Escherichia coli and Klebsiella pneumoniae from Chromogenic Agar Urine Cultures Using YOLOv12.","Risk management and healthcare policy","Risk Manag Healthc Policy","Journal Article","Benign/Functional","No",""
"41903287","10.1016/j.ajem.2026.02.036","Shen T","2026","Machine learning prediction of positive urine cultures in an academic pediatric emergency department (ED).","The American journal of emergency medicine","Am J Emerg Med","Journal Article","Benign/Functional","No",""
"41046707","10.1016/j.cmpb.2025.109077","Yang M","2026","Non-invasive urine flow dynamics characterization of pediatric hydronephrosis based on deep learning and computational fluid dynamics.","Computer methods and programs in biomedicine","Comput Methods Programs Biomed","Journal Article","Benign/Functional","No",""
"41769347","10.3389/fcimb.2026.1740707","Zhang J","2026","Explainable machine learning for early detection of Escherichia coli urinary tract infections: integrating SHAP interpretation and bacterial epidemiology.","Frontiers in cellular and infection microbiology","Front Cell Infect Microbiol","Journal Article","Benign/Functional","No",""
"41781502","10.1038/s41598-026-42178-8","Zhang YL","2026","Explainable machine learning with routine biomarkers identifies culture-defined bacteremic urosepsis.","Scientific reports","Sci Rep","Journal Article","Benign/Functional","No",""
"41756786","10.3389/fcimb.2026.1745468","Zheng X","2026","Urine volatile organic compounds profiling via GC-IMS combined with machine learning: a powerful diagnostic and pathogen differentiation tool for urinary tract infections.","Frontiers in cellular and infection microbiology","Front Cell Infect Microbiol","Journal Article","Benign/Functional","No",""
"41221805","10.1093/jac/dkaf419","Zhong Y","2026","Machine learning for personalized antimicrobial susceptibility breakpoints.","The Journal of antimicrobial chemotherapy","J Antimicrob Chemother","Journal Article","Benign/Functional","No",""
"40932342","10.1097/JS9.0000000000003431","Zhou Z","2026","Fully end-to-end automated bladder segmentation and risk assessment based on bladder morphology features for predicting upper urinary tract dysfunction.","International journal of surgery (London, England)","Int J Surg","Journal Article","Benign/Functional","No",""
"41031874","10.1111/bju.70011","van Dort W","2026","Can unsupervised machine learning gain new insights into urodynamic pressure flow pattern analysis?","BJU international","BJU Int","Journal Article","Benign/Functional","No",""
"41749284","10.1186/s12916-026-04745-8","Baek SW","2026","Transcriptome-based high-frequency recurrence index predicts frequent recurrence in non-muscle-invasive bladder cancer after Bacillus Calmette-Guerin therapy.","BMC medicine","BMC Med","Journal Article","Bladder Cancer","No",""
"41768234","10.3389/fonc.2026.1729810","Blumenfeld P","2026","Daily artificial intelligence-assisted adaptive small margin radiotherapy during trimodal therapy of muscle-invasive bladder cancer.","Frontiers in oncology","Front Oncol","Journal Article","Bladder Cancer","No",""
"41915371","10.1007/s11547-026-02203-2","Borrelli A","2026","AI-assessed sarcopenia as an independent predictor of neoadjuvant chemotherapy outcomes in muscle-invasive bladder cancer.","La Radiologia medica","Radiol Med","Journal Article","Bladder Cancer","No",""
"41546827","10.1007/s00345-026-06191-w","Bruinsma J","2026","Diagnostic performance of radiomics for detecting and characterising upper tract urothelial carcinoma (UTUC): a systematic review.","World journal of urology","World J Urol","Journal Article","Bladder Cancer","No",""
"41925913","10.1007/s10238-026-02146-y","Cao Y","2026","Multi-omics identification of a programmed cell death-related signature and potential target P4HB for bladder cancer based on a 101-combination machine learning and experimental validation.","Clinical and experimental medicine","Clin Exp Med","Journal Article","Bladder Cancer","No",""
"40907368","10.1016/j.talanta.2025.128749","Carapito A","2026","Non-invasive bladder cancer detection: Identification of a urinary volatile biomarker panel using GC-MS metabolomics and machine learning.","Talanta","Talanta","Journal Article","Bladder Cancer","No",""
"41712865","10.2196/86666","Causio FA","2026","Survival Prediction in Patients With Bladder Cancer Undergoing Radical Cystectomy Using a Machine Learning Algorithm: Retrospective Single-Center Study.","JMIR perioperative medicine","JMIR Perioper Med","Journal Article","Bladder Cancer","No",""
"41934494","10.1007/s00330-026-12497-5","Fan Z","2026","Application of transformer-enhanced convolutional neural network: multicenter MRI assessment of muscle invasion in bladder cancer.","European radiology","Eur Radiol","Journal Article","Bladder Cancer","No",""
"41587322","10.1093/bib/bbaf728","Gui J","2026","BiChemoCLAM: a weakly supervised multimodal framework for chemotherapy response prediction.","Briefings in bioinformatics","Brief Bioinform","Journal Article","Bladder Cancer","No",""
"41892063","10.3390/bios16030171","Hao Z","2026","Non-Invasive Urine-Based Diagnostic Technologies for Early Bladder Cancer.","Biosensors","Biosensors (Basel)","Journal Article; Review","Bladder Cancer","No",""
"41836241","10.3389/fonc.2026.1754912","He J","2026","A systematic characterization of amino acid metabolism-related genes reveals molecular subtypes and a prognostic signature in bladder cancer.","Frontiers in oncology","Front Oncol","Journal Article","Bladder Cancer","No",""
"41602481","10.34133/research.1053","He Y","2026","A Deep Learning-Generated Mixed Tumor-Stroma Ratio for Prognostic Stratification and Multi-omics Profiling in Bladder Cancer.","Research (Washington, D.C.)","Research (Wash D C)","Journal Article","Bladder Cancer","No",""
"41559463","10.1245/s10434-025-18981-4","Jiang M","2026","Intratumoral and Peritumoral Fat CT‑Based Radiomics for Predicting Recurrence Risk in Non-Muscle-Invasive Bladder Cancer: A Two-Center Study.","Annals of surgical oncology","Ann Surg Oncol","Journal Article","Bladder Cancer","No",""
"41923172","10.1186/s40170-026-00427-4","Kamal AHM","2026","Leveraging untargeted metabolomics in combination with machine learning to uncover novel insights into bladder cancer.","Cancer & metabolism","Cancer Metab","Journal Article","Bladder Cancer","No",""
"41745083","10.3390/diseases14020045","Katongtung P","2026","MRI-Based Bladder Cancer Staging via YOLOv11 Segmentation and Deep Learning Classification.","Diseases (Basel, Switzerland)","Diseases","Journal Article","Bladder Cancer","No",""
"41821914","10.5173/ceju.2025.0238","Krajewski W","2026","Evaluation of DeepSeek-R1 and ChatGPT-4o as educational sources for upper tract urothelial carcinoma.","Central European journal of urology","Cent European J Urol","Journal Article","Bladder Cancer","No",""
"41469902","10.4111/icu.20250385","Lee HY","2026","Artificial intelligence-based personalized oncological outcome prediction model for upper urinary tract urothelial carcinoma after radical nephroureterectomy: A development and multicenter validation.","Investigative and clinical urology","Investig Clin Urol","Journal Article; Multicenter Study; Validation Study","Bladder Cancer","No",""
"41741508","10.1038/s41597-026-06887-z","Lee TJ","2026","CystoDS: a multiclass endoscopy image dataset for artificial intelligence-assisted bladder cancer detection.","Scientific data","Sci Data","Journal Article","Bladder Cancer","No",""
"41685329","10.3389/fimmu.2026.1710823","Li A","2026","Transcriptome and single-cell RNA sequencing analysis with 101 machine learning combinations and experimental verification reveals the mechanism of action of mannose metabolism in bladder cancer.","Frontiers in immunology","Front Immunol","Journal Article","Bladder Cancer","No",""
"41809788","10.21037/tau-2025-710","Liang S","2026","Machine learning identifies a DNA repair-related risk model for bladder cancer and functionally characterizes ZWINT as a potential oncogenic factor.","Translational andrology and urology","Transl Androl Urol","Journal Article","Bladder Cancer","No",""
"41442462","10.1093/bjr/tqaf315","Liu H","2026","Low-dose corticomedullary phase CT urography with artificial intelligence iterative reconstruction for bladder cancer evaluation.","The British journal of radiology","Br J Radiol","Journal Article","Bladder Cancer","No",""
"41809777","10.21037/tau-2025-1-970","Liu J","2026","Development and validation of a gemcitabine sensitivity-related long noncoding RNA signature for predicting the prognosis and subtypes of bladder cancer.","Translational andrology and urology","Transl Androl Urol","Journal Article","Bladder Cancer","No",""
"41780445","10.1016/j.compbiolchem.2026.108987","Liu T","2026","Elucidating the mechanisms of aristolochic acid-induced upper tract urothelial carcinoma: A multi-omics approach combining bioinformatics and computational modeling.","Computational biology and chemistry","Comput Biol Chem","Journal Article","Bladder Cancer","No",""
"41735763","10.1007/s10565-026-10164-5","Liu Y","2026","Toxicogenomic Characterization of Perfluorooctanoic Acid-Associated Bladder Carcinogenesis.","Cell biology and toxicology","Cell Biol Toxicol","Journal Article","Bladder Cancer","No",""
"41363875","10.1002/jso.70161","Manoharan M","2026","Development of a Multivariable Machine Learning Model for the Prediction of Postoperative Ileus After Radical Cystectomy.","Journal of surgical oncology","J Surg Oncol","Journal Article","Bladder Cancer","No",""
"41775548","10.1053/j.semnuclmed.2026.02.004","Mena E","2026","Advances and challenges of PET imaging in bladder cancer-An update and future trends.","Seminars in nuclear medicine","Semin Nucl Med","Journal Article; Review","Bladder Cancer","No",""
"41630170","10.1177/08927790251387369","Meng X","2026","Letter: Editorial Comment on: ""Enhanced Artificial Intelligence in Bladder Cancer Management: A Comparative Analysis and Optimization Study of Multiple Large Language Models"" by Li et al.","Journal of endourology","J Endourol","Journal Article","Bladder Cancer","No",""
"41643205","10.1093/ajcp/aqaf135","Nabiyouni F","2026","Enhancing urine cytopathology with artificial intelligence: a systematic review.","American journal of clinical pathology","Am J Clin Pathol","Journal Article; Systematic Review","Bladder Cancer","No",""
"41828460","10.3390/ijms27052237","Parrao D","2026","Use of Artificial Intelligence Model Associated with Masson's Trichrome Staining as a Predictor of Muscle Invasion in Bladder Cancer.","International journal of molecular sciences","Int J Mol Sci","Journal Article","Bladder Cancer","No",""
"40815554","10.1080/01478885.2025.2546655","Patel AU","2026","Novel liquid immunocytochemistry with machine learning analysis for bladder cancer detection.","Journal of histotechnology","J Histotechnol","Journal Article","Bladder Cancer","No",""
"41056040","10.1097/JS9.0000000000003581","Peng X","2026","Deep learning for prognostic stratification and biomarker exploration in upper tract urothelial carcinoma: a multicenter retrospective cohort study.","International journal of surgery (London, England)","Int J Surg","Journal Article; Multicenter Study","Bladder Cancer","No",""
"41930317","10.1016/j.esmorw.2025.100681","Rametta A","2026","Predicting efficacy in patients with locally advanced/metastatic urothelial carcinoma (mUC) treated with immunotherapy using explainable machine learning approaches: the SamUR-AI trial on behalf of the Meet-URO group.","ESMO real world data and digital oncology","ESMO Real World Data Digit Oncol","Journal Article","Bladder Cancer","No",""
"41582171","10.1186/s40246-026-00918-x","Ran M","2026","Exploration of neutrophil-associated genes in the prognosis of bladder urothelial carcinoma based on a machine learning and multi-omics data integration framework.","Human genomics","Hum Genomics","Journal Article","Bladder Cancer","No",""
"41549273","10.1186/s12885-026-15554-w","Rao XP","2026","Interpretable machine learning using CT radiomics predicts pathological upgrading after secondary resection in non-muscle-invasive bladder cancer.","BMC cancer","BMC Cancer","Journal Article","Bladder Cancer","No",""
"41907632","10.3389/fonc.2026.1784501","Russo F","2026","Identification of a weighted urinary microbial signature for bladder cancer discrimination.","Frontiers in oncology","Front Oncol","Journal Article","Bladder Cancer","No",""
"41874614","10.1007/s00261-026-05457-6","Salvaggio G","2026","Artificial intelligence and radiomics in bladder cancer MRI: a scoping review of applications, performance, and barriers to clinical translation.","Abdominal radiology (New York)","Abdom Radiol (NY)","Journal Article; Review","Bladder Cancer","No",""
"41545941","10.1080/14737140.2026.2619018","Salzano G","2026","Artificial intelligence in bladder cancer management: a narrative review of diagnostic and surgical advances and current limitations.","Expert review of anticancer therapy","Expert Rev Anticancer Ther","Journal Article; Review","Bladder Cancer","No",""
"41661372","10.1007/s12672-026-04564-6","Shi Z","2026","Exploring the toxicological impact of N-nitrosodimethylamine (NDMA) exposure on bladder urothelial carcinoma (BLCA) through network toxicology, machine learning, and multi-dimensional bioinformatics analysis.","Discover oncology","Discov Oncol","Journal Article","Bladder Cancer","No",""
"41605505","10.2196/87193","Shih YC","2026","Multimodal Large Language Models for Cystoscopic Image Interpretation and Bladder Lesion Classification: Comparative Study.","Journal of medical Internet research","J Med Internet Res","Comparative Study; Journal Article","Bladder Cancer","No",""
"41524744","10.23736/S2724-6051.25.06385-2","Sungur U","2026","Machine learning methods for predicting early recurrence in Ta stage bladder cancer and comparison with conventional statistical methods.","Minerva urology and nephrology","Minerva Urol Nephrol","Journal Article","Bladder Cancer","No",""
"41768416","10.1177/23523735251413333","Superdock M","2026","Computational pathology in bladder cancer: A scoping review.","Bladder cancer (Amsterdam, Netherlands)","Bladder Cancer","Journal Article; Review","Bladder Cancer","No",""
"41741147","10.2463/mrms.rev.2025-0213","Takeuchi M","2026","Current Status and Future Perspective for Bladder Cancer MR Imaging and the Vesical Imaging-Reporting and Data System (VI-RADS) in Japan: Challenges and Solutions.","Magnetic resonance in medical sciences : MRMS : an official journal of Japan Society of Magnetic Resonance in Medicine","Magn Reson Med Sci","Journal Article","Bladder Cancer","No",""
"40996609","10.1007/s11255-025-04813-7","Tang C","2026","Liquid biopsy based on multi-targeted capture of urinary tumor DNA combined with machine learning to detect urothelial carcinoma: a multicenter prospective study.","International urology and nephrology","Int Urol Nephrol","Journal Article; Multicenter Study","Bladder Cancer","No",""
"41587235","10.1109/TBME.2026.3658230","Wang X","2026","Early Detection of Bladder Cancer Using Advanced Feature Engineering and Swarm Intelligence Optimization on EHRs.","IEEE transactions on bio-medical engineering","IEEE Trans Biomed Eng","Journal Article","Bladder Cancer","No",""
"41660241","10.1016/j.isci.2025.114309","Wang Y","2026","Artificial intelligence diagnostics for bladder tumor identification and grade prediction depend on narrow band imaging cystoscopy.","iScience","iScience","Journal Article","Bladder Cancer","No",""
"41568074","10.1016/j.ejro.2026.100728","Xiao H","2026","Machine learning-based multi-class classification of bladder pathologies using fused 3D CT radiomic and 3D auto-encoder deep features.","European journal of radiology open","Eur J Radiol Open","Journal Article","Bladder Cancer","No",""
"40991520","10.1159/000548615","Xiong L","2026","An Artificial Intelligence-Based Method for Risk Stratification of Urothelial Carcinoma from Liquid-Based Urine Cytology Whole-Slide Images.","Acta cytologica","Acta Cytol","Journal Article","Bladder Cancer","No",""
"41541670","10.1016/j.isci.2025.114259","Xiong L","2026","Interpretable machine learning for urothelial cells classification and risk scoring in urine cytology.","iScience","iScience","Journal Article","Bladder Cancer","No",""
"41706814","10.1097/JS9.0000000000003833","Xu C","2026","Integrating machine learning and Mendelian randomization for identifying genetic biomarkers in bladder cancer: implications for early diagnosis and targeted therapies.","International journal of surgery (London, England)","Int J Surg","Journal Article","Bladder Cancer","No",""
"41445362","10.1111/cas.70311","Xue Z","2026","Urinary Tumor DNA to Identify Candidates for Repeat Transurethral Resection in Non-Muscle-Invasive Bladder Cancer.","Cancer science","Cancer Sci","Journal Article","Bladder Cancer","No",""
"41794187","10.1016/j.taap.2026.117784","Yan H","2026","Unraveling the connection between PFOA and bladder cancer: A study integrating network toxicology, molecular docking, and experimental validation.","Toxicology and applied pharmacology","Toxicol Appl Pharmacol","Journal Article","Bladder Cancer","No",""
"41540546","10.2174/0115748928396718251104075645","Zhang J","2026","Single-cell and Bulk RNA-Seq Analyses Reveal TOMM7-mediated Multi-cell Death Mechanisms Driving Muscle-invasive Bladder Cancer Progression.","Recent patents on anti-cancer drug discovery","Recent Pat Anticancer Drug Discov","Journal Article","Bladder Cancer","No",""
"41077493","10.1016/j.ultrasmedbio.2025.09.013","Zhuang J","2026","Prediction of HER2 Expression in Urothelial Carcinoma of the Bladder: Are Ultrasound-based Radiomic Features Significant?","Ultrasound in medicine & biology","Ultrasound Med Biol","Journal Article","Bladder Cancer","No",""
"41804750","10.1002/ctm2.70638","van Creij NCH","2026","Multi-omic profiling defines three distinct molecular subtypes of urothelial carcinoma with implications for precision therapy.","Clinical and translational medicine","Clin Transl Med","Journal Article","Bladder Cancer","No",""
"41590518","10.3390/jpm16010025","Alberca-Del Arco F","2026","Emerging Molecular and Computational Biomarkers in Urothelial Carcinoma: Innovations in Diagnosis, Prognosis, and Therapeutic Response Prediction.","Journal of personalized medicine","J Pers Med","Journal Article; Review","Broad Reviews","No",""
"41844851","10.1007/s00330-026-12465-z","Andrade MA","2026","Artificial-intelligence models vs. radiologists in the detection of clinically significant prostate cancer on mpMRI: a meta-analysis.","European radiology","Eur Radiol","Journal Article; Review","Broad Reviews","No",""
"41800506","10.32604/cju.2026.071284","Barakat B","2026","Artificial intelligence assisted 3D in the robotic urooncology? A systematic review and narrative synthesis of current applications, challenges and future directions.","The Canadian journal of urology","Can J Urol","Journal Article; Review; Systematic Review","Broad Reviews","No",""
"41483979","10.1016/j.urolonc.2025.12.001","Bazarkin A","2026","Artificial intelligence in diagnostic, prognostic, and predictive genomic biomarkers for prostate cancer: Ready for prime time?","Urologic oncology","Urol Oncol","Journal Article; Review; Systematic Review","Broad Reviews","No",""
"41642909","10.1177/00369330261418599","Bhuiyan N","2026","The role of artificial intelligence in improving patient communication and shared decision-making in urology: A systematic review.","Scottish medical journal","Scott Med J","Journal Article; Review","Broad Reviews","No",""
"40371494","10.1097/MOU.0000000000001301","Bracey S","2026","Exploring the impact of artificial intelligence-enabled decision aids in improving patient inclusivity, empowerment, and education in urology: a systematic review by EAU endourology.","Current opinion in urology","Curr Opin Urol","Journal Article; Systematic Review","Broad Reviews","No",""
"41749918","10.3390/cancers18040665","Cella L","2026","AI in High-Frequency Micro-Ultrasound: Advancing Prostate Imaging from Segmentation to Cancer Detection.","Cancers","Cancers (Basel)","Journal Article; Review","Broad Reviews","No",""
"41807227","10.1016/j.semdp.2026.150995","Chan GJ","2026","Advances in artificial intelligence in prostate cancer pathology.","Seminars in diagnostic pathology","Semin Diagn Pathol","Journal Article; Review","Broad Reviews","No",""
"39349948","10.1038/s41585-024-00941-4","Checcucci E","2026","Metaverse in surgery - origins and future potential.","Nature reviews. Urology","Nat Rev Urol","Journal Article; Review","Broad Reviews","No",""
"41697205","10.23736/S2724-6051.25.06559-0","DI Bello F","2026","The role of artificial intelligence in predicting graft survival in kidney transplantation: a systematic review.","Minerva urology and nephrology","Minerva Urol Nephrol","Journal Article; Systematic Review","Broad Reviews","No",""
"40928376","10.1097/JS9.0000000000003484","Ding Y","2026","Telerobotic surgery: a comprehensive two-decade evolution and the integration of emerging technologies.","International journal of surgery (London, England)","Int J Surg","Journal Article; Review","Broad Reviews","No",""
"40790847","10.1177/00031348251367031","Emile SH","2026","Assessment of the Utility of Artificial Intelligence-Based Chatbots in Patient Education: A Systematic Review and Meta-Analysis.","The American surgeon","Am Surg","Journal Article; Meta-Analysis; Systematic Review","Broad Reviews","No",""
"41577500","10.1016/j.euf.2026.01.005","Gabriel PE","2026","The Future of Non-muscle-invasive Bladder Cancer: Towards a Molecular-Digital Paradigm for Personalized Management.","European urology focus","Eur Urol Focus","Journal Article; Review","Broad Reviews","No",""
"41117525","10.1097/MOU.0000000000001348","Ghnatios C","2026","Demystifying machine learning in endourology - understanding models, applications, and clinical impact: a review from EAU endourology.","Current opinion in urology","Curr Opin Urol","Journal Article; Review","Broad Reviews","No",""
"41764677","10.1007/s00345-026-06322-3","Ghnatios C","2026","From data to decision: integrating causality AI and predictive analytics in endourological practice-a descriptive guide for clinicians from EAU Endourology.","World journal of urology","World J Urol","Journal Article; Review","Broad Reviews","No",""
"41073794","10.1038/s41585-025-01096-6","Gortz M","2026","Digital twins for personalized treatment in uro-oncology in the era of artificial intelligence.","Nature reviews. Urology","Nat Rev Urol","Journal Article; Review","Broad Reviews","No",""
"41373109","10.1097/MOU.0000000000001361","Grobholz R","2026","Modern integrative prostate cancer diagnostics.","Current opinion in urology","Curr Opin Urol","Journal Article; Review","Broad Reviews","No",""
"41701889","10.5489/cuaj.9477","Han J","2026","Artificial intelligence in urology training: Enhancing annotation, feedback, and evaluation in robotic, laparoscopic, and endoscopic surgery.","Canadian Urological Association journal = Journal de l'Association des urologues du Canada","Can Urol Assoc J","Journal Article; Review","Broad Reviews","No",""
"41509578","10.7759/cureus.100893","Hasan MR","2026","Transforming Pediatric Urology With Artificial Intelligence: A Narrative Review of Current Evidence and Practice.","Cureus","Cureus","Journal Article; Review","Broad Reviews","No",""
"41348934","10.1002/jmri.70189","Johnson PM","2026","Artificial Intelligence in Prostate MRI: Addressing Current Limitations Through Emerging Technologies.","Journal of magnetic resonance imaging : JMRI","J Magn Reson Imaging","Journal Article; Review","Broad Reviews","No",""
"41775347","10.56434/j.arch.esp.urol.20267901.1","Katsimperis S","2026","Artificial Intelligence and Big Data in Urological Oncology: From Radiomics to Real-World Evidence.","Archivos espanoles de urologia","Arch Esp Urol","Journal Article; Review","Broad Reviews","No",""
"41198493","10.1016/j.jpurol.2025.10.013","Khondker A","2026","The 2025 update on artificial intelligence models in pediatric urology: Results from the AI-PEDURO collaborative.","Journal of pediatric urology","J Pediatr Urol","Journal Article; Scoping Review","Broad Reviews","No",""
"41686838","10.1371/journal.pdig.0001237","Khondker A","2026","Predicting vesicoureteral reflux outcomes using artificial intelligence: A critical appraisal using APPRAISE-AI.","PLOS digital health","PLOS Digit Health","Journal Article; Review","Broad Reviews","No",""
"41636843","10.1007/s00120-026-02771-1","Kohler J","2026","[Innovative imaging techniques for urothelial carcinoma].","Urologie (Heidelberg, Germany)","Urologie","English Abstract; Journal Article; Review","Broad Reviews","No",""
"40765212","10.1002/nau.70120","Kowalik C","2026","Considerations for Videourodynamics and How It Impacts Practice.","Neurourology and urodynamics","Neurourol Urodyn","Journal Article; Review","Broad Reviews","No",""
"41817162","10.1111/bju.70229","Lin J","2026","Artificial intelligence-based approaches to augmenting and automating surgical training.","BJU international","BJU Int","Journal Article; Review","Broad Reviews","No",""
"40753031","10.1016/j.euf.2025.07.011","Maggi M","2026","Shaping the Future of Personalized Therapy in Bladder Cancer Using Artificial Intelligence.","European urology focus","Eur Urol Focus","Journal Article; Review","Broad Reviews","No",""
"41832109","10.1016/j.urolonc.2026.111047","Mardelli C","2026","Refining prognostication in non-muscle-invasive bladder cancer: From clinical models to artificial intelligence.","Urologic oncology","Urol Oncol","Journal Article; Review","Broad Reviews","No",""
"41530034","10.1016/j.euf.2025.12.017","Mjaess G","2026","Radiomics and Image-based Artificial Intelligence for Predicting Recurrence and Survival After Surgery in Localized Renal Cell Carcinoma: An APPRAISE-AI Systematic Review and Meta-analysis.","European urology focus","Eur Urol Focus","Journal Article; Review","Broad Reviews","No",""
"41684950","10.1177/17562872261419592","Nedbal C","2026","Digital twins in urology: a vision for the future of urological practice.","Therapeutic advances in urology","Ther Adv Urol","Journal Article; Review","Broad Reviews","No",""
"41724393","10.1016/j.urology.2026.02.026","Nelson B","2026","Emerging Diagnostics Tools for Severe Male Infertility and Non-Obstructive Azoospermia.","Urology","Urology","Journal Article; Review","Broad Reviews","No",""
"41664829","10.1007/s11884-025-00800-x","Paudel R","2026","Shared Decision Making, Decision Aids and Patient Reported Outcome Measures for Overactive Bladder Care: A Review.","Current bladder dysfunction reports","Curr Bladder Dysfunct Rep","Journal Article; Review","Broad Reviews","No",""
"41419150","10.1016/j.gene.2025.149966","Rahman S","2026","Navigating the winding road toward precision prostate cancer care.","Gene","Gene","Journal Article; Review","Broad Reviews","No",""
"41561314","10.1016/j.sipas.2025.100322","Samenezhad S","2026","The role of artificial intelligence in advancing urologic care: From diagnostics to therapeutics.","Surgery in practice and science","Surg Pract Sci","Journal Article; Review","Broad Reviews","No",""
"41697204","10.23736/S2724-6051.25.06658-3","Sequi MB","2026","Current role of artificial intelligence in the management of benign prostatic hyperplasia: a systematic review.","Minerva urology and nephrology","Minerva Urol Nephrol","Journal Article; Systematic Review","Broad Reviews","No",""
"41474926","","Siddique MFH","2026","The Evolving Landscape of Urology in the Era of Artificial Intelligence: An Update of Clinical Applications and Emerging Innovations.","Mymensingh medical journal : MMJ","Mymensingh Med J","Journal Article; Review","Broad Reviews","No",""
"41681930","10.3390/cancers18030456","Stepka J","2026","Contemporary Preoperative Detection of Extraprostatic Extension in Prostate Cancer.","Cancers","Cancers (Basel)","Journal Article; Review","Broad Reviews","No",""
"41597411","10.3390/medicina62010125","Telecan T","2026","From Testis to Retroperitoneum: The Role of Radiomics and Artificial Intelligence for Primary Tumors and Nodal Disease in Testicular Cancer: A Systematic Review.","Medicina (Kaunas, Lithuania)","Medicina (Kaunas)","Journal Article; Review; Systematic Review","Broad Reviews","No",""
"41733068","10.48095/ccrvch2026","Trachta J","2026","ChatGPT-4o in pediatric surgery and urology: current possibilities and limitations in everyday use in Czech hospitals.","Rozhledy v chirurgii : mesicnik Ceskoslovenske chirurgicke spolecnosti","Rozhl Chir","Journal Article; Review","Broad Reviews","No",""
"41644780","10.1038/s41746-026-02354-6","Wang X","2026","Application and prospect of artificial intelligence in diagnostic imaging of prostate cancer.","NPJ digital medicine","NPJ Digit Med","Journal Article; Review","Broad Reviews","No",""
"41800500","10.32604/cju.2026.076084","Zhan M","2026","Artificial intelligence in urological malignancy diagnosis and prognosis: current status and future prospects.","The Canadian journal of urology","Can J Urol","Journal Article; Review","Broad Reviews","No",""
"41728380","10.3389/fdgth.2026.1708289","Zhang L","2026","Artificial intelligence-assisted diagnosis and histopathological grading of bladder cancer: current status, challenges, and future directions.","Frontiers in digital health","Front Digit Health","Journal Article; Review","Broad Reviews","No",""
"41314862","10.1177/08927790251394738","Zhang M","2026","The Science of Surgical Force: A New Field of Study in Urology.","Journal of endourology","J Endourol","Journal Article; Review; Systematic Review","Broad Reviews","No",""
"41423376","10.1016/j.urolonc.2025.11.013","Zhang X","2026","Artificial intelligence-driven prostate cancer diagnosis: Enhancing accuracy and personalizing patient care.","Urologic oncology","Urol Oncol","Journal Article; Review","Broad Reviews","No",""
"41313232","10.1080/14737140.2025.2597526","Zhang Y","2026","From macroscopic clearance to molecular eradication: paradigm shift and future perspectives in the detecting of residual lesions after transurethral resection of bladder tumors.","Expert review of anticancer therapy","Expert Rev Anticancer Ther","Journal Article; Review; Systematic Review","Broad Reviews","No",""
"41892194","10.3390/curroncol33030166","Zhu CY","2026","Current Applications and Future Directions of Artificial Intelligence in Prostate Cancer Diagnosis: A Narrative Review.","Current oncology (Toronto, Ont.)","Curr Oncol","Journal Article; Review","Broad Reviews","No",""
"41698677","10.1111/bju.70164","de la Calle CM","2026","Digital pathology-based artificial intelligence algorithms in prostate cancer: inside the 'black box'.","BJU international","BJU Int","Journal Article; Review","Broad Reviews","No",""
"41223979","10.1016/j.critrevonc.2025.105011","van Hees JE","2026","AI-based prediction of molecular aberrations in prostate cancer using digital pathology: A systematic review.","Critical reviews in oncology/hematology","Crit Rev Oncol Hematol","Journal Article; Systematic Review","Broad Reviews","No",""
"41484874","10.1186/s12894-025-02038-5","Akdal Dolek B","2026","Evaluation of large language models in assigning PI-RADS v2.1 categories for prostate MRI reports.","BMC urology","BMC Urol","Journal Article","Governance","No",""
"41535603","10.1038/s41585-025-01122-7","Al-Sattar H","2026","A multi-modal approach for decision making in bladder cancer.","Nature reviews. Urology","Nat Rev Urol","Journal Article; Review","Governance","No",""
"41929609","10.3389/fdgth.2026.1726517","Albaz AC","2026","Can ChatGPT-5 educate the public about vasectomy?: a Google Trends-based expert panel assessment.","Frontiers in digital health","Front Digit Health","Journal Article","Governance","No",""
"41475300","10.1016/j.rbmo.2025.105237","Alcalay I","2026","Can artificial intelligence models provide reliable medical counselling to fertility patients?","Reproductive biomedicine online","Reprod Biomed Online","Journal Article","Governance","No",""
"41845421","10.1186/s12911-026-03438-9","Alshraideh M","2026","AI-based modeling of treatment decisions in benign prostatic hyperplasia: a transformer-based comparative study.","BMC medical informatics and decision making","BMC Med Inform Decis Mak","Journal Article","Governance","No",""
"41658336","10.1002/bco2.70167","Arang H","2026","Streamlining urology cancer multidisciplinary team meetings: Implementation and outcomes.","BJUI compass","BJUI Compass","Journal Article","Governance","No",""
"41555309","10.1186/s12894-026-02054-z","Bae H","2026","Estimation of IPSS and OABSS scores using ChatGPT-4o: a comparative validation study in Korea.","BMC urology","BMC Urol","Journal Article","Governance","No",""
"41610464","10.1016/j.jpurol.2025.105703","Baray SB","2026","Implementation of deep learning for measurement of penile curvature on real 2D intraoperative images.","Journal of pediatric urology","J Pediatr Urol","Journal Article","Governance","No",""
"41786088","10.1016/j.fjurol.2026.103092","Bazir AM","2026","Artificial intelligence and infertility: A systematic review.","The French journal of urology","Fr J Urol","Journal Article","Governance","No",""
"41918915","10.1177/17562872261436905","Borque-Fernando A","2026","Accuracy of large language models in interpreting urological clinical guidelines: a comparative study with expert evaluation.","Therapeutic advances in urology","Ther Adv Urol","Journal Article","Governance","No",""
"41494167","10.2196/70708","Carlisle MN","2026","Development and Validation of a Generative Artificial Intelligence-Based Pipeline for Automated Clinical Data Extraction From Electronic Health Records: Technical Implementation Study.","JMIR bioinformatics and biotechnology","JMIR Bioinform Biotechnol","Journal Article","Governance","No",""
"41787080","10.1007/s00464-026-12681-0","Chen W","2026","Human-in-the-loop validation of an artificial intelligence-driven real-time prostatic capsule recognition model for nerve-sparing robot-assisted radical prostatectomy.","Surgical endoscopy","Surg Endosc","Journal Article","Governance","No",""
"41866253","10.1016/j.diii.2026.03.002","Cherrak C","2026","Prostatic artery embolization for benign prostatic hyperplasia: State of the art.","Diagnostic and interventional imaging","Diagn Interv Imaging","Journal Article; Review","Governance","No",""
"41922504","10.1038/s41598-026-46898-9","Coban F","2026","Prediction model for additional procedure requirement in flexible ureterorenoscopy using explainable artificial intelligence.","Scientific reports","Sci Rep","Journal Article","Governance","No",""
"41899054","10.3390/jcm15062130","De la Torre-Trillo J","2026","Evaluation of Artificial Intelligence as a Decision-Support Tool in Urological Tumor Boards: A Study in Real Clinical Practice.","Journal of clinical medicine","J Clin Med","Journal Article","Governance","No",""
"41501759","10.1186/s12894-025-02033-w","Deger M","2026","Readability and quality assessment of AI-powered chatbot responses to overactive bladder patient questions: a comparative study.","BMC urology","BMC Urol","Comparative Study; Journal Article","Governance","No",""
"41485076","10.1186/s12894-025-02037-6","Demirhan K","2026","From ChatGPT to DeepSeek: assessing the accuracy and readability of AI-generated erectile dysfunction responses.","BMC urology","BMC Urol","Journal Article","Governance","No",""
"41854090","10.1002/nau.70265","Dolek EK","2026","Comparison of Written and Visual Patient Education Methods Before Urodynamic Studies: A Randomized Controlled Trial.","Neurourology and urodynamics","Neurourol Urodyn","Journal Article","Governance","No",""
"41615435","10.1007/s00120-026-02778-8","Duwe G","2026","[Artificial intelligence in surgical disciplines: Clinical application, advantages, and potential-a Delphi expert consensus].","Urologie (Heidelberg, Germany)","Urologie","English Abstract; Journal Article","Governance","No",""
"40830571","10.1038/s41391-025-01015-1","Fong KY","2026","Machine learning models to predict postoperative incontinence after endoscopic enucleation of the prostate for benign prostatic hyperplasia: An EAU-Endourology study.","Prostate cancer and prostatic diseases","Prostate Cancer Prostatic Dis","Journal Article","Governance","No",""
"41835737","10.7759/cureus.103457","Gabriel A","2026","Harnessing Artificial Intelligence to Code a Decision-Making Aid for the Prostate Cancer Brachytherapy Multidisciplinary Meeting Using Retrieval-Augmented Generation.","Cureus","Cureus","Journal Article","Governance","No",""
"41066017","10.1007/s13246-025-01651-w","Guo R","2026","Artificial intelligence-based method for renal function automatic assessment of each kidney using plain computed tomography (CT) scans.","Physical and engineering sciences in medicine","Phys Eng Sci Med","Journal Article","Governance","No",""
"41833082","10.1016/j.ijmedinf.2026.106390","Hjort PB","2026","Study of bladder cancer detection in standard white light versus AI-supported endoscopy-01 (RAISE-01) - Development and validation of an AI-based support tool.","International journal of medical informatics","Int J Med Inform","Journal Article","Governance","No",""
"41775791","10.1038/s41746-026-02499-4","Huang J","2026","A domain-adaptive deep contrastive network for magnetic resonance imaging-driven bladder cancer classification.","NPJ digital medicine","NPJ Digit Med","Journal Article","Governance","No",""
"41893833","10.3390/tomography12030038","Islam MZ","2026","Repeatability of Semi-Quantitative and Volumetric Features from Artificial-Intelligence-Guided Lesion Segmentation on (18)F-DCFPyL PSMA-PET/CT Images: Results from a Test-Retest Cohort.","Tomography (Ann Arbor, Mich.)","Tomography","Journal Article","Governance","No",""
"41488388","10.1177/17562872251407371","Kadakia YH","2026","Comparative evaluation of AI language models in educating patients on women's sexual health.","Therapeutic advances in urology","Ther Adv Urol","Journal Article","Governance","No",""
"41757552","10.1111/bju.70205","Katsimperis S","2026","Artificial intelligence in urology training: practical benefits and real-world limits.","BJU international","BJU Int","Journal Article","Governance","No",""
"41021959","10.1109/JBHI.2025.3614546","Kondylakis H","2026","A Review of Methods for Trustworthy AI in Medical Imaging: The FUTURE-AI Guidelines.","IEEE journal of biomedical and health informatics","IEEE J Biomed Health Inform","Journal Article; Review","Governance","No",""
"41120774","10.1245/s10434-025-18590-1","Konnai Y","2026","Artificial-Intelligence-based Surgical Phase Recognition in Robot-Assisted Radical Prostatectomy and Cross-Surgeon Validation.","Annals of surgical oncology","Ann Surg Oncol","Journal Article; Validation Study","Governance","No",""
"41519750","10.1186/s12935-025-04155-5","Li G","2026","Comprehensive analysis of key palmitoylation-modifying enzymes in clear cell renal cell carcinoma: implications for prognosis and therapy.","Cancer cell international","Cancer Cell Int","Journal Article","Governance","No",""
"41094286","10.1245/s10434-025-18492-2","Li R","2026","Evaluating the Clinical Competence of Large Language Models in Prostate Cancer Management: A Comparative Study of DeepSeek-R1 and ChatGPT.","Annals of surgical oncology","Ann Surg Oncol","Comparative Study; Journal Article","Governance","No",""
"41231618","10.1097/JS9.0000000000004022","Li Y","2026","Real-world feasibility of generative large language models for clinical decision support in benign prostatic hyperplasia.","International journal of surgery (London, England)","Int J Surg","Journal Article","Governance","No",""
"41779635","10.1177/10732748261432272","Li Y","2026","Prediction of Distant Metastasis in Renal Cell Carcinoma Using Machine Learning Algorithms: A Multicenter Cohort Study.","Cancer control : journal of the Moffitt Cancer Center","Cancer Control","Journal Article; Multicenter Study","Governance","No",""
"41540385","10.1186/s12894-026-02052-1","Liu Z","2026","Day surgery mode of multi-modal image AI fusion targeted transperineal biopsy technique using electromagnetic navigation tracking system under local anesthesia.","BMC urology","BMC Urol","Journal Article","Governance","No",""
"41742713","10.4274/dir.2026.263812","Mese I","2026","Reporting checklist for foundation and large language models in medical research (REFINE): an international consensus guideline.","Diagnostic and interventional radiology (Ankara, Turkey)","Diagn Interv Radiol","Journal Article","Governance","No",""
"41915319","10.1007/s11912-026-01776-5","Najdawi F","2026","Testosterone-Sparing Treatment Strategies for Biochemically Recurrent Prostate Cancer After Radical Prostatectomy.","Current oncology reports","Curr Oncol Rep","Journal Article; Review","Governance","No",""
"41698427","10.1016/j.urology.2026.02.014","Nathan KK","2026","From Lichtleiter to Laser: A 200-Year Odyssey of Transurethral Resection of Bladder Tumors.","Urology","Urology","Journal Article","Governance","No",""
"40760335","10.1038/s41585-025-01070-2","Ni HM","2026","The state of the art in artificial intelligence and digital pathology in prostate cancer.","Nature reviews. Urology","Nat Rev Urol","Journal Article; Review","Governance","No",""
"41565702","10.1038/s41598-025-29043-w","Nicoletti R","2026","Training and external validation of machine learning supervised prognostic models of upper tract urothelial cancer (UTUC) after nephroureterectomy.","Scientific reports","Sci Rep","Journal Article","Governance","No",""
"41499717","10.1200/CCI-24-00334","Odisho AY","2026","Generative Artificial Intelligence Successfully Automates Data Extraction From Unstructured Magnetic Resonance Imaging Reports: Feasibility in Prostate Cancer Care.","JCO clinical cancer informatics","JCO Clin Cancer Inform","Journal Article","Governance","No",""
"41645000","10.1038/s41598-026-35999-0","Ong CSH","2026","Utilising artificial intelligence to identify surgical anatomy during laparoscopic donor nephrectomy - a validation and feasibility study.","Scientific reports","Sci Rep","Journal Article","Governance","No",""
"41586967","10.1007/s11255-026-05021-7","Ozden SB","2026","Effect of frailty status and histopathological features on upstaging of non-muscle-invasive bladder cancer: a critical analysis based on machine learning.","International urology and nephrology","Int Urol Nephrol","Journal Article","Governance","No",""
"41595169","10.3390/cancers18020249","Packiam VT","2026","Impact of Computational Histology AI Biomarkers on Clinical Management Decisions in Non-Muscle Invasive Bladder Cancer: A Multi-Center Real-World Study.","Cancers","Cancers (Basel)","Journal Article","Governance","No",""
"41674781","10.1016/j.euros.2025.12.015","Pan Y","2026","Machine Learning-based Radiomic Model for Early Diagnosis of Male Urethral Injury in Pelvic Fracture Patients.","European urology open science","Eur Urol Open Sci","Journal Article","Governance","No",""
"41645002","10.1038/s41585-026-01127-w","Pannu AS","2026","Leveraging generative AI to enhance doctor-patient communication.","Nature reviews. Urology","Nat Rev Urol","Journal Article","Governance","No",""
"41186967","10.1002/jmri.70162","Persily J","2026","Development and Deployment of a Machine Learning Model to Triage the Use of Prostate MRI (ProMT-ML) in Patients With Suspected Prostate Cancer.","Journal of magnetic resonance imaging : JMRI","J Magn Reson Imaging","Journal Article","Governance","No",""
"41741858","10.1007/s00345-026-06296-2","Podasca TB","2026","Optimizing renal mass histology prediction with artificial intelligence using handcrafted radiomics.","World journal of urology","World J Urol","Journal Article","Governance","No",""
"41736161","10.1186/s40246-026-00939-6","Porras-Quesada P","2026","Enhancing prostate cancer diagnosis: a machine learning-based biomarker approach.","Human genomics","Hum Genomics","Journal Article","Governance","No",""
"41753318","10.3390/jcm15041631","Shahinyan GK","2026","Contemporary Evidence for Optimization of Robotic Radical Prostatectomy Outcomes Using Advanced Imaging Techniques.","Journal of clinical medicine","J Clin Med","Journal Article; Review","Governance","No",""
"41165777","10.1007/s00192-025-06385-7","Shi K","2026","Artificial Intelligence Supported Analysis of Anal Sphincter and Levator Ani Muscle Using Medical Imaging Techniques: A Systematic Review.","International urogynecology journal","Int Urogynecol J","Journal Article; Review; Systematic Review","Governance","No",""
"41620795","10.1186/s13040-026-00524-6","Song H","2026","Automatic clear cell renal cell carcinoma grading framework using histopathological images via artificial intelligence: a benchmarking study.","BioData mining","BioData Min","Journal Article","Governance","No",""
"41429726","10.1016/j.radonc.2025.111231","Song Y","2026","Urethra contours on MRI: Multidisciplinary consensus educational atlas and reference standard for artificial intelligence benchmarking.","Radiotherapy and oncology : journal of the European Society for Therapeutic Radiology and Oncology","Radiother Oncol","Journal Article; Research Support, N.I.H., Extramural; Research Support, Non-U.S. Gov't; Research Support, U.S. Gov't, Non-P.H.S.","Governance","No",""
"41586851","10.1186/s13244-025-02199-9","Sunoqrot MRS","2026","Prospective validation of an AI software for detecting clinically significant prostate cancer on biparametric MRI.","Insights into imaging","Insights Imaging","Journal Article","Governance","No",""
"41718862","10.1007/s00330-026-12361-6","Sushentsev N","2026","AI decision support for increasing prostate biopsy efficiency: a retrospective multicentre, multiscanner study.","European radiology","Eur Radiol","Journal Article","Governance","No",""
"41749362","10.1186/s40001-026-04118-0","Tai Y","2026","Construction of interpretable machine-learning diagnostic models for erectile dysfunction based on routine blood and biochemical detection data.","European journal of medical research","Eur J Med Res","Journal Article","Governance","No",""
"41507902","10.1186/s12894-026-02048-x","Taskiran AT","2026","Clinical reasoning with machines: evaluating the interpretive depth of AI in urological case assessments.","BMC urology","BMC Urol","Journal Article","Governance","No",""
"41619549","10.1016/j.phymed.2026.157884","Tian Y","2026","Celastrol induces ferroptosis in ccRCC through TEF-Driven ACOX2 upregulation and metabolic reprogramming.","Phytomedicine : international journal of phytotherapy and phytopharmacology","Phytomedicine","Journal Article","Governance","No",""
"41907293","10.3389/fmed.2026.1792243","Urso L","2026","Diagnostic accuracy of (18)F-FDG PET/CT in muscle-invasive bladder cancer: rationale and design of the MIBC-PET study.","Frontiers in medicine","Front Med (Lausanne)","Journal Article","Governance","No",""
"41276643","10.1007/s00259-025-07652-x","Wang Y","2026","Early prediction of response to ADT plus ARPIs in mHSPC using interpretable machine learning on PSMA PET/CT: a real-world study.","European journal of nuclear medicine and molecular imaging","Eur J Nucl Med Mol Imaging","Journal Article","Governance","No",""
"41637020","10.1245/s10434-026-19090-6","Wang Y","2026","Prognostic Significance of Lymph Node Ratio for Overall Survival in Patients with Lymph Node-Positive Bladder Cancer Post-Radical Cystectomy and Chemotherapy: A Multicenter Cohort Analysis.","Annals of surgical oncology","Ann Surg Oncol","Journal Article","Governance","No",""
"41097832","10.1002/nau.70160","Wang Z","2026","Application of Large Language Models in Automated Interpretation of Urodynamic Parameters.","Neurourology and urodynamics","Neurourol Urodyn","Journal Article","Governance","No",""
"41695336","10.3389/fonc.2026.1728056","Wu S","2026","An explainable machine learning model for predicting bladder tumor aecurrence risk.","Frontiers in oncology","Front Oncol","Journal Article","Governance","No",""
"41923245","10.1186/s12894-026-02128-y","Yilmaz IO","2026","Comparative evaluation of the briganti nomogram, partin nomogram, mskcc nomogram and a machine learning-based model in predicting lymph node invasion before radical prostatectomy.","BMC urology","BMC Urol","Journal Article","Governance","No",""
"41535766","10.1186/s12874-025-02729-5","Yisha Z","2026","Assessing data extraction in randomized clinical trials with large language models.","BMC medical research methodology","BMC Med Res Methodol","Journal Article","Governance","No",""
"41223994","10.1016/j.modpat.2025.100934","Zabihollahy F","2026","Clinical-Grade Interpretable Artificial Intelligence Tool for Automated Detection of Lymph Node Metastasis in Prostate Cancer.","Modern pathology : an official journal of the United States and Canadian Academy of Pathology, Inc","Mod Pathol","Journal Article","Governance","No",""
"41500909","10.1016/j.soncn.2025.152088","Zacharias L","2026","Evaluation of the INCISIVE Services in Cancer Imaging: A Feasibility Study.","Seminars in oncology nursing","Semin Oncol Nurs","Journal Article","Governance","No",""
"41111086","10.1007/s00259-025-07628-x","Zang S","2026","Fully automated volumetric assessment of tumor burden using artificial intelligence on (68)Ga-PSMA-11 PET predicts survival after (177)Lu-PSMA therapy in metastatic Castration-resistant prostate cancer.","European journal of nuclear medicine and molecular imaging","Eur J Nucl Med Mol Imaging","Journal Article","Governance","No",""
"41820759","10.1245/s10434-026-19471-x","Zheng Q","2026","Foundation Model and Multi-Instance Learning-Based Framework for Predicting Lymphovascular Invasion in Prostate Cancer.","Annals of surgical oncology","Ann Surg Oncol","Journal Article","Governance","No",""
"41448505","10.1016/j.jclinepi.2025.112118","de Kanter E","2026","Adherence to TRIPOD+AI guideline: an updated reporting assessment tool.","Journal of clinical epidemiology","J Clin Epidemiol","Journal Article","Governance","No",""
"41196365","10.1007/s00330-025-12114-x","van den Kroonenberg DL","2026","Evaluation of an artificial intelligence model based on multiparametric transrectal ultrasound for localizing clinically significant prostate cancer by simulation of targeted biopsies.","European radiology","Eur Radiol","Journal Article","Governance","No",""
"41899512","10.3390/cancers18060906","Al-Khanaty A","2026","Quality and Usability of Prostate Cancer Information Generated by Artificial Intelligence Chatbots: A Comparative Analysis.","Cancers","Cancers (Basel)","Journal Article","LLMs & GenAI","No",""
"41747240","10.2196/81900","Andersen SM","2026","Using AI in Forward-Backward Translation of Questionnaires for Men Invited to Prostate Cancer Screening: Methodological Study.","JMIR formative research","JMIR Form Res","Journal Article","LLMs & GenAI","No",""
"41906623","10.4274/MMJ.galenos.2026.38586","Beyatli M","2026","Evaluating the Educational Quality of Benign Prostate Surgery Videos on YouTube: A Human and AI-Based Comparative Analysis.","Medeniyet medical journal","Medeni Med J","Journal Article","LLMs & GenAI","No",""
"41401634","10.1016/j.ejca.2025.116168","Carl N","2026","Enhancing clinicians' trust in large language models via transparent source attribution: A randomized controlled evaluation in uro-oncology.","European journal of cancer (Oxford, England : 1990)","Eur J Cancer","Journal Article; Randomized Controlled Trial","LLMs & GenAI","No",""
"41662502","10.2196/81745","Christiansen M","2026","Generative AI Chatbots as Digital Adjuncts for Sexual Health Information After Prostate Cancer in Men Who Have Sex With Men: Auto-Netnographic Study.","JMIR cancer","JMIR Cancer","Journal Article","LLMs & GenAI","No",""
"41693437","10.1111/bju.70050","Daungsupawong H","2026","Comment on 'Can ChatGPT pass the urology fellowship examination? Artificial intelligence capability in surgical training assessment'.","BJU international","BJU Int","Letter","LLMs & GenAI","No",""
"41746783","10.1093/jamia/ocag026","Deng R","2026","CPGPrompt: translating clinical guidelines into large language model-executable decision support.","Journal of the American Medical Informatics Association : JAMIA","J Am Med Inform Assoc","Journal Article","LLMs & GenAI","No",""
"41905268","10.1016/j.pec.2026.109597","Fereydooni S","2026","From complexity to clarity: GPT-4 for patient-centered prostate cancer pathology reports.","Patient education and counseling","Patient Educ Couns","Journal Article","LLMs & GenAI","No",""
"41347921","10.1148/rycan.250119","Firoozeh N","2026","Zero-Shot PI-RADS Version 2.1 Scoring with ChatGPT-4 Turbo and Llama 3: Diagnostic Performance and Agreement with Abdominal Radiologists.","Radiology. Imaging cancer","Radiol Imaging Cancer","Journal Article","LLMs & GenAI","No",""
"41748988","10.1111/bju.70192","Fuligni D","2026","Legal and ethical considerations of artificial intelligence for trainees.","BJU international","BJU Int","Journal Article","LLMs & GenAI","No",""
"41871224","10.1159/000551610","He N","2026","Comparative Evaluation of Advanced Reasoning Models for Clinical Decision Support in Urology.","Urologia internationalis","Urol Int","Journal Article","LLMs & GenAI","No",""
"41350971","10.1007/s11307-025-02072-7","Ismayilov R","2026","Staging Prostate Cancer with AI: A Comparative Study of Large Language Models and Expert Interpretation on PSMA PET-CT Reports.","Molecular imaging and biology","Mol Imaging Biol","Comparative Study; Journal Article","LLMs & GenAI","No",""
"41877634","10.1002/jev2.70233","Jiang S","2026","Multicentre Evaluation of an AI-Assisted Urine Test for Clinically Significant Prostate Cancer in Men Undergoing Initial Biopsy.","Journal of extracellular vesicles","J Extracell Vesicles","Journal Article; Multicenter Study","LLMs & GenAI","No",""
"41836610","10.1177/20552076261434052","Jiang X","2026","The performance boundaries of knowledge prompts: A study on injection strategies and scale effects for ICD coding tasks in large language models.","Digital health","Digit Health","Journal Article","LLMs & GenAI","No",""
"41829403","10.3390/s26051441","Jonaitis D","2026","Soft Optical Sensor for Embryo Quality Evaluation Based on Multi-Focal Image Fusion and RAG-Enhanced Vision Transformers.","Sensors (Basel, Switzerland)","Sensors (Basel)","Journal Article","LLMs & GenAI","No",""
"41680573","10.1007/s10278-025-01835-6","Komenda A","2026","Development and Evaluation of a Retrieval-Augmented Generation System for Radiology Guidelines.","Journal of imaging informatics in medicine","J Imaging Inform Med","Journal Article","LLMs & GenAI","No",""
"40583021","10.5534/wjmh.240331","Luo Z","2026","Does the Quality and Readability of Information Related to Varicocele Obtained from ChatGPT 4.0 Remain Consistent Across Different Models of Inquiry?","The world journal of men's health","World J Mens Health","Journal Article","LLMs & GenAI","No",""
"41838807","10.1080/19396368.2026.2627889","M Jamil H","2026","Future directions in infertility research: the role of generative AI and large language models.","Systems biology in reproductive medicine","Syst Biol Reprod Med","Journal Article; Review","LLMs & GenAI","No",""
"40856608","10.1590/S1677-5538.IBJU.2025.0459","Osorio JMM","2026","Comments on ""Use of ChatGPT in Urology and its Relevance in Clinical Practice"": To-ward a Responsible AI Framework for Middle-Income Settings.","International braz j urol : official journal of the Brazilian Society of Urology","Int Braz J Urol","Letter","LLMs & GenAI","No",""
"41875785","10.1016/j.pec.2026.109594","Ozturk GA","2026","AI chatbots for patient education in localized prostate cancer radiotherapy: A comparative quality and readability analysis.","Patient education and counseling","Patient Educ Couns","Journal Article","LLMs & GenAI","No",""
"41667933","10.3760/cma.j.cn112139-20250814-00402","Qiu L","2026","[The application of large language models in the diagnosis of clinically significant prostate cancer].","Zhonghua wai ke za zhi [Chinese journal of surgery]","Zhonghua Wai Ke Za Zhi","English Abstract; Journal Article","LLMs & GenAI","No",""
"41663287","10.1016/j.jpurol.2026.105723","Raharja PAR","2026","Response to Letter to the Editor re: ""Evaluating the utility of ChatGPT in enhancing parental education and clinical support in hypospadias care"".","Journal of pediatric urology","J Pediatr Urol","Letter","LLMs & GenAI","No",""
"41805461","10.1097/UPJ.0000000000000995","Saffarzadeh M","2026","Patient perception of artificial intelligence medical scribes in urology - a quality improvement study of patient acceptance and perception.","Urology practice","Urol Pract","Journal Article","LLMs & GenAI","No",""
"41447749","10.1016/j.ejmp.2025.105705","Wang W","2026","Intrafractional rectum anatomy shape prediction based on 3D point cloud representation in online adaptive radiation therapy.","Physica medica : PM : an international journal devoted to the applications of physics to medicine and biology : official journal of the Italian Association of Biomedical Physics (AIFB)","Phys Med","Journal Article","LLMs & GenAI","No",""
"41858507","10.3389/fdgth.2026.1741973","Xu W","2026","Evaluating large language models for automated TNM staging from PET-CT reports: a multi-cancer comparative study.","Frontiers in digital health","Front Digit Health","Journal Article","LLMs & GenAI","No",""
"41632012","10.1097/JS9.0000000000004454","Zeng H","2026","A comparative evaluation of large language models for simplifying prostate cancer pathology reports: ChatGPT and Gemini.","International journal of surgery (London, England)","Int J Surg","Journal Article","LLMs & GenAI","No",""
"41521112","10.1016/j.acra.2025.12.020","Zhang S","2026","Limitations of Large Language Models in Assisting PI-RADS Scoring on Prostate Biparametric MRI Text Reports.","Academic radiology","Acad Radiol","Journal Article","LLMs & GenAI","No",""
"41526840","10.1186/s12880-026-02157-x","Aymaz S","2026","Adaptive ensemble learning for prostate cancer classification on multi-modal MRI: reducing unnecessary biopsies.","BMC medical imaging","BMC Med Imaging","Journal Article","Prostate Imaging","No",""
"41663975","10.1186/s12885-026-15715-x","Bian L","2026","Noninvasive preoperative risk stratification of prostate cancer via a foundational model based deep learning with PSMA PET/CT.","BMC cancer","BMC Cancer","Journal Article","Prostate Imaging","No",""
"41892179","10.3390/curroncol33030151","Castellana R","2026","Artificial Intelligence in Prostate MRI: Comparison of an AI-Based Software and an Experienced Radiologist for Detecting Clinically Significant Prostate Cancer.","Current oncology (Toronto, Ont.)","Curr Oncol","Comparative Study; Journal Article","Prostate Imaging","No",""
"39924390","10.1016/j.euo.2025.01.005","Chen F","2026","Comparative Performance of Machine Learning Models in Reducing Unnecessary Targeted Prostate Biopsies.","European urology oncology","Eur Urol Oncol","Comparative Study; Journal Article; Multicenter Study","Prostate Imaging","No",""
"41595153","10.3390/cancers18020234","Civelek AC","2026","PSMA-Based Radiopharmaceuticals in Prostate Cancer Theranostics: Imaging, Clinical Advances, and Future Directions.","Cancers","Cancers (Basel)","Journal Article; Review","Prostate Imaging","No",""
"41420971","10.1016/j.crad.2025.107189","Cochran RL","2026","Comparing conventional, peripheral, and transition zone prostate-specific antigen densities for the detection of clinically significant prostate cancer.","Clinical radiology","Clin Radiol","Comparative Study; Journal Article","Prostate Imaging","No",""
"41398999","10.1002/jmri.70205","Deng S","2026","Biparametric MRI-Based Habitat Analysis Integrated With Deep Learning for Predicting Clinically Significant Prostate Cancer in PI-RADS Category 3 Lesions.","Journal of magnetic resonance imaging : JMRI","J Magn Reson Imaging","Journal Article","Prostate Imaging","No",""
"41826767","10.1007/s00330-026-12395-w","Dias AB","2026","Prostate MRI quality improvement: a Roadmap from the ESUR Prostate MRI Working Group.","European radiology","Eur Radiol","Journal Article","Prostate Imaging","No",""
"41932854","10.1002/acm2.70563","Dionne P","2026","Assessing inter-observer variability in prostate and GTV segmentation on mpMRI: A comparison between radiation oncologists and AI-based method.","Journal of applied clinical medical physics","J Appl Clin Med Phys","Comparative Study; Journal Article","Prostate Imaging","No",""
"41927282","10.2967/jnumed.125.271467","Ells Z","2026","Dosimetry Analysis of (177)Lu-PSMA-I&T in Patients with Low-Volume Oligometastatic Hormone-Sensitive Prostate Cancer: A Secondary Analysis of the LUNAR Trial.","Journal of nuclear medicine : official publication, Society of Nuclear Medicine","J Nucl Med","Journal Article","Prostate Imaging","No",""
"41658334","10.1002/bco2.70133","Imran M","2026","AI-enhanced micro-ultrasound improves detection of clinically significant prostate cancer at biopsy.","BJUI compass","BJUI Compass","Journal Article","Prostate Imaging","No",""
"41208014","10.1002/mrm.70155","Janjusevic N","2026","Self-Supervised Noise Adaptive MRI Denoising via Repetition to Repetition (Rep2Rep) Learning.","Magnetic resonance in medicine","Magn Reson Med","Journal Article","Prostate Imaging","No",""
"40753327","10.1007/s00330-025-11865-x","Johnson PM","2026","External evaluation of an open-source deep learning model for prostate cancer detection on bi-parametric MRI.","European radiology","Eur Radiol","Journal Article","Prostate Imaging","No",""
"41749494","10.1111/bju.70203","Kaneko M","2026","A transparent, lightweight and sustainable Green Learning AI model for prostate cancer detection on MRI.","BJU international","BJU Int","Journal Article","Prostate Imaging","No",""
"41166032","10.1007/s11547-025-02137-1","Kendrick J","2026","Deep learning-based PSMA PET segmentation repeatability: A post-hoc analysis of a single-center, prospective, test-retest trial.","La Radiologia medica","Radiol Med","Journal Article; Randomized Controlled Trial","Prostate Imaging","No",""
"41920961","10.1093/molecular-omics/aaiag013","Kumar A","2026","Prostate Cancer: Metabolic Remodelling in Expressed Prostatic Secretions Reveals Cellular Structural Changes Measured by mpMRI.","Molecular omics","Mol Omics","Journal Article","Prostate Imaging","No",""
"41709083","10.1002/cam4.71656","Li X","2026","Development and Validation of an AI-Assisted Predictive Model Integrating R2* Mapping and Clinical Indicators for Clinically Significant Prostate Cancer.","Cancer medicine","Cancer Med","Journal Article; Validation Study","Prostate Imaging","No",""
"40910573","10.1002/jmri.70111","Liu BC","2026","Preoperative Assessment of Extraprostatic Extension in Prostate Cancer Using an Interpretable Tabular Prior-Data Fitted Network-Based Radiomics Model From MRI.","Journal of magnetic resonance imaging : JMRI","J Magn Reson Imaging","Journal Article","Prostate Imaging","No",""
"41837512","10.2174/0115734056413897251202130301","Liu J","2026","PRAD-Hybrid CNN (PRADHC): A Deep Learning Model for Assisted Diagnosis of Prostate Cancer on MRI.","Current medical imaging","Curr Med Imaging","Journal Article","Prostate Imaging","No",""
"41783490","10.1016/j.ejro.2026.100738","Lu Y","2026","AI-based prostate volume estimation from multi-planar MRI under variable acquisition protocols.","European journal of radiology open","Eur J Radiol Open","Journal Article","Prostate Imaging","No",""
"41261209","10.1007/s00259-025-07672-7","Maes J","2026","Low-count whole-body PET denoising with deep learning in a multicenter, multi-tracer and externally validated study.","European journal of nuclear medicine and molecular imaging","Eur J Nucl Med Mol Imaging","Journal Article; Multicenter Study; Validation Study","Prostate Imaging","No",""
"41669866","10.1002/cncr.70304","McKay RR","2026","Evolving strategies in prostate cancer: Emerging approaches and unmet needs from the Bridging the Gaps in Prostate Cancer expert panel.","Cancer","Cancer","Journal Article; Review","Prostate Imaging","No",""
"41686238","10.1007/s00330-025-12269-7","Messina E","2026","Artificial intelligence-assisted reading of non-contrast prostate MRI: application and concordance with expert interpretation in a screening population within the PROSA trial.","European radiology","Eur Radiol","Journal Article","Prostate Imaging","No",""
"41882853","10.2463/mrms.rev.2025-0209","Messina E","2026","Integrating Artificial Intelligence into Prostate MR Imaging: Technical Foundations, Clinical Applications, and Workflow Implications.","Magnetic resonance in medical sciences : MRMS : an official journal of Japan Society of Magnetic Resonance in Medicine","Magn Reson Med Sci","Journal Article","Prostate Imaging","No",""
"41547629","10.1016/j.acra.2025.12.050","Miao C","2026","Generalizable Deep Learning for Prostate Cancer Risk Stratification: Multicenter Study Integrating (18)F-PSMA-1007 PET/CT and mpMRI.","Academic radiology","Acad Radiol","Journal Article; Multicenter Study","Prostate Imaging","No",""
"40853469","10.1007/s00261-025-05163-9","Nakai H","2026","Bias in deep learning-based image quality assessments of T2-weighted imaging in prostate MRI.","Abdominal radiology (New York)","Abdom Radiol (NY)","Journal Article; Multicenter Study","Prostate Imaging","No",""
"41454834","10.1002/mp.70232","Niu Y","2026","Global and local information-based prostate image registration of prostate-specific membrane antigen PET/CT and enhanced MRI.","Medical physics","Med Phys","Journal Article","Prostate Imaging","No",""
"41202669","10.1016/j.radi.2025.103214","Onwuharine EN","2026","Clinical and MRI variables in decision support systems for prostate MRI: A systematic review of decision support tools, nomograms, and risk models.","Radiography (London, England : 1995)","Radiography (Lond)","Journal Article; Research Support, Non-U.S. Gov't; Systematic Review","Prostate Imaging","No",""
"41910833","10.1186/s41747-026-00695-1","Ponsiglione A","2026","Concurrent AI-human interaction in prostate cancer MRI interpretation: More hype than help?","European radiology experimental","Eur Radiol Exp","Journal Article","Prostate Imaging","No",""
"41606246","10.1007/s00330-026-12324-x","Pooch EHP","2026","Semi-supervised learning in prostate MRI tumor detection approaches fully supervised performance on external validation.","European radiology","Eur Radiol","Journal Article","Prostate Imaging","No",""
"41343296","10.1148/rg.250094","Purysko AS","2026","Improving Prostate MRI: Lessons Learned from the American College of Radiology's Prostate MR Image Quality Improvement Collaborative.","Radiographics : a review publication of the Radiological Society of North America, Inc","Radiographics","Journal Article; Research Support, Non-U.S. Gov't","Prostate Imaging","No",""
"41839937","10.1038/s41598-026-43589-3","Qin J","2026","ProSeg: multi-scale context fusion for high-precision prostate segmentation in MRI.","Scientific reports","Sci Rep","Journal Article","Prostate Imaging","No",""
"41827804","10.3390/cancers18050871","Rahbar K","2026","Clinical Utility of PROSTest: A Prospective Study Suggesting Reduction in Unnecessary MRI and Biopsy in Men Evaluated for Prostate Cancer.","Cancers","Cancers (Basel)","Journal Article","Prostate Imaging","No",""
"41590938","10.3390/jimaging12010053","Ramos B","2026","Non-Invasive Detection of Prostate Cancer with Novel Time-Dependent Diffusion MRI and AI-Enhanced Quantitative Radiological Interpretation: PROS-TD-AI.","Journal of imaging","J Imaging","Journal Article","Prostate Imaging","No",""
"41543663","10.1186/s13244-025-02151-x","Ranjan A","2026","The role of multimodality imaging in selection, response assessment, and follow-up of patients receiving (177)Lutetium-PSMA-therapy.","Insights into imaging","Insights Imaging","Journal Article","Prostate Imaging","No",""
"41827713","10.3390/cancers18050778","Sharma H","2026","Reproducibility of MRI Radiomics Measurements in Men with Prostate Cancer Undergoing Active Surveillance.","Cancers","Cancers (Basel)","Journal Article","Prostate Imaging","No",""
"41749930","10.3390/cancers18040677","Singh A","2026","Prediction of Metastasis-Free Survival in Patients with Localized Prostate Adenocarcinoma Using Delta Radiomics from Pre-Treatment PSMA-PET/CT Scans and Dosiomics.","Cancers","Cancers (Basel)","Journal Article","Prostate Imaging","No",""
"41852558","10.1016/j.radmp.2025.12.008","Singh A","2026","A comparison of dimensionality reduction approaches for pre-treatment PSMA-PET/CT radiomics in prostate adenocarcinoma outcome prediction.","Radiation medicine and protection","Radiat Med Prot","Journal Article","Prostate Imaging","No",""
"41695400","10.1016/j.euros.2026.01.014","Song Y","2026","Deep Learning Artificial Intelligence and Restriction Spectrum Imaging for Patient-level Detection of Clinically Significant Prostate Cancer on Biparametric Magnetic Resonance Imaging.","European urology open science","Eur Urol Open Sci","Journal Article","Prostate Imaging","No",""
"41412927","10.1053/j.semnuclmed.2025.11.020","Torricelli C","2026","Assessing therapeutic response to Radium-223.","Seminars in nuclear medicine","Semin Nucl Med","Journal Article; Review","Prostate Imaging","No",""
"41647483","10.1002/bco2.70172","Tung JYM","2026","Cost-effectiveness analysis of a biopsy-free diagnostic strategy for prostate cancer using mpMRI and PSMA-PET/CT.","BJUI compass","BJUI Compass","Journal Article","Prostate Imaging","No",""
"39261564","10.1038/s41585-024-00940-5","Turkbey B","2026","AI in prostate MRI: enhancing accuracy and reducing overdiagnosis.","Nature reviews. Urology","Nat Rev Urol","Journal Article","Prostate Imaging","No",""
"40586610","10.1097/RLI.0000000000001218","Umapathy L","2026","Leveraging Representation Learning for Bi-parametric Prostate MRI to Disambiguate PI-RADS 3 and Improve Biopsy Decision Strategies.","Investigative radiology","Invest Radiol","Journal Article","Prostate Imaging","No",""
"41925802","10.1186/s13244-026-02245-0","Ursprung S","2026","European Society of Urogenital Radiology (ESUR) perspectives on the role of prostate MRI in active surveillance.","Insights into imaging","Insights Imaging","Journal Article","Prostate Imaging","No",""
"41827775","10.3390/cancers18050842","Wallaengen V","2026","mpMRI-Based Risk Estimation to Optimize Prostate Cancer Patient Selection for Active Surveillance.","Cancers","Cancers (Basel)","Journal Article","Prostate Imaging","No",""
"41892174","10.3390/curroncol33030146","Walter-Rittel TC","2026","CT Radiomics Models Did Not Outperform Experts in Predicting [(68)Ga]Ga-PSMA-PET Positivity in Prostate Cancer Lymph Node Staging.","Current oncology (Toronto, Ont.)","Curr Oncol","Journal Article","Prostate Imaging","No",""
"41231645","10.1097/JS9.0000000000003828","Wei Y","2026","Mapping the application landscape of artificial intelligence in prostate cancer: a global bibliometric analysis.","International journal of surgery (London, England)","Int J Surg","Journal Article","Prostate Imaging","No",""
"41193908","10.1007/s00330-025-12089-9","Woo S","2026","ESUR: Opportunities for PSMA-PET/CT and whole-body MRI in advanced prostate cancer.","European radiology","Eur Radiol","Journal Article; Review","Prostate Imaging","No",""
"41389905","10.1016/j.mri.2025.110593","Wu D","2026","Application value of prostate-specific antigen density combined with multiparametric MRI in early diagnosis of prostate cancer.","Magnetic resonance imaging","Magn Reson Imaging","Journal Article","Prostate Imaging","No",""
"41046708","10.1016/j.cmpb.2025.109086","Wu X","2026","Multimodal Nomogram Combining Multiparametric MRI, Functional Subsets of Peripheral Lymphocytes and PI-RADS Can Predict Risk Stratification of Prostate Cancer.","Computer methods and programs in biomedicine","Comput Methods Programs Biomed","Journal Article","Prostate Imaging","No",""
"41588994","10.1002/jso.70167","Wu X","2026","Artificial Intelligence Models Integrating Preoperative Prostate MRI and Clinical Parameters for Predicting Extraprostatic Extension: A Systematic Review and Meta-Analysis.","Journal of surgical oncology","J Surg Oncol","Journal Article; Meta-Analysis; Review; Systematic Review","Prostate Imaging","No",""
"41756314","10.3389/fonc.2026.1716482","Yang J","2026","Developing an interpretable clinical-radiomics machine learning model using whole transition zone MRI analysis for improving diagnosis of transition zone prostate cancer.","Frontiers in oncology","Front Oncol","Journal Article","Prostate Imaging","No",""
"41556393","10.1002/mp.70274","Yang T","2026","PSMA PET/MRI-based Swin Transformer architecture for Gleason Score prediction in prostate cancer.","Medical physics","Med Phys","Journal Article","Prostate Imaging","No",""
"41691237","10.1186/s12967-026-07848-1","Yuan M","2026","Interpretable habitat and peritumoral radiomics from multiparametric MRI for preoperative high-risk prostate cancer prediction: a multi-institutional study.","Journal of translational medicine","J Transl Med","Journal Article; Multicenter Study","Prostate Imaging","No",""
"41177076","10.1016/j.media.2025.103848","Zhang Z","2026","AdverIN: Monotonic adversarial intensity attack for domain generalization in medical image segmentation.","Medical image analysis","Med Image Anal","Journal Article","Prostate Imaging","No",""
"41846146","10.1016/j.media.2026.104033","Zhao K","2026","PCa-Mamba: Spatiotemporal state space models for prostate cancer detection in multi-parametric MRI.","Medical image analysis","Med Image Anal","Journal Article","Prostate Imaging","No",""
"41202884","10.1016/j.radonc.2025.111265","Zhao L","2026","Artificial intelligence-based lesion characterization and outcome prediction of prostate cancer on [(18)F]DCFPyL PSMA imaging.","Radiotherapy and oncology : journal of the European Society for Therapeutic Radiology and Oncology","Radiother Oncol","Journal Article","Prostate Imaging","No",""
"40748461","10.1007/s00261-025-05100-w","Zhao Y","2026","FOCUS-DWI improves prostate cancer detection through deep learning reconstruction with IQMR technology.","Abdominal radiology (New York)","Abdom Radiol (NY)","Journal Article","Prostate Imaging","No",""
"41805501","10.1109/JBHI.2026.3672887","Zhao Y","2026","Hybrid Multi-View MRI Fusion for csPCa Diagnosis via Intra- and Inter-View Transformers.","IEEE journal of biomedical and health informatics","IEEE J Biomed Health Inform","Journal Article","Prostate Imaging","No",""
"41925836","10.1007/s00330-026-12479-7","van Lohuizen Q","2026","Diagnostic assessment of artificial intelligence reconstruction on accelerated prostate MRI: a retrospective, paired, multi-reader multi-case study.","European radiology","Eur Radiol","Journal Article","Prostate Imaging","No",""
"41888535","10.1038/s41598-026-42214-7","Alzate-Grisales JA","2026","Clinically significant prostate cancer detection with deep learning in a multi-center magnetic resonance imaging study.","Scientific reports","Sci Rep","Journal Article; Multicenter Study","Prostate Pathology","No",""
"41308537","10.1016/j.media.2025.103884","Fuhlert P","2026","A systematic analysis of the impact of data variation on AI-based histopathological grading of prostate cancer.","Medical image analysis","Med Image Anal","Journal Article; Multicenter Study; Observational Study","Prostate Pathology","No",""
"41762944","10.1016/j.media.2026.104005","Hao X","2026","Dual selective gleason pattern-aware multiple instance learning with uncertainty regularization for grade group prediction in histopathology images.","Medical image analysis","Med Image Anal","Journal Article","Prostate Pathology","No",""
"41621833","10.1002/jbio.70233","He J","2026","Prostate Cancer Characterization Based on Rapid SHG Imaging of Collagen Fiber Combined With Denoising Algorithm.","Journal of biophotonics","J Biophotonics","Journal Article","Prostate Pathology","No",""
"41520474","10.1016/j.compbiomed.2025.111423","Ho TT","2026","Automating prostate biopsy guidance: A robust CNN approach for non-rigid 3D/3D MR-TRUS image registration.","Computers in biology and medicine","Comput Biol Med","Journal Article","Prostate Pathology","No",""
"41619297","10.1002/mp.70314","Hoffman N","2026","Machine learning model for fast prediction and uncertainty quantification of needle deflection during prostate biopsy.","Medical physics","Med Phys","Journal Article","Prostate Pathology","No",""
"41933459","10.1111/iju.70454","Honda K","2026","Artificial Intelligence-Based Recognition of the Prostatic Capsule During Nerve-Sparing Robot-Assisted Radical Prostatectomy.","International journal of urology : official journal of the Japanese Urological Association","Int J Urol","Journal Article","Prostate Pathology","No",""
"41623733","10.1016/j.jpi.2025.100540","Hopson S","2026","PANDA-PLUS: Improved dataset of prostate whole slide images from PANDA Challenge with pixel-level expert annotations.","Journal of pathology informatics","J Pathol Inform","Journal Article","Prostate Pathology","No",""
"41688286","10.1016/j.annpat.2026.01.011","Kammerer-Jacquet SF","2026","[The Digital Lab: Practical digital workflow and integration of AI for routine in pathology, through the example of prostate cancer].","Annales de pathologie","Ann Pathol","English Abstract; Journal Article","Prostate Pathology","No",""
"41386185","10.1016/j.media.2025.103894","Li J","2026","Diagnostic text-guided representation learning in hierarchical classification for pathological whole slide image.","Medical image analysis","Med Image Anal","Journal Article","Prostate Pathology","No",""
"41807867","10.1007/s12672-026-04777-9","Lou J","2026","Meta learning optimized TabNet for small sample repeat prostate biopsy prediction.","Discover oncology","Discov Oncol","Journal Article","Prostate Pathology","No",""
"41911495","10.1002/pros.70168","Ozlu DN","2026","Development of Machine Learning Models for Predicting Prostate Cancer in Biopsy Candidates Using Prostate-Specific Antigen, Magnetic Resonance Imaging, and Hematologic Parameters.","The Prostate","Prostate","Journal Article","Prostate Pathology","No",""
"41886726","10.1371/journal.pone.0345014","Papachristos MG","2026","Prostate cancer tissue mapping and stratification using DRAQ5 and Eosin fluorescent labels integrated with AI classification and segmentation algorithms.","PloS one","PLoS One","Journal Article","Prostate Pathology","No",""
"41384695","10.1111/his.70020","Patel AU","2026","Artificial intelligence in genitourinary pathology.","Histopathology","Histopathology","Journal Article; Review","Prostate Pathology","No",""
"41808601","10.14670/HH-25-059","Pratap Nair R","2026","Artificial intelligence for detection, grading, and prognostication in prostate cancer pathology: A scoping review.","Histology and histopathology","Histol Histopathol","Journal Article; Review","Prostate Pathology","No",""
"40970770","10.1002/pros.70052","Rahbar K","2026","PROSTest, a Multigene Liquid Biopsy Signature, Effectively Stratifies Patients With High PSA for Prostate Biopsy.","The Prostate","Prostate","Journal Article","Prostate Pathology","No",""
"41650626","10.1016/j.ejmp.2026.105745","Ravanelli D","2026","Ensuring reliable digital pathology: a comparative analysis of HistoQC and PathProfiler for artefacts detection in prostate whole-slide images.","Physica medica : PM : an international journal devoted to the applications of physics to medicine and biology : official journal of the Italian Association of Biomedical Physics (AIFB)","Phys Med","Comparative Study; Journal Article","Prostate Pathology","No",""
"41920569","10.1097/CCO.0000000000001229","Rooney MK","2026","Optimal management of oligometastatic prostate cancer: current state and future directions.","Current opinion in oncology","Curr Opin Oncol","Journal Article; Review","Prostate Pathology","No",""
"41410015","10.1002/2056-4538.70068","Saila J","2026","Validation of fibroblast activation protein and alpha-smooth muscle actin as prognostic biomarkers in prostate cancer through AI-assisted image analysis of dual-marker IHC.","The journal of pathology. Clinical research","J Pathol Clin Res","Journal Article; Validation Study","Prostate Pathology","No",""
"40789384","10.1016/j.cca.2025.120540","Stojadinovic M","2026","Machine learning-based optimization of the prostate health index for prostate cancer detection.","Clinica chimica acta; international journal of clinical chemistry","Clin Chim Acta","Journal Article","Prostate Pathology","No",""
"41319090","10.1111/iju.70292","Suzuki Y","2026","Operative Time Prediction by Machine Learning for Robot-Assisted Laparoscopic Radical Prostatectomy.","International journal of urology : official journal of the Japanese Urological Association","Int J Urol","Journal Article; Multicenter Study","Prostate Pathology","No",""
"41590356","10.3390/curroncol33010035","Wang K","2026","An AI-Based Radiomics Model Using MRI ADC Maps for Accurate Prediction of Advanced Prostate Cancer Progression.","Current oncology (Toronto, Ont.)","Curr Oncol","Journal Article","Prostate Pathology","No",""
"41847692","10.3389/fonc.2026.1762494","Xia S","2026","Role of urinary leukocytes in the risk stratification of prostate cancer using nonlinear stacking learning strategy: a bi-cohort diagnostic study.","Frontiers in oncology","Front Oncol","Journal Article","Prostate Pathology","No",""
"41711878","10.1007/s00261-026-05422-3","Bai X","2026","MRI-based habitat radiomics for assessing synchronous metastatic risk in renal cell carcinoma: a multicenter study.","Abdominal radiology (New York)","Abdom Radiol (NY)","Journal Article","Renal/Kidney","No",""
"41636335","10.1002/jemt.70127","Chanchal AK","2026","Lightweight Truncated Fused-MirrorNet for Classification and Analysis of Histopathology Images.","Microscopy research and technique","Microsc Res Tech","Journal Article","Renal/Kidney","No",""
"40920628","10.1159/000548124","Chen J","2026","Machine Learning-Based Prognostic Modeling of Seven Signatures Associated with Lysosomes for Predicting Prognosis and Immune Status in Clear Cell Renal Cell Carcinoma.","Oncology research and treatment","Oncol Res Treat","Journal Article","Renal/Kidney","No",""
"41586593","10.1097/JS9.0000000000004782","Chen SH","2026","Computed tomography radiomics-derived nomogram for prediciting early renal function decline after partial nephrectomy in renal cell carcinoma: a multicenter development/validation study.","International journal of surgery (London, England)","Int J Surg","Journal Article","Renal/Kidney","No",""
"41211801","10.1002/jum.70112","Chen Y","2026","The Value of Intratumoral and Peritumoral Radiomics Based on Contrast-Enhanced Ultrasound for Predicting WHO/ISUP Grading of Clear Cell Renal Cell Carcinoma.","Journal of ultrasound in medicine : official journal of the American Institute of Ultrasound in Medicine","J Ultrasound Med","Journal Article","Renal/Kidney","No",""
"41935094","10.1038/s41598-026-46515-9","Chi Y","2026","A deep learning-based multimodal model with automated body composition analysis predicts prognosis in advanced clear cell renal cell carcinoma.","Scientific reports","Sci Rep","Journal Article","Renal/Kidney","No",""
"41514260","10.1186/s12935-025-04133-x","Dai H","2026","Integrating machine learning and multi-omics analysis to explore Treg-associated programmed cell death features in clear cell renal cell carcinoma.","Cancer cell international","Cancer Cell Int","Journal Article","Renal/Kidney","No",""
"41811638","10.1007/s12672-026-04484-5","Duan H","2026","Multi-omics integration constructs a senescence-based prognostic model and identifies EIF4EBP1 as a therapeutic target in clear cell renal cell carcinoma.","Discover oncology","Discov Oncol","Journal Article","Renal/Kidney","No",""
"40646324","10.1007/s00261-025-05108-2","Feng Z","2026","Radiomics-based tumor heterogeneity augments clinicopathological models for predicting recurrence in high-risk clear cell renal cell carcinoma after nephrectomy.","Abdominal radiology (New York)","Abdom Radiol (NY)","Journal Article","Renal/Kidney","No",""
"41656681","10.1097/RCT.0000000000001848","Guo J","2026","Deep Learning Identification of Clear Cell Renal Cell Carcinoma on MR Imaging.","Journal of computer assisted tomography","J Comput Assist Tomogr","Journal Article","Renal/Kidney","No",""
"41697559","10.1186/s13244-026-02226-3","Huang JL","2026","CT-based subregional and peritumoral radiomics for predicting pathological T stage of clear cell renal cell carcinoma: an exploratory study of biological mechanisms.","Insights into imaging","Insights Imaging","Journal Article","Renal/Kidney","No",""
"41319398","10.1016/j.artmed.2025.103313","Jiang X","2026","Context-aware heterogeneous graph neural network for multi-level description and invasiveness prediction in renal cell carcinoma.","Artificial intelligence in medicine","Artif Intell Med","Journal Article","Renal/Kidney","No",""
"41269543","10.1007/s11604-025-01912-4","Kang H","2026","Machine learning pipeline for automated segmentation and classification of complicated cystic renal masses on MRI: comparison with radiologists' assessments.","Japanese journal of radiology","Jpn J Radiol","Comparative Study; Journal Article; Multicenter Study","Renal/Kidney","No",""
"41530241","10.1038/s41598-025-34690-0","Katib I","2026","Artificial intelligence with deep convolutional neural network-based clinical decision-making on kidney Oncology using multimodal imaging.","Scientific reports","Sci Rep","Journal Article","Renal/Kidney","No",""
"41634348","10.1038/s41698-026-01315-2","Li S","2026","Noninvasive prediction of occult pT3a upstaging in localized ccRCC with radiogenomic insights and prognostic relevance.","NPJ precision oncology","NPJ Precis Oncol","Journal Article","Renal/Kidney","No",""
"41928166","10.1186/s12885-026-15794-w","Li X","2026","Application of contrast-enhanced CT-based radiomics with machine learning to predict WHO/ISUP grading in clear cell renal cell carcinoma.","BMC cancer","BMC Cancer","Journal Article","Renal/Kidney","No",""
"41740344","10.1016/j.intimp.2026.116361","Liu D","2026","Machine learning derived proliferating T cell-related signature: a novel biomarker for prognosis and treatment efficacy in clear cell renal cell carcinoma.","International immunopharmacology","Int Immunopharmacol","Journal Article","Renal/Kidney","No",""
"41627644","10.1007/s10278-026-01851-0","Liu F","2026","Radiomics to Differentiate Renal Oncocytoma from Clear Cell Renal Cell Carcinoma on Contrast-Enhanced CT: A Preliminary Study.","Journal of imaging informatics in medicine","J Imaging Inform Med","Journal Article","Renal/Kidney","No",""
"41930555","10.1016/j.ctarc.2026.101171","Liu Y","2026","A radiomics-based interpretable model to distinguish Xp11.2/TFE3 translocation renal cell carcinoma and common types of renal cell carcinoma on CT images.","Cancer treatment and research communications","Cancer Treat Res Commun","Journal Article","Renal/Kidney","No",""
"41606245","10.1007/s00330-026-12322-z","Lv D","2026","A comprehensive multi-task deep learning model for kidney cancer: histological subtyping, clinical staging, and anatomical complexity grading.","European radiology","Eur Radiol","Journal Article","Renal/Kidney","No",""
"41701890","10.5489/cuaj.9476","McAlpine K","2026","Automated vs. manual segmentation for small renal mass imaging.","Canadian Urological Association journal = Journal de l'Association des urologues du Canada","Can Urol Assoc J","Journal Article","Renal/Kidney","No",""
"41207171","10.1016/j.cmpb.2025.109155","Mohamad M","2026","Renal Cell Carcinoma subtyping: Learning from multi-resolution localization.","Computer methods and programs in biomedicine","Comput Methods Programs Biomed","Journal Article","Renal/Kidney","No",""
"41491739","10.1007/s10278-025-01797-9","Muellner M","2026","Multiphase CT-Based Tumor and Peritumoral Radiomics for Characterization of Clear Cell Renal Cell Carcinoma.","Journal of imaging informatics in medicine","J Imaging Inform Med","Journal Article","Renal/Kidney","No",""
"41607507","10.1016/j.mcpdig.2025.100332","Rassoulinejad-Mousavi SM","2026","Granular Machine Learning-Based Computed Tomography Contrast Phase Prediction.","Mayo Clinic proceedings. Digital health","Mayo Clin Proc Digit Health","Journal Article","Renal/Kidney","No",""
"41497560","10.1117/1.JMI.13.1.014001","Rastegarpoor M","2026","Attention-driven framework to segment renal ablation zone in posttreatment CT images: a step toward ablation margin evaluation.","Journal of medical imaging (Bellingham, Wash.)","J Med Imaging (Bellingham)","Journal Article","Renal/Kidney","No",""
"40495027","10.1007/s00261-025-05056-x","Salimi M","2026","Non-invasive prediction of nuclear grade in renal cell carcinoma using CT-Based radiomics: a systematic review and meta-analysis.","Abdominal radiology (New York)","Abdom Radiol (NY)","Journal Article; Meta-Analysis; Systematic Review","Renal/Kidney","No",""
"41695327","10.3389/fonc.2026.1751579","Shi N","2026","MRI-based habitat radiomics for predicting WHO/ISUP nuclear grade in clear cell renal cell carcinoma.","Frontiers in oncology","Front Oncol","Journal Article","Renal/Kidney","No",""
"41864916","10.1186/s12880-026-02285-4","Tao X","2026","An interpretable machine learning model based on habitat radiomics combined with deep learning for predicting the WHO/ISUP grade of patients with clear cell renal cell carcinoma.","BMC medical imaging","BMC Med Imaging","Journal Article","Renal/Kidney","No",""
"41732418","10.1016/j.bbrep.2026.102506","Tariri Z","2026","The emerging role of machine learning-based methods in cancer classification using microRNA.","Biochemistry and biophysics reports","Biochem Biophys Rep","Journal Article; Review","Renal/Kidney","No",""
"41252876","10.1016/j.ejrad.2025.112513","Triantafyllou M","2026","Peritumoral radiomics indicate a gradient transition between renal tumours and their surrounding healthy tissue: A proof-of-concept analysis.","European journal of radiology","Eur J Radiol","Journal Article","Renal/Kidney","No",""
"41667901","10.1007/s11255-026-05048-w","Vovdenko S","2026","Predicting renal-cell carcinoma recurrence after partial nephrectomy: a CT-radiomics approach.","International urology and nephrology","Int Urol Nephrol","Journal Article","Renal/Kidney","No",""
"41856377","10.1016/j.urology.2026.02.039","Wang B","2026","Generation of automated nephrometry scores through direct prediction of each component.","Urology","Urology","Journal Article","Renal/Kidney","No",""
"41352233","10.1016/j.ejrad.2025.112592","Wang C","2026","Tumor and Perirenal Adipose Tissue Radiomic Models for Pathological T-Stage Prediction and Biological Exploration in Clear Cell Renal Cell Carcinoma.","European journal of radiology","Eur J Radiol","Journal Article","Renal/Kidney","No",""
"41579564","10.1016/j.tranon.2026.102665","Wang R","2026","An exploratory study on the relationship between renal cell carcinoma and CAFs infiltration by integrating Pathomics and collagen features.","Translational oncology","Transl Oncol","Journal Article","Renal/Kidney","No",""
"41765704","10.1016/j.acra.2026.02.016","Wang X","2026","CT Radiogenomics Provides a Novel Factor for cM0(i+) Risk Stratification in Localized Renal Cell Carcinoma: A Model Linked to a Circulating Tumor Cell-Related Gene Signature.","Academic radiology","Acad Radiol","Journal Article","Renal/Kidney","No",""
"40730913","10.1007/s12094-025-04001-0","Wang Z","2026","An interpretable machine learning model for preoperative prediction of renal mass malignancy.","Clinical & translational oncology : official publication of the Federation of Spanish Oncology Societies and of the National Cancer Institute of Mexico","Clin Transl Oncol","Journal Article","Renal/Kidney","No",""
"41714356","10.1007/s00261-026-05381-9","Wu Z","2026","Preoperative prediction of preserved renal parenchymal volume via multilevel CT feature fusion: a proof-of-concept study.","Abdominal radiology (New York)","Abdom Radiol (NY)","Journal Article","Renal/Kidney","No",""
"41524985","10.1007/s00261-025-05362-4","Xiao Y","2026","A nomogram model for challenging cases: differentiating fat-poor angiomyolipoma from clear cell renal cell carcinoma in uncertain or misdiagnosed tumors.","Abdominal radiology (New York)","Abdom Radiol (NY)","Journal Article","Renal/Kidney","No",""
"41653298","10.1007/s00261-026-05386-4","Xu A","2026","Noninvasive renal mass diagnostic models based on radiomic features and clinical data: a multi-center study.","Abdominal radiology (New York)","Abdom Radiol (NY)","Journal Article","Renal/Kidney","No",""
"41803747","10.1186/s12880-026-02268-5","Yang C","2026","Multiphase CT-based deep learning radiomics nomogram models for preoperative WHO/ISUP grading of clear cell renal cell carcinoma: a two-center validation study.","BMC medical imaging","BMC Med Imaging","Journal Article","Renal/Kidney","No",""
"41657786","10.62347/ZCHX8002","Yang Y","2026","Construction and validation of deep learning-based pathomics signature model for predicting postoperative recurrence of patients with clear cell renal cell carcinoma.","American journal of cancer research","Am J Cancer Res","Journal Article","Renal/Kidney","No",""
"41708388","10.1016/j.acra.2026.01.049","Yi S","2026","MRI-Based Habitat Radiomics for Predicting Postoperative Recurrence in Nonmetastatic Clear Cell Renal Cell Carcinoma.","Academic radiology","Acad Radiol","Journal Article","Renal/Kidney","No",""
"41693513","10.1177/08927790251408826","Yuan Y","2026","Development and Validation of Predictive Models for Trifecta Achievement in Robot-Assisted Partial Nephrectomy for Renal Hilar Tumors: Preliminary Application of the Modified R.E.N.A.L. Score.","Journal of endourology","J Endourol","Journal Article; Validation Study","Renal/Kidney","No",""
"41864072","10.1016/j.drup.2026.101388","Zhang H","2026","Endothelial SMAD1-MCAM axis facilitates sunitinib resistance and progression of clear cell renal cell carcinoma via LAMB1-ITGB1 signaling.","Drug resistance updates : reviews and commentaries in antimicrobial and anticancer chemotherapy","Drug Resist Updat","Journal Article","Renal/Kidney","No",""
"41832286","10.1038/s41598-026-43983-x","Zhao J","2026","Predicting aggressiveness of clear cell renal cell carcinoma via mri using artificial intelligence: implications for surgical planning in a retrospective multicenter study.","Scientific reports","Sci Rep","Journal Article","Renal/Kidney","No",""
"41827703","10.3390/cancers18050768","Zheng Y","2026","Angiogenesis-Informed Preoperative CT Radiogenomics Predicts Overall Survival in Clear Cell Renal Cell Carcinoma: Development and External Validation.","Cancers","Cancers (Basel)","Journal Article","Renal/Kidney","No",""
"41699993","10.1002/mp.70348","Zhi R","2026","Weakly human-supervised deep learning for real-time detection of high-grade aggressive clear cell renal cell carcinoma on contrast-enhanced CT.","Medical physics","Med Phys","Journal Article","Renal/Kidney","No",""
"41918861","10.7717/peerj.21022","Zhu H","2026","Application of adaptive deep learning-based automatic segmentation in radiomics model for preoperative WHO/ISUP grading of clear cell renal cell carcinoma: a retrospective comparative study with manual segmentation.","PeerJ","PeerJ","Comparative Study; Journal Article","Renal/Kidney","No",""
"41641419","10.1007/s13193-025-02296-7","Hemmatyar A","2026","Ethical Considerations in the Use of the da Vinci Surgical System in Modern Surgery.","Indian journal of surgical oncology","Indian J Surg Oncol","Journal Article; Review","Surgical AI","No",""
"41705101","10.1177/17562872261422939","Kucuker K","2026","Awareness, use, and perceived barriers to artificial intelligence in pediatric urology: a multicenter survey.","Therapeutic advances in urology","Ther Adv Urol","Journal Article","Surgical AI","No",""
"41087293","10.1016/j.eururo.2025.09.4172","Porpiglia F","2026","Artificial Intelligence 3D Augmented Reality-guided Robotic Prostatectomy Versus Cognitive MRI Intervention: Results of the Prospective Randomized RIDERS Trial.","European urology","Eur Urol","Comparative Study; Journal Article; Multicenter Study; Randomized Controlled Trial","Surgical AI","No",""
"41803398","10.1007/s11701-026-03290-z","Shafiei SB","2026","Multimodal deep learning for objective skill assessment in robot-assisted vesico-urethral anastomosis.","Journal of robotic surgery","J Robot Surg","Journal Article","Surgical AI","No",""
